data,vento_velocidade_media_ms,vento_velocidade_max_ms,vento_rajada_max_ms,vento_dir_sin,vento_dir_cos,n_registros
2017-01-01,1.2791666666666666,2.8,8.1,0.9292355521379776,-0.3694878734719551,24
2017-01-02,1.1833333333333331,2.2,5.1,0.1008974045978482,0.9948968357299254,24
2017-01-03,1.7041666666666666,7.3,17.8,0.847229473953282,0.5312270874728104,24
2017-01-04,2.0416666666666665,5.6,11.5,-0.9814392449530738,0.1917733257414613,24
2017-01-05,2.095833333333333,3.7,7.8,0.9359047375523916,-0.3522532075467721,24
2017-01-06,2.3875,4.5,11.8,0.7952587875438349,-0.6062701220036409,24
2017-01-07,2.3666666666666667,4.1,8.3,0.9606827484900502,-0.2776484409349404,24
2017-01-08,2.7375000000000003,4.1,8.3,0.979847036709224,0.1997493045098091,24
2017-01-09,1.4125,2.7,6.0,0.6805764169481943,0.7326771053431094,24
2017-01-10,1.9708333333333328,3.9,8.5,0.0591582906155532,-0.9982486146504016,24
2017-01-11,2.4625,3.8,8.7,-0.1596857548677607,-0.9871678984308158,24
2017-01-12,1.6333333333333335,2.5,13.2,-0.5468129999732322,0.8372547659226993,24
2017-01-13,1.4208333333333334,3.2,9.5,-0.3634804997694455,0.9316018067218172,24
2017-01-14,2.275,4.6,13.6,-0.7830647434719,0.6219401961051301,24
2017-01-15,2.3416666666666663,4.0,10.1,-0.5295190883911086,0.8482980225306724,24
2017-01-16,1.8416666666666668,4.3,11.5,0.9987152368026516,0.0506742121618457,24
2017-01-17,1.825,3.4,11.5,0.7563168406677192,0.654205500223286,24
2017-01-18,1.825,4.7,10.5,0.2783697090082843,0.9604740002241828,24
2017-01-19,0.8250000000000001,2.0,6.5,0.8388312565249845,-0.5443915163526301,24
2017-01-20,1.8958333333333333,4.0,9.2,0.9732328811694996,-0.2298211456992474,24
2017-01-21,2.5625,3.6,7.5,0.7216983740098784,-0.6922076689487756,24
2017-01-22,2.0,3.4,8.6,0.6571711891230603,-0.7537413536396839,24
2017-01-23,1.875,4.1,8.1,0.9696074405479004,-0.2446659175981604,24
2017-01-24,1.3708333333333331,3.3,7.1,0.5594080261985879,0.8288924298270556,24
2017-01-25,1.6166666666666665,4.1,7.5,0.223996058348682,0.9745900501463444,24
2017-01-26,1.3333333333333333,2.6,8.8,-0.3792335164805871,-0.9253009996632277,24
2017-01-27,1.2958333333333334,2.6,6.5,-0.8578496179420739,-0.5139008007355483,24
2017-01-28,2.8041666666666667,6.2,10.2,0.9011750295170964,-0.4334553796815314,24
2017-01-29,2.770833333333333,4.1,10.0,0.9756732547444804,-0.2192297880679367,24
2017-01-30,2.7291666666666665,4.6,9.0,0.9528550762300756,-0.3034257795616201,24
2017-01-31,2.2041666666666666,3.8,7.7,0.9721551127765434,0.2343382954244268,24
2017-02-01,2.316666666666667,4.1,8.3,0.6814478284794129,-0.7318666935041468,24
2017-02-02,1.9375,3.7,7.6,0.6472613045710142,0.7622681966375279,24
2017-02-03,2.033333333333333,3.8,7.9,-0.5834516810660543,0.8121478534486165,24
2017-02-04,1.225,2.9,7.1,0.6951108416111008,0.7189025788482798,24
2017-02-05,1.6708333333333334,3.8,8.4,-0.2740596917753412,0.961712683364426,24
2017-02-06,1.85,4.3,13.2,-0.3653113199702031,0.9308854062136908,24
2017-02-07,1.8875,3.8,7.9,-0.8132655276243779,0.5818927577980689,24
2017-02-08,2.091666666666667,3.6,7.4,-0.7187993098973132,0.6952176293011753,24
2017-02-09,1.7583333333333335,3.9,9.0,0.9984197455453212,0.0561961894189974,24
2017-02-10,2.025,5.0,10.7,-0.0641231969376231,0.9979419901048852,24
2017-02-11,2.333333333333333,4.0,7.8,0.1619436311339012,0.9868000103035908,24
2017-02-12,2.8875,5.2,10.1,0.7709566608023561,0.6368876095234391,24
2017-02-13,3.095833333333333,5.0,10.0,0.7132295623732987,0.7009305182090395,24
2017-02-14,3.016666666666666,6.3,12.2,0.8497226723200193,0.5272299120358451,24
2017-02-15,3.3833333333333333,4.8,9.8,0.9890516024870114,-0.1475700769731955,24
2017-02-16,2.8083333333333336,4.2,8.5,0.9978733881466916,-0.0651820621692986,24
2017-02-17,1.7208333333333332,3.8,6.8,0.9992717238120988,-0.0381578561975968,24
2017-02-18,1.7666666666666666,3.5,7.0,0.978368593681249,-0.2068692700672944,24
2017-02-19,2.2791666666666663,4.1,8.3,0.9892263185954926,-0.1463942983794419,24
2017-02-20,2.829166666666667,4.7,11.4,0.979902796940966,-0.1994755838374007,24
2017-02-21,3.370833333333333,4.5,8.1,0.984369899408952,-0.176113319023887,24
2017-02-22,3.083333333333333,4.3,8.6,0.9950088321256276,0.0997868928867629,24
2017-02-23,2.716666666666667,5.0,10.3,0.9903297689839792,0.1387333725681701,24
2017-02-24,1.4041666666666668,2.9,6.6,0.3951019673201324,0.9186372708636206,24
2017-02-25,1.7125,3.6,14.8,0.9092731755383268,0.4161998224968954,24
2017-02-26,1.3,2.0,5.2,0.9971709161544255,-0.0751675726343731,24
2017-02-27,1.4083333333333332,3.5,7.3,0.83737332483669,-0.5466314250497744,24
2017-02-28,2.154166666666667,4.2,9.3,0.8902296504027739,0.4555119861691402,24
2017-03-01,2.1875,4.0,8.4,-0.6354172769638967,0.7721689479225299,24
2017-03-02,1.9125,4.4,8.8,0.1555475795311861,0.987828401344074,24
2017-03-03,1.9291666666666665,7.3,14.0,0.997585724693248,-0.0694458198039818,24
2017-03-04,1.5458333333333334,3.2,5.9,0.9590010262587276,-0.2834025963796154,24
2017-03-05,1.3458333333333332,2.4,6.9,-0.0323037566807264,-0.999478097461026,24
2017-03-06,1.5541666666666665,2.8,5.7,0.6098142481665008,-0.7925443727218845,24
2017-03-07,1.8375,3.8,7.7,0.7232087929930724,-0.6906294532797622,24
2017-03-08,1.9625,3.8,7.5,0.975835851687152,-0.2185048982563328,24
2017-03-09,2.775,4.6,8.7,0.9520409247809544,0.3059707135368114,24
2017-03-10,2.245833333333333,4.0,8.8,0.9576302874868536,-0.2880004036244499,24
2017-03-11,2.4916666666666667,4.2,9.2,0.99526465896061,0.0972021533918906,24
2017-03-12,2.6,4.4,8.5,0.9999957036608712,-0.0029313238986783,24
2017-03-13,2.083333333333333,3.6,7.9,0.5692385224847488,0.8221724299192841,24
2017-03-14,1.9583333333333333,4.4,12.7,0.6215375264003095,-0.7833843904981671,24
2017-03-15,2.15,4.9,9.2,0.8076847764846651,0.5896145366550223,24
2017-03-16,1.7375,3.9,10.7,0.9997267839594888,-0.0233742900216831,24
2017-03-17,1.75,3.5,8.0,0.915119732342428,0.4031821864585824,24
2017-03-18,1.9375,3.2,8.4,-0.8454075288522003,0.5341218120990906,24
2017-03-19,1.5666666666666669,2.7,6.5,0.788676399800916,-0.6148085363729636,24
2017-03-20,1.1166666666666667,2.5,7.9,0.3371163953696351,-0.9414629764217942,24
2017-03-21,1.4958333333333331,4.1,9.1,0.5689530153177538,-0.8223700300721299,24
2017-03-22,2.091666666666667,4.9,12.0,0.9761637915710706,-0.2170351400708913,24
2017-03-23,2.504166666666667,5.3,9.1,0.9979925792168124,0.0633309705292325,24
2017-03-24,1.9666666666666668,3.7,7.6,0.9811383174969772,-0.1933070147180408,24
2017-03-25,1.2875,2.9,5.8,-0.0956427419305575,-0.9954157251701444,24
2017-03-26,1.6041666666666667,3.8,7.1,0.1126310124490934,0.9936368828876534,24
2017-03-27,1.675,3.8,8.4,-0.4286625826925285,-0.9034646590760322,24
2017-03-28,1.35,3.7,8.1,-0.9837224089078368,-0.1796948029648131,24
2017-03-29,1.3916666666666666,2.5,7.3,-0.7768392741840957,-0.6296989297157234,24
2017-03-30,1.6291666666666669,3.1,6.6,0.7827550022488834,-0.6223299819664407,24
2017-03-31,1.3208333333333333,2.8,5.7,0.6412565089882665,0.7673265860637054,24
2017-04-01,1.9541666666666664,3.6,7.8,0.9441270938655422,0.3295815993483337,24
2017-04-02,2.8625000000000003,3.8,8.0,0.9951387338556424,0.0984829953859486,24
2017-04-03,2.45,4.7,8.4,0.934709039380859,0.3554138597462285,24
2017-04-04,2.475,4.7,9.5,0.8119958621164654,0.5836631904666751,24
2017-04-05,2.65,4.6,9.2,0.4116208660545457,0.9113551791856488,24
2017-04-06,1.6708333333333334,3.5,6.6,-0.0472030039513867,0.9988853169498316,24
2017-04-07,1.6833333333333331,3.7,8.2,0.9908069006444952,-0.1352837227283809,24
2017-04-08,2.245833333333333,4.7,9.2,0.9994873293147548,-0.0320168477408177,24
2017-04-09,2.9333333333333336,4.3,8.5,0.996325151452784,0.085651576649744,24
2017-04-10,2.191666666666667,4.0,8.6,0.9766984033900836,-0.2146164691147013,24
2017-04-11,1.8291666666666664,3.8,6.3,0.8150224726185801,-0.5794293478299972,24
2017-04-12,1.45,2.9,6.5,0.8294060534973404,-0.5586462193749878,24
2017-04-13,2.0875,3.5,7.5,0.724362174222448,-0.689419640390182,24
2017-04-14,3.0708333333333333,4.5,7.9,0.9732449008723064,-0.2297702394263769,24
2017-04-15,3.1291666666666664,4.3,8.3,0.9876796997862456,-0.156489011212135,24
2017-04-16,2.5125,3.3,8.0,0.9999989916544844,0.0014201021140165,24
2017-04-17,1.3541666666666667,3.2,6.5,0.7536737356652379,-0.6572487353874523,24
2017-04-18,1.4,3.1,7.4,0.8852857712504875,0.4650474204007906,24
2017-04-19,2.6333333333333333,4.6,9.3,0.9928866925989128,0.1190630742925446,24
2017-04-20,2.9791666666666665,4.0,8.3,0.9472759516346776,0.3204188999647424,24
2017-04-21,2.0083333333333333,3.9,8.8,0.4456363960450221,0.8952140540228378,24
2017-04-22,1.7125,2.8,8.4,-0.9792178449595504,0.2028112721541232,24
2017-04-23,1.9125,3.5,5.9,-0.0324306538899622,-0.9994739879998226,24
2017-04-24,1.8041666666666665,3.8,7.1,0.8895863284720559,-0.4567670787125618,24
2017-04-25,2.2583333333333333,3.7,7.7,0.7920368794213469,0.6104732439972246,24
2017-04-26,1.6916666666666669,3.9,8.1,-0.1686040008996175,0.9856838696461668,24
2017-04-27,1.7833333333333332,3.7,7.0,0.9949115777862354,-0.1007519349040179,24
2017-04-28,2.3625000000000003,3.4,7.0,0.3068276203484469,-0.9517651030539568,24
2017-04-29,2.85,4.4,8.7,0.9555708367222356,-0.294761557883599,24
2017-04-30,3.4,5.2,8.8,0.9481616398782148,-0.3177884589840458,24
2017-05-01,3.6,4.8,9.4,0.9413954000750602,-0.3373050558730441,24
2017-05-02,3.4166666666666665,5.8,10.6,0.9900798589069262,-0.1405057756351715,24
2017-05-03,3.091666666666667,5.4,8.9,0.9856347246422268,-0.1688910583170168,24
2017-05-04,3.0500000000000003,4.9,8.5,0.99964323092085,-0.0267097524159995,24
2017-05-05,2.4291666666666667,3.6,7.2,0.9924979491650946,-0.122261281291672,24
2017-05-06,1.1875,2.5,6.4,0.9521289220243598,-0.3056967710734453,24
2017-05-07,2.0375,3.4,6.3,0.882420052915643,-0.4704623791679349,24
2017-05-08,1.375,4.0,7.0,0.9999723085856764,0.0074419125117735,24
2017-05-09,1.8375,3.6,6.8,0.2780622960751742,-0.9605630429604308,24
2017-05-10,1.7541666666666669,2.9,6.0,0.4265967162968296,-0.9044419504007774,24
2017-05-11,1.7,3.6,8.1,0.8272341911557748,-0.5618572710064818,24
2017-05-12,2.858333333333333,5.5,9.6,0.977228000367044,-0.2121919774605735,24
2017-05-13,1.6291666666666669,3.0,7.9,0.7850173063762032,0.6194738321267901,24
2017-05-14,1.5375,3.3,6.6,-0.9638239700959136,0.2665395930599264,24
2017-05-15,1.5416666666666667,2.9,7.5,-0.9853026206139504,0.1708178732196425,24
2017-05-16,1.0333333333333334,2.9,6.3,0.7705733502401931,-0.6373513253297624,24
2017-05-17,1.7083333333333333,3.4,6.6,0.6173453947212894,-0.7866922292843724,24
2017-05-18,1.65,3.5,8.0,0.97353678738202,0.2285303560008945,24
2017-05-19,2.183333333333333,4.4,9.2,0.1693670261395869,0.9855530480175242,24
2017-05-20,1.8833333333333333,3.8,11.4,-0.3448344895681151,0.9386635045660918,24
2017-05-21,1.8875,3.6,6.9,0.9986401913306608,0.0521322190114825,24
2017-05-22,1.8041666666666665,3.4,6.8,0.99634642646936,0.0854037379845671,24
2017-05-23,1.7125,3.6,6.7,0.9547400611795664,-0.2974414489926343,24
2017-05-24,2.6,5.0,7.9,0.9543133070152048,-0.2988078179260096,24
2017-05-25,2.6416666666666666,4.1,7.8,0.9754965358268408,-0.220014791752357,24
2017-05-26,2.2583333333333333,3.4,6.8,0.9370987142131354,-0.3490644637027496,24
2017-05-27,2.270833333333333,3.4,7.6,0.9675544673854956,-0.252662527182742,24
2017-05-28,1.9916666666666665,3.4,7.5,0.8801298837599807,-0.4747329646365869,24
2017-05-29,2.3666666666666667,3.6,6.7,0.929057354786861,-0.3699357126805153,24
2017-05-30,2.025,3.2,6.0,0.9305785917972116,-0.366092180316268,24
2017-05-31,2.0416666666666665,3.5,8.1,0.117069960376673,0.993123670233171,24
2017-06-01,1.4583333333333333,3.5,6.9,-0.8109338109052077,0.5851378934326138,24
2017-06-02,1.4291666666666665,2.2,5.1,0.2939485497626925,-0.9558212437963544,24
2017-06-03,2.408333333333333,3.7,7.3,0.8137102807438296,-0.5812706589978529,24
2017-06-04,2.904166666666667,4.4,9.0,0.997185825289242,-0.074969526090361,24
2017-06-05,2.4208333333333334,3.6,7.6,0.9964977947297862,0.0836190474633193,24
2017-06-06,2.1625,3.4,7.2,0.990020002005279,-0.1409269159155457,24
2017-06-07,2.3125,4.2,8.8,0.946177750215677,-0.3236474393484367,24
2017-06-08,2.0625,3.7,8.4,0.4549019966848486,0.8905415057211753,24
2017-06-09,1.2958333333333334,2.6,6.1,-0.960181319296318,-0.2793775833426552,24
2017-06-10,1.8541666666666667,3.7,7.5,0.2582772784892597,-0.9660708293992638,24
2017-06-11,1.7208333333333332,4.0,6.9,0.9268019043586933,-0.3755505692674419,24
2017-06-12,1.5583333333333331,3.5,7.1,0.4900201571107581,-0.8717111021577894,24
2017-06-13,2.2958333333333334,4.4,8.0,0.9919450446871768,-0.12666897141982,24
2017-06-14,2.5375,3.7,8.1,0.9071327396932471,-0.4208446180915509,24
2017-06-15,2.75,5.6,9.8,0.9106858630742438,-0.4130995749171374,24
2017-06-16,2.795833333333333,4.3,8.2,0.9978980471434366,0.0648034528965516,24
2017-06-17,2.308333333333333,4.4,9.6,0.9973457127925024,0.0728116005483691,24
2017-06-18,1.8375,3.9,7.9,0.98935815855521,-0.1455006326455097,24
2017-06-19,1.775,3.3,7.5,0.8773099017297704,-0.4799243027050207,24
2017-06-20,1.6833333333333331,3.4,7.1,0.7762589826242555,-0.630414143159206,24
2017-06-21,2.920833333333333,4.5,8.6,0.8760132908873519,-0.4822869624909134,24
2017-06-22,3.85,5.8,10.5,0.9234623852549072,-0.3836889665071405,24
2017-06-23,4.054166666666666,6.1,12.0,0.9664754449987948,-0.256759058680276,24
2017-06-24,3.35,6.1,10.9,0.9643650996062662,-0.2645750454245381,24
2017-06-25,3.0041666666666664,5.7,10.4,0.8762790859446532,-0.4818038641771183,24
2017-06-26,4.033333333333333,5.6,11.7,0.960875958483708,-0.2769790468754193,24
2017-06-27,3.8708333333333336,5.5,12.9,0.994092714920064,-0.1085342072475591,24
2017-06-28,3.583333333333333,5.7,10.0,0.967403792804171,-0.2532388233824046,24
2017-06-29,3.1291666666666664,5.3,11.2,0.9947521050731692,-0.1023144635547622,24
2017-06-30,2.0625,3.9,7.3,0.9133213015551565,-0.4072397329897895,24
2017-07-01,2.5458333333333334,3.9,8.2,0.8674467246181635,-0.4975300794416554,24
2017-07-02,2.6625,5.2,9.1,0.8120159974368072,-0.5836351770641546,24
2017-07-03,3.6458333333333335,7.3,13.4,0.9030997183149584,-0.4294309010532928,24
2017-07-04,4.358333333333333,6.5,11.5,0.9859392654167102,-0.1671040541386053,24
2017-07-05,3.966666666666667,6.0,11.4,0.9883234372654196,-0.1523705462084657,24
2017-07-06,3.275,5.1,9.5,0.9796873920655632,-0.2005308301179027,24
2017-07-07,3.4333333333333336,4.9,9.2,0.9963307393533664,-0.0855865516280111,24
2017-07-08,3.875,6.1,11.6,0.9971742184747904,-0.0751237512987134,24
2017-07-09,3.8166666666666655,5.9,10.5,0.9984903851023712,-0.0549267772413268,24
2017-07-10,3.5416666666666665,4.9,9.8,0.9887251271920928,-0.1497418540655211,24
2017-07-11,3.2583333333333333,5.7,9.7,0.969542137710534,-0.2449245663539854,24
2017-07-12,2.9291666666666667,4.6,8.9,0.9651047098718084,-0.2618642758820925,24
2017-07-13,3.4791666666666665,5.6,10.4,0.988369234971404,-0.1520731908064058,24
2017-07-14,3.654166666666667,6.4,10.9,0.9919000277469632,-0.127021002025547,24
2017-07-15,3.3666666666666667,5.0,10.3,0.9914878397317508,0.1301993228249142,24
2017-07-16,2.841666666666667,4.9,8.6,0.9960334932967672,-0.0889790999675687,24
2017-07-17,2.2375000000000003,3.5,7.0,0.8999609619656059,-0.4359704886089666,24
2017-07-18,1.8166666666666669,4.2,8.5,0.6831782216841582,-0.7302516808720616,24
2017-07-19,2.2291666666666665,4.6,8.2,0.8197691169206153,-0.5726941548009676,24
2017-07-20,2.1,3.4,7.9,0.9952965688823008,-0.0968748675927841,24
2017-07-21,1.6875,3.9,7.2,0.9650294865722346,-0.2621413550856282,24
2017-07-22,2.0083333333333333,4.2,7.9,0.9404809814150298,-0.3398463235002293,24
2017-07-23,3.2625,4.9,10.5,0.9956994481120336,-0.0926423716740432,24
2017-07-24,3.5416666666666665,5.8,11.1,0.9858101614716424,-0.1678640090646417,24
2017-07-25,3.3000000000000003,5.4,9.0,0.9941437571161816,-0.1080656753410748,24
2017-07-26,3.9625,6.7,12.7,0.9899871451239534,-0.1411575449252516,24
2017-07-27,4.245833333333334,6.2,10.9,0.9965385780732182,-0.0831315969521124,24
2017-07-28,4.458333333333333,7.7,13.9,0.9989214212117062,-0.0464326850869604,24
2017-07-29,4.7375,6.3,11.8,0.9999939694319604,0.0034729094015672,24
2017-07-30,4.141666666666667,5.8,11.0,0.9863252112504663,-0.1648107328171403,24
2017-07-31,3.0708333333333333,5.1,10.5,0.9702555260743474,-0.24208307277088,24
2017-08-01,2.6750000000000003,4.2,9.5,0.9993816053913582,0.0351625767740578,24
2017-08-02,1.9666666666666668,4.4,10.0,0.9820098078939864,0.1888299160620892,24
2017-08-03,1.4875,2.9,6.5,-0.4014917704046217,0.9158626306916132,24
2017-08-04,1.8041666666666665,3.1,6.8,-0.453118910995696,-0.8914500841315091,24
2017-08-05,1.9041666666666668,3.5,6.5,0.4658328817756001,-0.8848727175456591,24
2017-08-06,2.020833333333333,4.1,8.5,0.9056265730477469,-0.4240760665137733,24
2017-08-07,2.7125,3.6,8.2,0.9999983779297232,0.0018011490561803,24
2017-08-08,1.7958333333333334,3.3,6.0,0.9984567773457718,-0.0555343476804764,24
2017-08-09,1.4,3.9,6.6,0.8342488085210481,-0.5513881803967252,24
2017-08-10,1.7541666666666669,3.6,10.0,0.8545999305191815,-0.5192869714874524,24
2017-08-11,2.4250000000000003,3.9,11.2,0.965666053281346,0.2597865923022757,24
2017-08-12,2.8791666666666664,4.6,7.9,0.9915600631546118,0.1296481436690175,24
2017-08-13,2.458333333333333,4.1,8.9,0.9993395258004578,0.0363388521133503,24
2017-08-14,1.6333333333333335,2.9,6.5,0.9783313618158788,-0.2070452764191648,24
2017-08-15,2.6916666666666664,4.8,8.8,0.9976986983716836,-0.0678034458375701,24
2017-08-16,3.1125000000000003,5.0,8.7,0.9859870576299136,-0.1668218276674413,24
2017-08-17,1.8708333333333331,3.2,7.1,0.9999103994136104,-0.0133863043635724,24
2017-08-18,1.7958333333333334,3.3,7.1,0.9978793811709772,-0.0650902499136966,24
2017-08-19,2.5791666666666666,4.1,9.7,0.8832306749438473,0.4689387751489909,24
2017-08-20,2.2041666666666666,3.1,7.2,0.7637280221647584,0.6455381539152478,24
2017-08-21,2.895833333333333,4.9,11.1,0.6578656987924402,-0.7531352616577811,24
2017-08-22,4.029166666666667,6.3,11.9,0.968386416183823,-0.2494549036412224,24
2017-08-23,4.995833333333334,6.7,12.0,0.9997118516521448,-0.0240044509672742,24
2017-08-24,4.0875,5.5,10.0,0.9999421064184112,0.0107602886351127,24
2017-08-25,3.3125,4.6,9.9,0.9832921146869404,0.1820346593220224,24
2017-08-26,2.495833333333333,3.9,7.1,0.9512496674679074,-0.308421902825003,24
2017-08-27,2.5,3.5,14.0,0.9958011550418764,-0.0915426655569151,24
2017-08-28,1.9333333333333331,3.2,7.7,0.8056527389108219,-0.5923881027548502,24
2017-08-29,2.2916666666666665,3.6,7.5,0.837937982735284,-0.5457654597805938,24
2017-08-30,2.1333333333333333,3.7,8.2,0.7543036686132519,-0.6565256853441375,24
2017-08-31,1.9791666666666667,4.1,8.2,0.9167371533063674,-0.399490915726175,24
2017-09-01,3.420833333333333,5.7,12.2,0.9857995137855846,-0.1679265274460976,24
2017-09-02,3.9125,5.2,11.4,0.9949100116806074,-0.1007673987839985,24
2017-09-03,4.258333333333334,5.5,11.4,0.997032577582043,-0.07698077188563,24
2017-09-04,3.8958333333333335,6.0,11.1,0.9997783184806948,0.0210550206818789,24
2017-09-05,2.904166666666667,4.7,9.5,0.9907771766172864,0.1355012409326137,24
2017-09-06,2.725,4.8,9.9,0.999857973701076,0.0168532615946741,24
2017-09-07,2.7583333333333333,4.7,9.8,0.9488333970857836,-0.3157771121766929,24
2017-09-08,2.841666666666667,4.5,8.0,0.9499028480373004,-0.3125453235782381,24
2017-09-09,3.475,4.7,9.9,0.9740634665755512,-0.2262749722855357,24
2017-09-10,3.3375,5.6,10.3,0.9911466591234132,0.1327716088194168,24
2017-09-11,2.920833333333333,4.5,9.5,0.9911385907511931,-0.1328318257186085,24
2017-09-12,4.241666666666666,5.8,10.7,0.9992754275805336,-0.0380607387440328,24
2017-09-13,3.670833333333333,5.3,10.5,0.9568120367736784,0.2907072862606043,24
2017-09-14,3.716666666666667,6.0,10.2,0.9999746420737504,-0.0071214611896018,24
2017-09-15,3.25,5.0,9.2,0.9930385687233404,-0.1177896473714896,24
2017-09-16,3.8125,6.8,13.4,0.9944530304042416,-0.1051816063759258,24
2017-09-17,3.6666666666666665,4.9,9.9,0.999977294064659,0.0067387947826538,24
2017-09-18,2.983333333333333,4.9,10.5,0.9984301174712285,-0.0560116106391248,24
2017-09-19,3.033333333333333,6.0,10.2,0.946283565483941,-0.3233379249253013,24
2017-09-20,3.095833333333333,4.9,11.0,0.9838058232641786,-0.1792375577592254,24
2017-09-21,3.845833333333333,5.5,10.6,0.99999796553053,0.00201716008319,24
2017-09-22,3.0541666666666667,5.4,9.7,0.9975683525713333,-0.0696949205331085,24
2017-09-23,2.7583333333333333,4.1,7.3,0.99930945367085,0.0371566387617008,24
2017-09-24,3.391666666666667,5.0,8.2,0.9859763953534262,-0.1668848339600226,24
2017-09-25,3.5041666666666664,4.5,9.1,0.9821618011853226,-0.1880377523062929,24
2017-09-26,3.154166666666667,5.7,9.9,0.974871613232154,-0.2227674520977823,24
2017-09-27,2.8375,4.2,7.9,0.8782480864018278,-0.4782052893178071,24
2017-09-28,1.6708333333333334,3.0,6.9,0.949869062003076,0.3126479890378261,24
2017-09-29,1.7875,3.4,8.5,0.9962979661735272,-0.0859672181618869,24
2017-09-30,3.1041666666666665,5.2,12.2,0.4050184984409557,-0.9143084905657574,24
2017-10-01,1.8333333333333333,3.2,10.0,0.6231746034242291,0.782082740921352,24
2017-10-02,2.370833333333333,4.2,8.3,-0.4162492529745104,0.9092505481978892,24
2017-10-03,2.529166666666667,4.1,10.8,-0.5943915526645654,-0.8041757781237924,24
2017-10-04,2.275,4.3,8.1,0.8363888727868404,-0.5481365281372501,24
2017-10-05,3.595833333333333,6.0,9.9,0.998880418562814,-0.0473065472400762,24
2017-10-06,3.1041666666666665,4.8,10.8,0.9892375337307728,-0.1463184945871787,24
2017-10-07,2.6916666666666664,4.7,8.7,0.9994703401102212,0.0325428830922926,24
2017-10-08,2.4208333333333334,3.9,8.1,0.9994238631142368,0.033940268676239,24
2017-10-09,2.5500000000000003,3.4,7.2,0.998868924872084,-0.0475486164350475,24
2017-10-10,2.966666666666667,4.7,10.1,0.999164591944132,-0.0408670797233691,24
2017-10-11,2.825,4.5,12.3,0.9876543999454196,0.1566486076173464,24
2017-10-12,2.4833333333333334,5.0,10.1,0.9919547660031968,0.1265928205055228,24
2017-10-13,2.075,3.5,7.6,0.9549664671024128,-0.296713745401079,24
2017-10-14,1.9583333333333333,3.4,7.4,0.9942303730731512,-0.1072658625044453,24
2017-10-15,2.1333333333333333,3.7,8.4,0.9365952006826876,-0.3504132275730412,24
2017-10-16,3.583333333333333,5.4,11.7,0.998975038633002,0.04526446937933,24
2017-10-17,4.1875,6.2,11.3,0.9999980799738976,0.0019596041738578,24
2017-10-18,3.766666666666667,5.2,11.1,0.9995193463239008,-0.0310012310117212,24
2017-10-19,3.15,5.5,9.0,0.9732956589089552,-0.2295551357495252,24
2017-10-20,1.9416666666666669,4.0,8.4,0.7490326473010672,0.6625330884394793,24
2017-10-21,2.475,5.3,11.3,0.5472728212206304,0.8369542754256124,24
2017-10-22,2.404166666666667,5.6,13.9,0.0187481558004741,0.9998242378808792,24
2017-10-23,2.908333333333333,4.4,10.7,0.5151930772965477,-0.8570741467957795,24
2017-10-24,3.270833333333333,5.2,10.2,0.8214649938852987,-0.5702589445339952,24
2017-10-25,3.5666666666666664,5.3,10.1,0.9721528924472942,-0.234347506294306,24
2017-10-26,2.6833333333333336,4.7,9.8,0.9548713468164626,0.2970197148825559,24
2017-10-27,2.0416666666666665,5.5,11.3,-0.9750543735259638,0.221966143066663,24
2017-10-28,2.1958333333333333,3.9,9.1,-0.6528844986546842,0.757457478289324,24
2017-10-29,1.8041666666666665,3.1,6.7,-0.9207457159536296,-0.3901632050219986,24
2017-10-30,1.7208333333333332,3.8,9.3,0.9979409014682002,0.0641401370191542,24
2017-10-31,2.7416666666666667,5.0,11.0,-0.5447267141403235,0.838613621939142,24
2017-11-01,2.0500000000000003,3.9,8.3,0.9839822532223842,-0.1782664448049593,24
2017-11-02,2.5875,4.5,9.1,0.9962642664471064,-0.0863568839213708,24
2017-11-03,3.1,5.0,8.8,0.9932302348746412,0.1161623886241362,24
2017-11-04,2.0875,3.3,7.4,0.6023396434632905,0.7982399099973116,24
2017-11-05,2.308333333333333,4.9,8.4,0.697055227329271,-0.7170174405500456,24
2017-11-06,1.7291666666666667,3.4,6.0,0.9744501209734876,-0.2246040109498391,24
2017-11-07,2.25,3.4,7.9,0.672573969847345,-0.7400299014795163,24
2017-11-08,3.345833333333333,5.3,14.3,0.9818732911035968,0.1895384927063403,24
2017-11-09,2.9166666666666665,4.2,8.8,0.7795975799923677,0.6262807783015889,24
2017-11-10,2.1625,4.1,10.1,0.9404470835128532,0.3399401169502779,24
2017-11-11,2.895833333333333,5.5,12.3,-0.6064023445116122,0.7951579695700849,24
2017-11-12,2.725,3.9,8.5,-0.8698382159563093,0.4933370836070862,24
2017-11-13,1.5041666666666669,3.1,7.7,-0.2409942247078311,-0.9705265496922127,24
2017-11-14,1.7458333333333331,2.8,6.8,0.9503341034993326,-0.3112315725085101,24
2017-11-15,3.158333333333333,5.4,9.4,0.8127711167428597,0.5825831372332747,24
2017-11-16,3.1166666666666667,4.3,10.0,0.66571738844434,0.7462039658986326,24
2017-11-17,1.8333333333333333,4.8,10.2,0.180866593882655,0.9835076386166438,24
2017-11-18,2.316666666666667,4.9,11.1,-0.2897366329215379,0.9571064118180852,24
2017-11-19,2.5375,4.9,11.3,-0.688303221378601,0.7254231009830336,24
2017-11-20,2.1625,4.1,9.8,-0.0650351920715618,0.9978829709901934,24
2017-11-21,1.7416666666666665,4.0,7.9,-0.4125544130198969,0.91093295927736,24
2017-11-22,2.558333333333333,4.6,9.4,-0.8560879531547159,0.516830162106827,24
2017-11-23,1.85,3.6,8.8,-0.881124931724829,0.4728835529947257,24
2017-11-24,2.0875,4.3,8.2,0.2307711646837552,0.9730080521509074,24
2017-11-25,2.433333333333333,3.8,10.3,0.7027056911263008,0.7114806474238833,24
2017-11-26,1.9,9.1,16.1,0.8963180914647648,-0.4434116359692894,24
2017-11-27,1.4166666666666667,3.8,9.6,0.3946662899957258,-0.9188245314209944,24
2017-11-28,2.404166666666667,4.4,8.3,0.6271637896340958,-0.7788873994177847,24
2017-11-29,1.8416666666666668,3.7,8.0,0.9054715071575268,0.4244070566400578,24
2017-11-30,2.495833333333333,4.6,11.7,0.2990393754494637,0.9542407725154038,24
2017-12-01,3.5,5.9,12.4,-0.4608218641510742,0.887492653220481,24
2017-12-02,2.95,4.7,10.8,-0.5302935730752266,0.8478140871412253,24
2017-12-03,2.8125,4.3,8.9,-0.6663834043672348,0.7456092531506932,24
2017-12-04,2.3625000000000003,5.2,9.6,-0.7215959885736085,0.6923144005973563,24
2017-12-05,1.2583333333333333,2.9,8.0,-0.8811202935415879,0.4728921952297224,24
2017-12-06,1.7875,3.5,6.9,0.2389895780277011,-0.9710221323915028,24
2017-12-07,1.7375,3.9,8.9,-0.9874891483156883,0.1576869746008098,24
2017-12-08,2.841666666666667,4.7,10.9,-0.7437094572357729,0.6685029866934569,24
2017-12-09,2.7583333333333333,4.2,9.0,-0.7836546642002749,0.6211967218821702,24
2017-12-10,2.2625,3.5,7.2,-0.7462914993732368,0.6656192590086665,24
2017-12-11,2.3000000000000003,4.6,9.5,-0.3182130463548377,0.9480192282488652,24
2017-12-12,1.6708333333333334,3.3,6.5,-0.2688126054545415,0.9631924953760492,24
2017-12-13,1.5708333333333335,3.7,10.0,-0.2564673700591823,0.966552889445232,24
2017-12-14,2.3208333333333333,5.4,10.3,0.7987570945356628,0.6016536411665322,24
2017-12-15,3.0500000000000003,5.0,9.2,-0.1386109461618917,0.9903469117456292,24
2017-12-16,1.6541666666666668,3.4,7.0,0.2700127843574544,0.9628567371543572,24
2017-12-17,2.533333333333333,5.9,10.3,0.6789890986760935,0.7341483527728072,24
2017-12-18,2.0541666666666667,4.1,7.4,0.9952728765910064,0.0971179752788511,24
2017-12-19,2.1708333333333334,4.7,8.2,0.9998592086178486,0.0167798373677879,24
2017-12-20,2.7,4.2,8.0,0.960129108001719,0.2795569637262207,24
2017-12-21,2.033333333333333,3.9,7.9,0.7648060779091467,0.6442605553603513,24
2017-12-22,1.6083333333333334,4.0,9.7,0.2933534361852813,0.9560040593419508,24
2017-12-23,1.9541666666666664,4.4,10.4,0.0997856131827826,0.9950089604630382,24
2017-12-24,1.5375,3.9,12.8,-0.3451983860104716,0.9385297407625212,24
2017-12-25,1.325,4.1,12.8,-0.7217261601782149,-0.6921786978190024,24
2017-12-26,1.7583333333333335,3.1,6.5,0.7515981536191609,0.6596212666949636,24
2017-12-27,2.466666666666667,4.8,9.1,0.6537876483287993,-0.7566780761279517,24
2017-12-28,1.9166666666666667,3.4,7.4,0.9786599029613868,-0.2054867254486501,24
2017-12-29,1.7041666666666666,5.2,12.3,-0.6573478989386344,0.7535872476103632,24
2017-12-30,1.6666666666666667,4.3,11.9,-0.7478127492463936,0.663909701740041,24
2017-12-31,1.7083333333333333,3.6,7.7,-0.7363519082588582,0.6765987490407723,24
2018-01-01,1.4291666666666665,4.1,6.4,0.9094826904940512,-0.4157417896864615,24
2018-01-02,1.6277777777777778,4.6,8.0,-0.8666947026150842,0.498838944408865,18
2018-01-03,,,,,,0
2018-01-04,2.766666666666667,3.7,7.8,-0.5896465902302526,0.8076613762152036,6
2018-01-05,1.7625000000000002,4.7,8.2,-0.2348917450424121,0.9720215368555012,24
2018-01-06,1.8083333333333331,4.7,8.6,-0.7397440049729556,0.6728884061317835,24
2018-01-07,2.0625,5.6,12.3,-0.2990372043702649,0.9542414528841306,24
2018-01-08,1.6291666666666669,3.5,10.1,0.6962045175243659,0.7178434855723529,24
2018-01-09,2.275,4.3,9.1,0.9995959843574088,0.0284230198350416,24
2018-01-10,3.4333333333333336,5.3,9.4,0.9719994648417732,-0.2349830639584619,24
2018-01-11,3.520833333333333,5.4,9.5,0.9974225788496408,-0.0717509526134102,24
2018-01-12,2.529166666666667,4.5,10.3,0.9903222887355556,0.138786758855341,24
2018-01-13,1.5083333333333335,4.3,11.0,0.2256532516107434,0.9742076832162117,24
2018-01-14,1.9666666666666668,5.9,10.1,0.4630053954122924,0.8863554613241275,24
2018-01-15,1.6125,3.8,10.5,0.7340735230333595,-0.6790699984400664,24
2018-01-16,2.091666666666667,3.6,8.3,0.9402123653435274,-0.3405887667776633,24
2018-01-17,2.5,4.3,11.2,0.9376790268542036,-0.3475025792677713,24
2018-01-18,2.3875,4.5,8.8,0.9997547934110544,0.0221439168084576,24
2018-01-19,2.379166666666667,4.5,8.4,0.9671999787004176,-0.2540161435852291,24
2018-01-20,2.370833333333333,4.1,9.1,0.9883374245680372,-0.1522797924815341,24
2018-01-21,1.8125,3.5,8.1,0.994215508765224,0.1074035480359317,24
2018-01-22,2.254166666666667,4.4,9.0,0.8407678468392741,0.541395814281244,24
2018-01-23,2.2,4.0,8.1,0.997818131107289,0.0660225509470597,24
2018-01-24,2.525,4.3,9.1,0.9854691284737028,-0.1698546343944744,24
2018-01-25,1.85,3.8,9.9,-0.8318122967147108,-0.5550570268307555,24
2018-01-26,1.5375,3.3,9.5,0.5057226816451215,0.8626961048188795,24
2018-01-27,1.7375,2.9,10.2,-0.4417166646013043,0.8971546066389554,24
2018-01-28,2.308333333333333,4.8,10.9,0.0604996150945408,0.9981682205787822,24
2018-01-29,2.1708333333333334,3.3,9.2,-0.4509994097307724,0.8925242475263598,24
2018-01-30,2.2666666666666666,5.7,9.7,-0.6561364770949346,0.7546422486353705,24
2018-01-31,2.3125,4.4,11.4,-0.8437765334746794,0.536694663246667,24
2018-02-01,3.1666666666666665,4.7,11.3,-0.5407650831361318,0.8411736591577106,24
2018-02-02,3.079166666666667,5.4,10.3,-0.5460428992498659,0.8377572155337133,24
2018-02-03,3.0708333333333333,4.4,9.2,-0.6887631493686706,0.7249864302673191,24
2018-02-04,2.0083333333333333,5.0,9.6,0.9199683599957268,-0.3919926231535142,24
2018-02-05,2.3916666666666666,3.9,9.0,-0.1905526790116656,0.9816769715754146,24
2018-02-06,3.1916666666666664,4.6,10.5,-0.7961752215494248,0.6050661258000851,24
2018-02-07,2.0125,3.3,8.5,-0.5638283752452755,0.8258919803874311,24
2018-02-08,1.8833333333333333,3.5,8.3,-0.3184889966710691,0.9479265578089136,24
2018-02-09,1.9666666666666668,5.1,8.9,0.384858678255851,0.9229755130940144,24
2018-02-10,2.270833333333333,4.0,9.8,-0.0256038897477024,0.99967216667755,24
2018-02-11,1.8291666666666664,3.4,8.7,0.9342245129667472,-0.3566855188706772,24
2018-02-12,2.058333333333333,3.4,7.8,0.9991655375757776,0.040843953296754,24
2018-02-13,2.345833333333333,3.5,7.1,0.9988570234103512,0.0477979788674483,24
2018-02-14,2.829166666666667,6.2,10.5,0.9816976223098436,-0.1904462610585981,24
2018-02-15,3.25,5.2,10.5,0.9922567720708064,-0.1242034551839185,24
2018-02-16,3.1333333333333333,4.6,8.9,0.9686006494196588,-0.2486217648232255,24
2018-02-17,3.1750000000000003,4.2,10.4,0.9850137994697068,0.1724755485692167,24
2018-02-18,2.6791666666666667,5.5,10.3,0.2400788473798985,0.970753391464969,24
2018-02-19,1.1708333333333334,4.8,8.4,0.5845518754817673,-0.8113563365567243,24
2018-02-20,1.5791666666666666,2.8,6.0,-0.9767621781435318,0.214326030496306,24
2018-02-21,1.6166666666666665,2.9,9.0,-0.0361712208571781,0.999345607275932,24
2018-02-22,2.670833333333333,7.1,15.9,-0.5272214133114339,0.8497279454895514,24
2018-02-23,2.35,4.2,11.4,-0.5063802366451646,0.8623103014200788,24
2018-02-24,1.75,3.9,11.4,0.2336594336365354,0.9723185018668798,24
2018-02-25,2.520833333333333,4.3,10.3,0.8852282912628819,-0.4651568255414492,24
2018-02-26,1.7708333333333333,3.9,9.4,0.9998580950373565,-0.0168460615061516,24
2018-02-27,1.5166666666666666,3.0,5.5,0.6049740168883507,0.7962452127893602,24
2018-02-28,1.5875,3.3,7.1,0.2433041627421752,0.969950042214716,24
2018-03-01,1.8541666666666667,3.7,7.2,0.9967744741999084,0.0802536452972448,24
2018-03-02,1.6333333333333335,5.3,9.2,-0.785970893466015,-0.6182634993465441,24
2018-03-03,1.3291666666666668,4.1,10.1,0.7209814236216263,0.6929543901242946,24
2018-03-04,1.3333333333333333,3.5,13.2,-0.9959128869551098,0.0903189990906603,24
2018-03-05,2.1750000000000003,5.3,10.0,-0.5027524074836547,-0.8644304580296723,24
2018-03-06,1.675,4.5,10.3,-0.9973400488179066,0.0728891420164593,24
2018-03-07,1.65,4.3,8.1,-0.6342701789366813,-0.7731114668090432,24
2018-03-08,1.9708333333333328,3.4,9.8,-0.5594738907080138,-0.8288479749725142,24
2018-03-09,1.4208333333333334,3.5,10.8,-0.9425631404062584,0.3340280322779687,24
2018-03-10,2.5083333333333333,4.9,10.6,-0.5252147943695055,0.8509696938054834,24
2018-03-11,2.7416666666666667,3.9,8.4,-0.7818161198406683,0.6235090654972721,24
2018-03-12,1.5916666666666668,2.8,6.2,-0.8360273441446597,0.5486877799280997,24
2018-03-13,1.4833333333333334,3.2,11.0,-0.6786731848059464,0.7344404048153628,24
2018-03-14,1.9416666666666669,4.4,11.1,-0.1317079061675787,0.9912885692133004,24
2018-03-15,1.9875,4.7,8.5,0.0706855697198872,0.9974986467326034,24
2018-03-16,1.275,2.3,6.8,-0.7217102491199812,0.6921952877007865,24
2018-03-17,2.15,4.8,8.6,0.9999805851516284,0.0062313176621567,24
2018-03-18,1.6291666666666669,3.6,6.7,0.960971109251249,0.2766487433270285,24
2018-03-19,2.1666666666666665,3.6,7.7,0.7292584303584756,0.684238366178843,24
2018-03-20,2.0541666666666667,4.1,9.4,-0.2221188050828639,0.9750196082277324,24
2018-03-21,1.6041666666666667,3.6,7.7,-0.9200642355630784,0.3917675362223469,24
2018-03-22,1.5416666666666667,3.8,10.1,-0.3334215391452955,0.9427778514761482,24
2018-03-23,1.7833333333333332,3.6,7.6,0.9897400735339538,0.1428796236032405,24
2018-03-24,1.9625,5.5,9.3,0.881413988227251,0.4723445578783896,24
2018-03-25,2.441666666666667,4.0,8.0,0.9588644928624708,0.2838642005036856,24
2018-03-26,2.645833333333333,3.8,8.6,0.8708436948090506,0.4915600260510625,24
2018-03-27,2.9458333333333333,4.8,11.8,0.9811194479996166,0.1934027630540155,24
2018-03-28,2.908333333333333,4.3,9.3,0.9993905468799102,-0.0349075179162568,24
2018-03-29,2.9875000000000003,5.0,9.5,0.9974140955619332,-0.0718687830310966,24
2018-03-30,2.65,4.2,8.1,0.9792488156442716,0.202661681280135,24
2018-03-31,1.9916666666666665,3.4,8.1,0.8378550923117383,0.5458927040062804,24
2018-04-01,1.7041666666666666,3.8,7.8,0.7498319397564855,0.6616283413828539,24
2018-04-02,1.2833333333333334,3.2,5.6,0.460646599368643,-0.8875836357719226,24
2018-04-03,1.6458333333333333,6.1,9.3,-0.631812017784088,0.7751216512158586,24
2018-04-04,1.2416666666666667,2.6,7.4,0.1035006703250343,-0.9946293838622848,24
2018-04-05,1.5375,3.9,6.4,0.713591098857003,-0.7005624480601677,24
2018-04-06,2.395833333333333,3.6,7.4,0.6788525750527729,-0.7342745953280826,24
2018-04-07,2.004166666666667,3.8,9.2,0.869079745809302,0.4946720079244823,24
2018-04-08,1.9166666666666667,4.9,10.2,0.9050848768304066,0.4252309557556781,24
2018-04-09,2.308333333333333,4.0,7.8,0.9817326227024654,0.1902657549895376,24
2018-04-10,2.954166666666667,4.2,8.5,0.9998603850831216,-0.0167095883082777,24
2018-04-11,3.608333333333333,5.1,9.5,0.9981522949944008,-0.0607617971871366,24
2018-04-12,2.9250000000000003,4.1,9.8,0.9776295330627792,0.2103342484795378,24
2018-04-13,2.908333333333333,4.3,9.6,0.976713253979848,-0.2145488743855273,24
2018-04-14,2.6666666666666665,5.0,11.1,0.9932632958139256,-0.1158793561807202,24
2018-04-15,3.1041666666666665,5.0,8.7,0.8924964855209231,-0.4510543463184905,24
2018-04-16,2.495833333333333,4.3,8.1,0.876305360061342,-0.481756075133217,24
2018-04-17,3.6791666666666663,5.3,10.0,0.9756992470846082,-0.2191140781386005,24
2018-04-18,3.533333333333333,5.4,10.6,0.9928446915003268,-0.1194128073517284,24
2018-04-19,2.7291666666666665,4.3,7.3,0.9983231788390328,-0.0578863592975785,24
2018-04-20,2.0125,3.5,5.8,0.9528786296777628,-0.3033518041868694,24
2018-04-21,1.275,2.6,5.1,0.8225568331661498,-0.568682913592166,24
2018-04-22,1.7541666666666669,3.9,7.1,0.9777340899181178,-0.2098476814548824,24
2018-04-23,2.466666666666667,3.6,9.1,0.9982171332567574,-0.0596871416023658,24
2018-04-24,2.7625,4.0,8.0,0.9630206168836,-0.2694277110045113,24
2018-04-25,2.7916666666666665,4.8,8.3,0.9930027201162308,-0.1180914808179091,24
2018-04-26,1.9708333333333328,4.4,7.6,0.9661429272482518,-0.2580074497532564,24
2018-04-27,2.154166666666667,3.4,6.8,0.9950373241517432,-0.0995023795943534,24
2018-04-28,2.345833333333333,4.0,8.1,0.9621497445280942,-0.2725213186239256,24
2018-04-29,2.395833333333333,3.8,7.3,0.9454003895885548,-0.3259111893841768,24
2018-04-30,2.029166666666667,3.1,6.9,0.9842249879260158,-0.17692137559389,24
2018-05-01,1.9375,3.1,7.3,0.9443926223627483,-0.3288199732784054,24
2018-05-02,2.1666666666666665,4.0,9.3,0.9809071220236952,-0.1944767800103435,24
2018-05-03,2.3583333333333334,4.2,8.2,0.998046052183904,-0.0624826193442943,24
2018-05-04,2.595833333333333,4.4,8.2,0.9373869629336063,-0.3482896520456923,24
2018-05-05,2.3875,4.4,9.2,0.9489849640304254,-0.3153213250704306,24
2018-05-06,2.845833333333333,4.3,8.6,0.9627969408735226,-0.2702259251896209,24
2018-05-07,2.4791666666666665,3.8,7.0,0.9235782354923524,-0.3834100193328717,24
2018-05-08,2.3666666666666667,3.5,6.6,0.9136539788630346,-0.40649281286112,24
2018-05-09,3.016666666666667,4.8,8.6,0.9386963489095118,-0.344745071819674,24
2018-05-10,3.017391304347825,4.6,8.8,0.9992458154650402,-0.0388304040103479,23
2018-05-11,1.7875,3.1,6.2,0.9852242298482252,-0.1712694278614002,24
2018-05-12,1.4583333333333333,2.4,5.4,0.8814704390860477,-0.4722392031772141,24
2018-05-13,1.5166666666666666,2.7,6.2,0.810630877400262,-0.58555749555896,24
2018-05-14,2.1041666666666665,5.3,8.1,0.9877298910612834,-0.1561718998541836,24
2018-05-15,2.591666666666667,4.4,9.5,0.9844991231584348,-0.1753894994013989,24
2018-05-16,1.6375,3.5,6.4,0.8328088563154039,-0.5535606641034287,24
2018-05-17,1.2791666666666666,3.6,8.0,0.9957192090477472,0.0924297394420674,24
2018-05-18,2.0083333333333333,3.8,7.3,0.9975083951707002,0.07054786718232,24
2018-05-19,2.120833333333333,5.4,11.9,-0.1937158530362005,0.9810576783668008,24
2018-05-20,1.9625,2.8,11.2,-0.5820289008660631,-0.8131680998149413,24
2018-05-21,1.7583333333333335,2.7,5.8,0.7638121767029903,-0.6454385785806732,24
2018-05-22,1.5666666666666669,2.9,5.9,0.8424008117807805,-0.5388514380709047,24
2018-05-23,1.925,3.4,7.5,0.8873550529400822,-0.4610867705993134,24
2018-05-24,2.4041666666666663,4.5,8.4,0.8916015076160125,-0.4528208824876051,24
2018-05-25,3.154166666666667,4.2,8.0,0.9786349515319742,-0.20560552434215,24
2018-05-26,3.0666666666666664,5.0,8.7,0.9533064133432472,-0.3020047719467925,24
2018-05-27,3.15,4.3,9.1,0.907064414506007,-0.4209918620791553,24
2018-05-28,3.208333333333333,4.6,8.9,0.960459965886769,-0.2784181278738626,24
2018-05-29,2.7416666666666667,3.9,9.0,0.9690913277944811,-0.2467022464298399,24
2018-05-30,2.7541666666666664,3.6,7.4,0.9744789536661802,-0.224478882885822,24
2018-05-31,2.095833333333333,3.7,6.9,0.9443750268795348,-0.3288705043117694,24
2018-06-01,1.5208333333333333,3.1,6.2,0.9968788402002589,-0.0789466779604237,24
2018-06-02,1.7541666666666669,4.2,7.6,0.9250483964002988,-0.3798492652582543,24
2018-06-03,2.058333333333333,4.3,8.4,0.7111483359795944,-0.7030419932219227,24
2018-06-04,2.4125,5.6,9.2,0.870617390542595,-0.4919607294132352,24
2018-06-05,2.245833333333333,3.5,7.3,0.9843395188123164,-0.1762830442905305,24
2018-06-06,1.5333333333333332,3.7,7.5,0.1139600152536691,0.993485337044983,24
2018-06-07,1.5416666666666667,3.2,8.1,-0.4697942170991393,0.8827759588820975,24
2018-06-08,1.6333333333333335,2.4,5.7,0.6793690888683187,-0.7337967300896281,24
2018-06-09,1.9875,5.0,7.9,0.8895157180404242,-0.456904571392133,24
2018-06-10,2.6750000000000003,3.8,8.1,0.9996659867542352,0.0258440501214786,24
2018-06-11,2.345833333333333,3.6,8.6,0.9700525763066976,0.2428950374148035,24
2018-06-12,1.6541666666666668,2.9,6.2,0.9148567908945132,0.4037784691562848,24
2018-06-13,1.5833333333333333,3.4,6.7,0.9915967143985,-0.1293675229495402,24
2018-06-14,2.0500000000000003,3.9,7.4,0.9018393442047624,-0.4320715186682922,24
2018-06-15,1.7958333333333334,3.3,7.2,0.8655561064643323,-0.5008119672714555,24
2018-06-16,2.2916666666666665,4.3,7.9,0.8793609661422783,-0.4761557426150806,24
2018-06-17,2.1666666666666665,4.4,8.0,0.8922342969166598,-0.451572762028041,24
2018-06-18,2.5375,3.9,8.6,0.942702181237494,-0.3336354260117937,24
2018-06-19,2.891666666666667,4.7,8.7,0.9674289250637385,-0.2531427955720247,24
2018-06-20,3.083333333333333,4.5,9.3,0.9899193556569,-0.1416321619401036,24
2018-06-21,2.95,4.3,10.1,0.9999059381514152,-0.01371549669309,24
2018-06-22,2.066666666666667,3.9,7.7,0.9994238618356192,-0.0339403063270969,24
2018-06-23,2.208333333333333,4.0,8.6,0.9483800604243274,0.3171360291571252,24
2018-06-24,1.7375,3.6,6.7,0.943786151119618,-0.3305566531697975,24
2018-06-25,2.379166666666667,3.9,8.5,0.999270172439165,-0.03819846166276,24
2018-06-26,1.9125,3.5,7.1,0.9992623871762212,0.0384015829736226,24
2018-06-27,1.95,3.7,7.8,0.9778879984977352,0.209129295877199,24
2018-06-28,2.720833333333333,4.6,10.1,0.9964604768984464,-0.0840625837059564,24
2018-06-29,2.5541666666666667,4.5,7.8,0.9535600415708716,-0.3012029998511921,24
2018-06-30,1.8125,3.6,7.1,0.9934941606853416,-0.1138830658356563,24
2018-07-01,1.7291666666666667,4.0,6.7,0.9989726326201622,-0.0453175382820228,24
2018-07-02,1.9041666666666668,3.3,8.3,0.999999539565234,0.0009596193619095,24
2018-07-03,1.8125,3.7,7.7,0.8298342593802189,-0.5580099479031567,24
2018-07-04,2.1875,4.7,9.7,0.9067137303445896,-0.4217466196718106,24
2018-07-05,2.629166666666667,4.1,8.6,0.977433570491396,-0.2112430242077613,24
2018-07-06,2.5166666666666666,3.9,10.5,0.9746856830042612,-0.2235795593217696,24
2018-07-07,2.345833333333333,4.3,8.1,0.99498751053055,0.0999992694384234,24
2018-07-08,1.1916666666666669,2.8,5.4,0.4024642771406836,-0.9154356916931016,24
2018-07-09,1.4083333333333332,2.5,6.2,0.5716011681849092,-0.820531598739285,24
2018-07-10,1.9416666666666669,3.4,6.9,0.5690431245075884,-0.8223076811331883,24
2018-07-11,1.8791666666666669,3.5,7.1,0.3824806192553741,-0.9239635143738228,24
2018-07-12,1.4833333333333334,3.9,6.6,0.8033149139543524,-0.5955544887065426,24
2018-07-13,1.9291666666666665,3.4,7.1,0.7514464771236476,-0.6597940527304405,24
2018-07-14,2.404166666666667,4.2,7.7,0.993044649252202,-0.1177383734878778,24
2018-07-15,2.3875,3.9,8.0,0.9849659914775378,-0.1727483592763501,24
2018-07-16,2.670833333333333,4.9,9.7,0.9507105323533336,-0.3100798021033313,24
2018-07-17,2.9166666666666665,5.4,9.0,0.958511097397419,-0.2850552159950691,24
2018-07-18,3.079166666666667,4.5,8.9,0.999964512221477,-0.0084246244820575,24
2018-07-19,3.016666666666667,4.4,8.1,0.9954713804150296,-0.0950617208691025,24
2018-07-20,2.8000000000000003,5.2,8.6,0.9906552034226904,-0.1363901313568837,24
2018-07-21,2.075,4.1,9.2,0.8809333257022507,-0.4732403994453266,24
2018-07-22,2.5166666666666666,5.2,10.5,0.997052698035189,-0.0767197324079684,24
2018-07-23,3.454166666666667,5.7,10.2,0.9691366967002418,-0.2465239605169106,24
2018-07-24,3.0500000000000003,5.6,9.7,0.973802855092831,-0.2273939300268383,24
2018-07-25,3.2375000000000003,4.7,9.9,0.9943316836075616,-0.1063226362264954,24
2018-07-26,2.433333333333333,4.6,8.7,0.9821941532382648,-0.1878686917625391,24
2018-07-27,2.3833333333333333,5.3,8.3,0.9514848695514836,-0.3076955362279346,24
2018-07-28,2.208333333333333,3.8,7.0,0.9956443626079764,-0.0932325222599725,24
2018-07-29,1.9791666666666667,3.6,7.4,0.9790983355608672,-0.2033874364407479,24
2018-07-30,1.8416666666666668,3.0,7.4,0.8636936386420389,0.5040171609868808,24
2018-07-31,1.2458333333333331,2.6,6.1,-0.3123000622288105,0.9499835109789438,24
2018-08-01,1.0833333333333333,2.6,6.1,0.5843764855249172,0.8114826696643288,24
2018-08-02,1.5375,2.7,5.9,-0.8868837900100742,0.4619925789635222,24
2018-08-03,2.2875,4.3,8.2,0.7978877991725316,0.6028059886328385,24
2018-08-04,1.5208333333333333,2.5,7.7,-0.6074911452660079,0.7943264495302885,24
2018-08-05,1.3166666666666669,2.4,5.5,0.8673188944758495,-0.4977528857627953,24
2018-08-06,1.2958333333333334,2.6,5.1,0.1627614024979288,-0.9866654579222418,24
2018-08-07,2.5791666666666666,4.0,8.9,0.5181715086998292,-0.8552767315739058,24
2018-08-08,2.6333333333333333,4.7,8.5,0.9650376573028558,-0.2621112740562981,24
2018-08-09,1.7041666666666666,3.2,7.4,0.9714552465221564,-0.2372228994101876,24
2018-08-10,1.2708333333333333,3.4,6.7,-0.8887474698931985,0.4583971365076773,24
2018-08-11,1.9,3.7,12.1,-0.527186803713009,-0.8497494183527644,24
2018-08-12,1.7833333333333332,2.9,9.8,0.052002031480788,-0.9986469790280604,24
2018-08-13,1.7458333333333331,3.7,6.3,0.7621119315510357,-0.647445290188715,24
2018-08-14,1.8708333333333331,3.9,6.7,0.8464457556845831,-0.5324749596774996,24
2018-08-15,1.7708333333333333,3.5,9.1,0.9063821957596712,0.4224586550301427,24
2018-08-16,2.2041666666666666,3.7,7.4,-0.435290991755571,0.9002898158351296,24
2018-08-17,2.9125,4.8,8.4,0.987782999695706,0.1558356362073613,24
2018-08-18,2.9291666666666667,4.8,9.4,0.9976719995886536,0.0681951701865886,24
2018-08-19,2.316666666666667,3.2,7.7,0.9933878380763108,-0.1148068079953158,24
2018-08-20,2.7375000000000003,4.2,8.8,0.9786781005504706,-0.2054000377383684,24
2018-08-21,2.3666666666666667,4.2,9.2,0.9532558695722392,-0.3021642717563974,24
2018-08-22,2.4291666666666667,5.2,8.1,0.9262302992417534,-0.3769581313176996,24
2018-08-23,2.591666666666667,3.8,7.6,0.9856397123039272,-0.1688619481393942,24
2018-08-24,2.9291666666666667,4.5,8.2,0.9874678663541936,0.1578201917306421,24
2018-08-25,1.85,3.4,11.2,0.147406475107865,0.9890759986453388,24
2018-08-26,2.725,4.2,8.0,0.6402731027730009,-0.7681473516620585,24
2018-08-27,3.4,5.6,10.4,0.8626737599858643,-0.5057607970492091,24
2018-08-28,4.75,6.3,11.8,0.9983904095446364,-0.0567149903402378,24
2018-08-29,3.3708333333333336,4.8,9.7,0.9990040887369924,0.0446187257412327,24
2018-08-30,3.283333333333333,4.9,9.9,0.9962009328093524,0.087084450218028,24
2018-08-31,2.6916666666666664,4.5,8.3,0.9993864765234266,0.0350238567563652,24
2018-09-01,2.2625,3.8,9.3,0.9630147571147156,0.2694486548106808,24
2018-09-02,2.1,4.0,7.7,0.9458872868838444,0.3244953628505655,24
2018-09-03,2.0541666666666667,4.6,11.2,-0.690480699324804,0.7233508165889699,24
2018-09-04,2.658333333333333,4.6,11.8,-0.8389197661519011,-0.5442551111010712,24
2018-09-05,2.470833333333333,4.3,9.4,-0.1587317817487258,-0.987321741613581,24
2018-09-06,2.2,3.8,8.1,0.8530551060773666,-0.5218208370651106,24
2018-09-07,3.0583333333333336,4.3,8.8,0.9134949591896336,-0.4068500455144742,24
2018-09-08,3.0500000000000003,4.7,9.6,0.9017689585802412,-0.4322184000492194,24
2018-09-09,2.970833333333333,4.4,9.1,0.982273393654971,-0.1874539413230523,24
2018-09-10,2.2958333333333334,3.4,8.2,0.9987872961345754,0.0492334955105159,24
2018-09-11,1.975,3.4,7.9,0.8801298948834408,-0.4747329440142779,24
2018-09-12,1.9,3.1,7.0,0.967992471597046,0.2509792320719827,24
2018-09-13,2.8000000000000003,4.3,8.4,0.8826666721041633,0.4699995169748174,24
2018-09-14,2.4166666666666665,4.6,9.7,0.254076890569829,0.9671840226546172,24
2018-09-15,2.0416666666666665,3.8,7.6,0.9172734901012896,-0.398257886748523,24
2018-09-16,1.4833333333333334,3.1,8.0,0.7408040216889759,0.6717212230155003,24
2018-09-17,2.333333333333333,4.5,8.4,0.573361584025177,-0.8193024435238428,24
2018-09-18,1.4791666666666667,2.7,10.1,0.9913962281097048,0.1308950682411302,24
2018-09-19,2.645833333333333,4.0,9.9,0.9791224798342874,0.203271172287552,24
2018-09-20,1.8166666666666669,3.5,7.7,0.9733961615484796,-0.2291285942057132,24
2018-09-21,1.7583333333333335,3.1,8.0,0.9252145955502536,-0.3794442675555668,24
2018-09-22,1.7,3.7,7.4,0.5015473851702272,-0.8651301754238536,24
2018-09-23,1.9541666666666664,4.2,8.4,0.8330447946344793,-0.5532055405836047,24
2018-09-24,2.4458333333333333,4.1,8.0,0.9999999807869382,0.0001960258230648,24
2018-09-25,1.8541666666666667,3.2,8.0,0.7992832677262788,0.6009544557891237,24
2018-09-26,2.091666666666667,3.3,8.4,0.9971711026501192,0.0751650985467683,24
2018-09-27,1.8958333333333333,3.5,6.9,0.840411810891348,0.541948326055469,24
2018-09-28,1.6291666666666669,2.8,6.5,0.999847331491627,-0.0174732283528969,24
2018-09-29,1.7458333333333331,2.8,6.8,0.8022012372331621,-0.5970537454715312,24
2018-09-30,2.058333333333333,3.9,9.1,-0.0211739098634435,0.9997758076394402,24
2018-10-01,2.5500000000000003,3.8,8.9,-0.0955592580519477,-0.995423743036382,24
2018-10-02,2.379166666666667,3.8,8.6,0.6621027970135118,-0.7494130277669881,24
2018-10-03,1.8666666666666665,3.6,8.8,0.9897373506517712,0.1428984839836059,24
2018-10-04,2.129166666666667,4.3,8.7,0.1209041416645334,-0.9926641871893848,24
2018-10-05,1.85,3.5,7.1,0.7151214814114067,-0.6990001908611722,24
2018-10-06,2.1666666666666665,4.5,10.8,0.9857678998301352,0.1681120092809693,24
2018-10-07,1.6791666666666665,3.5,7.4,0.9822075762824116,-0.1877985013077327,24
2018-10-08,2.3666666666666667,5.2,9.3,0.8913177251709079,0.4533792152229276,24
2018-10-09,1.75,4.1,9.0,-0.9970474506397836,0.0767878973062029,24
2018-10-10,1.8791666666666669,3.9,8.5,-0.8302783689028927,-0.5573489303227845,24
2018-10-11,2.025,4.7,8.4,0.6442617227550874,-0.7648050945127438,24
2018-10-12,2.0,3.9,9.3,0.8019753396470835,0.5973571415811024,24
2018-10-13,1.8833333333333333,4.2,8.4,0.7175804163060243,0.6964756608339395,24
2018-10-14,2.8625000000000003,4.6,11.6,-0.1495348518304466,-0.9887564553963966,24
2018-10-15,1.3666666666666665,3.2,6.7,0.5890991215446014,0.8080607805081118,24
2018-10-16,2.3291666666666666,4.7,9.7,0.9474918619850152,0.3197798797175471,24
2018-10-17,1.8708333333333331,4.0,9.8,0.2458854415690355,0.9692988959162184,24
2018-10-18,1.775,3.5,8.8,0.15319215146942,0.9881964201150348,24
2018-10-19,2.033333333333333,4.6,9.8,-0.718955813473908,-0.6950557806910688,24
2018-10-20,1.6166666666666665,3.5,10.0,0.6341905164912577,-0.7731768159952495,24
2018-10-21,2.2,3.7,7.8,0.9907239155494714,-0.1358901142773972,24
2018-10-22,2.5625,4.3,7.7,0.9773311897018344,0.2117161912466715,24
2018-10-23,2.1958333333333333,3.8,10.2,0.9801943184157856,-0.1980381229597306,24
2018-10-24,1.8916666666666664,3.2,7.6,0.5608102028906432,0.8279443920540531,24
2018-10-25,2.1708333333333334,3.8,8.3,0.4581630262885298,-0.8888681799581623,24
2018-10-26,1.65,2.8,7.9,0.2031540648418126,-0.9791467846744166,24
2018-10-27,2.2375,4.3,10.7,-0.9943838669695182,-0.1058334782134057,24
2018-10-28,2.220833333333333,4.2,10.5,-0.8609352133653604,-0.5087146138922505,24
2018-10-29,1.9041666666666668,3.5,17.9,-0.6784752674856879,0.7346232445343834,24
2018-10-30,1.9666666666666668,3.7,7.2,0.9953377434158605,0.0964509021825248,24
2018-10-31,2.1416666666666666,6.3,15.8,0.6569889311935984,0.7539002217064891,24
2018-11-01,1.4708333333333332,3.4,7.2,0.4062615257336738,-0.9137568455057108,24
2018-11-02,1.2791666666666666,2.6,6.3,-0.8316281060427232,-0.5553329570985259,24
2018-11-03,2.0125,3.7,7.6,-0.0241801864538059,0.999707616547488,24
2018-11-04,2.2958333333333334,4.4,10.5,-0.5854401295977427,0.8107156435252612,24
2018-11-05,1.6666666666666667,3.4,7.5,-0.3251739430476801,0.9456542215645336,24
2018-11-06,1.8375,4.6,10.6,0.4577864366274882,0.8890621904230923,24
2018-11-07,2.1791666666666667,3.2,8.6,0.7721158636115487,0.6354817803520352,24
2018-11-08,2.020833333333333,4.2,11.7,0.1036593543509826,0.9946128584808952,24
2018-11-09,1.6375,3.9,7.4,-0.1514285643687725,0.98846820378463,24
2018-11-10,1.9916666666666665,3.3,8.4,0.4295034403638098,0.9030652217396324,24
2018-11-11,1.6916666666666669,3.1,8.4,-0.829033240398152,0.5591993261037963,24
2018-11-12,1.8458333333333328,3.4,7.1,0.4668088165360436,0.8843582581760733,24
2018-11-13,2.125,3.6,10.4,0.3723561476833579,0.9280899198258804,24
2018-11-14,1.6583333333333332,4.0,7.9,0.5037254591490009,0.8638637981795095,24
2018-11-15,1.7,3.2,9.0,-0.7920378655312514,0.6104719646017327,24
2018-11-16,1.7083333333333333,3.0,11.1,0.557585617677957,0.8301194365624089,24
2018-11-17,2.333333333333333,4.4,9.0,0.7848769974652778,0.6196515947287559,24
2018-11-18,2.0875,3.5,7.1,0.7992153991453324,0.6010447119549152,24
2018-11-19,1.5958333333333332,3.2,5.6,0.5365915165204698,-0.8438421323910429,24
2018-11-20,1.9333333333333331,3.1,7.5,0.6797428936288052,-0.733450474511496,24
2018-11-21,2.0708333333333333,4.1,8.4,0.8762857398938195,-0.481791762132502,24
2018-11-22,2.6041666666666665,4.5,9.1,0.9972932460663414,0.0735267390169029,24
2018-11-23,1.9625,3.7,8.0,0.7590298421048076,0.6510558338532503,24
2018-11-24,2.6333333333333333,4.6,10.1,-0.2120205126955996,0.9772652158939736,24
2018-11-25,2.270833333333333,3.7,7.8,-0.244800394471342,0.9695734974032012,24
2018-11-26,2.35,4.0,9.0,0.9932405917841148,-0.1160737990777472,24
2018-11-27,3.3208333333333333,4.3,8.9,0.9975870532490372,0.0694267325307976,24
2018-11-28,3.820833333333333,5.0,9.5,0.9973462483454382,-0.0728042643756501,24
2018-11-29,2.375,4.0,7.5,0.975431161305565,0.2203044474223727,24
2018-11-30,1.6416666666666666,4.3,9.5,0.2025264503387793,0.979276792798223,24
2018-12-01,3.4958333333333336,5.5,11.3,-0.6127051542662557,0.7903115802868915,24
2018-12-02,3.45,4.9,10.6,-0.6106792016826337,0.7918780920269616,24
2018-12-03,3.270833333333333,4.9,13.1,-0.7259235172518744,0.6877754336268981,24
2018-12-04,2.1958333333333333,2.9,8.0,-0.5764352651790434,0.8171428180299732,24
2018-12-05,1.7583333333333335,3.5,6.3,-0.7048614124909135,0.7093450424027183,24
2018-12-06,1.8958333333333333,4.0,9.6,0.8408795586582831,0.5412222905892282,24
2018-12-07,1.9291666666666665,5.4,13.5,0.3464226809403325,0.9380785287651096,24
2018-12-08,1.9583333333333333,3.0,10.2,-0.6356086505641607,0.7720114269413418,24
2018-12-09,3.1291666666666664,4.8,9.6,0.9522517124965856,0.3053140613324583,24
2018-12-10,3.045833333333333,4.4,7.7,0.9226683577638096,0.3855944781521574,24
2018-12-11,3.2541666666666664,4.4,8.6,0.983194482441556,0.1825612491644407,24
2018-12-12,2.529166666666667,4.0,8.3,0.8401840033395502,0.5423014295872053,24
2018-12-13,2.245833333333333,3.8,8.4,0.8956035345409231,0.4448531318511827,24
2018-12-14,2.0458333333333334,3.5,8.4,0.9131850201132404,0.4075452355761021,24
2018-12-15,2.033333333333333,4.6,10.6,0.8789176914384625,-0.4769734706212533,24
2018-12-16,2.1666666666666665,3.9,8.3,0.9890208954024876,0.1477757370384657,24
2018-12-17,2.504166666666667,4.5,8.3,0.9286741296930272,0.3708966983391716,24
2018-12-18,2.1166666666666667,3.3,6.4,0.9716059374518756,0.2366049498811515,24
2018-12-19,1.6416666666666666,3.3,7.3,0.9919064305341818,-0.1269709930060338,24
2018-12-20,1.875,3.7,7.0,0.8891207032689983,0.4576727816010497,24
2018-12-21,1.625,2.6,8.1,0.9714004325872232,0.2374472563946686,24
2018-12-22,2.0,3.9,9.8,-0.4256479224624008,-0.9048888584259628,24
2018-12-23,2.1333333333333333,3.5,9.3,0.1905458473149819,-0.9816782976469508,24
2018-12-24,1.6833333333333331,2.8,9.9,-0.8194230219476435,0.5731892454523129,24
2018-12-25,1.7083333333333333,4.4,8.3,-0.9438000997392868,0.330516825187633,24
2018-12-26,1.3041666666666667,2.7,6.8,-0.9330004989093292,0.3598750742062347,24
2018-12-27,1.725,5.3,12.8,-0.228313110011973,0.9735877586518128,24
2018-12-28,1.4833333333333334,3.1,7.5,-0.8218048702230076,0.5697690367839812,24
2018-12-29,2.8541666666666665,5.1,10.6,-0.7059056408672787,0.7083058846231313,24
2018-12-30,2.575,4.4,9.3,-0.723446045550572,0.690380923242553,24
2018-12-31,1.9625,3.7,9.3,-0.6251038343502445,0.7805416044520765,24
2019-01-01,1.5916666666666668,3.3,6.7,0.7126049666046903,0.7015655076828737,24
2019-01-02,2.0708333333333333,4.2,8.3,0.985571679802686,-0.1692585713366136,24
2019-01-03,2.1083333333333334,3.4,7.0,0.9097669340824154,0.4151194113147229,24
2019-01-04,1.8333333333333333,3.5,7.9,0.5633190465490995,0.8262394639540124,24
2019-01-05,1.25,2.8,12.0,0.7086401330664276,-0.7055700970191379,24
2019-01-06,2.1958333333333333,3.9,7.5,0.2724960094943137,0.962156912779654,24
2019-01-07,1.9333333333333331,5.7,10.8,0.484970020425435,0.8745307766388516,24
2019-01-08,2.475,4.5,8.6,0.991356715515486,0.1311939884382973,24
2019-01-09,3.2125,6.6,10.8,0.9838975826290276,0.1787331723456942,24
2019-01-10,2.4291666666666667,4.4,9.4,0.9954421063399432,0.0953677771865174,24
2019-01-11,1.9,3.7,6.5,0.9684628873288272,-0.2491578533113319,24
2019-01-12,1.7875,4.0,7.6,0.2983389789944217,-0.9544599801000384,24
2019-01-13,2.2583333333333333,4.1,7.5,0.9858243853205718,-0.1677804556774025,24
2019-01-14,2.3125,4.2,8.8,0.9997484832223958,-0.0224269992312571,24
2019-01-15,1.8541666666666667,3.9,7.3,0.9623749485171365,0.2717249684269721,24
2019-01-16,1.9125,3.7,8.3,0.9682801718981208,0.2498669820303308,24
2019-01-17,2.183333333333333,4.3,8.4,0.8995027955066354,-0.4369150041778701,24
2019-01-18,2.091666666666667,3.6,8.9,0.5793355079269926,-0.8150891787129636,24
2019-01-19,2.029166666666667,3.9,8.8,0.8891786180629644,-0.4575602530592414,24
2019-01-20,1.4791666666666667,3.2,6.8,0.9678071364445092,-0.2516929610598574,24
2019-01-21,2.029166666666667,3.8,8.5,0.7667777483899453,-0.641912676751321,24
2019-01-22,2.4833333333333334,4.1,8.5,0.9146720095952054,-0.4041968763648085,24
2019-01-23,2.575,4.0,8.3,0.9884404364423924,-0.1516097081508059,24
2019-01-24,2.333333333333333,3.6,7.5,0.9946138975246508,-0.1036493842279023,24
2019-01-25,2.2333333333333334,4.8,11.0,-0.4735693880774176,0.8807565127071046,24
2019-01-26,1.9541666666666664,3.4,7.6,0.999954831957722,-0.0095044223603407,24
2019-01-27,2.425,3.9,8.3,0.956301076545954,-0.2923837392828971,24
2019-01-28,3.079166666666667,5.4,11.3,0.9808539397742134,-0.1947448300453793,24
2019-01-29,2.8375,4.7,9.4,0.9597651616275912,-0.2808039076045126,24
2019-01-30,2.6958333333333333,4.4,8.5,0.9417027603520328,-0.3364460003408592,24
2019-01-31,2.829166666666667,4.3,9.9,0.9703297164772596,-0.2417855275262782,24
2019-02-01,2.1708333333333334,4.1,9.0,0.96450217844141,-0.2640748904795273,24
2019-02-02,1.9708333333333328,3.0,8.1,0.985953647258186,-0.1670191769177432,24
2019-02-03,2.2333333333333334,3.8,8.4,0.5666807248019673,-0.8239374710121619,24
2019-02-04,2.395833333333333,3.8,11.2,-0.6912781751808562,-0.7225887381620513,24
2019-02-05,2.1333333333333333,5.3,9.4,0.9252117299987068,-0.3794512546728502,24
2019-02-06,1.5833333333333333,3.4,11.1,0.3044206339243112,0.952537704052244,24
2019-02-07,1.3666666666666665,3.5,6.7,0.8724242958721036,0.488749269024583,24
2019-02-08,1.4333333333333331,4.0,8.2,0.4209857564890227,0.907067248242028,24
2019-02-09,1.8625,7.1,12.1,0.9772812729610448,-0.2119464873963235,24
2019-02-10,1.8333333333333333,4.2,8.1,0.1360498933051146,0.9907019867405472,24
2019-02-11,1.7833333333333332,3.9,8.2,0.8151115945806786,0.5793039688972822,24
2019-02-12,1.3583333333333334,2.9,6.9,0.727348536474977,-0.6862682467429985,24
2019-02-13,1.3916666666666666,2.2,5.6,0.1041704124178151,-0.9945594628661992,24
2019-02-14,1.9166666666666667,3.7,7.5,0.0826196601813592,-0.9965811516136136,24
2019-02-15,2.020833333333333,3.6,8.3,-0.9135585023002192,0.4067073430305636,24
2019-02-16,2.7458333333333336,4.4,13.1,-0.6722993510730378,0.7402793949224657,24
2019-02-17,3.4458333333333333,5.0,10.2,-0.5854466343530991,0.8107109462222826,24
2019-02-18,2.9416666666666664,4.8,11.1,-0.4529452399695731,0.8915383388216717,24
2019-02-19,1.9,3.7,9.0,-0.6475735587577719,0.7620029435624214,24
2019-02-20,1.9666666666666668,4.2,10.8,-0.6180709061304398,0.7861223537052594,24
2019-02-21,1.7833333333333332,3.9,9.0,-0.0554852081894349,0.9984595092802586,24
2019-02-22,2.208333333333333,4.8,12.6,0.9999451363053652,0.0104749405365658,24
2019-02-23,2.2416666666666667,4.3,8.3,0.3757116540036797,0.9267366147109,24
2019-02-24,1.9875,4.5,9.1,-0.1843617743220576,0.9828584517461416,24
2019-02-25,1.3583333333333334,3.2,8.5,-0.951411813819468,-0.3079213544474467,24
2019-02-26,2.220833333333333,3.8,8.4,-0.8149740845820791,0.5794974041871132,24
2019-02-27,1.6041666666666667,3.6,8.5,-0.7926359668432447,0.6096951894729651,24
2019-02-28,1.6208333333333331,4.2,9.7,-0.7981189519439504,0.6024999075086154,24
2019-03-01,2.1375,4.7,11.1,0.1215196300701812,0.99258902850455,24
2019-03-02,2.025,4.5,12.8,-0.7509726141726817,0.660333349727733,24
2019-03-03,1.5625,3.1,10.0,0.6000476169530835,0.799964285070856,24
2019-03-04,1.6,3.9,6.7,0.3449185978120538,0.9386326016516616,24
2019-03-05,2.0,5.7,13.1,0.8246513598669457,-0.5656413480904638,24
2019-03-06,2.1666666666666665,5.1,9.4,0.98979225306558,0.1425177033612416,24
2019-03-07,1.6291666666666669,3.4,7.4,0.8950522628452438,0.4459612615189899,24
2019-03-08,1.7833333333333332,3.3,8.8,0.7445709628345446,-0.6675433179229939,24
2019-03-09,2.470833333333333,5.0,8.8,0.8552131556303924,-0.5182764305240075,24
2019-03-10,1.675,3.8,9.6,0.9963678322812152,-0.0851536422898767,24
2019-03-11,2.066666666666667,4.1,10.3,0.9257283197422546,0.3781892092950062,24
2019-03-12,1.9333333333333331,4.1,9.2,0.9456754479855414,0.32511220690301,24
2019-03-13,1.4041666666666668,3.6,7.7,-0.956802192326222,0.2907396855603569,24
2019-03-14,1.7583333333333335,3.1,6.1,0.6363258253722407,-0.771420406759075,24
2019-03-15,1.5,3.2,6.1,0.9782796264429132,-0.207289586054665,24
2019-03-16,1.7875,3.9,7.8,0.5044601580112594,-0.8634349709035738,24
2019-03-17,1.4791666666666667,4.3,8.2,-0.3219940170491103,0.946741703414705,24
2019-03-18,1.1958333333333333,2.9,5.8,-0.6983264247118024,-0.7157794384789433,24
2019-03-19,1.3458333333333332,2.5,8.5,-0.989811537940164,-0.1423837046874644,24
2019-03-20,1.4958333333333331,3.1,9.5,-0.0346742593089499,-0.9993986670700414,24
2019-03-21,2.0,3.8,11.0,-0.9405286189166316,-0.3397144639234152,24
2019-03-22,1.2541666666666669,3.0,6.9,-0.9616419700192668,0.274307713157074,24
2019-03-23,2.2583333333333333,3.1,7.9,0.9703591612994988,-0.2416673293644247,24
2019-03-24,2.9416666666666664,3.8,7.6,0.9686438953892118,-0.2484532228110828,24
2019-03-25,2.845833333333333,5.0,10.4,0.9520553628343672,-0.3059257852785891,24
2019-03-26,2.9916666666666667,4.1,8.9,0.9999002380614062,0.0141249398137991,24
2019-03-27,2.4541666666666666,3.8,8.9,0.9991410486705836,-0.0414386879793108,24
2019-03-28,3.0875,4.4,9.2,0.9886630939183352,-0.1501508798636399,24
2019-03-29,3.2125,5.4,9.7,0.9571305708247166,-0.2896568148563951,24
2019-03-30,2.6333333333333333,4.1,7.2,0.969276351565346,-0.2459742960070668,24
2019-03-31,1.9083333333333328,3.4,7.0,0.9953877404531428,0.0959335507295895,24
2019-04-01,1.625,3.7,7.6,0.8797088964057725,0.4755126261042265,24
2019-04-02,1.4916666666666665,3.6,7.3,0.6866089943278965,0.7270268832086161,24
2019-04-03,1.3666666666666665,2.6,8.0,-0.6572535394337046,0.7536695462215968,24
2019-04-04,1.7166666666666668,4.4,8.8,-0.6098882359766795,0.7924874381447657,24
2019-04-05,2.058333333333333,3.5,6.9,-0.5407913592492576,0.8411567664599391,24
2019-04-06,1.3166666666666669,3.0,6.1,0.8912460838696464,0.4535200304143346,24
2019-04-07,1.225,3.1,8.0,0.9285424971630276,0.3712261183729518,24
2019-04-08,1.0708333333333333,3.0,9.5,-0.4868252237765593,-0.8734993998251532,24
2019-04-09,1.0791666666666666,2.9,6.5,-0.8819580520387729,-0.4713279054373644,24
2019-04-10,1.1916666666666669,2.9,6.8,0.6719589634672058,-0.7405883819073036,24
2019-04-11,1.5833333333333333,3.4,14.2,-0.5204096677226554,-0.8539167276384714,24
2019-04-12,1.4916666666666665,3.1,9.1,0.9497793937437072,-0.3129202825318867,24
2019-04-13,1.4583333333333333,3.2,7.6,0.7955911339147184,0.6058339274391066,24
2019-04-14,1.3583333333333334,2.9,6.0,0.8086160338436159,0.5883367316520534,24
2019-04-15,1.7583333333333335,3.0,8.8,0.9584330328843776,-0.2853175800332917,24
2019-04-16,1.9208333333333332,3.6,6.3,0.7454093384760437,0.6666070192495027,24
2019-04-17,1.175,3.4,10.5,0.962491669634088,-0.2713112343508568,24
2019-04-18,1.0041666666666669,2.8,9.3,-0.7004832113502794,-0.7136688802353652,24
2019-04-19,1.5333333333333332,5.3,12.3,0.6908854183021432,-0.7229642721306998,24
2019-04-20,1.3375,3.0,6.1,0.7904467344916052,-0.6125307828440607,24
2019-04-21,1.4916666666666665,4.5,9.7,0.309831581617278,0.950791455069163,24
2019-04-22,1.325,2.7,5.7,0.6693366037145183,0.7429592929144327,24
2019-04-23,1.725,4.6,8.6,0.7901606302849505,-0.61289981101946,24
2019-04-24,2.1625,3.7,7.7,0.9212262307929628,-0.389027289144336,24
2019-04-25,2.6666666666666665,4.4,8.7,0.9799957296729328,-0.1990185162813146,24
2019-04-26,2.895833333333333,4.8,9.0,0.9813091929299432,-0.1924376986746189,24
2019-04-27,2.2291666666666665,4.2,8.6,0.9971934211575084,0.0748684232516226,24
2019-04-28,1.6416666666666666,3.1,6.0,0.3792109051571461,0.9253102665646252,24
2019-04-29,1.3,3.2,11.2,-0.9716274386646978,-0.2365166388097863,24
2019-04-30,1.8916666666666664,3.6,6.9,0.8287029626060686,-0.5596886632476353,24
2019-05-01,1.4791666666666667,3.6,6.8,0.9709836693499628,-0.2391458004140607,24
2019-05-02,1.7708333333333333,4.6,9.5,-0.8184173560029223,0.5746242523538193,24
2019-05-03,1.6458333333333333,3.1,6.5,0.8995431223247814,0.4368319712179767,24
2019-05-04,2.470833333333333,3.9,6.9,0.8652260369076583,-0.5013819951464825,24
2019-05-05,2.583333333333333,3.4,7.1,0.9683469699986386,-0.2496079840358794,24
2019-05-06,2.129166666666667,3.2,6.7,0.9228141365707966,-0.3852454663524222,24
2019-05-07,1.5333333333333332,2.6,5.2,0.9199269778226952,-0.392089728855529,24
2019-05-08,1.9458333333333333,2.9,6.4,0.9963925305462344,-0.0848641565778595,24
2019-05-09,2.1708333333333334,3.9,8.7,0.9841113466325472,0.1775524075564009,24
2019-05-10,2.0,3.2,6.5,0.999610847574393,-0.0278954012626403,24
2019-05-11,2.1666666666666665,3.6,7.0,0.998738097652037,-0.0502216317774536,24
2019-05-12,2.2583333333333333,3.1,7.0,0.8817575277863952,-0.4717029385026391,24
2019-05-13,1.8083333333333331,3.3,7.6,0.882928853376561,-0.4695068049295464,24
2019-05-14,1.6666666666666667,3.2,6.7,0.7447173616235453,-0.6673799901828534,24
2019-05-15,1.7916666666666667,3.2,7.3,0.591133379018017,-0.806573820682733,24
2019-05-16,2.225,3.7,8.2,0.9993291229832556,-0.0366238168070601,24
2019-05-17,1.7625,3.4,6.3,0.9807796413302812,-0.1951186694092723,24
2019-05-18,1.6208333333333331,2.8,6.1,0.9689932675049252,-0.2470871253831906,24
2019-05-19,1.6958333333333335,3.1,6.0,0.7666047250146024,-0.6421193001189778,24
2019-05-20,1.925,3.3,6.5,0.8405770439238087,-0.5416920095666091,24
2019-05-21,1.8708333333333331,3.5,7.8,0.9595271425317868,-0.2816161620802043,24
2019-05-22,1.6,3.0,7.5,0.9364296056228604,-0.3508555168627315,24
2019-05-23,1.5625,3.4,6.8,0.9869152117730624,0.1612400842561528,24
2019-05-24,1.4708333333333334,3.0,6.6,-0.7895600254129291,-0.6136733384056494,24
2019-05-25,1.275,3.0,6.1,0.4976895133763112,-0.8673552607065057,24
2019-05-26,1.4375,2.4,5.1,0.7845963406647093,-0.6200069211029401,24
2019-05-27,2.2583333333333333,4.5,8.3,0.8185351981892954,-0.5744563772169398,24
2019-05-28,1.7208333333333332,3.4,7.1,0.9790815969346924,0.2034679988199935,24
2019-05-29,2.0125,3.7,8.0,0.8808135185840512,-0.4734633517808776,24
2019-05-30,1.8166666666666669,3.8,7.8,0.981500280553971,-0.1914606990284849,24
2019-05-31,1.7041666666666666,4.2,7.5,0.5510236826538359,0.8344896051806785,24
2019-06-01,0.9208333333333334,2.0,5.3,0.6851469246126126,-0.7284048954351411,24
2019-06-02,1.8166666666666669,3.7,6.4,0.961765696390109,-0.2738735935559482,24
2019-06-03,1.6416666666666666,3.9,9.1,0.9767476811460704,-0.2143920879504986,24
2019-06-04,2.125,3.2,6.4,0.3842351297766201,-0.9232352706897328,24
2019-06-05,2.8375,4.6,8.0,0.7231395644312021,-0.6907019403145263,24
2019-06-06,2.8208333333333333,4.4,8.4,0.953472769518869,-0.3014791498362996,24
2019-06-07,2.6791666666666667,4.8,8.7,0.9239991368480536,-0.3823945542290731,24
2019-06-08,1.9625,3.5,7.6,0.9090595541624024,-0.4166662057163439,24
2019-06-09,2.216666666666667,4.5,7.6,0.9326228354319336,-0.3608526663763214,24
2019-06-10,2.966666666666667,5.0,9.1,0.9724591342710772,-0.2330734480217494,24
2019-06-11,2.4625,4.3,8.3,0.9445357756451302,-0.3284085390583691,24
2019-06-12,3.0625,5.0,10.3,0.9767790414374647,-0.214249163845527,24
2019-06-13,3.1791666666666667,5.7,10.1,0.9998167494110242,-0.0191433434167915,24
2019-06-14,3.1791666666666667,5.2,9.5,0.9508911468364654,-0.3095254866211046,24
2019-06-15,3.0583333333333336,5.2,9.0,0.966658052354832,-0.2560707125337903,24
2019-06-16,2.8833333333333333,4.3,8.2,0.9619049433532596,-0.2733841252753397,24
2019-06-17,2.5416666666666665,3.7,8.2,0.9338874788321588,-0.3575670243192376,24
2019-06-18,2.1750000000000003,4.0,8.0,0.9506940647237534,0.3101302876196189,24
2019-06-19,1.425,3.5,5.9,0.7762223049542679,-0.6304593034379647,24
2019-06-20,2.095833333333333,3.8,7.5,0.8575385755220012,-0.5144196647599089,24
2019-06-21,3.2375000000000003,6.0,11.3,0.9499398894982156,-0.312432722902256,24
2019-06-22,3.125,5.0,9.9,0.9767193898987484,-0.214520939294551,24
2019-06-23,2.6625,4.5,8.5,0.9964274001411628,-0.0844537521245978,24
2019-06-24,2.279166666666667,3.5,8.2,0.9487749002275172,0.3159528266976966,24
2019-06-25,1.8125,4.2,10.0,0.22113755830745,0.9752426263785948,24
2019-06-26,1.7375,4.5,7.8,0.4208782810305687,0.907117121741594,24
2019-06-27,2.0458333333333334,3.8,8.0,0.9993353964082846,0.0364522356721334,24
2019-06-28,3.1291666666666664,5.6,10.8,0.9978401893040056,-0.0656883293268015,24
2019-06-29,2.7916666666666665,4.0,7.8,0.9963144985230544,-0.0857754045910267,24
2019-06-30,2.379166666666667,3.9,8.2,0.9994739817047528,0.0324308478959098,24
2019-07-01,1.5333333333333332,3.2,7.6,0.9826773166403688,-0.1853248266166304,24
2019-07-02,1.7666666666666666,3.2,8.2,0.7282623253986986,0.6852984644699565,24
2019-07-03,1.8416666666666668,3.9,10.4,-0.57561322394868,0.8177220899641925,24
2019-07-04,2.1375,4.7,8.8,-0.5723004681868015,0.820044007424704,24
2019-07-05,2.1375,3.9,10.1,-0.9652942987423504,0.2611645397359945,24
2019-07-06,2.766666666666667,3.9,8.5,-0.2152250333221083,-0.976564480734118,24
2019-07-07,2.4125,3.5,6.8,0.573940095780162,-0.8188972868778223,24
2019-07-08,2.8083333333333336,4.2,8.5,0.924943771657036,-0.3801039585072177,24
2019-07-09,2.7416666666666667,3.9,8.6,0.917032353384687,-0.398812816802247,24
2019-07-10,2.4916666666666667,4.4,7.9,0.977732199235678,-0.2098564904351651,24
2019-07-11,2.15,3.6,6.7,0.9624100718226783,-0.2716005406001004,24
2019-07-12,1.9,3.6,7.3,0.9475219024950298,-0.3196908573797491,24
2019-07-13,1.95,3.7,6.5,0.9858698799787922,-0.1675129241300564,24
2019-07-14,1.7916666666666667,3.2,6.7,0.998505890238972,-0.0546441868644582,24
2019-07-15,1.2125,2.3,5.7,0.9624014323821176,-0.271631152390238,24
2019-07-16,1.4541666666666666,2.7,9.3,-0.9667628516008984,-0.2556747714666025,24
2019-07-17,1.9666666666666668,3.5,7.3,0.4330759481425177,-0.9013574336191272,24
2019-07-18,3.0,5.3,9.6,0.926952547805443,-0.3751785896303224,24
2019-07-19,3.641666666666667,4.6,8.9,0.9898112416920802,-0.1423857641057638,24
2019-07-20,3.483333333333333,4.8,9.7,0.994610153116916,-0.1036853090690507,24
2019-07-21,3.1166666666666667,5.0,9.4,0.950383013871256,0.3110821868011539,24
2019-07-22,3.583333333333333,5.0,9.8,0.9939426187991404,0.1099002754077843,24
2019-07-23,3.7375,5.3,10.0,0.98059051749398,0.1960669197006178,24
2019-07-24,2.983333333333333,4.6,8.5,0.992863633624586,-0.1192552096379181,24
2019-07-25,2.4625,4.1,8.5,0.9823221099887408,-0.1871984835068611,24
2019-07-26,2.833333333333333,4.9,9.2,0.9692758506755392,-0.2459762697847289,24
2019-07-27,3.1291666666666664,6.2,10.9,0.9723451263239492,-0.2335486144554556,24
2019-07-28,3.029166666666667,5.0,10.9,0.9994100130119888,-0.0343456822814231,24
2019-07-29,2.029166666666667,4.5,7.5,0.9997239652231718,-0.0234945389071287,24
2019-07-30,2.4541666666666666,3.9,6.8,0.9546267821555126,-0.2978048132441978,24
2019-07-31,1.6916666666666669,2.9,7.0,0.9337169755982409,-0.3580120242110228,24
2019-08-01,2.504166666666667,4.2,8.2,0.9888749766037512,0.1487490525917063,24
2019-08-02,1.5375,2.9,6.8,0.6255440849349402,-0.7801888218905141,24
2019-08-03,1.4875,3.2,6.3,-0.1628440889674465,-0.986651814313622,24
2019-08-04,2.6041666666666665,4.6,8.8,0.692741118107117,-0.7211863443547037,24
2019-08-05,4.1125,6.6,12.3,0.9390897795536592,-0.3436719161320282,24
2019-08-06,4.329166666666667,5.9,12.3,0.9999763641780728,-0.0068753970941387,24
2019-08-07,3.5416666666666665,5.3,10.5,0.9743663423253012,-0.2249671774806577,24
2019-08-08,2.891666666666667,5.0,9.0,0.9722990410357688,-0.2337404004465726,24
2019-08-09,2.408333333333333,4.1,9.9,0.9978428801480036,0.0656474412139341,24
2019-08-10,1.9916666666666665,3.5,8.5,0.9990012833565972,0.0446814933934838,24
2019-08-11,2.4791666666666665,4.4,9.3,0.9982909406335382,-0.0584396941214249,24
2019-08-12,2.6083333333333334,4.1,8.4,0.997244379753217,-0.0741865692064365,24
2019-08-13,2.4541666666666666,4.0,10.8,0.9254639232951608,-0.3788357515852066,24
2019-08-14,3.083333333333333,6.4,11.7,0.9524214896868392,-0.3047840317055699,24
2019-08-15,4.120833333333334,6.0,12.3,0.9855704095299976,-0.1692659678106401,24
2019-08-16,3.891666666666667,5.5,10.8,0.989429264176728,-0.1450163135329912,24
2019-08-17,3.0,4.2,9.6,0.97892253899966,-0.2042318844805074,24
2019-08-18,2.2,3.4,6.9,0.8716037092042237,-0.4902111525673798,24
2019-08-19,1.5125,2.9,6.5,0.9978065305613116,-0.0661976402086836,24
2019-08-20,1.8083333333333331,3.7,7.5,0.9384884837502776,0.3453105354142919,24
2019-08-21,1.9333333333333331,3.3,7.7,0.8517685802210626,-0.5239182052078314,24
2019-08-22,2.020833333333333,4.1,7.8,0.8663016882826028,-0.4995211555867401,24
2019-08-23,1.8041666666666665,3.0,6.9,0.8012039054887095,-0.5983914286064257,24
2019-08-24,2.4,4.8,8.4,0.7355616756312436,-0.6774577635119086,24
2019-08-25,3.0,4.4,8.8,0.9801583765690928,-0.1982159348827439,24
2019-08-26,3.295833333333333,4.9,9.0,0.9847001324558824,-0.1742574220553247,24
2019-08-27,3.25,5.2,9.9,0.9999741886723232,-0.0071848444053357,24
2019-08-28,2.8125,4.4,8.8,0.9763405267451096,-0.2162387010576092,24
2019-08-29,2.8666666666666667,4.0,7.3,0.9934897798764974,-0.1139212766824035,24
2019-08-30,2.404166666666667,3.9,7.5,0.986197391229703,-0.1655738672971317,24
2019-08-31,2.1666666666666665,3.6,8.3,0.9996418978746616,-0.0267595966625878,24
2019-09-01,2.058333333333333,3.5,7.1,0.7985679767605961,0.6019046323899561,24
2019-09-02,1.4833333333333334,3.1,6.8,0.8001975359910901,0.5997365283137156,24
2019-09-03,2.770833333333333,3.9,7.9,0.983622736561246,0.1802395964258847,24
2019-09-04,3.233333333333333,5.3,8.9,0.9977089173759564,-0.0676529096824157,24
2019-09-05,3.3875,6.4,11.8,0.9999804359591096,0.0062552137476621,24
2019-09-06,4.182608695652174,5.6,11.3,0.9903889140068064,0.1383105166370891,23
2019-09-07,3.9478260869565216,5.3,10.1,0.989451210245754,0.1448664990369169,23
2019-09-08,3.529166666666667,5.3,11.7,0.9998771783715384,-0.0156725292078526,24
2019-09-09,2.716666666666667,4.1,9.3,0.988100166972068,0.1538117681771181,24
2019-09-10,2.3625,3.4,9.8,0.9998093093129818,0.0195280570231142,24
2019-09-11,2.4375,4.0,7.6,0.9903376196502977,0.138677320082927,24
2019-09-12,2.2291666666666665,4.0,8.3,0.9905452353800568,0.1371865032204972,24
2019-09-13,2.7541666666666664,5.0,9.6,0.9980330128563378,-0.0626905515121776,24
2019-09-14,3.0083333333333333,5.2,10.0,0.9985336133772984,-0.0541352284162202,24
2019-09-15,3.341666666666667,5.0,10.1,0.9997330131629668,0.0231063279664908,24
2019-09-16,3.475,5.1,10.6,0.9814390452581816,0.1917743477181165,24
2019-09-17,2.125,4.4,8.4,0.9898581393291048,0.1420593678851293,24
2019-09-18,2.095833333333333,3.4,7.0,0.6130023374318035,0.7900810934980949,24
2019-09-19,2.0782608695652174,4.1,9.5,0.3636039052140545,0.9315536485426316,23
2019-09-20,1.818181818181818,3.0,7.7,0.178353230777666,0.9839665263977068,11
2019-09-21,1.7916666666666667,3.5,7.9,0.7484277806427996,0.6632162974189444,24
2019-09-22,2.408333333333333,4.0,8.5,0.998592917659302,0.0530300367780592,24
2019-09-23,4.25,6.4,11.8,0.9988126104665904,0.0487172369179028,24
2019-09-24,3.8375,5.6,10.6,0.9981241118631028,0.0612230129730044,24
2019-09-25,2.4625,4.3,8.0,0.8429784431974714,0.5379473434309044,24
2019-09-26,2.2875,4.2,9.6,0.2471893636345743,-0.9689671916561128,24
2019-09-27,1.8291666666666664,3.5,7.0,0.4371350598264233,-0.8993958747240001,24
2019-09-28,1.8708333333333331,3.7,7.3,0.8251092779790877,-0.5649731669670945,24
2019-09-29,1.8416666666666668,3.4,8.2,0.2211026479129316,-0.97525054169987,24
2019-09-30,2.2875,4.2,8.5,-0.1503193233684344,0.9886374972769626,24
2019-10-01,2.529166666666667,4.4,8.8,0.9371212218964872,0.3490040336031016,24
2019-10-02,2.275,3.6,7.6,0.9327117731187848,-0.3606227229191368,24
2019-10-03,1.7125,3.4,7.9,0.8270548160696898,-0.5621212780316466,24
2019-10-04,2.370833333333333,5.1,9.0,0.9960834812574746,0.0884177491569998,24
2019-10-05,2.1375,4.0,10.4,0.1797083425060693,0.9837199355679042,24
2019-10-06,2.15,4.2,7.6,-0.4762832102035977,0.8792919331360635,24
2019-10-07,1.7,3.3,8.0,-0.814137386813586,0.5806722960434272,24
2019-10-08,2.120833333333333,4.0,9.8,0.518593082934301,-0.8550211777100596,24
2019-10-09,2.7583333333333333,4.7,9.1,0.9136417488091212,-0.4065203006407069,24
2019-10-10,2.525,4.8,8.8,0.987090113749303,-0.1601658744501713,24
2019-10-11,3.329166666666667,5.3,12.5,0.926833369526018,-0.3754729086539373,24
2019-10-12,2.654166666666667,4.7,9.7,0.9822404517125948,-0.1876264773944161,24
2019-10-13,2.6083333333333334,4.2,8.2,0.9672555627375188,-0.2538044057011733,24
2019-10-14,2.5166666666666666,5.1,8.6,0.9495287310974364,-0.3136800739933801,24
2019-10-15,2.3666666666666667,4.3,8.1,0.9433079366725428,-0.3319188705249972,24
2019-10-16,2.9166666666666665,4.5,9.3,0.9845874422516828,-0.1748930203303975,24
2019-10-17,2.5791666666666666,3.7,9.9,0.9937929690186684,0.1112453807088619,24
2019-10-18,1.9875,3.6,9.4,0.9837207525511136,0.1797038702985302,24
2019-10-19,1.6458333333333333,3.7,7.0,0.9996667142982684,-0.0258158928589382,24
2019-10-20,1.9041666666666668,5.5,9.2,0.9976370536131536,-0.0687045068249973,24
2019-10-21,2.2291666666666665,4.0,8.1,-0.9988018873021292,-0.0489365908263437,24
2019-10-22,2.1333333333333333,3.6,11.1,-0.9988473034715832,0.0480006702822678,24
2019-10-23,1.7541666666666669,3.7,6.8,0.995261562825234,0.0972338498809589,24
2019-10-24,1.8166666666666669,3.0,6.1,0.9672281688723142,0.2539087815336638,24
2019-10-25,1.9,3.4,6.8,0.7459287866562174,0.6660257091416091,24
2019-10-26,2.395833333333333,5.5,12.2,0.3417721879069003,0.9397828321337492,24
2019-10-27,1.8083333333333331,3.4,8.8,0.8626937750929975,0.505726655828811,24
2019-10-28,2.1,3.8,9.4,0.9655844773211124,-0.2600896329277933,24
2019-10-29,2.3666666666666667,3.8,8.8,0.9360279974018636,-0.3519255433750964,24
2019-10-30,2.3875,3.9,8.0,0.5799355125363228,-0.8146623848559797,24
2019-10-31,2.208333333333333,4.4,8.0,0.961439523760316,-0.275016439784128,24
2019-11-01,1.7875,3.7,7.5,0.9389171013890903,-0.3441433955767694,24
2019-11-02,2.6958333333333333,4.5,8.9,0.919106218308855,-0.3940098469150173,24
2019-11-03,3.079166666666667,4.6,10.0,-0.2889714781719696,0.9573377067697204,24
2019-11-04,1.7541666666666669,4.3,17.8,0.3844012122869729,0.9231661323902136,24
2019-11-05,1.4041666666666668,2.9,5.6,-0.7099112202211063,0.7042911751571077,24
2019-11-06,2.25,4.5,8.6,-0.9749953399770552,0.2222253068915124,24
2019-11-07,1.6916666666666669,4.1,18.9,0.3125260719483079,-0.9499091821603584,24
2019-11-08,1.6291666666666669,4.0,9.5,-0.251893798409639,-0.9677548833887454,24
2019-11-09,2.9125,4.5,9.1,0.9919210085362664,-0.1268570566598326,24
2019-11-10,1.7125,3.3,7.4,-0.5694093944640295,-0.822054098886507,24
2019-11-11,1.6416666666666666,3.5,6.7,-0.6313174746188832,-0.7755244975117394,24
2019-11-12,2.395833333333333,4.7,9.6,0.9535631032655392,-0.3011933068489313,24
2019-11-13,3.0083333333333333,4.8,10.1,0.9005207944758042,0.4348129468135306,24
2019-11-14,1.8458333333333328,3.3,8.8,-0.9373263797926698,-0.3484526621289724,24
2019-11-15,2.308333333333333,4.1,10.2,-0.9929720572700966,0.118349032445525,24
2019-11-16,1.9708333333333328,4.6,8.8,-0.4093231556850776,-0.912389475070822,24
2019-11-17,1.8958333333333333,3.2,13.5,-0.5206333423885506,0.853780371520291,24
2019-11-18,2.2041666666666666,4.0,10.6,0.7981478550376013,0.6024616182786054,24
2019-11-19,1.8833333333333333,3.9,10.3,0.9265224600345512,-0.3762394597214963,24
2019-11-20,1.95,3.8,9.6,-0.0843946016697507,0.9964324117615826,24
2019-11-21,2.4125,4.1,8.5,0.9820287297931176,-0.188731486140803,24
2019-11-22,1.4583333333333333,5.9,13.3,0.4899507270821241,0.8717501276350339,24
2019-11-23,1.725,7.3,16.1,-0.9852042308733134,-0.1713844318172538,24
2019-11-24,1.6375,3.7,8.9,-0.9486769785862694,0.3162467237781713,24
2019-11-25,1.2791666666666666,3.0,6.8,0.6818190549475538,-0.7315208652597852,24
2019-11-26,1.9958333333333331,3.9,9.1,0.541508761854063,0.8406951057519483,24
2019-11-27,2.5458333333333334,4.9,10.1,0.3132909906556257,0.9496571777088912,24
2019-11-28,2.4125,5.5,16.6,-0.339940525870512,0.9404469357017864,24
2019-11-29,2.625,5.0,11.6,-0.8398450454458642,0.5428262149528469,24
2019-11-30,1.0791666666666666,2.5,10.4,0.271088065195026,0.962554549575668,24
2019-12-01,1.4208333333333334,3.8,8.5,-0.836815161569862,0.5474855115588045,24
2019-12-02,2.1125000000000003,3.9,7.9,-0.9608496535426072,0.2770702858248279,24
2019-12-03,1.6583333333333332,2.9,9.2,-0.8193123661414516,0.5733474048844173,24
2019-12-04,1.5083333333333335,4.1,7.8,-0.4021963993680504,0.9155534153370712,24
2019-12-05,2.2916666666666665,4.6,10.2,-0.4827644971806022,0.875750215679083,24
2019-12-06,2.0375,4.7,11.5,-0.9838046090940068,0.1792442220139568,24
2019-12-07,1.75,4.0,8.3,-0.9297263232611436,0.3682512238069487,24
2019-12-08,1.5416666666666667,2.4,7.2,-0.2119072054725658,-0.9772897913458464,24
2019-12-09,2.183333333333333,3.3,6.6,0.7047570556381992,0.7094487243826549,24
2019-12-10,1.7125,3.0,7.8,0.5586385511932987,0.8294112183474805,24
2019-12-11,1.5291666666666668,3.6,7.9,-0.7816838704595903,-0.6236748565264711,24
2019-12-12,1.5041666666666669,3.2,6.9,-0.9268110842608998,-0.3755279138641165,24
2019-12-13,2.0500000000000003,4.0,8.4,0.6049832652515585,-0.7962381859503865,24
2019-12-14,2.9916666666666667,4.9,17.5,0.918707338262916,-0.3949390163327342,24
2019-12-15,3.1750000000000003,4.8,10.5,0.9890482054528148,-0.1475928429517057,24
2019-12-16,2.8083333333333336,4.5,8.8,0.9997831821121704,-0.0208227943769026,24
2019-12-17,1.6625,3.7,7.6,0.996530943985764,0.0832230597781764,24
2019-12-18,1.9583333333333333,4.0,8.1,0.2555214538786104,-0.9668033857035054,24
2019-12-19,1.85,3.2,7.9,0.6020192996134139,-0.7984815357245116,24
2019-12-20,2.625,4.7,10.0,0.9974574721143844,-0.0712642359334785,24
2019-12-21,1.7291666666666667,3.4,7.2,0.9598203072753544,-0.2806153554990246,24
2019-12-22,1.9416666666666669,3.3,6.8,0.5720787214964376,-0.8201987176355505,24
2019-12-23,2.270833333333333,3.7,11.8,0.5821554900661853,-0.8130774780952917,24
2019-12-24,1.9208333333333332,3.5,7.1,0.9875236997402076,-0.1574704494545309,24
2019-12-25,1.8291666666666664,3.5,7.1,0.8966064915249687,-0.4428281826569828,24
2019-12-26,1.6833333333333331,2.9,7.6,0.9660551256091874,0.2583360104286995,24
2019-12-27,2.825,4.6,9.7,0.9720377278520316,-0.2348247338596597,24
2019-12-28,3.0583333333333336,4.2,8.9,0.95104186083927,-0.3090620955914498,24
2019-12-29,2.525,4.7,7.8,0.8714790426942862,-0.4904327457915616,24
2019-12-30,2.216666666666667,3.9,8.1,0.9684833495641942,-0.2490783041874957,24
2019-12-31,1.5625,2.8,9.5,-0.9251472675234436,0.3796083947885051,24
2020-01-01,1.5166666666666666,2.7,8.9,-0.481089480868158,0.8766714957143332,24
2020-01-02,2.783333333333333,3.7,8.0,-0.6610425343472837,0.7503484309197429,24
2020-01-03,2.625,4.0,10.8,-0.7024835940627809,0.71169993682214,24
2020-01-04,3.4375,6.2,13.0,-0.5626971837177013,0.8266630991136398,24
2020-01-05,2.1333333333333333,3.5,9.0,-0.5449282603927178,0.8384826718694707,24
2020-01-06,3.758333333333333,5.4,12.9,-0.6795141933954862,0.7336623616992232,24
2020-01-07,2.8875,4.4,8.4,-0.5248614424949511,0.8511876797640572,24
2020-01-08,1.7958333333333334,3.2,6.4,-0.6782876532133378,0.7347964748815435,24
2020-01-09,1.5416666666666667,5.8,12.6,-0.8431032556141766,0.5377517088515633,24
2020-01-10,1.925,3.2,7.0,0.6799083858330534,-0.7332970659111435,24
2020-01-11,1.8541666666666667,3.9,8.2,0.9151651887450488,0.403078996363292,24
2020-01-12,1.3208333333333333,2.9,6.7,0.9870939374995554,0.1601423071883999,24
2020-01-13,1.6958333333333335,3.5,8.0,0.8796193663488233,0.4756782214313521,24
2020-01-14,1.9541666666666664,3.4,8.1,0.4525871354754987,-0.8917201830182395,24
2020-01-15,2.033333333333333,3.8,7.5,0.9849432063108734,-0.1728782240250519,24
2020-01-16,1.9833333333333332,3.5,7.7,0.9974073634142168,0.0719621526019109,24
2020-01-17,1.9875,4.0,9.4,0.8486221136624702,-0.528999535163351,24
2020-01-18,2.0875,4.8,8.8,0.7433532615398449,-0.6688990421267433,24
2020-01-19,1.8041666666666665,3.8,9.3,0.9173243189255612,-0.3981407965880355,24
2020-01-20,1.7916666666666667,3.5,7.3,-0.8716850837830623,0.4900664390775149,24
2020-01-21,2.583333333333333,4.6,12.3,-0.8151374088533951,0.5792676451242317,24
2020-01-22,2.9875000000000003,4.5,9.2,-0.5789006368365774,0.8153980945956429,24
2020-01-23,3.5708333333333333,5.5,10.7,-0.5851248261775602,0.8109432395616107,24
2020-01-24,4.3375,6.1,15.3,-0.5718503488527239,0.8203579575508597,24
2020-01-25,4.091666666666667,5.5,12.6,-0.5904119282971468,0.8071020721844572,24
2020-01-26,2.495833333333333,3.9,9.4,-0.6457868099014502,0.7635177772372482,24
2020-01-27,2.3916666666666666,5.5,11.6,-0.4452798676127824,0.8953914448433953,24
2020-01-28,3.283333333333333,5.7,11.1,-0.5322648301705002,0.846577905785149,24
2020-01-29,1.9041666666666668,4.2,8.1,-0.1481741341392198,0.9889612863869306,24
2020-01-30,1.4833333333333334,2.8,6.7,-0.8210603448584725,-0.5708414053840928,24
2020-01-31,1.8416666666666668,3.5,7.3,0.9806104869736992,-0.1959670197691556,24
2020-02-01,1.4833333333333334,3.1,6.9,0.8950893620979915,0.4458867948919441,24
2020-02-02,2.0125,4.0,7.5,0.8834808841931633,-0.4684672104483584,24
2020-02-03,2.091666666666667,3.6,10.1,0.8715656875623695,-0.4902787495536945,24
2020-02-04,2.1583333333333337,6.4,13.4,-0.6269643225485083,0.7790479691593388,24
2020-02-05,1.7375,3.0,7.1,-0.4146742529140862,0.909969924761332,24
2020-02-06,1.7875,3.8,7.1,-0.079532210953948,0.996832296537776,24
2020-02-07,3.5625,5.9,12.4,0.1358740930316028,0.9907261129307328,24
2020-02-08,3.108333333333333,5.3,10.0,0.4310947393282426,0.9023066694442166,24
2020-02-09,4.158333333333333,6.8,12.0,-0.0680254922100097,0.997683583311656,24
2020-02-10,2.825,5.3,10.6,-0.3603199755055175,0.9328287705960312,24
2020-02-11,1.1666666666666667,3.4,10.0,-0.4788876306621794,-0.8778762083567159,24
2020-02-12,1.8208333333333333,3.9,8.3,0.997310436715093,0.0732931976321846,24
2020-02-13,1.9458333333333333,4.5,8.3,-0.0408060201533044,0.9991670874879978,24
2020-02-14,1.2916666666666667,2.1,4.6,-0.3814050447825138,0.9244080223659078,24
2020-02-15,1.6833333333333331,3.6,8.3,0.1042236222262978,0.9945538882182452,24
2020-02-16,1.6125,3.3,9.5,0.2840472602357159,0.9588102804791904,24
2020-02-17,2.25,4.2,9.3,0.9114130774772996,0.4114926514572991,24
2020-02-18,1.9125,4.0,7.7,0.9640145328175976,0.2658495448867061,24
2020-02-19,1.8375,4.3,8.8,0.9398631204520552,0.3415513355472718,24
2020-02-20,1.9708333333333328,4.1,8.8,0.0957426291543973,0.9954061226266412,24
2020-02-21,1.9666666666666668,4.7,10.9,-0.59345683506412,0.8048658179570541,24
2020-02-22,1.2416666666666667,2.4,10.7,-0.9874722932410964,0.1577924905728093,24
2020-02-23,1.4875,3.8,6.5,-0.1882846180272656,-0.98211450585679,24
2020-02-24,1.2958333333333334,3.0,8.3,-0.1357783267178704,0.9907392421791392,24
2020-02-25,1.5958333333333332,3.6,8.1,0.9864998206597771,-0.1637623394991273,24
2020-02-26,1.575,5.2,12.9,-0.2681784338303589,0.9633692581914248,24
2020-02-27,2.1125000000000003,4.7,10.4,-0.5354312892372362,0.8445787911768512,24
2020-02-28,1.4541666666666666,4.7,10.2,-0.7642294702941936,0.6449444291827445,24
2020-02-29,1.35,3.2,6.3,0.4235836935090542,-0.9058569724814328,24
2020-03-01,1.3833333333333335,3.3,9.0,-0.3884975477357766,0.921449757394991,24
2020-03-02,1.7541666666666669,3.8,7.5,-0.7429958174913001,0.669296059446367,24
2020-03-03,1.9625,4.3,7.6,0.0810584329558625,0.9967093510380748,24
2020-03-04,2.0,3.5,8.0,-0.7240690334983116,0.6897275075918177,24
2020-03-05,1.5208333333333333,3.4,7.6,-0.4754202841978704,0.87975880408963,24
2020-03-06,2.095833333333333,3.3,7.8,-0.0639783791517493,0.9979512848837436,24
2020-03-07,1.6458333333333333,3.5,6.5,-0.5270166215454503,0.8498549762252497,24
2020-03-08,1.55,3.0,7.8,0.9995743581577484,-0.0291736612979058,24
2020-03-09,1.7791666666666668,3.0,10.8,0.9188971667961204,-0.3944971442913915,24
2020-03-10,2.7583333333333333,4.1,8.4,0.9905980625876164,-0.1368045262323615,24
2020-03-11,2.4916666666666667,3.4,8.2,0.9728498709926572,0.2314370940656878,24
2020-03-12,2.1083333333333334,5.0,9.2,0.8204881953025024,0.5716634686327637,24
2020-03-13,2.6416666666666666,4.6,9.2,0.988656948662312,-0.1501913375056189,24
2020-03-14,2.9333333333333336,3.9,8.2,0.981109594590274,0.1934527420402928,24
2020-03-15,2.9916666666666667,4.6,9.3,0.9909092522204104,0.1345319808223586,24
2020-03-16,1.5625,3.4,8.5,0.8637658034215866,0.5038934776710857,24
2020-03-17,1.4208333333333334,3.8,6.9,0.9498535740573358,0.3126950396960355,24
2020-03-18,1.1708333333333334,2.2,6.7,0.5719300448486919,0.820302397777413,24
2020-03-19,1.5125,3.1,7.3,-0.689426892908368,0.7243552714895596,24
2020-03-20,2.5791666666666666,4.1,9.9,-0.908720336954116,0.4174054973356218,24
2020-03-21,2.920833333333333,4.4,8.9,-0.5859617302252444,0.8103387259112314,24
2020-03-22,2.1416666666666666,3.6,10.4,-0.823880033084995,0.5667642288322962,24
2020-03-23,1.2125,2.8,6.0,0.8164859857648292,-0.577365252721044,24
2020-03-24,2.466666666666667,4.4,7.9,0.9963855434300076,0.0849461526126333,24
2020-03-25,2.6166666666666667,4.7,9.9,0.8651622562446967,0.5014920441737695,24
2020-03-26,2.3583333333333334,3.6,7.4,0.9999632252375352,0.0085760231195242,24
2020-03-27,2.4916666666666667,3.8,7.3,0.9535797577579216,0.3011405744736897,24
2020-03-28,2.158333333333333,3.3,10.4,0.9309245724224146,0.3652115009965384,24
2020-03-29,2.6375,4.1,9.3,0.9776799949801214,-0.2100995654818681,24
2020-03-30,2.733333333333333,3.9,7.7,0.9987201163862802,-0.0505779509803905,24
2020-03-31,2.2333333333333334,3.5,7.8,0.9997537660363488,0.0221902522774675,24
2020-04-01,1.8458333333333332,3.1,6.6,0.9633067032581344,0.2684030466629325,24
2020-04-02,1.8666666666666665,3.0,7.8,0.0994854850072833,0.9950390134426216,24
2020-04-03,2.0541666666666667,3.8,8.6,-0.8733043924628457,0.4871749563607513,24
2020-04-04,1.9333333333333331,3.3,7.2,-0.9576707721706148,0.2878657536598241,24
2020-04-05,1.5083333333333335,4.1,8.5,0.7680562295142387,-0.6403824078660899,24
2020-04-06,1.4958333333333331,3.9,8.0,0.7982428869916068,0.6023356982342196,24
2020-04-07,1.2,2.7,9.5,0.3654558801243009,0.930828662903422,24
2020-04-08,1.4583333333333333,3.4,7.8,-0.9825245265756491,-0.1861331638298142,24
2020-04-09,1.4583333333333333,3.6,9.3,-0.1666935507274899,-0.9860087525706156,24
2020-04-10,1.4875,2.6,8.6,0.1404151952776756,-0.9900927092626892,24
2020-04-11,1.3041666666666667,2.7,6.8,0.3168946582711996,0.9484607401253778,24
2020-04-12,1.3833333333333335,3.0,6.4,-0.3017400026785735,0.9533902510428428,24
2020-04-13,1.9375,3.4,7.4,0.8732269827665017,-0.4873136942140161,24
2020-04-14,2.325,4.0,9.5,0.8136630974341306,0.5813367043924688,24
2020-04-15,1.85,3.3,6.6,0.9677196836915916,-0.2520289939587229,24
2020-04-16,2.4541666666666666,3.4,7.6,0.972886484443293,-0.2312831346803531,24
2020-04-17,2.8000000000000003,3.9,7.3,0.9328705065580232,-0.3602119070688493,24
2020-04-18,2.0125,3.4,7.3,0.9339990250574646,-0.3572755535881314,24
2020-04-19,2.720833333333333,4.3,7.5,0.9818774024457462,-0.189517193326606,24
2020-04-20,2.654166666666667,3.7,7.2,0.9913768336454716,-0.1310418776997607,24
2020-04-21,2.0083333333333333,3.0,6.5,0.988287329131001,-0.1526045709640192,24
2020-04-22,1.5833333333333333,3.0,7.7,0.9956005701711168,-0.0936990110670697,24
2020-04-23,2.075,3.6,7.6,0.996943389241698,-0.0781273233080234,24
2020-04-24,2.4208333333333334,3.6,8.5,0.9897069840467488,0.1431086500847819,24
2020-04-25,3.3000000000000003,4.6,9.9,0.9924970242840148,-0.1222687890975274,24
2020-04-26,2.5875,4.5,8.4,0.9466605414634844,-0.3222325545876187,24
2020-04-27,3.058333333333333,5.0,9.1,0.980517233149574,-0.1964330814723012,24
2020-04-28,2.6916666666666664,3.8,8.2,0.9949252398919648,-0.1006169321034804,24
2020-04-29,1.9375,3.0,6.8,0.9179610272662392,-0.3966705842639592,24
2020-04-30,1.825,3.1,6.8,0.9693247598567126,-0.2457834614629842,24
2020-05-01,1.45,2.7,5.9,0.8534002481713426,-0.5212561907748348,24
2020-05-02,1.2875,2.6,5.3,0.761148972053376,-0.6485770905159148,24
2020-05-03,1.225,2.8,5.4,0.8714840961146088,-0.4904237659609324,24
2020-05-04,1.3708333333333331,2.6,6.3,0.9162644318001464,-0.4005739519963264,24
2020-05-05,1.6916666666666669,2.6,7.2,0.742263557764311,0.6701080590584382,24
2020-05-06,1.3083333333333331,3.1,7.0,0.5660167837661738,0.8243937169186799,24
2020-05-07,1.45,2.8,6.3,0.1639702993534793,-0.9864652760892958,24
2020-05-08,2.4625,3.4,6.6,0.6852026233197288,-0.7283525005076608,24
2020-05-09,2.9333333333333336,3.8,7.5,0.9771760991264048,-0.2124308623908082,24
2020-05-10,2.495833333333333,3.5,6.8,0.994250002738059,-0.1070837618659787,24
2020-05-11,2.3916666666666666,4.6,8.7,0.9175682537851338,-0.3975782937305558,24
2020-05-12,2.3375,3.7,7.4,0.9633389619583532,0.2682872422852093,24
2020-05-13,1.9958333333333331,4.2,8.3,0.5839992613816353,0.8117541885975732,24
2020-05-14,1.1416666666666666,2.7,5.9,0.4843043735360721,0.8748995792511463,24
2020-05-15,1.1875,2.2,5.1,0.3164215237105671,-0.9486186901662242,24
2020-05-16,1.2083333333333333,3.9,8.0,0.3656799918266386,-0.9307406424872988,24
2020-05-17,2.0125,3.9,7.4,0.7061074321278968,-0.708104719864052,24
2020-05-18,2.591666666666667,4.2,7.5,0.9097562210946752,-0.4151428888702498,24
2020-05-19,2.8375,4.5,8.2,0.9595447845230944,-0.2815560450328289,24
2020-05-20,3.095833333333333,4.5,8.7,0.9901394025635964,-0.1400855577531251,24
2020-05-21,2.6125000000000003,4.1,7.5,0.9989914318520964,0.0449012147508118,24
2020-05-22,2.2875,3.0,6.3,0.8775032335122539,0.4795707196811943,24
2020-05-23,1.6291666666666669,3.5,7.0,0.2311576043676821,0.972916318057722,24
2020-05-24,1.7791666666666668,2.9,6.6,0.1434000951998286,-0.9896647981496968,24
2020-05-25,1.7291666666666667,3.7,8.8,-0.8870830283466223,-0.4616099011279823,24
2020-05-26,1.7125,3.7,7.9,-0.98592244096641,-0.1672032906339937,24
2020-05-27,1.5125,3.5,7.6,0.3503315282086645,-0.9366257632282926,24
2020-05-28,1.4708333333333334,2.7,5.5,0.9159561591486244,-0.4012783504223716,24
2020-05-29,2.404166666666667,3.7,7.1,0.9615811419185998,-0.2745208689817984,24
2020-05-30,2.1750000000000003,3.2,7.0,0.9717044500140656,-0.2362000461957249,24
2020-05-31,1.6416666666666666,2.5,7.3,0.9677179691158272,-0.2520355773503784,24
2020-06-01,1.5458333333333334,3.2,5.8,0.9721932842573104,0.2341798839460483,24
2020-06-02,1.6041666666666667,4.0,8.6,-0.2025231833927666,0.9792774684370408,24
2020-06-03,1.6833333333333331,3.8,6.8,0.7842298306096315,0.6204704447288273,24
2020-06-04,2.6375,5.4,8.6,0.9683151713578706,-0.2497313134514328,24
2020-06-05,2.395833333333333,3.1,6.9,0.9935935610955764,-0.1130125450974854,24
2020-06-06,1.7125,3.1,6.1,0.9550674390689357,-0.2963885740549138,24
2020-06-07,2.2375000000000003,3.4,6.2,0.9878204800774704,-0.1555978763978359,24
2020-06-08,2.0625,3.3,6.7,0.9256902315713076,-0.3782824277883644,24
2020-06-09,2.145833333333333,4.4,7.8,0.9974905234583844,-0.0708001102451008,24
2020-06-10,1.6416666666666666,3.5,9.8,0.8793666633419062,0.476145220917865,24
2020-06-11,1.375,2.8,5.7,0.997872667021333,-0.0651931009519543,24
2020-06-12,1.6583333333333332,3.1,7.4,0.9937634573700628,0.1115087027809919,24
2020-06-13,1.6416666666666666,3.0,6.5,0.9019966570176056,-0.4317430146847355,24
2020-06-14,2.525,4.5,9.1,0.9203597948677404,-0.3910726888840626,24
2020-06-15,3.8666666666666663,5.6,10.6,0.9943670326233064,-0.1059915300008448,24
2020-06-16,4.05,5.4,11.1,0.996061787995083,-0.0886617984029095,24
2020-06-17,4.095833333333333,7.1,12.3,0.9934051798260796,-0.1146566556930501,24
2020-06-18,2.9958333333333336,4.0,8.6,0.9987443453186504,0.0500972323988105,24
2020-06-19,2.6375,4.4,7.5,0.9703542900244668,-0.2416868879999756,24
2020-06-20,2.370833333333333,3.9,8.4,0.9435447721277604,-0.3312450195706689,24
2020-06-21,2.8208333333333333,3.9,9.1,0.9999782209557514,0.0065998192528596,24
2020-06-22,2.4541666666666666,3.9,7.6,0.959572405074596,-0.2814618969227546,24
2020-06-23,2.216666666666667,4.1,7.6,0.9957902792414474,0.0916608955238832,24
2020-06-24,2.4166666666666665,4.1,7.2,0.9829005669260366,0.1841371106987291,24
2020-06-25,1.8125,2.9,7.1,0.9753463662274048,0.220679554755299,24
2020-06-26,1.45,2.8,6.4,0.9765539702785204,-0.215272718042159,24
2020-06-27,1.4375,2.7,7.2,0.9741726289440856,0.2258045371912823,24
2020-06-28,1.9916666666666665,3.6,6.6,0.8542562214122168,-0.5198521983973153,24
2020-06-29,2.9958333333333336,4.9,9.3,0.962402318394228,-0.2716280131897571,24
2020-06-30,2.5500000000000003,4.2,9.7,0.3534545027535155,0.9354517168102612,24
2020-07-01,1.55,3.6,7.9,-0.848518531998082,0.5291656648496951,24
2020-07-02,1.2708333333333333,2.9,6.3,0.2356745631520022,0.9718320329579144,24
2020-07-03,1.4291666666666665,3.2,5.5,0.3153533443803158,-0.948974324303956,24
2020-07-04,2.308333333333333,3.9,8.4,0.8177319727270147,-0.5755991841376992,24
2020-07-05,2.5125,4.1,8.4,0.9860725762330056,-0.1663155867656529,24
2020-07-06,2.4125,4.5,9.3,0.9018853134742032,-0.4319755564144089,24
2020-07-07,2.4291666666666667,3.8,8.6,0.9576936908624032,0.2877894968242378,24
2020-07-08,1.5791666666666666,3.4,6.5,0.4459292911593879,0.8950681914167691,24
2020-07-09,1.5583333333333331,3.0,7.7,0.8723921580460846,0.488806631071731,24
2020-07-10,3.158333333333333,5.7,11.0,0.9998098998417482,0.0194977993228352,24
2020-07-11,2.379166666666667,4.1,7.9,0.982282704166646,0.1874051469278833,24
2020-07-12,2.1791666666666667,3.3,7.3,0.99998985168322,-0.0045051670969966,24
2020-07-13,1.7583333333333335,3.5,8.3,0.8177606423796305,-0.5755584520922736,24
2020-07-14,2.0375,4.1,10.3,0.9327866976030268,-0.3604288789412403,24
2020-07-15,2.725,5.4,11.3,0.9994711760909304,0.0325171979637355,24
2020-07-16,3.275,4.4,9.5,0.9997436054689266,0.0226433947099643,24
2020-07-17,2.5,3.4,7.6,0.9651720372479576,-0.2616160134904346,24
2020-07-18,3.295833333333333,5.7,9.8,0.985721955785049,-0.1683811921899178,24
2020-07-19,3.1791666666666667,4.9,9.0,0.9943628571745858,0.106030694950068,24
2020-07-20,3.533333333333333,5.9,12.0,0.9941478632787278,0.1080278942604168,24
2020-07-21,2.704166666666667,4.3,12.5,0.986369679204631,0.164544388982892,24
2020-07-22,2.3833333333333333,3.7,7.9,0.9994020116484592,0.0345777256772747,24
2020-07-23,2.45,4.4,8.5,0.9993503841477194,0.0360390025362213,24
2020-07-24,2.5125,3.7,8.4,0.9798566807196254,0.1997019910995333,24
2020-07-25,2.2583333333333333,3.7,7.7,0.9764532314030776,-0.2157291980295844,24
2020-07-26,2.9875000000000003,4.7,10.3,0.9909502440886028,-0.1342297051354071,24
2020-07-27,3.145833333333333,5.1,10.8,0.9963574661918284,0.0852748471930601,24
2020-07-28,2.6666666666666665,4.6,9.1,0.9780168531817406,0.2085258614476526,24
2020-07-29,2.1333333333333333,3.9,8.1,0.9954832818386584,0.0949370084831738,24
2020-07-30,2.4458333333333333,4.9,9.6,0.9055217225064252,-0.4242999058083757,24
2020-07-31,3.5625,6.7,13.0,0.92633637050101,-0.3766973967085724,24
2020-08-01,3.8375,5.6,11.0,0.9777884720531932,-0.2095941409483624,24
2020-08-02,3.3833333333333333,5.2,10.3,0.9650037337067522,-0.2622361415442727,24
2020-08-03,3.779166666666667,5.4,10.5,0.9976782036790024,-0.0681043457045057,24
2020-08-04,4.070833333333334,5.6,10.3,0.9994708189100574,-0.0325281746684222,24
2020-08-05,4.004166666666666,5.7,13.2,0.9942712384266408,-0.1068864090404109,24
2020-08-06,4.041666666666667,5.7,11.2,0.990109354823973,-0.1402977743588828,24
2020-08-07,3.5666666666666664,5.5,10.3,0.9863835801320736,-0.164461037470379,24
2020-08-08,3.1875,4.6,8.8,0.992334928233058,-0.1235774664277091,24
2020-08-09,2.520833333333333,4.0,8.4,0.9667104346932568,-0.2558728892539703,24
2020-08-10,2.5083333333333333,3.5,8.1,0.9994657152724892,0.0326846140385924,24
2020-08-11,2.45,4.2,7.3,0.9723389655520552,-0.2335742624288021,24
2020-08-12,2.725,4.1,8.0,0.9789590831065929,0.2040566431241557,24
2020-08-13,2.441666666666667,4.4,8.0,0.9784611324023788,0.2064311322883598,24
2020-08-14,2.404166666666667,4.1,7.8,0.9448214528251058,0.3275857479828088,24
2020-08-15,1.7208333333333332,4.4,7.5,0.6382034622200502,0.7698677424144623,24
2020-08-16,1.1166666666666667,2.2,5.5,0.4078617296032271,0.9130437062512748,24
2020-08-17,1.8333333333333333,3.3,6.9,0.8287820028217453,0.5595716145398876,24
2020-08-18,2.154166666666667,3.5,8.0,0.968070933728146,0.2506764194548728,24
2020-08-19,2.2916666666666665,3.2,7.2,0.9417340367409864,0.3363584457740379,24
2020-08-20,1.5125,3.0,7.3,0.6406026678550955,0.7678725297449664,24
2020-08-21,2.345833333333333,4.0,8.6,-0.0025426034147934,-0.9999967675787133,24
2020-08-22,3.079166666666667,4.6,8.6,0.5699184001086638,-0.8217012943993584,24
2020-08-23,3.0041666666666664,3.9,7.3,0.8657070768056897,-0.5005509536186578,24
2020-08-24,3.1166666666666667,4.1,9.8,0.8070037364462099,-0.5905463312576383,24
2020-08-25,2.858333333333333,3.8,8.0,0.8615629933949466,-0.5076506755755764,24
2020-08-26,2.2916666666666665,4.3,8.6,0.9767709739652154,-0.2142859407871745,24
2020-08-27,2.6833333333333336,4.2,8.4,0.9795564185768398,-0.2011696369358824,24
2020-08-28,3.1875,4.7,9.0,0.9976926223339084,-0.067892792993728,24
2020-08-29,2.5416666666666665,4.3,8.5,0.9995554287283642,-0.0298151790143201,24
2020-08-30,2.2375000000000003,4.3,7.4,0.9994692352974162,-0.0325767968652275,24
2020-08-31,3.029166666666667,4.7,9.5,0.9996219819399476,-0.0274935123702087,24
2020-09-01,3.2291666666666665,4.7,9.9,0.9992863262253462,-0.0377735121355028,24
2020-09-02,3.595833333333333,5.0,11.5,0.9999465484575548,0.0103392566378285,24
2020-09-03,3.091666666666667,4.2,8.8,0.9964814629596294,-0.0838134474761463,24
2020-09-04,2.6083333333333334,4.2,8.0,0.998970859148935,-0.0453566155179012,24
2020-09-05,2.9291666666666667,5.3,9.6,0.991778839677948,0.1279637963138921,24
2020-09-06,2.6833333333333336,4.2,7.6,0.9919183919845608,-0.1268775143308037,24
2020-09-07,2.8041666666666667,4.3,9.4,0.9977320152292412,-0.0673114090373785,24
2020-09-08,2.0875,3.5,7.8,0.9970068313068264,-0.0773135067599514,24
2020-09-09,2.7916666666666665,4.2,8.8,0.9975954721100864,-0.0693056565184528,24
2020-09-10,2.4875000000000003,4.0,8.8,0.9929290171356944,0.1187095907243563,24
2020-09-11,3.0375,5.2,10.0,0.9991879770418308,0.0402912712017618,24
2020-09-12,3.295833333333334,5.4,11.5,0.9999992206497464,0.0012484790346658,24
2020-09-13,3.579166666666667,5.4,11.1,0.9888114015388136,0.1491710836149127,24
2020-09-14,2.1375,3.8,8.8,0.9803973878358978,0.1970303578755015,24
2020-09-15,3.033333333333333,5.4,12.9,0.9780419282468528,-0.2084082210258941,24
2020-09-16,2.6083333333333334,5.5,12.4,0.9757828989469864,0.2187412492480907,24
2020-09-17,2.1125000000000003,3.9,7.0,0.9995962307387718,0.0284143536410767,24
2020-09-18,1.3125,2.7,6.8,0.9736545810862134,0.2280279735686614,24
2020-09-19,1.3875,3.7,8.4,0.1983979042742477,0.9801215595932916,24
2020-09-20,1.65,3.6,7.0,0.4723615051174304,0.8814049060920842,24
2020-09-21,2.308333333333333,3.8,9.3,0.8567858275787942,0.5156724208837631,24
2020-09-22,2.3375,3.8,8.8,0.3793474803005236,-0.9252542835294758,24
2020-09-23,2.129166666666667,3.1,6.1,0.773358572669215,-0.6339688620737098,24
2020-09-24,3.1,4.4,9.1,0.9277945194794404,-0.3730915834267962,24
2020-09-25,2.520833333333333,4.1,8.9,0.9650069980854584,-0.2622241286496958,24
2020-09-26,2.475,3.9,7.2,0.9879273356048706,-0.1549179768931338,24
2020-09-27,1.7916666666666667,3.2,8.9,0.8487944463797679,0.5287229783117653,24
2020-09-28,1.7375,3.1,8.0,0.9999987273190558,0.0015954185245465,24
2020-09-29,2.225,4.6,8.9,0.9809613730279894,0.1942029470091577,24
2020-09-30,3.033333333333333,5.1,11.8,0.9819925066165706,0.1889198691215525,24
2020-10-01,3.020833333333333,5.6,10.0,0.9879651340026062,0.1546767403173866,24
2020-10-02,2.533333333333333,4.3,8.6,0.942070034081255,0.3354162352751324,24
2020-10-03,1.9291666666666665,3.1,7.9,0.9162358344064778,-0.4006393587123779,24
2020-10-04,2.125,3.7,7.5,0.9976444567202376,-0.0685969239498532,24
2020-10-05,3.0666666666666664,4.5,11.1,0.9932429257129824,0.1160538259650015,24
2020-10-06,2.4916666666666667,3.6,11.8,0.9425878100144924,0.3339584112012797,24
2020-10-07,2.270833333333333,4.4,9.9,0.806549711770999,0.5911662730925357,24
2020-10-08,1.4791666666666667,4.1,7.7,0.2760338438573969,0.9611479163194968,24
2020-10-09,1.9458333333333333,4.8,12.4,-0.9570001875359926,0.2900872990257847,24
2020-10-10,2.4166666666666665,6.1,14.0,-0.882884939764094,0.4695893771559916,24
2020-10-11,3.0666666666666664,5.4,11.0,-0.4219836135815696,0.9066034578958104,24
2020-10-12,1.8666666666666665,3.2,9.4,0.4570480283425117,0.8894420159786823,24
2020-10-13,2.091666666666667,3.9,10.2,0.1982223602099221,0.9801570771630472,24
2020-10-14,2.095833333333333,4.5,10.4,0.9999998740086786,0.000501978711702,24
2020-10-15,1.6291666666666669,3.5,9.2,0.7915390174025185,-0.6111186332697242,24
2020-10-16,2.3000000000000003,3.9,7.7,0.7040135717622431,-0.7101865182996429,24
2020-10-17,2.8208333333333333,4.3,9.1,0.9507687950952513,-0.3099011104741708,24
2020-10-18,2.9250000000000003,5.9,11.9,0.9444169800796298,0.3287500079654325,24
2020-10-19,2.4250000000000003,3.6,6.8,0.9889920242264744,-0.1479688346119567,24
2020-10-20,2.4291666666666667,3.8,7.0,0.9751968567029132,-0.221339311187049,24
2020-10-21,1.9208333333333332,3.1,7.5,0.9691417797363636,-0.2465039771878615,24
2020-10-22,1.7125,3.8,7.5,0.9914319013619368,0.1306245955471419,24
2020-10-23,2.529166666666667,4.2,8.5,0.9659144168586076,0.2588616219231736,24
2020-10-24,2.6375,4.6,8.2,-0.0447667404270721,0.9989974669394988,24
2020-10-25,3.2125,5.1,10.5,-0.7549469255477029,0.6557858946379307,24
2020-10-26,2.225,3.2,11.3,-0.8287927832748803,0.5595556472697576,24
2020-10-27,2.145833333333333,4.0,8.2,-0.9997302039644688,0.0232275543517172,24
2020-10-28,2.0416666666666665,3.5,8.6,-0.3865679411434593,0.9222609321011636,24
2020-10-29,1.5875,2.9,6.5,-0.0433745453826491,0.99905888155446,24
2020-10-30,1.7875,3.9,12.0,0.7136504432428424,0.7005019949002961,24
2020-10-31,2.2125,4.8,9.9,-0.7909990153687896,0.6118174218552505,24
2020-11-01,1.7416666666666665,2.8,5.4,-0.9112140529633224,0.4119331859442202,24
2020-11-02,1.9708333333333328,4.3,7.1,-0.4255787501763958,0.9049213929387993,24
2020-11-03,1.9833333333333332,4.3,13.7,0.7149097290914389,0.6992167612767913,24
2020-11-04,1.475,2.7,5.4,0.8392820151844794,0.5436963297539161,24
2020-11-05,1.6791666666666665,3.8,7.0,0.994389420538062,0.1057812853106686,24
2020-11-06,1.7875,3.8,10.2,0.2022062282757884,0.9793429640562492,24
2020-11-07,2.3541666666666665,3.3,9.7,0.1019975168878363,0.994784653354039,24
2020-11-08,2.270833333333333,3.9,9.7,0.968966838030432,0.2471907498214822,24
2020-11-09,1.9208333333333332,3.5,6.9,0.976410202448214,0.2159238674974071,24
2020-11-10,2.2333333333333334,4.8,11.0,0.1231943077759571,-0.992382568635505,24
2020-11-11,1.6666666666666667,3.7,7.7,0.7178782116420535,-0.696168710335079,24
2020-11-12,1.5958333333333332,3.5,8.5,-0.9197433259620692,0.3925203362225083,24
2020-11-13,1.1958333333333333,2.6,5.1,0.3170637294550478,0.9484042342082072,24
2020-11-14,1.5375,4.4,8.1,0.9897690988391528,0.1426784180706078,24
2020-11-15,1.4208333333333334,2.8,7.4,-0.9005495144723143,0.4347534611520405,24
2020-11-16,1.675,3.6,9.5,-0.7164357801772628,0.6976530462069213,24
2020-11-17,1.9208333333333332,3.3,8.2,-0.4423262857428925,0.8968542004924195,24
2020-11-18,1.975,5.3,10.8,-0.7268607002467095,0.6867849171588315,24
2020-11-19,2.45,4.1,10.0,-0.7487854832046731,0.6628124170094766,24
2020-11-20,1.8625,3.0,6.5,-0.9507949056856686,0.3098209923846035,24
2020-11-21,1.9458333333333333,3.6,8.6,0.4218427145613595,-0.9066690268071934,24
2020-11-22,2.8791666666666664,3.8,7.6,0.9997897534585728,-0.0205048501395725,24
2020-11-23,3.141666666666666,4.6,8.8,0.9594150201447256,0.2819979062345961,24
2020-11-24,3.6166666666666663,5.0,10.1,0.9921953093527642,0.1246934966161924,24
2020-11-25,3.395833333333333,4.7,10.0,0.9999823310057316,-0.0059445501380046,24
2020-11-26,3.0625,4.8,9.2,0.9996147199562972,0.0277562902184966,24
2020-11-27,3.1333333333333333,4.9,9.3,0.9994869817096852,-0.0320276972769384,24
2020-11-28,3.3708333333333336,4.7,9.8,0.9970682500728426,-0.0765173489914507,24
2020-11-29,3.225,4.4,9.0,0.9999166956840524,-0.0129074277951117,24
2020-11-30,2.3541666666666665,4.3,8.5,0.8756340376732135,0.4829751878389877,24
2020-12-01,1.675,2.6,6.5,0.8089010916510811,0.5879447456400042,24
2020-12-02,1.6583333333333332,4.5,7.8,-0.252738757258919,0.967534557821692,24
2020-12-03,2.1083333333333334,4.1,9.5,-0.7660406054940613,0.6427921831620946,24
2020-12-04,2.379166666666667,4.2,9.0,0.9230461745622236,0.3846891727434565,24
2020-12-05,1.7291666666666667,3.0,12.5,-0.6873095145362673,-0.7263646682128204,24
2020-12-06,1.9458333333333333,4.0,11.9,0.9235373683421246,0.3835084474632896,24
2020-12-07,1.6791666666666665,3.1,7.7,-0.7277233763378823,0.6858707513310309,24
2020-12-08,2.2125,6.5,10.4,-0.7008724883469071,0.7132865869189008,24
2020-12-09,1.7791666666666668,3.9,8.5,-0.6124605993649299,0.7905011158914014,24
2020-12-10,2.6833333333333336,4.7,11.4,-0.4860094034334456,0.8739535798738205,24
2020-12-11,1.6708333333333334,4.1,9.3,0.081735457991554,0.9966540597955296,24
2020-12-12,1.4416666666666669,4.6,9.4,0.9536072149963488,0.3010536156682183,24
2020-12-13,1.9625,3.7,7.3,0.8986206383018812,-0.4387265075396283,24
2020-12-14,1.6791666666666665,3.1,8.4,0.99168369684504,-0.1286990497702092,24
2020-12-15,2.0625,3.7,6.8,0.9129565610638304,-0.4080567578297223,24
2020-12-16,1.9708333333333328,3.8,7.7,0.9935595493937204,-0.1133111724789191,24
2020-12-17,1.9166666666666667,3.3,7.1,0.9333621502837124,-0.3589360617404782,24
2020-12-18,2.095833333333333,3.1,7.3,0.9503520382730712,0.3111768040041205,24
2020-12-19,1.4666666666666668,3.2,7.3,-0.5836376414163702,0.8120142261819903,24
2020-12-20,1.875,3.9,8.5,-0.0548925566531357,-0.9984922669826152,24
2020-12-21,2.3375,5.0,10.7,-0.1943739428066062,0.9809275051489862,24
2020-12-22,1.6958333333333335,3.4,9.5,-0.4500814020365576,0.8929875315707417,24
2020-12-23,2.3916666666666666,4.8,8.3,-0.2861972713974008,0.9581707164408034,24
2020-12-24,2.6875,4.1,7.8,-0.3332616842195195,0.9428343703064548,24
2020-12-25,2.5,5.0,9.9,0.0221464441018743,0.9997547374299572,24
2020-12-26,1.85,4.6,8.4,-0.2886708395878869,0.957428402739142,24
2020-12-27,1.3791666666666669,3.4,7.7,-0.4612640926773633,0.8872628904707605,24
2020-12-28,2.345833333333333,3.9,8.4,0.970338573793576,-0.2417499787140609,24
2020-12-29,2.770833333333333,4.6,8.5,0.9892156551086724,0.1464663363640943,24
2020-12-30,2.120833333333333,3.4,7.6,0.9865953593762264,0.1631857740653109,24
2020-12-31,1.5041666666666669,3.5,7.7,0.9532885667494772,0.302061100614971,24
2021-01-01,1.65,3.4,10.6,-0.0309145342017269,-0.9995220315606308,24
2021-01-02,2.033333333333333,3.8,11.5,0.8511795523920311,-0.5248746227335643,24
2021-01-03,2.3000000000000003,5.1,10.0,-0.142833679027922,0.9897467050388946,24
2021-01-04,2.4208333333333334,5.1,9.0,-0.2796562727788761,0.9601001870093698,24
2021-01-05,1.5291666666666668,3.1,6.2,0.9995099620062364,-0.0313023297901545,24
2021-01-06,2.0,3.4,7.0,0.97222103792839,-0.2340646351105691,24
2021-01-07,1.6416666666666666,3.8,10.5,0.7031916687126212,-0.7110003354803424,24
2021-01-08,2.2416666666666667,3.2,6.2,0.833668754646773,-0.5522647983763754,24
2021-01-09,1.6916666666666669,4.1,11.9,0.693778615752142,-0.7201883311502913,24
2021-01-10,1.5041666666666669,3.2,9.1,-0.8670660126417215,0.498193265431786,24
2021-01-11,2.2125,4.9,9.1,-0.7881444680545051,0.6154902903174679,24
2021-01-12,1.2833333333333334,3.2,7.7,-0.767772209260108,0.6407229000807235,24
2021-01-13,1.7375,4.0,9.8,0.5963158885741868,0.8027498745150807,24
2021-01-14,1.7708333333333333,3.1,6.7,-0.011165631881239,0.9999376623893574,24
2021-01-15,1.9,7.0,11.7,0.5216061283842824,0.8531864080211072,24
2021-01-16,1.5750000000000002,3.7,7.1,0.2983625925960339,0.9544525987912512,24
2021-01-17,1.5875,3.0,5.8,0.2558666590741906,0.9667120837013532,24
2021-01-18,1.9208333333333332,4.0,7.3,0.918521172261205,0.395371794780434,24
2021-01-19,2.1,4.1,8.3,0.9530087018843374,0.302942922235741,24
2021-01-20,2.1666666666666665,4.2,8.6,0.9287546433391995,-0.3706950397238627,24
2021-01-21,2.704166666666667,4.5,8.9,0.997069032053747,-0.0765071586154145,24
2021-01-22,2.5458333333333334,3.9,9.1,0.9888406655449764,-0.1489769719271014,24
2021-01-23,2.5083333333333333,4.3,8.6,0.9595325658281766,-0.2815976830785296,24
2021-01-24,2.4625,4.2,7.5,0.9956256078519904,-0.0934325906167356,24
2021-01-25,2.558333333333333,4.7,17.5,0.9928581076598902,-0.1193012072613756,24
2021-01-26,2.020833333333333,4.1,19.6,0.9563777495062143,0.2921328469197336,24
2021-01-27,2.3291666666666666,3.8,8.6,0.9982764298313912,0.0586870483419598,24
2021-01-28,1.7375,3.2,6.8,0.9988077217308976,-0.0488173638240945,24
2021-01-29,1.5750000000000002,3.5,6.8,0.9843896293381488,-0.1760030046661199,24
2021-01-30,1.9958333333333331,4.1,7.8,0.8431491644530761,-0.5376797248195988,24
2021-01-31,1.925,3.8,8.3,0.976313193195444,0.2163620779908426,24
2021-02-01,1.9375,3.2,11.0,-0.9969107242127504,0.0785430324701641,24
2021-02-02,2.4,3.4,9.7,0.9934765986229795,-0.114036169650314,24
2021-02-03,2.154166666666667,6.4,11.6,0.0635403895398379,0.9979792677691884,24
2021-02-04,1.6375,6.6,13.1,-0.9477847036605044,-0.3189108896026754,24
2021-02-05,2.208333333333333,3.6,13.1,-0.7055637996068337,0.708646403140782,24
2021-02-06,2.875,5.2,11.3,-0.6433199938783406,0.765597404303575,24
2021-02-07,3.045833333333333,4.6,9.7,-0.517349062241525,0.8557744725088584,24
2021-02-08,2.3208333333333333,3.8,15.2,-0.6346169717101846,0.7728268235623003,24
2021-02-09,1.5833333333333333,2.5,5.9,-0.1717350187984322,0.9851431790954562,24
2021-02-10,1.4333333333333331,3.4,7.6,0.7774260290887137,0.6289743788862581,24
2021-02-11,2.15,4.2,7.6,0.0527408907621516,0.9986082307099292,24
2021-02-12,1.5041666666666669,3.0,11.7,0.428709049399853,0.903442610774295,24
2021-02-13,1.4958333333333331,5.5,11.6,0.9759002591661324,0.2182170574439029,24
2021-02-14,1.3291666666666666,2.9,6.1,0.2712041435911735,-0.962521850400799,24
2021-02-15,2.1,4.4,8.4,-0.8294329022456105,0.5586063557393736,24
2021-02-16,1.7708333333333333,3.4,7.2,-0.5835172927019684,0.8121007136542643,24
2021-02-17,1.8208333333333333,4.0,7.5,-0.5538299269963807,0.8326298168833396,24
2021-02-18,1.9666666666666668,3.7,9.9,-0.3370668040303277,0.9414807324745316,24
2021-02-19,2.1416666666666666,3.3,8.0,-0.5307648059928892,0.8475191565500633,24
2021-02-20,1.925,2.8,6.9,-0.4607660036540472,0.8875216560043359,24
2021-02-21,2.45,5.5,9.6,-0.2761134193075914,0.961125059333212,24
2021-02-22,2.3125,4.5,8.0,0.8513285526256184,0.524632914983772,24
2021-02-23,1.625,4.3,9.3,-0.1085314057893962,0.9940930207769176,24
2021-02-24,1.8916666666666664,3.3,6.6,-0.3352560229679023,0.9421270609974778,24
2021-02-25,1.4625,4.3,8.0,-0.8836482766246085,0.4681513892090457,24
2021-02-26,1.4083333333333332,2.9,7.5,-0.6956522125532053,0.7183787296195719,24
2021-02-27,1.6125,3.8,8.7,0.8222095460296752,0.5691849105674495,24
2021-02-28,2.3625000000000003,3.9,11.6,0.8558025773612447,0.517302569664844,24
2021-03-01,2.85,5.0,9.1,0.9988214653403292,0.0485353518107921,24
2021-03-02,2.841666666666667,4.7,8.8,0.9856277727144483,0.1689316241973532,24
2021-03-03,2.654166666666667,4.6,8.6,0.947654842613896,0.3192965694623607,24
2021-03-04,1.7791666666666668,3.2,6.9,0.7043423373328097,0.7098604594147743,24
2021-03-05,1.825,3.9,10.3,-0.3419929826572305,0.9397025060162452,24
2021-03-06,2.025,4.4,10.8,-0.86896095722878,0.4948806470372855,24
2021-03-07,1.75,3.6,8.2,-0.9667369231787992,-0.2557727924600043,24
2021-03-08,1.7125,4.7,8.8,0.5738455385514174,-0.8189635510110531,24
2021-03-09,1.7833333333333332,3.7,9.8,-0.7337045119667417,0.6794686814855012,24
2021-03-10,2.0500000000000003,4.0,8.4,-0.6433842258978546,0.7655434265055239,24
2021-03-11,1.925,4.8,7.4,-0.4816558249833172,0.8763604659383261,24
2021-03-12,1.3791666666666669,6.1,19.5,0.9894323986119858,-0.1449949260385767,24
2021-03-13,1.2958333333333334,2.5,7.5,0.9379516284600814,0.3467661209937926,24
2021-03-14,1.7166666666666668,3.4,8.2,0.8965219606845938,-0.4429992934647319,24
2021-03-15,1.9541666666666664,3.3,7.3,0.8523127724754932,0.5230324443809755,24
2021-03-16,1.7541666666666669,3.6,6.5,0.4598765160098145,0.8879828770999331,24
2021-03-17,1.4583333333333333,3.1,5.9,0.8213463591078074,0.5704298014483016,24
2021-03-18,1.8291666666666664,4.1,8.6,0.6382570090434604,0.7698233501309869,24
2021-03-19,1.3625,3.2,10.0,0.179084753308428,0.9838336501322058,24
2021-03-20,1.9875,3.7,8.9,0.995798538637,-0.0915711223498727,24
2021-03-21,3.1291666666666664,4.7,8.8,0.9945531711448068,-0.1042304646723236,24
2021-03-22,3.2458333333333336,5.2,10.3,0.9828329280077952,-0.1844977930047518,24
2021-03-23,2.5083333333333333,4.4,9.1,0.9748636612216888,-0.2228022487082308,24
2021-03-24,2.529166666666667,4.5,8.4,0.9562457055090176,-0.2925647803402888,24
2021-03-25,2.5083333333333333,5.0,8.9,0.993905043863031,-0.1102395744895018,24
2021-03-26,1.6833333333333331,3.5,7.0,0.916779688787601,0.3993932926659002,24
2021-03-27,1.5416666666666667,3.3,7.1,0.995914021598148,-0.0903064869442041,24
2021-03-28,1.8958333333333333,3.6,7.2,0.9967427977408224,-0.0806461105807219,24
2021-03-29,1.325,3.0,7.1,0.9511286576222886,0.3087948779523768,24
2021-03-30,1.2583333333333333,3.7,6.7,-0.8385227357518977,0.5448666090220183,24
2021-03-31,1.5875,3.2,8.3,-0.4561490723126314,-0.8899033789284799,24
2021-04-01,1.425,3.8,9.6,0.9576511611108084,-0.2879309876048778,24
2021-04-02,1.4583333333333333,3.3,7.3,-0.1440914210055739,0.9895643801151064,24
2021-04-03,1.8375,3.9,6.9,0.8619014688952084,0.5070757910966388,24
2021-04-04,1.945833333333333,4.5,9.4,0.9234510984393692,-0.3837161304807532,24
2021-04-05,2.7875,4.9,11.4,0.9856407365199285,-0.1688559697270221,24
2021-04-06,2.466666666666667,4.2,7.3,0.769125148844266,0.6390981970051909,24
2021-04-07,2.404166666666667,4.1,7.9,0.9956287068417268,-0.0933995616299709,24
2021-04-08,3.8333333333333335,5.4,11.5,0.9838584852386116,-0.1789482635400091,24
2021-04-09,4.045833333333333,6.1,12.0,0.9640774510763848,-0.2656212874113458,24
2021-04-10,2.958333333333333,4.6,8.4,0.9769391865426188,-0.2135177411772757,24
2021-04-11,1.8166666666666669,2.9,6.6,0.996751776356664,-0.080535062735647,24
2021-04-12,1.5791666666666666,3.5,7.2,0.9835008665239706,-0.1809034149666586,24
2021-04-13,1.5583333333333331,3.0,7.1,0.7629165413753488,-0.6464969844445336,24
2021-04-14,2.0375,3.4,6.6,0.977627270211286,-0.2103447658945407,24
2021-04-15,2.2125,4.0,7.2,0.969042214859358,-0.2468950907176368,24
2021-04-16,2.3208333333333333,3.9,6.7,0.9996083993648538,0.0279829933930405,24
2021-04-17,1.6416666666666666,3.0,5.9,0.9957986109107492,0.0915703363989786,24
2021-04-18,1.1625,2.6,7.1,0.8705939161760056,0.492002269422943,24
2021-04-19,0.9958333333333332,2.1,5.3,-0.3814307230949575,0.9243974272353086,24
2021-04-20,1.2708333333333333,2.1,6.6,-0.2569780276216492,-0.9664172459759226,24
2021-04-21,1.4833333333333334,2.4,6.1,-0.546908785532466,-0.837192200338371,24
2021-04-22,1.383333333333333,2.6,9.5,-0.5153039155316096,-0.85700751142437,24
2021-04-23,1.3166666666666669,3.2,6.7,0.9902880953554194,0.1390305297311916,24
2021-04-24,1.3916666666666666,2.9,8.3,0.995053652724368,0.0993389561043051,24
2021-04-25,1.3208333333333333,2.6,5.9,-0.1696759375259559,-0.985499911833932,24
2021-04-26,1.1916666666666669,2.8,6.1,0.6160523275593657,-0.7877052302153947,24
2021-04-27,1.2708333333333333,2.9,6.5,0.4426958973861402,-0.8966718142316509,24
2021-04-28,1.9416666666666669,3.3,6.5,0.4462378740774916,-0.8949143868207733,24
2021-04-29,2.5083333333333333,4.0,8.5,0.9940222102859751,-0.1091780447626015,24
2021-04-30,3.1750000000000003,4.2,8.1,0.9917773258629063,-0.1279755285366006,24
2021-05-01,3.2916666666666665,4.3,8.2,0.9796852198172348,-0.2005414422797851,24
2021-05-02,2.6791666666666667,3.5,7.3,0.9212275485493152,-0.3890241686499941,24
2021-05-03,2.45,4.4,8.0,0.9651563012853942,-0.2616740607876473,24
2021-05-04,2.5875,4.0,8.4,0.9681859214917248,-0.2502319352625077,24
2021-05-05,2.0125,3.7,8.0,0.9774961140221824,-0.21095342393887,24
2021-05-06,1.6208333333333331,3.5,6.5,0.935232372760662,-0.3540344742259743,24
2021-05-07,1.1583333333333334,2.6,5.2,0.8956548519809651,-0.4447498017121036,24
2021-05-08,2.0541666666666667,3.6,7.4,0.6627642704652021,-0.7488280989617901,24
2021-05-09,2.645833333333333,5.0,9.1,0.9404399868321408,-0.3399597493338917,24
2021-05-10,3.0,4.6,9.6,0.9818270968140144,-0.1897776382026189,24
2021-05-11,2.095833333333333,3.6,7.0,0.9609829356304332,-0.2766076597404974,24
2021-05-12,1.6458333333333333,3.3,5.9,0.9130560446074584,-0.4078341077028534,24
2021-05-13,0.9833333333333334,1.7,6.8,0.3880911649065084,-0.9216209891932308,24
2021-05-14,1.7583333333333335,3.6,7.0,0.9750274550185276,-0.2220843577564457,24
2021-05-15,1.9625,3.6,6.9,0.9635276958062964,-0.2676086310532775,24
2021-05-16,1.8875,3.1,5.9,0.9472077131576104,-0.3206205672359935,24
2021-05-17,1.7333333333333334,3.3,7.9,0.8730764902781822,-0.4875832668617033,24
2021-05-18,1.3625,2.8,6.4,0.6164538449471753,-0.7873910445578131,24
2021-05-19,1.1291666666666669,2.7,5.2,0.817510466952828,-0.5759137404356396,24
2021-05-20,1.4958333333333331,3.8,8.5,-0.0895346417929726,0.995983708661444,24
2021-05-21,1.425,3.8,6.7,-0.2815107650175361,0.9595580697275397,24
2021-05-22,1.5,3.4,6.7,-0.422944029910221,0.9061558075537022,24
2021-05-23,1.4833333333333334,3.2,7.1,0.1682594778595127,-0.985742739314089,24
2021-05-24,1.5875,2.6,6.5,0.3923754226848382,-0.9198051574506932,24
2021-05-25,1.7708333333333333,3.2,5.8,0.6321053842410852,-0.774882431865267,24
2021-05-26,1.775,3.3,8.3,0.8917067891489747,-0.4526135240860859,24
2021-05-27,1.5458333333333334,3.4,6.0,0.9999215018981696,-0.0125295667007545,24
2021-05-28,1.65,3.8,8.1,0.748421594963192,0.6632232777826421,24
2021-05-29,1.1458333333333333,2.9,5.7,-0.015140338481655,0.999885378506287,24
2021-05-30,1.6083333333333334,4.5,8.0,0.9601080334716146,0.2796293333383842,24
2021-05-31,1.7291666666666667,3.5,6.9,0.7993103947794759,0.6009183744881481,24
2021-06-01,1.5458333333333334,3.2,7.3,0.9743109570040208,0.2252069249865757,24
2021-06-02,1.95,3.7,6.8,0.9995133378871084,-0.0311943486191221,24
2021-06-03,2.470833333333333,3.8,8.3,0.9862381883011588,-0.1653306866145784,24
2021-06-04,3.4458333333333333,6.2,12.1,0.9651963038249062,-0.2615264710937297,24
2021-06-05,2.766666666666667,4.5,9.9,0.9906365546033404,0.1365255166026581,24
2021-06-06,2.4125,3.5,7.1,0.98664092598149,-0.1629100462782687,24
2021-06-07,1.7625,3.6,6.9,0.996710045969453,-0.0810498874988171,24
2021-06-08,2.0458333333333334,4.1,7.4,0.9745947412163368,-0.2239756468758627,24
2021-06-09,1.8458333333333328,3.7,8.0,0.994140919544562,-0.1080917762232297,24
2021-06-10,2.4166666666666665,4.0,7.7,0.9999511317827652,-0.0098860531238067,24
2021-06-11,1.4458333333333335,3.5,8.0,0.210891322785289,-0.9775095140068312,24
2021-06-12,1.8,3.5,6.4,0.2658324810895287,-0.964019238396094,24
2021-06-13,2.1166666666666667,4.0,7.3,0.8079778745995312,-0.5892128258597433,24
2021-06-14,2.4625,3.8,6.9,0.970799166670629,-0.2398936805995778,24
2021-06-15,1.8708333333333331,4.1,10.5,0.7359137155458831,0.6770753305736763,24
2021-06-16,1.1375,2.3,5.1,-0.0280030075369403,-0.9996078388892748,24
2021-06-17,1.6541666666666668,3.9,6.5,0.401878253113394,-0.915693108893218,24
2021-06-18,1.8375,4.2,7.7,0.8160197463546396,-0.5780240250710257,24
2021-06-19,2.083333333333333,3.6,8.0,0.997332586434624,-0.0729911777930978,24
2021-06-20,1.1541666666666666,2.4,4.9,0.8495859127748129,0.5274502600384117,24
2021-06-21,1.8791666666666669,3.3,7.1,0.8040346299424129,-0.5945824701867414,24
2021-06-22,1.5666666666666669,2.9,6.2,0.8849444740327618,-0.465696551285146,24
2021-06-23,2.0875,4.2,8.4,0.923982815279619,-0.3824339904714922,24
2021-06-24,2.020833333333333,4.0,7.2,0.9956711584079012,0.0929459214525746,24
2021-06-25,1.9208333333333332,3.6,6.4,0.9676966329734144,-0.2521174855735251,24
2021-06-26,2.7125,4.8,9.5,0.9695170264502284,-0.245023948672588,24
2021-06-27,2.0500000000000003,3.0,7.0,0.9423015362932188,0.3347653128677453,24
2021-06-28,1.9083333333333328,3.2,7.7,0.927615010864422,-0.3735376709503317,24
2021-06-29,2.0875,3.4,7.3,0.6827873842018282,-0.7306171281696214,24
2021-06-30,2.0458333333333334,3.0,6.8,0.1808334585776393,-0.983513731606656,24
2021-07-01,2.275,4.1,7.9,0.8444524993463891,-0.5356304475546891,24
2021-07-02,2.4791666666666665,4.1,7.0,0.9528287241670992,-0.3035085211358946,24
2021-07-03,2.183333333333333,3.6,7.0,0.8230296086470894,-0.5679984712041211,24
2021-07-04,2.2333333333333334,4.9,9.6,0.9469827033261278,-0.3212845461598473,24
2021-07-05,1.9625,3.4,6.2,0.8395155793148746,-0.5433356164357445,24
2021-07-06,1.5958333333333332,3.7,8.2,0.8790496787763528,-0.4767301776090862,24
2021-07-07,1.5333333333333332,2.7,6.3,0.8585673519499079,-0.5127007920470996,24
2021-07-08,1.6875,2.7,6.3,0.8631514231068024,-0.5049451661207401,24
2021-07-09,1.9875,4.2,7.5,0.9760460957147128,-0.2175638275083106,24
2021-07-10,2.125,3.5,8.8,0.966504950218388,-0.2566479713602878,24
2021-07-11,1.9,3.9,6.6,0.9002350467284992,-0.4354042496826791,24
2021-07-12,2.4791666666666665,5.3,8.8,0.974030420943296,-0.2264171792886436,24
2021-07-13,2.6375,4.1,8.3,0.9815416372839618,-0.1912485667342884,24
2021-07-14,2.191666666666667,3.7,9.1,0.9887169006603768,-0.1497961626629297,24
2021-07-15,1.3375,2.5,6.4,0.9158755826331038,0.4014622237975481,24
2021-07-16,1.6125,3.0,6.8,0.4853208429412863,0.8743361363953565,24
2021-07-17,1.2375,2.2,6.5,-0.4225714721352842,0.906329603917592,24
2021-07-18,1.5083333333333335,2.4,6.3,0.4271468414041898,-0.9041822691683484,24
2021-07-19,2.6166666666666667,3.7,7.5,0.214456590068076,-0.97673352096484,24
2021-07-20,2.0458333333333334,3.5,7.3,0.6605226047575004,-0.7508061591412041,24
2021-07-21,2.1875,3.8,6.9,0.9502704072534864,-0.3114259993935847,24
2021-07-22,2.766666666666667,4.6,8.7,0.9569360814894776,-0.2902987012433293,24
2021-07-23,3.2625,5.3,10.1,0.9823914504269726,-0.1868342530907783,24
2021-07-24,3.391666666666667,5.1,10.8,0.9983840306643156,-0.0568271705654533,24
2021-07-25,2.5916666666666663,4.2,9.5,0.996165358714737,0.0874904457454601,24
2021-07-26,2.154166666666667,3.7,7.5,0.9854532152655984,-0.1699469344315869,24
2021-07-27,1.75,3.0,8.1,0.7348891345219168,0.6781872602472181,24
2021-07-28,1.7958333333333334,3.1,10.0,-0.764775817842299,0.6442964755790945,24
2021-07-29,2.775,4.9,11.6,-0.2023620064338788,-0.9793107874173832,24
2021-07-30,1.8125,2.9,6.4,0.4881191778883852,-0.8727769865077601,24
2021-07-31,2.370833333333333,3.9,8.3,0.8806859321091253,-0.4737006322405335,24
2021-08-01,2.9416666666666664,4.3,8.8,0.9709791522328394,-0.2391641401406083,24
2021-08-02,2.8208333333333333,4.5,8.3,0.9455009638393844,-0.32561929822846,24
2021-08-03,1.7833333333333332,3.3,6.2,0.8282039842101279,-0.560426766436499,24
2021-08-04,2.0125,3.4,6.9,0.9220096472497012,-0.3871669024832594,24
2021-08-05,3.7291666666666665,4.9,9.7,0.989368213801055,-0.1454322437429535,24
2021-08-06,3.470833333333333,5.5,10.9,0.9841311554124744,-0.1774425792940012,24
2021-08-07,3.033333333333333,4.3,9.5,0.985493075480411,-0.169715639173769,24
2021-08-08,2.470833333333333,3.7,8.3,0.9860688183620334,-0.1663378653647542,24
2021-08-09,2.2875,3.5,6.7,0.9756158383106246,-0.2194851613149673,24
2021-08-10,1.6375,2.8,5.7,0.9972290264414866,-0.074392666456881,24
2021-08-11,1.5833333333333333,3.0,7.1,0.6968618954991316,-0.7172053392169899,24
2021-08-12,2.0,4.5,8.1,0.8808004835790105,-0.4734876008165169,24
2021-08-13,2.8208333333333333,4.3,8.3,0.9801739240012948,-0.1981390388285558,24
2021-08-14,2.8125,4.1,9.0,0.9864625303418452,-0.1639868172493267,24
2021-08-15,2.7625,3.9,10.5,0.9940584912242496,-0.108847214135082,24
2021-08-16,2.2291666666666665,3.8,8.1,0.9897021258235044,0.1431422444299247,24
2021-08-17,2.645833333333333,4.3,9.0,0.9886253462954968,0.1503992176246583,24
2021-08-18,3.5583333333333336,6.1,11.2,0.9999717975334628,0.0075102688164315,24
2021-08-19,3.4333333333333336,5.0,10.1,0.99454236475494,-0.1043335262878229,24
2021-08-20,3.083333333333333,4.6,9.5,0.9808033245503036,0.1949995860279501,24
2021-08-21,2.5,4.0,7.9,0.9834144325524078,-0.1813726932248234,24
2021-08-22,2.6375,4.6,8.7,0.997231041298712,-0.0743656524901564,24
2021-08-23,2.0416666666666665,3.2,6.6,0.9967762925062224,-0.0802310581854037,24
2021-08-24,2.4625,4.0,8.1,0.9935609406651628,-0.1132989725662022,24
2021-08-25,1.9583333333333333,3.4,7.0,0.953187231358716,-0.3023807235501384,24
2021-08-26,1.6166666666666665,2.9,6.6,0.9746923223677078,-0.2235506133237943,24
2021-08-27,2.629166666666667,4.3,9.1,0.99998261920252,0.005895870832034,24
2021-08-28,3.25,4.4,11.2,0.9932650598424184,-0.1158642347587778,24
2021-08-29,3.025,4.1,8.3,0.9394721244199123,-0.3426253455860157,24
2021-08-30,3.033333333333333,4.4,8.8,0.9695322704393656,-0.2449636229661226,24
2021-08-31,3.1333333333333333,6.2,10.9,0.9773342481355016,-0.2117020723125158,24
2021-09-01,3.1916666666666664,5.3,9.0,0.935690152494018,-0.3528228146332394,24
2021-09-02,2.8791666666666664,4.4,8.9,0.994970868095744,-0.1001647225364373,24
2021-09-03,2.1708333333333334,3.8,10.1,0.883300217816394,-0.4688077699926815,24
2021-09-04,1.741666666666667,4.5,8.0,0.8738439943105386,-0.4862064104959984,24
2021-09-05,1.4666666666666668,2.9,7.1,0.9534641011530316,0.3015065634649463,24
2021-09-06,1.2541666666666669,3.1,6.5,0.2945399855569696,-0.955639156223781,24
2021-09-07,1.95,5.1,8.2,0.9942267940446088,-0.1072990307681259,24
2021-09-08,2.5375,4.1,9.3,0.9107556516516836,0.4129456901149561,24
2021-09-09,2.075,3.4,8.3,0.4846368625445517,0.8747154459954238,24
2021-09-10,1.875,3.6,9.2,0.4499561051865958,0.8930506723614898,24
2021-09-11,2.0083333333333333,3.3,8.1,0.910316513831891,-0.4139128466778394,24
2021-09-12,2.8625000000000003,4.3,9.2,0.9969748766127862,0.0777244839347275,24
2021-09-13,2.725,4.0,8.1,0.9592502694322886,0.2825578181436175,24
2021-09-14,1.6416666666666666,4.1,8.7,0.5850233279663771,0.811016464527783,24
2021-09-15,1.5375,3.5,9.1,0.6766954529705703,0.7362630399041871,24
2021-09-16,2.379166666666667,4.8,9.0,0.9951790368528404,0.09807489285568,24
2021-09-17,3.4916666666666667,5.6,10.2,0.99995254212399,0.0097423559660888,24
2021-09-18,2.8708333333333336,4.9,9.2,0.9999811369989392,0.0061421206687134,24
2021-09-19,2.654166666666667,4.5,10.5,0.9555811373662796,0.2947281627360494,24
2021-09-20,2.120833333333333,4.3,9.0,0.8901262751432267,0.4557139610541293,24
2021-09-21,1.5958333333333332,3.4,7.3,0.8340645602630551,0.5516668463059899,24
2021-09-22,1.8333333333333333,3.5,8.9,-0.8914482798061749,0.453122460743905,24
2021-09-23,3.108333333333333,5.8,10.7,0.9307446246646586,-0.3656698560967854,24
2021-09-24,2.9625,4.2,12.2,0.4389347260307907,0.8985189515443036,24
2021-09-25,1.8541666666666667,4.0,9.4,0.4028093008662674,-0.9152839270606848,24
2021-09-26,1.9833333333333332,4.0,7.6,0.887891153190571,0.4600535839290005,24
2021-09-27,2.1041666666666665,3.5,7.4,0.596036869500814,-0.8029570662218931,24
2021-09-28,2.3625000000000003,3.9,7.7,0.9711005166794816,-0.2386708748566608,24
2021-09-29,2.1,3.7,13.4,0.8784871012138158,0.4777660651416621,24
2021-09-30,1.5458333333333334,3.3,7.2,-0.6737353022851867,0.738972761645981,24
2021-10-01,1.85,3.6,9.7,-0.8320594125951896,0.5546865185956371,24
2021-10-02,2.075,3.6,7.8,0.9507249339835048,0.3100356429542584,24
2021-10-03,1.8041666666666665,3.3,8.1,-0.4564426739366495,0.8897528226477067,24
2021-10-04,1.9375,3.1,7.0,0.993722136906324,0.1118763362929304,24
2021-10-05,2.558333333333333,4.6,9.3,0.758284034743034,-0.6519243227966152,24
2021-10-06,2.075,4.6,10.3,0.9981286886931876,-0.0611483508168283,24
2021-10-07,1.8583333333333332,3.3,7.3,0.5756419490496545,0.8177018689561097,24
2021-10-08,2.95,4.4,9.5,0.9811750695754564,-0.1931203843295637,24
2021-10-09,1.9291666666666665,3.3,8.8,0.5012597032180146,-0.8652968912054336,24
2021-10-10,2.4291666666666667,5.0,11.0,0.9969847037654228,-0.0775983276738132,24
2021-10-11,2.25,3.5,7.5,-0.3926313005485882,0.9196959616251036,24
2021-10-12,1.9958333333333331,3.5,6.9,-0.963526928765168,0.2676113927775924,24
2021-10-13,1.825,4.2,11.4,0.8770250345951328,0.4804446780779302,24
2021-10-14,2.6625,5.6,12.6,-0.1615536252925055,0.9868639349752572,24
2021-10-15,2.858333333333333,4.4,9.6,0.2676261298719344,0.963522835541416,24
2021-10-16,1.9458333333333333,3.9,10.9,-0.3656792865188715,0.9307409195963446,24
2021-10-17,1.6583333333333332,4.7,8.4,0.9451425151092764,0.3266582711839872,24
2021-10-18,2.1750000000000003,3.7,7.7,-0.5298903162451751,0.8480661841799779,24
2021-10-19,2.025,3.5,8.0,-0.9067800704611946,0.4216039656056274,24
2021-10-20,1.9666666666666668,3.9,9.2,-0.7308950596307936,0.6824898620545939,24
2021-10-21,1.4916666666666665,4.1,10.9,-0.3276508140524326,-0.9447988907967548,24
2021-10-22,1.8625,3.4,6.5,0.7512585563729907,0.6600080162212956,24
2021-10-23,2.0708333333333333,4.0,8.0,-0.1857618492732558,0.9825947971338848,24
2021-10-24,3.2375000000000003,4.7,9.6,-0.7205742777669172,0.6933777543451229,24
2021-10-25,1.8416666666666668,3.2,7.4,0.8990234702987601,0.4379004451379039,24
2021-10-26,2.225,4.2,7.9,0.8738256704141412,-0.4862393420171558,24
2021-10-27,3.4416666666666664,4.6,8.8,0.9915721960807146,-0.1295553162153878,24
2021-10-28,3.283333333333333,4.5,9.4,0.9984840243508416,-0.0550422848013057,24
2021-10-29,2.708333333333333,4.2,7.9,0.980261840665432,-0.1977036260042276,24
2021-10-30,2.529166666666667,4.0,10.2,0.980253883464398,0.197743075613196,24
2021-10-31,1.9583333333333333,4.0,7.5,0.869233798815493,0.4944012570744407,24
2021-11-01,2.658333333333333,5.9,11.2,-0.4300973400411686,0.9027825198183178,24
2021-11-02,2.9458333333333333,4.0,10.0,-0.7666988766709858,0.6420068788661446,24
2021-11-03,2.783333333333333,5.2,11.2,-0.6758931380831278,0.7369996376472256,24
2021-11-04,2.283333333333333,3.8,11.4,-0.7348559348086021,0.6782232339551452,24
2021-11-05,1.7875,4.9,9.2,-0.7135751441357626,0.700578699127818,24
2021-11-06,1.4291666666666665,2.2,6.0,-0.7986804204372252,0.6017554204244588,24
2021-11-07,1.85,3.4,8.9,-0.2377346420104599,0.9713301395448194,24
2021-11-08,1.2208333333333334,3.6,10.9,-0.0330151097072348,0.9994548526727054,24
2021-11-09,2.216666666666667,4.1,7.9,0.9329279638851596,0.3600630697545785,24
2021-11-10,2.595833333333333,6.4,10.3,0.1120052460017307,0.9937076153819552,24
2021-11-11,2.345833333333333,4.2,7.9,-0.3824591260589625,0.923972411327424,24
2021-11-12,1.3833333333333335,5.9,12.7,0.4885174005637208,0.8725541526727526,24
2021-11-13,1.6125,2.8,6.0,-0.9881766159844504,-0.1533198474481376,24
2021-11-14,2.433333333333333,4.4,7.5,0.9789920154117998,-0.2038985869493512,24
2021-11-15,3.075,3.9,8.1,0.9949842680889504,0.1000315263079382,24
2021-11-16,2.85,4.1,8.1,0.9632851339044578,0.2684804477027533,24
2021-11-17,2.4166666666666665,4.7,8.0,0.9964229887489912,0.0845057837815123,24
2021-11-18,2.1083333333333334,5.7,10.5,-0.0466433444127406,0.9989116069112394,24
2021-11-19,1.6708333333333334,3.2,6.6,-0.549886936970324,0.8352391014250918,24
2021-11-20,1.3291666666666666,2.9,5.3,-0.5007726143996196,0.8655788748966613,24
2021-11-21,0.9083333333333332,2.2,7.5,0.993992819852608,0.1094453017788378,24
2021-11-22,1.4541666666666666,3.9,8.4,0.0612488725898997,0.998122525347698,24
2021-11-23,1.7083333333333333,2.9,6.6,-0.9033453051165428,0.4289140470116366,24
2021-11-24,2.075,4.9,9.1,0.932349889645024,0.3615573028980495,24
2021-11-25,2.458333333333333,4.5,9.5,0.9632844552136262,0.2684828827761416,24
2021-11-26,2.441666666666667,4.4,12.8,-0.0878600005135768,0.996132832663272,24
2021-11-27,3.0666666666666664,5.5,13.1,-0.8509168559131294,0.5253003943677508,24
2021-11-28,3.458333333333333,5.3,11.5,-0.7423018864238294,0.6700656008269819,24
2021-11-29,2.066666666666667,4.9,12.7,-0.7977162294873177,0.603033015026986,24
2021-11-30,1.7708333333333333,2.9,7.3,-0.5394223737482343,0.8420353334034268,24
2021-12-01,2.270833333333333,4.2,10.9,-0.7476121266134295,0.6641356097519131,24
2021-12-02,1.6458333333333333,2.4,4.9,-0.70326836366684,0.7109244746563206,24
2021-12-03,1.4125,2.8,6.4,-0.1610156443745289,0.9869518540773178,24
2021-12-04,2.220833333333333,4.6,12.0,0.8765775966364896,0.4812605500921468,24
2021-12-05,2.5500000000000003,4.5,9.1,0.2462224386892853,0.9692133463205616,24
2021-12-06,1.9,4.6,11.6,-0.6676053041901604,0.7445153845402818,24
2021-12-07,1.9833333333333332,3.6,10.4,-0.8248613948761601,0.5653350150512132,24
2021-12-08,1.3833333333333335,3.2,6.5,-0.405973950762653,0.9138846487944544,24
2021-12-09,1.6625,3.5,7.3,0.2804174065098072,0.959878157958766,24
2021-12-10,1.3333333333333333,3.1,6.5,-0.9930482761542052,0.1177077789577284,24
2021-12-11,2.4375,3.6,8.6,0.2695735211827461,0.96297981114722,24
2021-12-12,2.858333333333333,6.1,12.5,-0.2932095066398232,0.9560482128093916,24
2021-12-13,2.3833333333333333,5.4,9.7,-0.4056948356726791,0.914008588749864,24
2021-12-14,2.566666666666667,4.6,10.8,-0.383464715826119,0.9235555271430048,24
2021-12-15,2.0416666666666665,6.3,12.4,0.1405750488309019,0.9900700256275762,24
2021-12-16,1.9833333333333332,5.8,10.5,-0.0940651218264353,0.9955660464558732,24
2021-12-17,2.1708333333333334,6.5,11.3,0.0672049686691243,0.9977391904632102,24
2021-12-18,1.6541666666666668,3.5,6.5,0.9008683491336402,0.4340924066707796,24
2021-12-19,1.5416666666666667,3.5,7.8,-0.9846373237339108,0.1746119718407699,24
2021-12-20,1.7375,3.1,7.8,-0.6617683614589512,0.7497083671481429,24
2021-12-21,1.725,3.7,7.8,0.4801342997175996,0.8771949921395414,24
2021-12-22,2.3375,4.6,8.2,-0.5099522439316075,0.8602027138466364,24
2021-12-23,2.533333333333333,3.5,8.6,-0.7854229306688836,0.6189594655383355,24
2021-12-24,1.8583333333333332,3.3,7.8,0.8766889907144381,-0.4810575990046304,24
2021-12-25,2.2666666666666666,3.7,7.6,0.98789948690272,-0.1550954666563225,24
2021-12-26,2.4041666666666663,4.3,8.4,0.9653490603679956,0.2609620502039106,24
2021-12-27,2.025,4.0,7.5,0.6380070594711115,0.7700305137233365,24
2021-12-28,3.108333333333333,4.5,9.2,-0.3404536179252311,0.9402613115733416,24
2021-12-29,2.4916666666666667,5.7,9.9,-0.2208368797161496,0.975310756916602,24
2021-12-30,2.3375,4.6,8.5,-0.5192197104765492,0.8546407972081888,24
2021-12-31,2.85,5.2,10.3,-0.293825943826023,0.9558589408143582,24
2022-01-01,3.1208333333333336,4.9,10.0,-0.1574659189904162,0.9875244221569934,24
2022-01-02,3.016666666666667,4.5,9.2,-0.2286964104170035,0.9734977924280966,24
2022-01-03,2.2875,3.6,8.8,-0.5774879174086512,0.8163992315325994,24
2022-01-04,2.629166666666667,4.6,9.6,-0.584686355013248,0.8112594321555358,24
2022-01-05,2.6666666666666665,3.7,8.6,-0.5462996588336869,0.8375898057869361,24
2022-01-06,3.0041666666666664,4.9,12.2,-0.4786388053862909,0.8780118985403241,24
2022-01-07,2.8541666666666665,3.5,8.6,-0.5455017048478052,0.8381097123933943,24
2022-01-08,2.725,4.2,10.6,-0.5038393374901814,0.863797384805867,24
2022-01-09,3.8625,5.3,12.3,-0.4029805019227843,0.9152085637001331,24
2022-01-10,3.0,4.1,10.3,-0.5115662983392618,0.8592438084754905,24
2022-01-11,2.9791666666666665,5.0,9.7,-0.4254338764261385,0.904989511977365,24
2022-01-12,2.625,5.0,8.7,-0.249779404138217,0.9683027673555196,24
2022-01-13,2.279166666666667,4.2,10.4,0.0336185851833002,0.9994347356032176,24
2022-01-14,2.216666666666667,4.3,9.2,0.9255542097170724,-0.3786151144302165,24
2022-01-15,2.8000000000000003,4.5,9.2,0.9995999080856351,-0.0282846911807318,24
2022-01-16,2.075,3.3,7.9,0.739383528491787,0.6732844850395966,24
2022-01-17,2.2333333333333334,4.1,12.1,0.9980841639972516,-0.0618708459446563,24
2022-01-18,2.2,3.8,8.0,0.9493150764324918,-0.3143260817335593,24
2022-01-19,1.8625,3.5,8.4,0.9758796215287464,-0.2183093316487195,24
2022-01-20,1.9708333333333328,3.5,9.0,0.9886299605873772,-0.1503688831806662,24
2022-01-21,1.7041666666666666,4.2,10.6,0.9965849733577872,0.0825735482915602,24
2022-01-22,1.6958333333333335,3.5,7.4,0.9914105209294938,-0.1307867691714641,24
2022-01-23,2.3666666666666667,3.7,8.7,0.997136236232184,0.0756262282063188,24
2022-01-24,2.058333333333333,3.3,7.4,0.9713487341013972,0.2376586559745158,24
2022-01-25,1.9791666666666667,3.7,8.0,-0.0836151000140215,0.9964981259639404,24
2022-01-26,1.8666666666666665,3.7,6.5,-0.3360232514428371,0.9418536905962538,24
2022-01-27,2.091666666666667,4.3,8.4,-0.4544494864363925,0.8907725098349741,24
2022-01-28,2.8000000000000003,5.0,9.6,-0.2254622348731191,0.9742519082075326,24
2022-01-29,3.420833333333333,5.6,10.7,-0.3072480551666891,0.9516294618160406,24
2022-01-30,3.3833333333333333,6.0,10.8,-0.109659684776439,0.9939691914414308,24
2022-01-31,2.6333333333333333,4.6,9.1,-0.4792572548200656,0.8776744747925251,24
2022-02-01,2.8000000000000003,4.5,12.1,-0.3517174477740991,0.9361062102834666,24
2022-02-02,1.5541666666666665,4.1,7.5,0.9862188001511308,0.1654463001353117,24
2022-02-03,1.8583333333333332,3.4,8.9,0.9672052846188728,-0.2539959397418099,24
2022-02-04,1.7625000000000002,3.2,8.1,0.3946161360622354,-0.91884607261462,24
2022-02-05,1.0875,3.3,6.7,-0.61502738478004,0.7885057488507137,24
2022-02-06,2.4291666666666667,5.2,9.8,0.8694316944709575,-0.4940531637884325,24
2022-02-07,1.7375,4.2,8.2,-0.5256405443760462,0.8507067756330932,24
2022-02-08,1.3708333333333331,2.9,7.1,-0.8429697768635694,0.5379609235758525,24
2022-02-09,2.341666666666667,5.1,9.4,-0.5493777730543239,0.8355740915525516,24
2022-02-10,3.4333333333333336,4.9,10.4,-0.5081835968533629,0.8612487630697525,24
2022-02-11,2.341666666666667,3.7,12.9,-0.5540459986487913,0.8324860547668432,24
2022-02-12,2.2291666666666665,4.2,7.9,-0.5229952701363971,0.8523355838019183,24
2022-02-13,2.3125,4.1,8.7,-0.5438338624283249,0.8391929039716017,24
2022-02-14,2.2583333333333333,3.8,7.4,-0.4260188784580743,0.90471427268355,24
2022-02-15,1.6125,3.8,9.5,-0.4338886215758131,0.9009665166181487,24
2022-02-16,1.7083333333333333,3.9,11.5,0.7834152112990186,0.6214986779594259,24
2022-02-17,1.75,4.4,7.2,-0.5872445260339375,0.8094095790409056,24
2022-02-18,2.2416666666666667,4.3,8.7,-0.6707257609501474,0.74170543586915,24
2022-02-19,2.2583333333333333,3.8,10.6,-0.7729792156544633,0.6344313455104584,24
2022-02-20,1.6291666666666669,3.2,7.0,-0.4555126434861855,0.8902293140670146,24
2022-02-21,1.4375,3.5,7.9,0.9235312532274612,-0.3835231731096767,24
2022-02-22,2.1958333333333333,3.6,8.2,0.9520950603701068,-0.3058022171581536,24
2022-02-23,1.9541666666666664,3.5,7.6,0.9128542562595888,0.4082855701941386,24
2022-02-24,1.5791666666666666,3.8,8.8,-0.011324750673357,0.9999358729549542,24
2022-02-25,2.0541666666666667,3.7,8.3,0.9021986962567092,-0.4313206608460744,24
2022-02-26,2.895833333333333,4.6,8.6,0.971910117478704,-0.2353523391482049,24
2022-02-27,2.4208333333333334,3.9,8.3,0.9944321086947432,0.1053792256420899,24
2022-02-28,2.470833333333333,3.2,7.2,0.9879750988737424,0.1546130783776683,24
2022-03-01,2.2416666666666667,3.3,8.7,0.9876736286277338,0.1565273244942407,24
2022-03-02,2.558333333333333,8.1,21.0,0.6457897073541896,0.7635153265491074,24
2022-03-03,1.6541666666666668,4.8,8.1,0.5523553250233166,0.8336087780958082,24
2022-03-04,1.7999999999999998,4.0,9.3,0.9827188098943348,-0.1851046749270867,24
2022-03-05,1.95,3.7,9.9,0.9562016682008436,-0.2927086772371532,24
2022-03-06,2.7583333333333333,4.5,8.2,0.9517621706824836,0.3068367162804458,24
2022-03-07,2.3291666666666666,4.1,9.3,0.9792630465462216,0.2025929062652805,24
2022-03-08,2.2375000000000003,4.2,9.3,0.9923429354529684,-0.1235131509459054,24
2022-03-09,1.9958333333333331,3.3,7.2,0.9988854288297994,0.0472006363464292,24
2022-03-10,1.7416666666666665,3.2,6.3,0.9548535381913574,0.2970769607415658,24
2022-03-11,1.675,3.4,9.7,0.7990514473175456,0.6012626585276486,24
2022-03-12,1.8208333333333333,4.3,9.6,-0.1642845160615286,0.9864129955462008,24
2022-03-13,1.5333333333333332,3.2,9.5,0.2026348977834614,-0.979254358274849,24
2022-03-14,1.3833333333333335,3.5,7.0,0.6511596588507139,0.7589407741618722,24
2022-03-15,1.2833333333333334,2.6,9.0,0.9463013488118538,0.3232858754057565,24
2022-03-16,1.8083333333333331,3.4,7.8,0.1082880764910512,0.9941195564366836,24
2022-03-17,2.254166666666667,3.7,9.2,0.4576407924981597,0.8891371688562212,24
2022-03-18,1.625,4.6,14.0,0.9543095569815602,-0.2988197942801955,24
2022-03-19,1.7291666666666667,3.7,8.3,0.9678330661989892,-0.2515932351472574,24
2022-03-20,1.825,3.3,6.4,0.9786715299834846,-0.205431342301474,24
2022-03-21,2.3000000000000003,4.7,8.5,0.9597607217580166,-0.2808190822763493,24
2022-03-22,3.233333333333333,5.3,11.1,0.97054066979974,-0.2409373534026473,24
2022-03-23,2.9791666666666665,4.9,8.4,0.9980457066537692,0.0624881383142285,24
2022-03-24,2.091666666666667,3.6,6.5,0.941568618057904,0.3368212248189366,24
2022-03-25,1.5416666666666667,3.3,7.2,0.3146182006448663,0.9492183035650896,24
2022-03-26,1.5083333333333335,3.1,7.4,0.999431081032963,0.0337270553900431,24
2022-03-27,1.6083333333333334,3.2,8.4,0.9995950721906102,-0.0284550813080705,24
2022-03-28,2.15,3.8,7.6,0.8781343024020855,-0.478414200191427,24
2022-03-29,2.6166666666666667,3.7,8.9,0.9998939553904388,0.0145628971589907,24
2022-03-30,1.7916666666666667,2.9,6.9,0.9903318794501884,0.1387183064510861,24
2022-03-31,1.8541666666666667,3.8,7.8,0.989299746067028,-0.1458972667040541,24
2022-04-01,1.6541666666666668,3.2,7.1,0.8090583881168855,-0.5877282744752944,24
2022-04-02,2.6666666666666665,5.0,8.4,0.9703816685786768,-0.2415769386478417,24
2022-04-03,2.7875,5.1,9.6,0.99804510068515,-0.0624978159487902,24
2022-04-04,2.4458333333333333,4.6,9.0,0.9866759111662698,-0.1626980218816789,24
2022-04-05,2.2291666666666665,4.2,7.6,0.9806388487025106,-0.1958250454242623,24
2022-04-06,1.7375,3.4,7.2,0.8534857458747309,-0.5211161881851821,24
2022-04-07,1.95,3.5,6.3,0.9999988897471944,-0.0014901356914137,24
2022-04-08,1.6291666666666669,3.7,8.5,0.7874810568430243,0.6163388557550088,24
2022-04-09,1.4,2.6,6.0,0.9508919724753816,-0.3095229501698995,24
2022-04-10,1.725,4.0,7.6,0.1121797769638398,-0.9936879276917592,24
2022-04-11,1.4875,3.2,8.9,0.8346378109855102,0.5507991689112428,24
2022-04-12,1.679166666666667,3.0,9.3,0.4875923936577676,-0.8730713932131144,24
2022-04-13,1.1541666666666666,2.6,10.3,-0.8918316163222293,-0.4523675144482414,24
2022-04-14,1.5208333333333333,3.2,7.1,0.1654054765017921,-0.9862256477820962,24
2022-04-15,1.8041666666666665,3.0,6.1,-0.4493195248361729,-0.8933711236664166,24
2022-04-16,1.9625,3.2,6.3,0.3349055543680421,-0.942251701857542,24
2022-04-17,2.120833333333333,4.0,7.4,0.8215157840869179,-0.5701857736703507,24
2022-04-18,2.375,3.1,7.1,0.9902407323143296,-0.1393674713323737,24
2022-04-19,2.495833333333333,4.3,8.0,0.9985827302249528,0.0532215266267273,24
2022-04-20,2.15,4.0,7.5,0.967717172936336,-0.2520386343481999,24
2022-04-21,1.975,4.3,8.1,0.9676219561826156,-0.252403941952832,24
2022-04-22,1.7666666666666666,3.7,7.1,0.3887414361301185,0.921346892237388,24
2022-04-23,1.4541666666666666,3.4,7.6,0.1993952471791693,0.97991914738021,24
2022-04-24,1.9416666666666669,3.8,7.1,0.9953792916081888,-0.0960211739023216,24
2022-04-25,3.045833333333333,4.8,10.6,0.9953955426064036,-0.0958525626120824,24
2022-04-26,3.125,4.1,9.2,0.999611454410334,-0.0278736472614731,24
2022-04-27,3.0083333333333333,4.2,7.8,0.999515453525159,0.0311264865411396,24
2022-04-28,2.766666666666667,4.5,8.0,0.9894538624396154,-0.1448483831574471,24
2022-04-29,2.716666666666667,4.6,8.8,0.968298316820751,-0.2497966565871138,24
2022-04-30,2.6916666666666664,4.7,8.7,0.9996115026467138,-0.0278719173430674,24
2022-05-01,2.0083333333333333,3.9,7.6,0.9820434337080712,-0.188654961002517,24
2022-05-02,1.8708333333333331,4.0,7.1,0.9992156825477032,-0.0395982291362558,24
2022-05-03,1.9291666666666665,3.4,7.4,0.3740432564939705,0.927411258434674,24
2022-05-04,2.220833333333333,4.9,9.1,-0.7381223162136714,0.6746669150828168,24
2022-05-05,1.55,2.5,7.0,-0.0373509150306879,-0.9993022111185236,24
2022-05-06,1.7,4.1,10.3,0.7582886669353943,-0.651918934835722,24
2022-05-07,1.9291666666666665,4.0,8.9,0.9995764942514124,0.0291003804108469,24
2022-05-08,2.6125,3.8,9.3,0.9714599768799492,0.237203527209037,24
2022-05-09,2.5375,4.1,6.9,0.9996990949085538,-0.024529974297141,24
2022-05-10,2.4166666666666665,4.2,8.2,0.9826150882238076,-0.185654486600563,24
2022-05-11,1.2625,2.4,7.5,0.995639120009766,0.0932884918206885,24
2022-05-12,1.3916666666666666,3.1,6.6,-0.0724451557288934,0.9973723975584128,24
2022-05-13,1.6208333333333331,3.0,6.2,0.8996530989968641,-0.4366054299540247,24
2022-05-14,2.3833333333333333,4.1,8.2,0.99439961920555,-0.1056853694881985,24
2022-05-15,1.7208333333333332,3.1,9.2,0.0612518029469263,0.9981223455247112,24
2022-05-16,1.525,3.7,6.7,0.7565143747791712,-0.6539770643933009,24
2022-05-17,2.15,3.4,7.5,-0.2997479605822032,-0.9540184275614438,24
2022-05-18,3.1291666666666664,4.5,9.2,-0.4502595084240527,-0.8928977405468839,24
2022-05-19,2.4458333333333333,4.4,8.6,-0.0741905147796284,-0.9972440862280076,24
2022-05-20,1.8958333333333333,3.1,6.2,0.7140532509023166,-0.7000913903740235,24
2022-05-21,2.2125,3.5,6.3,0.9772994845702212,-0.2118624965839394,24
2022-05-22,2.0416666666666665,4.0,9.5,0.9921299844596108,0.125212195636736,24
2022-05-23,1.7208333333333332,3.4,6.5,0.7480550704474811,0.6636366562945526,24
2022-05-24,2.6666666666666665,4.2,8.5,0.990277474282126,-0.1391061606450737,24
2022-05-25,3.25,5.1,9.9,0.9470340724268124,-0.3211330964922285,24
2022-05-26,2.7125,5.6,10.0,0.9787919335136328,-0.2048569034439508,24
2022-05-27,2.7,3.7,8.0,0.9988601616421132,-0.0477323525953996,24
2022-05-28,2.2958333333333334,3.3,6.5,0.9705862878488464,-0.2407535209291784,24
2022-05-29,1.7125,2.9,6.1,0.9020401908709677,-0.4316520520667872,24
2022-05-30,1.3125,2.9,5.8,0.9860041506630256,0.1667207691779451,24
2022-05-31,1.7291666666666667,4.0,7.5,0.8186721020946177,-0.5742612552244664,24
2022-06-01,2.058333333333333,4.4,8.3,0.9498332911646836,-0.3127566450057705,24
2022-06-02,1.4291666666666665,2.8,6.4,0.862387582390395,-0.5062486125796786,24
2022-06-03,1.95,4.3,8.7,0.7994304796455237,-0.6007586106030672,24
2022-06-04,2.2,3.8,8.0,0.9059247472421068,-0.4234387232343364,24
2022-06-05,2.983333333333333,4.8,8.4,0.98855929865601,-0.1508327319938806,24
2022-06-06,2.308333333333333,3.1,7.1,0.9973689592710788,0.0724924760407961,24
2022-06-07,1.275,2.1,6.0,0.8378879711391303,-0.5458422371165061,24
2022-06-08,1.35,2.7,6.4,0.9958574354893386,-0.0909283684039139,24
2022-06-09,1.6166666666666665,3.4,6.5,0.8873232322495371,0.4611480039100614,24
2022-06-10,1.325,2.5,7.3,-0.9969281489262748,-0.0783215543667954,24
2022-06-11,2.2041666666666666,3.3,8.1,0.1811703608246907,-0.9834517275182608,24
2022-06-12,1.525,2.2,6.5,0.2588694556915071,-0.9659123174025596,24
2022-06-13,1.8333333333333333,2.7,6.0,0.4430887346496686,-0.8964777594712294,24
2022-06-14,2.5,4.5,8.3,0.9468295369982276,-0.3217356490470431,24
2022-06-15,2.5166666666666666,4.2,7.1,0.9443650203742298,-0.328899237295529,24
2022-06-16,2.466666666666667,3.9,7.3,0.9367368742285416,-0.3500343246890812,24
2022-06-17,1.429166666666667,2.2,5.5,0.9860908374008768,-0.1662072814110072,24
2022-06-18,1.5166666666666666,3.1,7.7,-0.5146892724460891,-0.8573767858001029,24
2022-06-19,2.283333333333333,4.1,8.0,0.8825830495058041,-0.4701565278979282,24
2022-06-20,2.6166666666666667,4.4,9.4,0.9965856377030626,-0.0825655298776669,24
2022-06-21,3.0500000000000003,4.7,8.8,0.9891154904578632,-0.1471412468898541,24
2022-06-22,2.395833333333333,3.6,7.9,0.999995652941041,-0.0029485757614646,24
2022-06-23,2.225,4.6,8.6,0.9368480886695764,-0.3497365562193376,24
2022-06-24,2.1375,4.2,7.2,0.9823475152424098,-0.1870651204716243,24
2022-06-25,2.433333333333333,3.8,8.2,0.937116061710462,-0.349017889060537,24
2022-06-26,1.7833333333333332,3.9,7.7,0.9253922890978148,-0.3790107007438005,24
2022-06-27,2.6791666666666667,3.8,7.8,0.9892984839287868,-0.145905824750774,24
2022-06-28,2.3625,3.9,6.9,0.9852901482276128,0.1708898001801423,24
2022-06-29,1.3958333333333333,2.6,6.0,0.8975304338822249,-0.4409525147396093,24
2022-06-30,1.3541666666666667,2.7,6.4,0.7468931602831006,-0.6649440631529262,24
2022-07-01,2.245833333333333,5.0,8.4,0.9998864800102324,0.0150674182508888,24
2022-07-02,2.575,4.4,8.3,0.9999995945598632,0.0009004888169266,24
2022-07-03,3.0083333333333333,4.8,8.4,0.9290232073856236,-0.3700214590249172,24
2022-07-04,3.654166666666667,5.2,11.0,0.9962133349263136,-0.0869424597937749,24
2022-07-05,2.6625,4.0,8.6,0.9984832131021728,-0.0550569991296391,24
2022-07-06,2.370833333333333,4.1,8.2,0.9573224732690804,0.2890219406445998,24
2022-07-07,1.9166666666666667,4.2,7.1,0.9938485938810288,0.1107473360433646,24
2022-07-08,2.2125,3.4,7.9,0.9554779890115598,-0.2950623874952985,24
2022-07-09,2.9333333333333336,4.6,8.8,0.9656366288989944,-0.2598959425011974,24
2022-07-10,3.279166666666667,5.2,10.4,0.9994743473232222,-0.0324195780789818,24
2022-07-11,2.6083333333333334,4.0,8.9,0.9469934076880966,0.3212529934417523,24
2022-07-12,1.4708333333333332,3.2,6.3,0.9524967128075488,0.3045488665071894,24
2022-07-13,2.129166666666667,3.7,7.0,0.9355280041234448,-0.3532525350238891,24
2022-07-14,2.716666666666667,4.6,8.4,0.9984227993011904,0.0561419080150923,24
2022-07-15,2.033333333333333,3.3,7.1,0.9932151726013108,-0.11629110419352,24
2022-07-16,1.8625,3.0,6.3,0.999838596914298,-0.0179660825014253,24
2022-07-17,2.0,3.9,8.4,0.9108753686887684,-0.4126815512184916,24
2022-07-18,3.4416666666666664,6.4,10.7,0.9883628868283584,-0.1521144435624494,24
2022-07-19,3.079166666666667,5.5,8.7,0.9487260378291928,-0.3160995177866003,24
2022-07-20,2.654166666666667,4.7,8.9,0.8474285450577074,-0.5309094659368744,24
2022-07-21,2.7416666666666667,4.9,9.4,0.9770034777012384,-0.2132233677618048,24
2022-07-22,2.5416666666666665,4.2,9.0,0.9733119641197407,-0.2294859919502108,24
2022-07-23,2.0,4.1,7.6,0.9297179182585794,-0.3682724432657614,24
2022-07-24,2.5166666666666666,4.9,8.9,0.9986950091683464,-0.0510713095801968,24
2022-07-25,2.4250000000000003,4.0,7.4,0.9769926207551044,-0.2132731089239167,24
2022-07-26,2.7541666666666664,4.2,8.4,0.9824249206496106,-0.1866581776580019,24
2022-07-27,2.8208333333333333,4.6,9.7,0.9962225108395502,-0.0868372552338137,24
2022-07-28,1.9916666666666665,3.4,6.7,0.9970376090176446,0.0769155784245196,24
2022-07-29,1.475,2.8,7.4,-0.8016775040579787,0.5977567895786459,24
2022-07-30,1.6416666666666666,2.7,6.5,-0.8924200971093983,0.4512054634811642,24
2022-07-31,1.8708333333333331,4.5,7.7,0.8998462885460261,-0.4362071262484622,24
2022-08-01,1.8916666666666664,3.9,7.9,0.946998514264259,0.3212379398223165,24
2022-08-02,2.4666666666666663,4.3,8.1,0.9977549153327918,-0.0669711051816634,24
2022-08-03,2.6958333333333333,4.0,8.3,0.9996297319980768,-0.0272102720576816,24
2022-08-04,2.3875,4.1,6.6,0.9846000781320098,-0.1748218697487252,24
2022-08-05,1.2833333333333334,2.9,6.0,0.9904743527671438,-0.1376973366137035,24
2022-08-06,1.675,4.0,6.8,0.9213415693308004,-0.3887540515841063,24
2022-08-07,1.675,3.2,7.3,0.9408499878451034,0.3388234058796242,24
2022-08-08,1.6583333333333332,3.2,8.1,-0.2728679793620127,0.96205148814338,24
2022-08-09,2.245833333333333,3.5,7.5,0.9259103257565386,-0.3777433899586074,24
2022-08-10,2.720833333333333,5.1,10.1,-0.9309334108513744,-0.3651889710281872,24
2022-08-11,2.3916666666666666,3.6,8.6,0.2685788921758106,-0.963257690692171,24
2022-08-12,2.025,3.5,7.2,0.97122891129501,-0.2381478571491022,24
2022-08-13,2.4,4.6,8.4,0.9468601054934906,-0.3216456755886137,24
2022-08-14,2.8625000000000003,4.6,7.7,0.999838438934906,-0.0179748721333496,24
2022-08-15,2.658333333333333,3.8,8.5,0.9975385356445492,0.070120395778466,24
2022-08-16,1.6166666666666665,3.5,6.8,0.8471090903257062,0.5314190334261227,24
2022-08-17,2.225,4.4,9.7,0.6563276084288145,0.7544760237503327,24
2022-08-18,1.975,3.4,8.8,0.3920823180741479,0.9199301363981957,24
2022-08-19,2.2375000000000003,4.2,8.4,0.4484957055022907,-0.8937849865297595,24
2022-08-20,3.641666666666667,6.2,13.3,0.8604237590060497,-0.5095791939805816,24
2022-08-21,4.0625,6.6,11.2,0.9999959455742125,-0.0028476016464939,24
2022-08-22,3.716666666666667,5.6,10.4,0.9861689657267848,-0.1657430874497128,24
2022-08-23,3.0500000000000003,5.0,9.4,0.9991958700872146,-0.0400950520719716,24
2022-08-24,2.4,4.1,8.3,0.9309678069086492,-0.3651012770447401,24
2022-08-25,2.833333333333333,4.4,9.0,0.9604363154775958,-0.2784997018163937,24
2022-08-26,2.620833333333333,4.0,8.4,0.9005616687314979,-0.4347282838872344,24
2022-08-27,2.983333333333333,5.0,10.1,0.9977403949592752,-0.0671870840750609,24
2022-08-28,2.3625000000000003,3.7,9.4,0.89813613043273,-0.4397175129686357,24
2022-08-29,2.4875000000000003,4.8,10.5,0.8578581724321637,-0.513886520538677,24
2022-08-30,3.025,4.8,10.8,0.997684412608593,-0.0680133283838313,24
2022-08-31,3.858333333333333,4.7,9.4,0.9957873702809522,-0.0916924925440777,24
2022-09-01,3.7458333333333336,4.8,9.8,0.9930951124940716,-0.1173119667399163,24
2022-09-02,2.783333333333333,4.1,7.7,0.99329212816446,0.1156319511489704,24
2022-09-03,2.1416666666666666,3.7,8.9,0.996148997587046,-0.0876765339547779,24
2022-09-04,2.2833333333333337,4.1,8.8,0.9996192460607444,0.0275928053113327,24
2022-09-05,2.8791666666666664,4.8,10.8,0.9952020562529976,0.0978410304003658,24
2022-09-06,3.8666666666666663,5.4,11.3,0.9962238373224116,0.0868220360888234,24
2022-09-07,3.3833333333333333,5.2,9.9,0.9656450820537904,0.2598645329884949,24
2022-09-08,2.3583333333333334,3.6,7.4,0.9883239276628608,0.1523673653019453,24
2022-09-09,2.3583333333333334,5.0,9.6,0.974617688606398,-0.2238757714794571,24
2022-09-10,2.1166666666666667,3.4,8.9,0.926893450133872,-0.3753245690051842,24
2022-09-11,2.208333333333333,4.0,8.3,0.9867091050481556,0.1624965907798318,24
2022-09-12,2.3666666666666667,4.5,10.2,0.7631332804916947,0.6462411285317459,24
2022-09-13,2.1666666666666665,3.1,8.0,0.7486646603585392,0.6629488866649021,24
2022-09-14,2.029166666666667,3.4,8.1,-0.2132729731747134,0.976992650388537,24
2022-09-15,2.3833333333333333,4.1,8.7,-0.5912027118818796,-0.8065230024391811,24
2022-09-16,2.025,3.5,7.4,0.3085618601905789,-0.9512042779738374,24
2022-09-17,2.5625,4.0,9.0,0.4398638408871156,-0.8980644751241607,24
2022-09-18,2.654166666666667,4.4,8.6,0.989775076792776,0.1426369424793389,24
2022-09-19,1.5458333333333334,3.4,7.1,-0.5183598884870545,0.8551625728524889,24
2022-09-20,1.4708333333333332,3.4,7.7,-0.7677996624761939,0.6406900017180249,24
2022-09-21,1.8541666666666667,4.7,15.7,0.2063156538257259,0.9784854883882864,24
2022-09-22,2.904166666666667,5.0,10.3,-0.2576073979740401,0.9662496719321796,24
2022-09-23,1.475,3.5,6.9,-0.9743024695401646,0.2252436410821327,24
2022-09-24,1.9583333333333333,3.1,7.1,0.4670738672614565,-0.8842183002638134,24
2022-09-25,2.658333333333333,4.2,9.5,0.8183556630184045,0.5747121094997979,24
2022-09-26,2.45,4.2,10.1,0.6225016131533865,0.7826185160226096,24
2022-09-27,1.5541666666666665,3.1,7.8,0.3380865242151121,0.9411150313028396,24
2022-09-28,1.8958333333333333,3.6,10.0,0.992422019250305,0.1228760990068744,24
2022-09-29,2.0916666666666663,3.5,8.0,0.7279090201030413,-0.6856737259459709,24
2022-09-30,2.7375000000000003,4.7,9.4,0.9126562073206828,-0.4087280847201802,24
2022-10-01,3.0083333333333333,5.0,9.9,0.8622468104429606,-0.5064883393336329,24
2022-10-02,1.7666666666666666,3.2,8.0,-0.3047264738139663,-0.9524399068481464,24
2022-10-03,1.8583333333333332,3.3,8.5,0.868063035272926,0.4964539926244472,24
2022-10-04,1.575,3.5,8.4,-0.0743030851737762,0.9972357051036924,24
2022-10-05,2.475,4.6,10.9,0.9991822924160534,-0.0404319987410994,24
2022-10-06,2.6041666666666665,5.1,10.4,0.719885232598416,0.6940931147092041,24
2022-10-07,2.658333333333333,5.6,12.4,-0.9788566131856388,0.2045476248279136,24
2022-10-08,1.9791666666666667,4.3,8.5,0.050824059222125,0.9987076223821394,24
2022-10-09,2.7875,4.4,8.9,0.9514700293591458,-0.3077414226770688,24
2022-10-10,2.858333333333333,4.4,11.9,0.9953898153032752,-0.0959120200522924,24
2022-10-11,3.1750000000000003,5.3,11.3,0.8936820136233966,0.448700856391016,24
2022-10-12,3.016666666666667,4.8,10.1,0.9998066445047336,0.0196640180071483,24
2022-10-13,3.279166666666667,5.4,10.6,0.99776671100681,0.0667951375973791,24
2022-10-14,2.7,4.7,8.5,0.96380791936679,-0.2665976267071013,24
2022-10-15,3.65,5.0,9.6,0.9351516534337132,-0.354247632427081,24
2022-10-16,2.983333333333333,4.2,9.4,0.9830656126461502,-0.1832539255586341,24
2022-10-17,3.0625,4.5,8.5,0.9956864447476392,-0.0927820227512118,24
2022-10-18,2.620833333333333,4.2,9.0,0.998626223184142,-0.0523991065665822,24
2022-10-19,2.35,3.8,9.0,0.925494041831721,0.3787621661860971,24
2022-10-20,2.216666666666667,4.5,10.3,0.6443895849347495,0.7646973668240405,24
2022-10-21,2.208333333333333,5.0,11.1,-0.4973879293941792,0.8675282402855661,24
2022-10-22,1.5458333333333334,4.0,8.5,0.8208816621454926,-0.5710983249434841,24
2022-10-23,2.270833333333333,4.1,7.7,0.8697846293762711,-0.4934315540181664,24
2022-10-24,1.825,2.9,9.6,0.8180842197075222,0.5750984345879708,24
2022-10-25,2.1958333333333333,3.8,8.6,0.9592908769576528,0.2824199238471283,24
2022-10-26,2.033333333333333,3.7,12.6,0.0019041316376067,0.99999818713971,24
2022-10-27,2.066666666666667,4.3,13.5,0.3665046922536561,0.9304162028662508,24
2022-10-28,2.3583333333333334,4.4,8.6,0.9514057168377026,0.3079401921940968,24
2022-10-29,2.4,4.0,9.9,-0.9591202438101905,-0.2829988655692478,24
2022-10-30,2.158333333333333,3.9,9.6,-0.5048213929427179,0.8632238187326471,24
2022-10-31,1.6375,3.9,9.9,-0.8335658011649004,0.5524201798706466,24
2022-11-01,1.6625,3.7,9.3,-0.5431483398692997,-0.8396367553276974,24
2022-11-02,2.5958333333333337,3.6,8.4,-0.1739869207579832,-0.9847479633922354,24
2022-11-03,2.9958333333333336,4.0,7.7,0.4174306240977222,-0.9087087949752584,24
2022-11-04,3.5666666666666664,4.3,10.3,0.8963082808279058,-0.443431466767215,24
2022-11-05,2.066666666666667,3.8,8.0,0.9999045144399242,-0.0138189001971699,24
2022-11-06,2.2333333333333334,4.3,8.0,0.8264520510241512,0.5630071112854383,24
2022-11-07,2.2375000000000003,4.0,8.0,0.3363053874863844,0.9417529858448196,24
2022-11-08,2.3625000000000003,4.9,9.3,0.6006997405357674,0.7994747161231941,24
2022-11-09,1.9041666666666668,3.6,10.6,-0.2011600656702873,0.9795583841607022,24
2022-11-10,2.083333333333333,4.1,13.9,0.0658088978659485,0.9978322448997472,24
2022-11-11,2.0625,5.5,9.4,0.5562204209577131,0.8310348027066161,24
2022-11-12,1.5583333333333331,2.9,7.3,-0.3124961231666091,0.9499190349739494,24
2022-11-13,1.9416666666666669,5.1,12.3,0.2305422624129377,0.9730623131339144,24
2022-11-14,1.625,3.6,6.4,-0.6203135834052631,0.7843539113454601,24
2022-11-15,1.8875,3.1,14.7,-0.3276836479640891,0.9447875035461396,24
2022-11-16,1.65,3.1,7.5,0.3097102513272255,0.9508309840464956,24
2022-11-17,1.8416666666666668,3.4,8.1,0.939102784665416,-0.34363637734335,24
2022-11-18,2.466666666666667,3.8,8.2,0.8869323368140672,0.4618993720644553,24
2022-11-19,2.4291666666666667,4.6,12.3,0.5602534313639203,0.8283212496640135,24
2022-11-20,2.279166666666667,4.0,8.6,0.0997663537409288,0.9950108917299548,24
2022-11-21,1.9541666666666664,3.5,7.4,0.7985055639550604,0.6019874287165895,24
2022-11-22,1.875,3.5,7.7,0.284441562016746,0.9586933804911107,24
2022-11-23,1.65,3.5,8.4,-0.2082865727961005,0.9780678420195884,24
2022-11-24,2.025,4.8,7.8,-0.114629763623038,0.9934082832812128,24
2022-11-25,2.2666666666666666,3.6,9.0,-0.2314141215485847,0.9728553357760324,24
2022-11-26,1.8416666666666668,3.4,7.3,-0.4622852852448524,0.8867312529995125,24
2022-11-27,2.220833333333333,4.0,10.4,-0.739834434420734,0.6727889785403388,24
2022-11-28,2.0708333333333333,3.9,9.0,-0.4415941421422656,0.8972149205322193,24
2022-11-29,2.6,4.1,9.3,-0.4729301487171445,0.8810999230702382,24
2022-11-30,2.6,5.3,10.9,-0.627191248504028,0.7788652886089857,24
2022-12-01,2.0125,3.7,9.1,-0.5370711312277139,0.8435369582903784,24
2022-12-02,1.7,5.3,11.7,0.8964897216856804,0.4430645313178784,24
2022-12-03,2.2916666666666665,4.1,7.8,0.8414233527970333,0.540376481138659,24
2022-12-04,2.316666666666667,4.6,8.0,0.3407347974990852,0.940159453376531,24
2022-12-05,2.529166666666667,4.5,8.0,0.906328010565979,0.4225748895326302,24
2022-12-06,1.4666666666666668,3.2,6.7,0.4619139299324447,0.8869247551705638,24
2022-12-07,1.5208333333333333,3.5,6.8,0.960894871327017,-0.2769134273693411,24
2022-12-08,1.4333333333333331,3.5,7.8,-0.999725208221762,-0.0234415879571896,24
2022-12-09,2.2875,4.1,9.1,-0.1936634021163591,0.9810680336657176,24
2022-12-10,3.0583333333333336,4.5,13.0,-0.5876439818512951,0.8091196145156504,24
2022-12-11,2.0083333333333333,3.6,8.5,-0.7234280589956248,0.6903997707544686,24
2022-12-12,2.279166666666667,3.9,9.9,-0.9689141714372476,0.2473971066687559,24
2022-12-13,2.6916666666666664,4.9,11.9,-0.8494929012696855,0.5276000480405707,24
2022-12-14,1.8666666666666665,3.1,7.1,-0.962457835580411,0.2714312338878314,24
2022-12-15,2.3000000000000003,3.6,8.2,-0.8053013753322128,0.5928656634415983,24
2022-12-16,2.120833333333333,3.4,9.1,-0.7305457335508488,0.6828637720590046,24
2022-12-17,2.829166666666667,4.3,9.9,-0.614285882959966,0.7890835532414137,24
2022-12-18,2.120833333333333,3.7,10.6,-0.5379081894305143,0.8430034280734486,24
2022-12-19,2.625,4.8,9.0,-0.6536707440473568,0.7567790684054196,24
2022-12-20,3.5,5.3,11.4,-0.5598420857831954,0.8285993235490368,24
2022-12-21,2.775,3.9,8.6,-0.7488537492904774,0.6627352881608122,24
2022-12-22,1.925,3.4,7.7,-0.8718236269183256,0.4898199297159888,24
2022-12-23,1.5666666666666669,3.3,6.9,-0.6495434691727221,0.7603244581460372,24
2022-12-24,2.308333333333333,3.5,7.8,0.9702159994327684,0.2422414383310061,24
2022-12-25,2.1750000000000003,3.3,9.5,0.9870972425249808,0.1601219341613737,24
2022-12-26,2.9375,5.1,9.9,0.1856028660291596,0.9826248399678088,24
2022-12-27,3.0416666666666665,4.3,9.0,0.0756911227573289,0.9971313122832594,24
2022-12-28,2.216666666666667,5.2,9.6,0.2227006510575783,0.9748868754981423,24
2022-12-29,2.4291666666666667,5.0,9.6,-0.0853572855719591,0.9963504071358564,24
2022-12-30,1.6666666666666667,4.1,7.7,0.4138431079466198,0.9103482201910884,24
2022-12-31,1.2291666666666667,3.6,7.2,0.9975916563496532,-0.0693605592650112,24
2023-01-01,2.0375,3.4,8.1,0.993336983748881,-0.1152459835164563,24
2023-01-02,2.558333333333333,4.5,9.0,0.5482663302550029,0.8363037911600737,24
2023-01-03,1.6666666666666667,4.5,9.3,-0.9193620170512176,0.3934126098684649,24
2023-01-04,2.5125,4.4,9.2,-0.4550057553887296,0.8904884965922533,24
2023-01-05,2.5375,4.4,9.8,-0.6319096031969845,0.7750420978162602,24
2023-01-06,3.141666666666667,4.9,11.5,-0.4010381252313025,0.9160613637256853,24
2023-01-07,2.3375,4.8,10.1,-0.3964538535344931,0.9180546508883068,24
2023-01-08,2.5791666666666666,4.4,9.3,-0.5018910390689332,0.8649308555614759,24
2023-01-09,2.145833333333333,5.9,14.4,0.2936654560711521,0.955908259149654,24
2023-01-10,1.9,4.4,8.3,-0.3101339437346628,0.9506928720378548,24
2023-01-11,1.4375,3.4,9.0,-0.926974667700084,-0.3751239334437604,24
2023-01-12,1.4916666666666665,7.2,12.6,-0.6253127221036986,0.780374268909004,24
2023-01-13,1.2708333333333333,4.7,9.8,-0.2570477280324951,0.9663987093913838,24
2023-01-14,1.2458333333333331,2.7,6.0,0.920324519542548,0.3911556962755085,24
2023-01-15,1.7208333333333332,3.1,7.7,0.9178186591316356,-0.3969998853271956,24
2023-01-16,2.020833333333333,3.9,8.6,0.904838683112468,-0.4257545743069526,24
2023-01-17,2.6,3.7,9.6,0.9999329195171904,0.0115825932255099,24
2023-01-18,1.9625,3.2,7.2,0.996712093880788,0.0810246993933027,24
2023-01-19,1.5750000000000002,3.2,8.5,-0.7737250625607006,0.6335215288886716,24
2023-01-20,1.383333333333333,2.8,9.4,-0.0698029931107295,0.9975607962188486,24
2023-01-21,2.4166666666666665,5.8,11.3,-0.6101053701131087,0.7923202871056291,24
2023-01-22,2.7,4.9,10.1,-0.7245804800062647,0.689190197256092,24
2023-01-23,2.645833333333333,4.4,10.3,-0.7815238808299478,0.6238753270425891,24
2023-01-24,2.708333333333333,4.7,10.2,-0.8067161233862444,0.5909391646089042,24
2023-01-25,1.9166666666666667,4.5,8.5,-0.9076352327136008,0.4197597936164534,24
2023-01-26,1.9416666666666669,4.4,8.4,-0.1602601729802913,0.9870748081864552,24
2023-01-27,2.404166666666667,6.6,13.7,0.034806740132173,0.9993940618401588,24
2023-01-28,1.6833333333333331,3.5,6.6,0.9881358110228132,-0.1535826128644996,24
2023-01-29,1.4333333333333331,3.9,10.3,0.2228954737517623,-0.974842350219243,24
2023-01-30,1.7083333333333333,3.6,10.5,0.9976265243140888,0.0688572289958776,24
2023-01-31,2.0,3.8,8.9,0.998119218341754,-0.0613027403697923,24
2023-02-01,1.9208333333333332,3.4,7.9,0.9260605902701288,-0.3773748575998947,24
2023-02-02,1.975,3.2,6.5,0.908809468568742,0.4172113970636477,24
2023-02-03,1.8291666666666664,4.3,10.6,-0.0812923768380148,0.996690297669254,24
2023-02-04,1.7541666666666669,5.0,9.8,-0.9336459935493486,0.3581970948085003,24
2023-02-05,1.4041666666666668,3.0,7.1,-0.7870821232669211,0.6168482238230366,24
2023-02-06,1.4708333333333332,3.7,11.7,-0.0560311261110856,-0.9984290224681592,24
2023-02-07,1.6958333333333335,2.9,6.8,0.9148240594143664,-0.4038526220251882,24
2023-02-08,1.6958333333333335,3.2,7.5,0.999878758557764,0.0155713899503121,24
2023-02-09,1.4916666666666665,3.2,7.4,-0.616144856248623,0.7876328561699057,24
2023-02-10,2.0458333333333334,3.2,7.5,0.9875691419189532,0.1571852090034637,24
2023-02-11,1.7166666666666668,2.8,7.1,0.9383631498105004,-0.3456509787020954,24
2023-02-12,2.1625,4.0,8.9,0.9085388685870974,0.4178003401943048,24
2023-02-13,1.8875,3.3,8.3,0.989800855186342,-0.1424579484352705,24
2023-02-14,2.0,3.6,6.6,0.99819141414793,-0.0601157277370554,24
2023-02-15,2.066666666666667,3.2,7.5,0.4665371260723112,0.8845016167289851,24
2023-02-16,1.9666666666666668,3.7,7.4,-0.6290693112686053,0.7773492147162963,24
2023-02-17,1.5791666666666666,3.7,7.7,-0.8769938051925102,-0.4805016812186628,24
2023-02-18,1.8208333333333333,4.2,9.3,0.7539497977593298,0.6569320379298499,24
2023-02-19,2.6791666666666667,5.3,9.8,0.9970690858110036,-0.0765064580281255,24
2023-02-20,2.1875,4.7,8.9,0.980152265271934,0.1982461522509235,24
2023-02-21,1.7208333333333332,4.6,11.1,0.9971748404819752,0.0751154944718286,24
2023-02-22,1.6916666666666669,4.0,8.0,0.901022150724823,-0.4337730788133519,24
2023-02-23,1.7833333333333332,3.5,7.2,0.6567567111976886,-0.7541025277087962,24
2023-02-24,1.4458333333333335,3.5,7.3,0.6359120686150845,-0.7717615182099222,24
2023-02-25,1.7083333333333333,3.3,7.4,0.836619303100306,0.547784758531997,24
2023-02-26,1.8541666666666667,3.4,7.6,0.904454760159678,-0.4265695568421399,24
2023-02-27,2.5541666666666667,4.2,8.5,0.9219431944725324,-0.3873251168795826,24
2023-02-28,2.475,4.5,8.3,0.9898229153805436,-0.1423045894817225,24
2023-03-01,1.7583333333333335,3.8,8.9,-0.8252645248297242,0.564746371442588,24
2023-03-02,1.8666666666666665,4.1,7.5,0.7762794687168002,-0.6303889168194206,24
2023-03-03,1.775,4.1,8.8,0.9977585763108506,-0.0669165405422632,24
2023-03-04,2.0125,4.4,9.3,0.96052056996134,-0.2782089766365252,24
2023-03-05,1.4291666666666665,2.9,6.4,0.8023413108778958,-0.596865496455223,24
2023-03-06,1.8958333333333333,4.1,8.6,-0.1003067494476773,0.9949565598634148,24
2023-03-07,1.7875,3.6,8.3,0.994216035591052,0.1073986711910906,24
2023-03-08,2.5166666666666666,5.5,10.8,0.9915707820435702,0.1295661383136138,24
2023-03-09,1.4166666666666667,2.5,5.6,0.9972507372906896,0.0741010591906459,24
2023-03-10,1.2083333333333333,2.9,5.6,0.2750482982138309,-0.961430410196014,24
2023-03-11,1.5541666666666665,3.6,10.0,0.6885493742603143,-0.7251894643510273,24
2023-03-12,2.0875,3.7,7.8,0.9379880256695516,-0.3466676559769265,24
2023-03-13,1.5041666666666669,3.5,7.4,0.9779405724899684,0.2088833087587243,24
2023-03-14,1.4666666666666668,3.1,8.0,0.3296766812396065,-0.94409389673212,24
2023-03-15,1.6041666666666667,3.5,8.6,0.7944983535496196,-0.6072663058386688,24
2023-03-16,1.7916666666666667,3.2,7.1,0.8482694989458841,0.5295647808890793,24
2023-03-17,1.675,4.5,10.1,0.9823179109298088,0.1872205166815229,24
2023-03-18,1.9166666666666667,4.3,8.7,0.9986857722326394,0.0512516179266232,24
2023-03-19,2.2375000000000003,4.4,9.4,0.5233201898828963,0.8521361269544494,24
2023-03-20,1.5625,3.6,7.9,0.6686805070800778,0.7435498500108314,24
2023-03-21,1.7333333333333334,3.9,11.1,0.9997481532489724,0.0224417039297266,24
2023-03-22,2.083333333333333,4.5,8.2,0.9939735641675752,0.1096200425834941,24
2023-03-23,2.020833333333333,4.0,10.1,0.9998974445957838,-0.0143213229424365,24
2023-03-24,2.2333333333333334,4.2,9.9,0.9396301829321524,-0.3421916412229995,24
2023-03-25,2.1,4.0,7.9,0.9887590894988874,-0.1495174335431529,24
2023-03-26,2.0,4.5,9.2,0.911832575002225,-0.4105622427413555,24
2023-03-27,1.9875,3.6,7.9,0.8835921314145582,-0.4682573494375481,24
2023-03-28,1.6416666666666666,3.0,8.0,0.9965077214917688,0.0835006647116251,24
2023-03-29,2.558333333333333,4.0,9.2,0.989593559985135,-0.1438908823933853,24
2023-03-30,1.8125,4.4,8.5,0.8410164353310893,-0.5410095706205093,24
2023-03-31,1.3083333333333331,3.6,7.3,0.8510443251053066,-0.5250938551402531,24
2023-04-01,1.4291666666666665,2.4,5.6,0.427980849265585,-0.903787802895076,24
2023-04-02,1.5375,3.3,8.8,-0.977123722655694,-0.2126716497878325,24
2023-04-03,2.1750000000000003,4.7,9.0,0.8888959787414145,-0.458109090694938,24
2023-04-04,2.208333333333333,4.1,8.1,0.9866084186327266,0.1631068002353993,24
2023-04-05,1.9583333333333333,3.9,8.7,0.99792677963697,0.0643594785823074,24
2023-04-06,1.8291666666666664,4.4,7.8,0.9952955845574368,0.0968849800560968,24
2023-04-07,1.1625,2.7,5.0,-0.15334304070447,0.9881730171723508,24
2023-04-08,1.3541666666666667,4.0,7.3,0.2413967653761566,-0.9704265050306122,24
2023-04-09,1.95,3.7,6.9,0.5297745143913521,-0.8481385287212266,24
2023-04-10,2.1666666666666665,7.7,16.6,0.8638922479377296,-0.5036766660796352,24
2023-04-11,2.275,4.0,15.3,0.9945220742587162,0.1045267612247717,24
2023-04-12,1.7958333333333334,3.0,9.1,0.9867522528851046,-0.1622343719011806,24
2023-04-13,1.875,3.4,7.1,0.9925217773845812,-0.122067691947345,24
2023-04-14,1.7583333333333335,3.7,8.6,0.8464614647326633,-0.5324499870622914,24
2023-04-15,1.3166666666666669,2.7,5.4,0.3787016862977024,-0.925518791162706,24
2023-04-16,1.4833333333333334,3.1,11.4,0.4935822489842141,-0.8696991223910056,24
2023-04-17,1.5583333333333331,3.5,8.3,0.9999036772482638,0.0138793452799484,24
2023-04-18,1.9208333333333332,4.2,9.9,-0.725210225436199,0.6885275077458978,24
2023-04-19,2.725,4.3,9.5,-0.7946681916224119,0.6070440389490417,24
2023-04-20,1.8291666666666664,3.1,7.1,-0.596634289641961,-0.8025132549830143,24
2023-04-21,2.3666666666666667,4.2,7.7,0.8491634322913983,-0.5281301593916898,24
2023-04-22,3.0666666666666664,4.7,9.5,0.9963475632166812,-0.0853904753012972,24
2023-04-23,3.279166666666667,4.0,9.6,0.98354193859421,-0.1806799795947055,24
2023-04-24,3.5375,5.0,9.3,0.9990885908178576,-0.0426847478332439,24
2023-04-25,2.7125,4.1,8.9,0.998760233729998,-0.0497794688561406,24
2023-04-26,2.1791666666666667,3.4,6.2,0.9849892667664324,-0.1726155970789605,24
2023-04-27,1.3916666666666666,2.8,16.7,0.7243914731480396,0.6893888551684114,24
2023-04-28,1.25,3.4,6.8,-0.8790863291393484,0.4766625912742736,24
2023-04-29,1.025,2.3,6.6,0.6788217517489924,-0.7343030909320953,24
2023-04-30,1.7208333333333332,5.8,12.7,0.8985962329559638,-0.438776492211412,24
2023-05-01,1.5583333333333331,3.7,7.5,0.4512136978935661,-0.8924159337625106,24
2023-05-02,1.2833333333333334,2.6,6.6,-0.9666105200658008,0.2562500780451044,24
2023-05-03,1.3791666666666669,2.5,5.8,0.8436247719349849,-0.5369331840905764,24
2023-05-04,1.8083333333333331,3.5,7.7,0.9455564931324806,-0.3254580131061534,24
2023-05-05,2.1625,4.4,8.3,0.9269412101954664,-0.3752066002102902,24
2023-05-06,2.0875,4.2,8.6,0.8907497775474683,-0.4544940415441502,24
2023-05-07,2.1875,4.3,8.3,0.9430400621566674,-0.3326791865559806,24
2023-05-08,2.0,4.0,7.1,0.9372117359009698,-0.3487608952986138,24
2023-05-09,1.3666666666666665,2.6,5.2,0.874031514595806,-0.4858692329149492,24
2023-05-10,1.2291666666666667,2.6,5.6,0.811627527705014,-0.5841752787233013,24
2023-05-11,1.375,2.7,5.2,0.3863351949305798,-0.922358453724988,24
2023-05-12,1.3833333333333335,2.8,6.7,0.1969835869304494,-0.9804067862270304,24
2023-05-13,1.5166666666666666,2.7,5.6,0.3669228751852066,-0.9302513658500164,24
2023-05-14,1.5083333333333335,3.3,6.0,0.7875079986316383,-0.6163044313415176,24
2023-05-15,1.4541666666666666,3.2,5.7,0.8059014582894256,-0.5920496934607579,24
2023-05-16,1.5125,2.8,5.9,0.6174874624148162,-0.7865807229779478,24
2023-05-17,1.6,3.8,6.2,0.6524332581107073,-0.7578461873698693,24
2023-05-18,1.6125,3.4,6.3,0.7976974841312724,-0.6030578113337381,24
2023-05-19,1.5708333333333335,3.0,5.8,0.8398864178861871,-0.5427621993565036,24
2023-05-20,1.9125,3.1,6.8,0.9508354914207532,-0.30969641304777,24
2023-05-21,2.4375,4.6,8.5,0.9912606126013954,-0.1319181485054505,24
2023-05-22,2.208333333333333,3.1,6.3,0.9262214592801118,-0.3769798514098866,24
2023-05-23,2.333333333333333,3.7,7.1,0.9236826176573018,-0.3831584813595478,24
2023-05-24,2.716666666666667,3.7,7.5,0.9726921645768308,-0.2320990154456491,24
2023-05-25,2.6791666666666667,3.9,8.3,0.9820489194864072,-0.1886264025410547,24
2023-05-26,2.9791666666666665,4.4,9.0,0.9942061601455248,-0.1074900513009968,24
2023-05-27,1.9833333333333332,3.1,6.9,0.963714350339424,-0.2669356681859175,24
2023-05-28,1.5125,3.3,5.9,0.984485648794656,-0.1754651170955798,24
2023-05-29,1.1583333333333334,2.4,5.5,0.9813902283235758,0.1920240082671947,24
2023-05-30,2.3416666666666663,4.2,8.1,0.9991360673215413,-0.0415586209738098,24
2023-05-31,1.5375,2.5,6.0,0.9999670166533524,0.0081219212871219,24
2023-06-01,1.5791666666666666,2.5,5.5,0.7310664561277365,-0.6823062631434892,24
2023-06-02,1.7958333333333334,2.9,6.2,0.6338637477673528,-0.7734447292898994,24
2023-06-03,2.3541666666666665,3.9,8.4,0.9173647043851362,-0.3980477347610106,24
2023-06-04,2.1416666666666666,3.3,7.1,0.8766380207583907,-0.4811504760060114,24
2023-06-05,1.4916666666666665,3.5,6.3,0.7777503101236465,-0.6285733490234625,24
2023-06-06,2.15,3.8,6.6,0.9637972489455642,-0.2666361995771807,24
2023-06-07,2.0416666666666665,3.6,7.3,0.937657240312486,-0.3475613610422955,24
2023-06-08,2.2125,3.3,6.8,0.978843119772188,-0.2046121865252663,24
2023-06-09,1.875,3.4,8.2,0.9825258633547018,-0.1861261073549272,24
2023-06-10,1.6625,3.5,7.0,0.9928717726196185,-0.1191874285953706,24
2023-06-11,1.4041666666666668,2.9,6.2,0.8146895728505942,-0.5798973184008669,24
2023-06-12,1.4583333333333333,2.7,5.9,0.8777753058223596,0.4790725545138889,24
2023-06-13,1.5416666666666667,2.9,7.3,0.8978820209942779,0.4402361597770349,24
2023-06-14,2.15,3.5,6.8,0.998966840093231,-0.0454450480706647,24
2023-06-15,1.5125,2.5,6.2,0.9776919254419356,0.2100440404430474,24
2023-06-16,1.8416666666666668,3.1,6.1,0.7059601278046993,-0.708251578148593,24
2023-06-17,2.0625,3.1,6.9,0.4623201070845704,-0.886713098237142,24
2023-06-18,1.7083333333333333,3.0,6.0,0.7631444542598499,-0.6462279334201175,24
2023-06-19,2.175,4.3,8.3,0.8759806427198866,-0.4823462590090799,24
2023-06-20,2.1958333333333333,3.5,7.9,0.9080323704791448,-0.4189000049678028,24
2023-06-21,2.020833333333333,3.2,6.5,0.9750804844580956,-0.221851411600119,24
2023-06-22,2.270833333333333,4.0,8.0,0.9616259129314084,-0.2743639983285625,24
2023-06-23,2.183333333333333,3.5,7.4,0.9917758842675328,-0.1279867000330624,24
2023-06-24,1.625,3.1,8.7,0.8995424846928959,-0.4368332842544522,24
2023-06-25,1.825,3.7,6.5,0.7749601249806227,-0.6320101302115477,24
2023-06-26,2.4791666666666665,3.8,8.1,0.9950554143042084,-0.0993213092134823,24
2023-06-27,2.441666666666667,4.0,8.4,0.9811739615314526,0.1931260138165635,24
2023-06-28,2.379166666666667,3.4,7.0,0.9643814353360184,-0.2645154951590563,24
2023-06-29,2.0500000000000003,4.5,10.5,0.790163233652098,-0.6128964547005147,24
2023-06-30,2.270833333333333,4.8,9.3,0.9581885719001612,-0.2861374856252317,24
2023-07-01,2.2125,4.6,7.8,0.9060151381472352,-0.4232452828420491,24
2023-07-02,1.7125,3.5,7.7,0.976944966254618,-0.2134912946931629,24
2023-07-03,1.7166666666666668,3.8,8.1,0.921704913816162,-0.3878918043051972,24
2023-07-04,2.3541666666666665,4.0,7.9,0.9691176622362164,-0.2465987768457314,24
2023-07-05,2.716666666666667,3.6,7.5,0.9579342067684338,-0.2869879013180372,24
2023-07-06,2.316666666666667,3.2,6.0,0.9910505375209812,-0.1334871981853461,24
2023-07-07,1.4,2.4,5.6,0.98288706119264,-0.1842091879904351,24
2023-07-08,1.4291666666666665,3.0,7.0,0.3594661660603328,-0.9331581192155408,24
2023-07-09,1.125,3.1,6.0,0.940134479419372,-0.3408036980533903,24
2023-07-10,1.5375,3.8,6.8,0.9997075086229684,0.0241846480821461,24
2023-07-11,1.5541666666666665,3.2,6.5,0.9287442251851874,-0.3707211407313667,24
2023-07-12,1.3875,2.9,6.7,0.6329701100439276,0.7741762330315871,24
2023-07-13,1.4625,2.7,8.1,-0.9501270201218432,0.3118631841599559,24
2023-07-14,2.033333333333333,2.9,7.0,-0.1353903357318129,-0.9907923379752324,24
2023-07-15,2.0458333333333334,3.3,7.6,0.8698041587816975,-0.4933971274400202,24
2023-07-16,1.6583333333333332,2.9,5.9,0.998992599641104,-0.0448752254847689,24
2023-07-17,1.6375,2.8,6.5,0.9506541195280014,0.3102527115505044,24
2023-07-18,1.95,3.1,8.0,0.9583784336676728,0.285500924483088,24
2023-07-19,2.3625000000000003,4.4,8.1,0.997819945840762,0.0659951186250844,24
2023-07-20,3.9416666666666655,6.3,11.5,0.9731481906010208,-0.2301794932872152,24
2023-07-21,4.391666666666667,6.2,12.4,0.9886596137277454,-0.1501737932653541,24
2023-07-22,3.395833333333333,4.6,8.7,0.9993567722402764,-0.0358614246439896,24
2023-07-23,3.0625,4.2,8.9,0.9984817156312296,-0.0550841497176505,24
2023-07-24,2.7125,4.7,8.3,0.9671781715148896,-0.2540991628186026,24
2023-07-25,2.8375,4.7,8.5,0.99704486471625,-0.076821466680578,24
2023-07-26,2.0416666666666665,3.3,6.9,0.954508755146637,-0.2981828907707773,24
2023-07-27,1.8666666666666665,3.9,6.9,0.9321969696405654,-0.3619513914781193,24
2023-07-28,1.7708333333333333,3.3,7.0,0.941996409827755,-0.3356229489644891,24
2023-07-29,1.4958333333333331,3.1,6.5,0.802400980021087,-0.5967852773495669,24
2023-07-30,1.8708333333333331,3.6,7.2,0.9319727836154648,-0.3625282480028862,24
2023-07-31,2.470833333333333,3.8,8.4,0.9734135810219924,-0.2290545792642908,24
2023-08-01,2.433333333333333,3.9,7.8,0.933380348331396,-0.3588887367259689,24
2023-08-02,2.325,4.5,8.0,0.9808470414817788,-0.1947795708395559,24
2023-08-03,1.4791666666666667,2.8,6.1,0.7252521319367362,-0.688483365900164,24
2023-08-04,1.4708333333333332,2.6,5.4,0.8871079321879323,-0.4615620398703199,24
2023-08-05,1.741666666666667,3.1,10.8,0.970593166497662,-0.2407257882904154,24
2023-08-06,2.733333333333333,3.9,8.5,0.999809993571015,-0.0194929924723516,24
2023-08-07,2.1625,4.1,7.8,0.9980923845269956,-0.0617380915579353,24
2023-08-08,2.091666666666667,4.3,8.7,0.8601964019538881,-0.509962890871076,24
2023-08-09,2.595833333333333,5.2,9.2,0.941917166154957,-0.3358452800064564,24
2023-08-10,2.7291666666666665,3.8,7.0,0.9925706617960012,-0.1216695579915041,24
2023-08-11,2.3875,3.7,7.1,0.9932435904556102,-0.1160481366453085,24
2023-08-12,2.191666666666667,4.1,8.1,0.9199284706131038,-0.392086226429131,24
2023-08-13,2.2125,3.9,9.1,0.9868066257778452,-0.1619033147311803,24
2023-08-14,3.208333333333333,5.4,11.7,0.9590010451953264,-0.2834025323003863,24
2023-08-15,3.525,4.8,10.7,0.9999205728786116,-0.0126034889657379,24
2023-08-16,3.341666666666667,6.1,11.2,0.9931877734861214,-0.1165248754458924,24
2023-08-17,2.9,5.0,9.3,0.9929488323290028,-0.1185437319155665,24
2023-08-18,1.8708333333333331,2.8,6.9,0.9065981830986648,0.4219949459439057,24
2023-08-19,1.9833333333333332,4.1,9.6,-0.8080354601292653,0.5891338516616461,24
2023-08-20,2.2625,5.1,12.0,0.4797409391642995,-0.8774101841725772,24
2023-08-21,2.5434782608695654,4.5,10.5,-0.1885736078846577,-0.9820590585139792,23
2023-08-22,1.6833333333333331,3.1,6.2,0.8459289720388363,-0.5332955787040782,18
2023-08-23,1.7625,3.5,6.5,0.9122880673923724,0.4095491204892159,24
2023-08-24,1.7291666666666667,3.1,7.1,-0.4199674078832099,0.907539187206733,24
2023-08-25,2.066666666666667,5.2,9.3,-0.7738086381735718,0.6334194435663957,24
2023-08-26,1.8375,3.4,10.3,-0.9589436716875944,-0.283596605287008,24
2023-08-27,1.7625,3.4,8.6,-0.4347944336452715,0.900529733252094,24
2023-08-28,1.5916666666666668,2.8,5.5,0.2812397832344294,-0.959637527572912,24
2023-08-29,1.8541666666666667,3.0,7.4,0.9627298566696292,0.2704648277999845,24
2023-08-30,2.2416666666666667,3.3,8.0,0.3568910069235485,0.9341460320405452,24
2023-08-31,1.3958333333333333,4.2,9.9,0.1539347849715016,0.9880810098244868,24
2023-09-01,2.25,4.5,8.5,0.9842591185367068,0.1767313995229632,24
2023-09-02,2.2416666666666667,4.1,9.7,0.6677632556328855,0.7443737195969304,24
2023-09-03,2.020833333333333,3.6,7.5,0.9170674526962038,0.398732099542156,24
2023-09-04,1.2833333333333334,2.2,6.1,0.4759833618650597,0.8794542848992412,24
2023-09-05,1.9125,4.0,7.9,0.989193400273906,0.1466165640524561,24
2023-09-06,3.858333333333333,5.9,10.2,0.8901327938739869,-0.4557012280761269,24
2023-09-07,3.7916666666666665,5.4,11.1,0.9968264189501452,0.0796058445280837,24
2023-09-08,2.783333333333333,4.2,8.4,0.9962132935321402,0.0869429340995908,24
2023-09-09,2.3041666666666667,3.5,7.2,0.9736232770110452,-0.2281615972557028,24
2023-09-10,2.8083333333333336,4.0,8.7,0.9816361704009474,-0.1907627556955553,24
2023-09-11,2.8541666666666665,5.4,9.6,0.9999957906465936,0.0029014977328886,24
2023-09-12,1.7666666666666666,3.3,8.9,0.9989186229145978,-0.046492846701439,24
2023-09-13,1.9708333333333328,3.8,7.8,0.7382531662691292,0.6745237301189675,24
2023-09-14,2.1041666666666665,3.2,8.7,-0.8941547135779847,-0.4477581358124855,24
2023-09-15,2.3583333333333334,3.8,7.4,0.6431481722004595,-0.7657417505890664,24
2023-09-16,2.341666666666667,4.0,9.5,0.9630266974174856,-0.2694059762907467,24
2023-09-17,2.65,3.9,9.0,0.9947916138013008,0.101929608606155,24
2023-09-18,2.583333333333333,3.8,8.2,0.999361619778618,-0.0357260816975058,24
2023-09-19,2.1333333333333333,3.6,7.1,0.9828413083039268,-0.1844531449756971,24
2023-09-20,2.308333333333333,3.6,7.7,0.996859629045763,0.0791888879751677,24
2023-09-21,2.345833333333333,3.3,7.9,0.9997412784561628,-0.0227459040452794,24
2023-09-22,2.5791666666666666,4.1,7.9,0.9986276652863436,-0.0523716156400252,24
2023-09-23,1.8333333333333333,3.5,7.0,0.9999225299640772,0.0124472515134416,24
2023-09-24,1.7541666666666669,4.8,9.4,0.0632098860580173,0.9980002556635608,24
2023-09-25,1.5583333333333331,3.3,6.9,-0.859538031489422,0.5110717879352072,24
2023-09-26,1.6708333333333334,4.5,11.0,-0.917475193676741,0.3977929976606255,24
2023-09-27,2.275,3.9,8.9,-0.8612125237545976,0.5082450087588041,24
2023-09-28,1.4541666666666666,2.9,8.4,0.5458049073953524,-0.8379122884068182,24
2023-09-29,1.6916666666666669,3.0,7.6,0.9975127026088296,0.0704869359103433,24
2023-09-30,1.8416666666666668,2.8,6.0,0.9999763817351506,-0.0068728430708507,24
2023-10-01,1.1916666666666669,2.5,6.8,0.4514181872159213,0.8923125126606102,24
2023-10-02,1.8375,4.6,9.0,0.9213185543475728,-0.3888085922596083,24
2023-10-03,2.1791666666666667,5.0,9.9,-0.663127689829843,0.7485062905419937,24
2023-10-04,1.0708333333333333,2.3,8.7,-0.3781714938522292,0.9257355568614468,24
2023-10-05,1.4,3.4,6.2,-0.3589520594263958,0.9333559980165924,24
2023-10-06,1.4208333333333334,3.6,9.2,-0.3055082868076255,0.952189417443751,24
2023-10-07,1.525,2.9,20.0,-0.938713060201544,0.3446995657192686,24
2023-10-08,1.6125,3.0,7.2,-0.1980995029775925,0.980181915217798,24
2023-10-09,1.6333333333333335,4.1,9.3,-0.3511440917360803,-0.936321433503924,24
2023-10-10,1.8125,4.4,8.1,0.8607365269180743,-0.5090507157730072,24
2023-10-11,2.1375,3.9,8.3,0.9621295426420008,0.2725926322839526,24
2023-10-12,2.017391304347826,4.2,8.3,0.5440567153166074,0.8390484434875641,23
2023-10-13,1.65,3.8,12.5,-0.8219424769073057,-0.5695705089411524,24
2023-10-14,2.1625,3.9,8.4,0.6504308032154444,-0.7595655141121875,24
2023-10-15,3.4916666666666667,5.0,10.3,0.9812944157496484,-0.1925130375287763,24
2023-10-16,3.5125,5.0,10.5,0.990439103235376,0.1379506534319572,24
2023-10-17,2.9125,4.0,9.2,0.9999502655368854,0.0099732869562806,24
2023-10-18,2.066666666666667,3.4,7.9,0.9906344125612376,0.1365410584749211,24
2023-10-19,1.5958333333333332,2.9,6.4,0.9966998346016668,-0.0811753639043907,24
2023-10-20,1.9958333333333331,3.4,8.8,0.9634685695320612,0.2678214246916103,24
2023-10-21,2.2375000000000003,4.7,10.7,0.9440415510484966,0.3298265451626791,24
2023-10-22,2.2375000000000003,4.9,8.5,0.9106578193861612,0.4131613921832994,24
2023-10-23,2.1869565217391305,3.5,8.4,0.9894408030545334,-0.1449375632843328,23
2023-10-24,2.120833333333333,3.3,8.6,-0.604462911522302,0.7966332836343092,24
2023-10-25,2.095833333333333,4.4,10.7,-0.9999578408962388,-0.0091823978421984,24
2023-10-26,2.1739130434782608,3.9,9.4,-0.9436923132413392,0.3308244518308925,23
2023-10-27,1.8041666666666665,4.7,11.6,-0.5483032919398252,0.8362795585496222,24
2023-10-28,1.7541666666666669,3.3,7.3,0.9119941101968844,0.4102032946798368,24
2023-10-29,1.75,3.6,12.4,0.8153180131640191,0.5790134172972818,24
2023-10-30,1.8541666666666667,4.5,8.4,0.9878527740095436,-0.1553927182388198,24
2023-10-31,2.0375,5.5,12.8,0.8672770954933474,-0.4978257121047717,24
2023-11-01,1.7666666666666666,3.2,7.5,0.868425021913105,-0.4958205132053566,24
2023-11-02,2.4,4.3,9.9,0.1683362677788015,-0.9857296287270174,24
2023-11-03,1.8,4.3,9.2,0.581036565981416,0.813877453301493,24
2023-11-04,1.625,3.8,7.5,-0.977933169055574,0.2089179668217209,24
2023-11-05,1.8625,2.9,8.1,0.2501943969688407,-0.9681956226534998,24
2023-11-06,2.4833333333333334,4.3,8.4,0.9200666658486952,-0.391761828658772,24
2023-11-07,2.5708333333333333,3.9,8.0,0.9772119685572486,0.212265796840817,24
2023-11-08,2.845833333333333,3.8,8.3,0.9996634711892152,0.0259411713291702,24
2023-11-09,2.725,4.6,10.4,0.9276665208596898,-0.3734097294877019,24
2023-11-10,2.0166666666666666,3.8,7.9,0.9690089698135118,-0.2470255379934562,24
2023-11-11,2.15,4.0,8.0,0.999969556097299,-0.0078030044579573,24
2023-11-12,1.6541666666666668,3.8,7.6,0.7422796716946871,0.6700902095903414,24
2023-11-13,1.9333333333333331,5.1,9.5,-0.3136111742337537,0.949551489596918,24
2023-11-14,1.5125,3.3,8.3,0.0445508446931105,0.9990071182114422,24
2023-11-15,2.2416666666666667,3.8,8.7,-0.4322114497044709,-0.9017722898516896,24
2023-11-16,2.216666666666667,5.6,15.3,0.831869571644895,0.5549711846315437,24
2023-11-17,2.5,4.2,9.0,-0.5645141172644788,0.8254234134122356,24
2023-11-18,2.708333333333333,4.2,9.6,-0.8310790847843921,0.5561542545319036,24
2023-11-19,1.4875,2.7,8.2,-0.8305405724649055,0.5569581290273687,24
2023-11-20,2.5,4.8,10.3,0.8678497383973743,-0.4968267621249977,24
2023-11-21,1.8958333333333333,5.5,13.5,0.8922356019450834,0.4515701834949853,24
2023-11-22,1.5416666666666667,3.0,9.2,0.5204248379529853,0.8539074821323496,24
2023-11-23,1.5,3.5,8.6,-0.5529786474464577,0.8331954245363367,24
2023-11-24,1.6291666666666669,2.6,7.0,-0.6556671266155135,-0.7550500771973713,24
2023-11-25,2.466666666666667,6.4,12.5,0.2500072754952361,-0.9682439579979052,24
2023-11-26,2.4791666666666665,4.3,10.8,0.9807141503148672,-0.1954475770435331,24
2023-11-27,1.8541666666666667,3.1,9.9,0.4560705776813506,-0.889943609546919,24
2023-11-28,1.775,3.6,8.3,0.7741207544659925,0.6330379589763971,24
2023-11-29,1.7208333333333332,4.2,6.9,-0.5540495183240578,-0.8324837123000542,24
2023-11-30,2.245833333333333,5.8,14.3,0.5542127948010084,-0.832375022498186,24
2023-12-01,1.525,3.0,6.4,0.977135343032981,0.2126182527343752,24
2023-12-02,1.4,3.4,9.5,-0.741566528059878,-0.6708793367374034,24
2023-12-03,1.8958333333333333,4.4,9.4,0.9248340200072236,-0.3803709182328201,24
2023-12-04,1.9,3.7,8.4,-0.9999913455910884,-0.0041603777381808,24
2023-12-05,1.6708333333333334,4.6,10.7,-0.3270038202961653,0.9450230163925708,24
2023-12-06,2.370833333333333,4.8,10.1,0.7728307675608467,-0.6346121687387603,24
2023-12-07,2.4375,4.1,10.1,0.9937850741089244,-0.1113158860105755,24
2023-12-08,1.7708333333333333,2.8,6.8,0.999998684175592,-0.0016222352125298,24
2023-12-09,1.5791666666666666,3.2,8.3,0.7788081412384265,-0.6272622092400812,24
2023-12-10,2.4,4.6,9.9,0.9241379430118492,-0.3820589774967059,24
2023-12-11,2.3875,4.3,14.8,-0.3061091921277482,0.9519964088665972,24
2023-12-12,1.6291666666666669,3.5,7.6,-0.5951999473228652,-0.8035776395015348,24
2023-12-13,2.2375000000000003,4.4,9.0,0.8683608205014831,-0.4959329444773668,24
2023-12-14,2.5416666666666665,4.4,9.9,0.9989477250415276,-0.0458633037880668,24
2023-12-15,2.6,4.5,8.6,0.9996666859225468,-0.0258169916262994,24
2023-12-16,2.2625,3.7,8.8,0.971557721218803,-0.2368028596536087,24
2023-12-17,1.9958333333333331,4.0,8.1,0.9860965825793756,-0.1661731922581884,24
2023-12-18,1.8708333333333331,3.4,10.9,-0.6531739942067479,0.7572078534273158,24
2023-12-19,2.1041666666666665,3.5,9.0,-0.9812977073828052,0.1924962583668848,24
2023-12-20,2.325,3.2,8.6,-0.8268532637790603,0.5624177096944188,24
2023-12-21,2.9958333333333336,5.0,11.3,-0.2699031178835902,0.9628874840586084,24
2023-12-22,2.191666666666667,3.5,10.8,-0.5451600822592088,0.8383319656980359,24
2023-12-23,1.4125,3.4,8.5,-0.3035500277934214,0.952815501881982,24
2023-12-24,1.8541666666666667,3.3,9.4,-0.5131944283076059,0.8582723802814755,24
2023-12-25,1.3375,3.2,10.5,0.9676936448833396,0.252128954411025,24
2023-12-26,1.775,4.1,11.6,-0.6711746958285804,-0.7412992160250899,24
2023-12-27,1.6791666666666665,4.1,9.9,-0.5780874796768484,-0.8159747948563544,24
2023-12-28,1.5916666666666668,3.6,11.8,0.9940867942546128,0.1085884224426677,24
2023-12-29,1.7916666666666667,3.5,8.0,-0.1720024594093269,0.9850965201223396,24
2023-12-30,1.975,4.2,10.0,-0.9357191849472132,0.3527458106366717,24
2023-12-31,2.254166666666667,4.8,10.0,-0.6915351762929084,0.7223427856284966,24
2024-01-01,1.6583333333333332,2.3,6.2,-0.7529552398471501,0.6580717337697469,24
2024-01-02,1.7875,3.5,6.7,-0.2524148559551601,0.9676191092021362,24
2024-01-03,2.25,4.2,8.2,-0.4404460824830987,0.8977790643723496,24
2024-01-04,2.529166666666667,4.0,8.4,-0.5512430787742341,0.8343446938187499,24
2024-01-05,2.5458333333333334,4.7,11.1,-0.5389080739891512,0.8423645812766011,24
2024-01-06,1.9583333333333333,3.2,9.0,-0.7443383962239741,0.6678026294547827,24
2024-01-07,1.5166666666666666,3.4,9.9,-0.8134006934566498,0.5817038008163959,24
2024-01-08,1.9833333333333332,3.9,7.7,0.5148196596154363,0.8572984999832008,24
2024-01-09,2.4208333333333334,4.5,9.5,-0.0467997503955372,0.9989042913927818,24
2024-01-10,1.7833333333333332,2.9,10.5,0.930934842115428,-0.3651853224535771,24
2024-01-11,1.2125,2.5,9.7,-0.695583820413608,0.7184449518082854,24
2024-01-12,1.5875,2.9,10.1,-0.2139363428967788,0.9768476038707122,24
2024-01-13,1.9208333333333332,3.4,6.4,0.7535093388852449,-0.6574372032466075,24
2024-01-14,1.8625,3.4,8.2,0.9983101613976632,-0.0581104263464955,24
2024-01-15,1.1583333333333334,2.9,7.4,0.2128463997806216,-0.9770856718325308,24
2024-01-16,1.5458333333333334,3.5,8.5,0.824894206278331,0.5652871380532573,24
2024-01-17,1.725,3.1,8.6,0.9900683764121658,0.1405866637650167,24
2024-01-18,1.3958333333333333,2.4,6.4,0.8941732249054467,0.4477211675386741,24
2024-01-19,1.1541666666666666,2.5,6.6,-0.3466718412230746,0.9379864788487108,24
2024-01-20,1.7708333333333333,3.5,9.7,-0.9992385969303574,0.0390157199683744,24
2024-01-21,2.0500000000000003,5.4,12.7,-0.9881917148252854,-0.1532225007975711,24
2024-01-22,1.9916666666666665,4.0,9.8,-0.9173195496643514,0.3981517848805797,24
2024-01-23,2.470833333333333,4.7,9.9,-0.8120574557676061,0.5835774914544274,24
2024-01-24,2.9333333333333336,5.0,10.5,-0.6950085458258843,0.719001475122958,24
2024-01-25,1.6333333333333335,3.0,6.5,-0.9465253080565348,0.3226295727432337,24
2024-01-26,1.2833333333333334,2.3,7.8,-0.7040740062984796,0.7101266039621447,24
2024-01-27,1.3541666666666667,2.3,6.8,-0.3986142892489578,0.9171186664802696,24
2024-01-28,2.5166666666666666,3.5,8.3,-0.5655077268641818,0.8247429968522958,24
2024-01-29,2.341666666666667,3.6,7.8,-0.910635703016919,0.4132101358762654,24
2024-01-30,1.575,3.5,8.1,-0.9847405876447304,0.1740286615621431,24
2024-01-31,1.8875,4.5,8.3,-0.2183409516300496,0.9758725474370537,24
2024-02-01,2.033333333333333,3.9,6.5,0.7918189841117288,0.6107558402506434,24
2024-02-02,2.2291666666666665,4.0,8.3,0.9777294608138976,-0.2098692484776295,24
2024-02-03,2.6875,5.2,9.2,0.9948686718960984,-0.10117472846365,24
2024-02-04,1.9625,3.2,6.9,0.9603334589620696,0.2788541690524764,24
2024-02-05,1.8083333333333331,3.4,8.3,0.9966378152551496,-0.0819332972816433,24
2024-02-06,1.525,2.6,8.8,0.8623281058631003,-0.5063499164002672,24
2024-02-07,1.5708333333333335,3.5,9.4,-0.3685976534156153,0.9295890327970217,24
2024-02-08,1.6916666666666669,3.8,6.6,-0.7284941021848275,0.6850520732629908,24
2024-02-09,1.4791666666666667,4.8,17.0,-0.0121688984424081,0.999925956214108,24
2024-02-10,2.1416666666666666,4.6,8.9,0.9786042871342476,0.2057514257604821,24
2024-02-11,2.4458333333333333,4.5,11.6,0.1220686787252307,0.9925216560228176,24
2024-02-12,2.5416666666666665,5.0,9.2,0.9994051475997822,0.0344869678437781,24
2024-02-13,3.0541666666666667,4.1,7.7,0.997655062904983,-0.0684424974709013,24
2024-02-14,1.5666666666666669,2.5,5.6,0.8800007627299982,0.4749722703428288,24
2024-02-15,1.5208333333333333,3.7,7.1,0.1681724313345058,0.9857575935994818,24
2024-02-16,1.3958333333333333,3.6,7.9,0.0764580691009096,-0.9970727975776696,24
2024-02-17,2.0875,3.3,9.3,-0.7175163438051229,0.6965416687984495,24
2024-02-18,2.2666666666666666,4.5,11.5,-0.7966809642495071,0.6044000671761012,24
2024-02-19,2.558333333333333,4.1,9.0,-0.5286847881691128,0.8488182342283773,24
2024-02-20,2.591666666666667,3.7,8.0,-0.6401541066936262,0.7682465227277541,24
2024-02-21,2.083333333333333,2.9,6.8,-0.2855818390164629,0.9583543255101292,24
2024-02-22,2.3375,4.0,8.4,-0.7045261410001413,0.7096780373151257,24
2024-02-23,2.216666666666667,3.8,9.4,-0.0118943272571284,0.9999292599874756,24
2024-02-24,2.083333333333333,5.5,9.6,0.7349537980984108,0.6781171835757596,24
2024-02-25,2.45,4.0,8.9,0.9076464167803512,-0.4197356097661827,24
2024-02-26,2.6125000000000003,4.6,8.6,0.9768795437532556,-0.2137904511348237,24
2024-02-27,1.9791666666666667,3.7,7.0,0.9872713001070468,0.1590452136498977,24
2024-02-28,1.625,2.8,5.7,0.508417247001374,0.8611108540435103,24
2024-02-29,1.3291666666666666,2.3,6.7,-0.983176990927103,0.1826554256284969,24
2024-03-01,1.6333333333333335,4.7,9.8,0.1012626064869876,-0.9948597310814532,24
2024-03-02,1.325,3.0,8.4,0.9179949933191844,-0.3965919719824277,24
2024-03-03,1.6875,4.1,8.7,0.8862844026071515,0.4631414014048891,24
2024-03-04,1.5833333333333333,2.7,5.7,-0.1938189642226579,0.981037312800923,24
2024-03-05,2.2333333333333334,3.6,9.5,-0.2730122600820037,0.9620105539155568,24
2024-03-06,1.7173913043478262,3.3,7.0,0.3382721062588902,0.9410483420776928,23
2024-03-07,1.9833333333333332,3.9,11.1,0.6312630346898268,0.775568811282526,24
2024-03-08,2.004166666666667,3.0,6.7,0.9498572212588824,0.3126839606093575,24
2024-03-09,1.5125,2.9,7.7,0.7766075967592083,0.6299846352538185,24
2024-03-10,1.5833333333333333,4.5,9.3,-0.9720303285810096,-0.2348553604214613,24
2024-03-11,1.2458333333333331,3.1,7.9,0.8978723898041666,0.4402558024914092,24
2024-03-12,1.3208333333333333,2.5,6.0,-0.1287780878158754,0.9916734362170272,24
2024-03-13,1.8666666666666665,2.9,7.1,0.8378544789382638,0.5458936454320479,24
2024-03-14,1.3083333333333331,3.0,5.8,0.3140644954856855,0.9494016498170422,24
2024-03-15,1.6958333333333335,3.7,7.2,0.9767096147119854,0.21456544113432,24
2024-03-16,2.020833333333333,3.8,8.2,0.7624120918762,0.6470918035031481,24
2024-03-17,1.5416666666666667,3.3,5.8,-0.4387529465180023,0.8986077297251404,24
2024-03-18,1.2521739130434784,3.6,8.1,-0.9293968929212107,-0.36908185464528,23
2024-03-19,1.4083333333333332,3.3,6.6,0.1441969578078087,0.989549007052694,24
2024-03-20,1.7333333333333334,3.4,7.0,-0.2419831075125386,0.9702804623811484,24
2024-03-21,1.8083333333333331,3.6,7.8,-0.7187562681395968,0.6952621282725242,24
2024-03-22,1.7375,3.4,8.5,-0.9340891784139302,0.3570397831754731,24
2024-03-23,1.4708333333333332,3.0,6.5,0.2562274933832891,0.9666165070153294,24
2024-03-24,1.8458333333333328,3.2,6.9,0.9977765608362168,0.0666478405190397,24
2024-03-25,1.975,3.5,9.6,0.9001990090474681,0.4354787527652256,24
2024-03-26,1.3041666666666667,3.5,7.2,0.5538352658654949,-0.8326262656700765,24
2024-03-27,2.370833333333333,3.7,9.8,0.9760414384807352,-0.2175847199792689,24
2024-03-28,1.875,4.3,11.6,0.5623342638883815,0.8269100166627031,24
2024-03-29,2.3041666666666667,3.8,7.5,0.9211823892833,-0.3891310906035531,24
2024-03-30,1.6291666666666669,3.7,10.6,0.8526582497038161,-0.5224690509609395,24
2024-03-31,1.2958333333333334,2.5,5.4,-0.500422835815861,-0.8657811417408049,24
2024-04-01,1.6666666666666667,3.5,6.9,0.8567652472035652,0.515706613477289,24
2024-04-02,1.7708333333333333,3.9,8.4,-0.6547718164817795,-0.7558266126177028,24
2024-04-03,1.2916666666666667,2.7,5.6,0.9617654060113856,0.2738746132808853,24
2024-04-04,1.3916666666666666,2.7,8.2,0.8410222395252965,0.5410005477112337,24
2024-04-05,1.5875,3.6,6.8,0.999551950719734,-0.0299315521210427,24
2024-04-06,1.7,3.1,9.6,0.8094249227387046,0.5872233769609672,24
2024-04-07,2.066666666666667,4.9,8.7,0.7395760354830339,0.6730730181333955,24
2024-04-08,2.3666666666666667,3.2,7.0,0.9333975929445002,0.3588438845590281,24
2024-04-09,1.6666666666666667,2.5,5.9,0.8863653102838789,0.4629865405444991,24
2024-04-10,1.2875,3.4,7.3,0.9782518672037072,-0.2074205493977398,24
2024-04-11,1.3166666666666669,3.0,6.1,0.9514245369136866,-0.3078820400065207,24
2024-04-12,1.5333333333333332,4.4,8.1,0.9998229115681404,0.0188187540343746,24
2024-04-13,2.404166666666667,3.7,7.4,0.985425625118328,-0.170106841015146,24
2024-04-14,2.408333333333333,3.5,7.4,0.9942929817497222,-0.1066839558848777,24
2024-04-15,2.9125,4.0,8.9,0.9998680346805294,0.0162454062459382,24
2024-04-16,3.216666666666667,4.3,8.6,0.9984166225687092,0.0562516468958161,24
2024-04-17,2.6750000000000003,4.1,8.1,0.9863551022904512,-0.1646317471983867,24
2024-04-18,2.2041666666666666,3.9,7.3,0.9622434250480504,-0.2721903579331882,24
2024-04-19,1.6958333333333335,3.6,7.0,0.9423648944893356,-0.3345869179063994,24
2024-04-20,2.7625,4.2,8.2,0.9940256802966084,-0.1091464470831022,24
2024-04-21,2.9333333333333336,4.4,8.3,0.9911751859779936,-0.1325584803077116,24
2024-04-22,2.145833333333333,4.1,7.4,0.9900009010430256,-0.1410610362006366,24
2024-04-23,1.7666666666666666,2.8,5.6,0.9803781097863408,-0.1971262586561245,24
2024-04-24,1.3791666666666669,2.5,5.8,0.2318312053773579,0.9727560291323212,24
2024-04-25,2.120833333333333,3.5,7.4,0.9821773677625898,-0.1879564264795177,24
2024-04-26,2.6125000000000003,4.3,8.2,0.9555448887320456,-0.2948456640652238,24
2024-04-27,2.3125,3.2,7.7,0.9999416168040132,-0.0108056921747896,24
2024-04-28,1.8625,3.4,6.6,0.9193317184111148,-0.3934834069224099,24
2024-04-29,2.183333333333333,3.7,6.9,0.9946104386296856,-0.1036825702269396,24
2024-04-30,2.1708333333333334,3.7,7.6,0.9987452079534092,0.050080031850041,24
2024-05-01,2.183333333333333,3.7,7.2,0.9985982286823186,0.052929931726158,24
2024-05-02,1.8166666666666669,3.4,7.0,0.9509394561807992,0.3093770364435045,24
2024-05-03,2.183333333333333,3.7,7.6,0.9411668476048244,-0.3379422509388216,24
2024-05-04,2.904166666666667,4.9,8.4,0.9979436563236672,-0.0640972604980155,24
2024-05-05,2.8125,4.6,8.1,0.9830983639092006,-0.1830781441872654,24
2024-05-06,3.1291666666666664,4.8,8.6,0.9681941449418692,-0.2502001153082921,24
2024-05-07,3.075,5.4,9.4,0.9930004944209972,-0.1181101946474349,24
2024-05-08,2.5500000000000003,3.5,8.6,0.9877083529968824,0.1563080593577509,24
2024-05-09,2.279166666666667,3.7,7.4,0.8814678937455211,-0.4722439542184045,24
2024-05-10,2.091666666666667,3.5,8.5,0.9844175386277542,-0.1758468357465503,24
2024-05-11,1.6458333333333333,2.9,6.4,0.764836670576804,0.6442242368469144,24
2024-05-12,1.3,3.2,7.8,0.2649197018730295,0.9642704763496108,24
2024-05-13,1.1083333333333334,2.0,4.4,0.0270537894941322,-0.9996339792514094,24
2024-05-14,1.4916666666666665,2.9,5.6,0.4140970625676912,-0.9102327300052496,24
2024-05-15,2.2041666666666666,4.1,8.7,0.6768042269751834,-0.7361630514692546,24
2024-05-16,2.3291666666666666,3.9,8.7,0.9998607778486784,-0.0166860696341503,24
2024-05-17,2.1791666666666667,3.5,7.0,0.9551051621228792,-0.2962669898693217,24
2024-05-18,2.075,3.4,7.3,0.9701383758319314,-0.2425521216938377,24
2024-05-19,1.6,3.0,6.2,0.8612245344902896,-0.5082246562220138,24
2024-05-20,2.0625,3.9,7.4,0.9049440167221072,-0.4255306411985609,24
2024-05-21,2.595833333333333,4.4,9.4,0.976426570990438,-0.2158498354501462,24
2024-05-22,2.25,3.5,8.4,0.9938892783405276,-0.1103816216575263,24
2024-05-23,2.0708333333333333,3.7,6.9,0.9940148690763984,-0.1092448628313051,24
2024-05-24,1.3916666666666666,3.7,7.1,0.1270301932222131,-0.991898850694932,24
2024-05-25,1.55,2.7,6.4,0.9850446388341738,-0.1722993311189917,24
2024-05-26,2.520833333333333,4.0,8.1,0.9971440076153696,-0.0755236921552415,24
2024-05-27,1.925,3.4,7.1,0.9791398713017512,-0.2031873825491876,24
2024-05-28,1.7958333333333334,2.9,7.5,0.9351628098862116,-0.3542181799480726,24
2024-05-29,1.9260869565217391,3.0,6.1,0.5227309248126889,-0.852497730345642,23
2024-05-30,1.791304347826087,3.4,6.1,0.6422738298465879,-0.7664752621541,23
2024-05-31,2.0875,4.5,8.3,0.7349095193700705,-0.6781651703967493,24
2024-06-01,3.0416666666666665,4.6,10.0,0.9889548580876352,-0.14821703230353,24
2024-06-02,2.833333333333333,4.8,8.9,0.9942675258071774,0.1069209386662589,24
2024-06-03,2.1875,3.6,7.4,0.9509653320541632,-0.3092974898558259,24
2024-06-04,2.495833333333333,3.8,8.5,0.979916866275174,-0.1994064572410901,24
2024-06-05,2.382608695652174,5.0,9.3,0.9503754948096268,-0.3111051572464801,23
2024-06-06,2.379166666666667,4.2,8.0,0.9754980319859888,-0.2200081580111584,24
2024-06-07,2.4916666666666667,3.8,7.7,0.9867978679373036,-0.1619566850561971,24
2024-06-08,2.533333333333333,4.1,7.8,0.9820470145676488,-0.1886363198823818,24
2024-06-09,2.120833333333333,4.0,8.5,0.949169747736717,-0.3147646580882562,24
2024-06-10,1.9708333333333328,2.9,6.7,0.9996047040224136,0.028114688265445,24
2024-06-11,2.0,4.4,9.0,0.9309478946239012,-0.3651520470917916,24
2024-06-12,2.5500000000000003,4.4,8.6,0.9837023055506604,-0.1798048221108528,24
2024-06-13,2.733333333333333,3.9,8.8,0.9655688075941864,0.2601477999160105,24
2024-06-14,2.591666666666667,4.2,8.8,0.949307885397896,0.3143477989765084,24
2024-06-15,2.4,4.5,9.4,0.95565973014005,-0.2944732249095776,24
2024-06-16,2.65,4.4,9.1,0.9987804465137186,-0.049372255993189,24
2024-06-17,1.9166666666666667,3.3,6.8,0.9838021583562964,-0.1792576726767725,24
2024-06-18,2.270833333333333,3.5,7.6,0.9053917491415788,0.4245771785981349,24
2024-06-19,1.7708333333333333,3.1,6.8,0.9955888974188708,0.0938229574053012,24
2024-06-20,2.441666666666667,3.7,8.6,0.9352547972770672,-0.3539752310123298,24
2024-06-21,2.254166666666667,3.7,7.3,0.9930397625136324,-0.1177795825551638,24
2024-06-22,2.0521739130434784,3.9,7.9,0.9388973252292552,0.3441973455408249,23
2024-06-23,1.6416666666666666,3.5,6.4,0.997403623058385,-0.0720139757964177,24
2024-06-24,1.1,2.3,8.2,0.8807972074100718,-0.473493695225838,23
2024-06-25,1.8875,3.6,7.0,0.9774084264810824,-0.211359333467379,24
2024-06-26,1.6041666666666667,2.8,6.7,0.6807264134084422,0.732537746527835,24
2024-06-27,0.9541666666666666,2.0,5.4,0.3720680560877753,0.9282054522782464,24
2024-06-28,1.6083333333333334,3.9,9.4,0.4181817764717739,0.908363364423572,24
2024-06-29,1.2954545454545454,2.7,6.0,-0.5552921166651159,-0.83165537644482,22
2024-06-30,1.3565217391304347,2.7,6.0,0.878322870347702,-0.4780679192585232,23
2024-07-01,1.752173913043478,3.4,6.6,0.954463793260232,-0.2983267794806378,23
2024-07-02,2.2583333333333333,3.8,7.8,0.9027071169489284,-0.4302555763842621,24
2024-07-03,2.65,4.2,10.1,0.9947100427963046,-0.102722591284361,24
2024-07-04,1.7333333333333334,3.2,7.0,0.9392746654976885,-0.3431662902358059,24
2024-07-05,2.1416666666666666,3.5,8.4,0.9467774016474942,-0.3218890363613202,24
2024-07-06,2.025,3.6,7.2,0.9645054169841442,-0.2640630618019914,24
2024-07-07,1.8166666666666669,2.8,6.7,0.9814548095869264,0.1916936533604851,24
2024-07-08,1.2416666666666667,2.4,6.0,0.5628209579359198,0.8265788342971853,24
2024-07-09,1.5166666666666666,3.1,6.2,0.8461053799511762,0.5330156526948112,24
2024-07-10,1.4565217391304348,2.9,6.3,-0.0493558985123297,0.998781254971298,23
2024-07-11,2.033333333333333,3.8,9.2,0.9398826985394996,0.34149745677839,24
2024-07-12,2.4875000000000003,4.1,9.6,0.9703965661449054,-0.2415170892797778,24
2024-07-13,3.083333333333333,5.2,10.2,0.9795418391434456,-0.2012406156010163,24
2024-07-14,2.4375,4.3,9.3,0.950608198102502,0.3103933854003886,24
2024-07-15,2.058333333333333,3.7,7.4,0.9686448873614076,-0.2484493553797347,24
2024-07-16,2.595833333333333,4.1,9.7,0.962304287548846,-0.2719751057819587,24
2024-07-17,2.091304347826087,3.4,7.1,0.9269697459858536,-0.3751360953399739,23
2024-07-18,2.4391304347826086,3.8,7.6,0.9972207302750004,-0.0745037925866513,23
2024-07-19,2.3875,4.7,9.0,0.9571999801219356,-0.2894273623114551,24
2024-07-20,2.458333333333333,4.9,9.7,0.9786044202178398,-0.2057507927812326,24
2024-07-21,2.7375000000000003,4.6,9.6,0.9844761507277924,-0.1755183997425604,24
2024-07-22,2.625,4.3,9.5,0.9945376789916583,0.1043781829018154,24
2024-07-23,2.6416666666666666,4.6,9.2,0.9934517747320356,-0.1142522265943576,24
2024-07-24,2.7291666666666665,3.8,8.9,0.9989670944584296,0.0454394563048842,24
2024-07-25,1.9791666666666667,3.4,8.4,0.977551815481275,-0.2106951543089287,24
2024-07-26,1.9375,3.5,7.2,0.9933593129350003,0.1150533589483771,24
2024-07-27,1.775,3.4,15.3,0.9861512126897471,0.165848683173973,24
2024-07-28,1.925,3.3,8.0,0.9939074978097956,-0.1102174477905873,24
2024-07-29,1.75,3.7,6.7,0.9478572264183748,-0.3186952750300289,24
2024-07-30,1.8625,3.1,6.2,0.9726457629065162,-0.2322933918560772,24
2024-07-31,2.8708333333333336,4.9,9.7,0.9918507549937796,-0.1274051797152271,24
2024-08-01,3.4916666666666667,5.4,9.7,0.9860892686420876,-0.1662165884288119,24
2024-08-02,3.108333333333333,4.8,9.9,0.9957433436251918,0.0921693746649241,24
2024-08-03,3.279166666666667,4.6,10.6,0.9719898613857776,0.2350227847747043,24
2024-08-04,3.075,4.1,8.4,0.994907282823588,0.1007943380581712,24
2024-08-05,3.3666666666666667,5.5,10.6,0.998863335095121,-0.0476658976906125,24
2024-08-06,2.9625,4.5,10.4,0.9953108278755722,0.0967282580926751,24
2024-08-07,2.1791666666666667,3.5,8.9,0.9176115350824512,0.3974783902096154,24
2024-08-08,1.3416666666666668,2.7,6.4,0.9550557155622708,0.2964263486464029,24
2024-08-09,1.3478260869565215,2.7,6.4,0.995492849389262,0.094836632241177,23
2024-08-10,2.325,4.1,8.0,-0.6954825836874813,-0.7185429533350011,24
2024-08-11,2.0791666666666666,4.2,9.4,0.4376484675759574,-0.8991461609929813,24
2024-08-12,1.9916666666666665,4.2,9.3,-0.1995115021847683,-0.9798954844757564,24
2024-08-13,2.095833333333333,3.5,6.6,0.6442023341610444,-0.7648551187391387,24
2024-08-14,2.4130434782608696,3.9,7.9,0.9889395717792976,-0.148318991936231,23
2024-08-15,2.3125,3.0,6.8,0.9967353707941786,-0.0807378511467288,24
2024-08-16,2.3260869565217392,3.8,8.5,0.9831795756158952,-0.1826415125094742,23
2024-08-17,2.458333333333333,4.0,9.0,0.9602899672757794,-0.2790039045416433,24
2024-08-18,2.3208333333333333,3.9,8.8,0.9952160162728768,-0.0976989301576258,24
2024-08-19,2.5,4.1,8.5,0.998568836194858,0.0534815798237714,24
2024-08-20,2.091666666666667,3.8,8.5,0.999989511689464,0.0045800121252332,24
2024-08-21,2.8375,5.0,9.8,0.9934953389832424,0.1138727861193008,24
2024-08-22,2.520833333333333,3.8,7.7,0.9869174598344702,-0.1612263237622099,24
2024-08-23,2.1625,3.6,7.2,0.9959146093289486,0.0903000051227438,24
2024-08-24,1.925,3.2,6.7,0.9765871252810864,0.2151222599714488,24
2024-08-25,1.6217391304347826,3.2,6.0,0.1424435210360246,-0.9898029315549935,23
2024-08-26,2.4208333333333334,3.7,8.4,0.2483040497924319,-0.9686821454206108,24
2024-08-27,2.313043478260869,3.8,9.5,0.5952564299123189,-0.8035358004768927,23
2024-08-28,2.904166666666667,5.2,9.8,0.9822896699923956,-0.1873686319164192,24
2024-08-29,3.2291666666666665,4.7,9.3,0.9952176041674684,-0.097682753621938,24
2024-08-30,2.9916666666666667,4.9,9.7,0.9922076951541738,-0.1245949022907518,24
2024-08-31,2.4291666666666667,4.5,7.7,0.9632155087983686,-0.2687301315638046,24
2024-09-01,2.2041666666666666,4.4,7.8,0.9753633159439418,-0.2206046280358563,24
2024-09-02,2.2875,3.7,7.5,0.9998028732539886,0.0198548390340661,24
2024-09-03,1.85,3.5,9.4,0.9289363830823548,0.3702393768710625,24
2024-09-04,1.8791666666666669,4.5,8.9,0.9717229269651984,0.2361240208242011,24
2024-09-05,1.8130434782608695,3.4,9.1,0.982049097432798,-0.1886254760933068,23
2024-09-06,2.841666666666667,4.3,9.5,0.9416416163414778,0.3366170916246069,24
2024-09-07,3.1333333333333333,4.9,10.7,0.998726952590156,-0.0504427811483501,24
2024-09-08,3.675,5.6,12.0,0.9948466688600952,-0.1013908549030545,24
2024-09-09,3.279166666666667,4.8,10.1,0.9937658571560216,0.1114873138565898,24
2024-09-10,2.85,4.2,8.4,0.9965974636023408,0.0824226640031796,24
2024-09-11,2.783333333333333,4.0,8.4,0.995489742563736,0.0948692386940396,24
2024-09-12,2.504166666666667,3.7,7.5,0.98957396015541,0.1440256136329199,24
2024-09-13,2.5875,3.9,8.0,0.99996419527905,0.0084621604760219,24
2024-09-14,2.7916666666666665,3.7,7.9,0.9945412860402818,0.1043438084475662,24
2024-09-15,2.704166666666667,4.2,9.4,0.9956995906534576,0.092640839657988,24
2024-09-16,2.0083333333333333,3.8,7.6,0.9751524795420538,0.2215347413905643,24
2024-09-17,1.6416666666666666,3.1,6.5,0.669802645939771,-0.7425391676484695,24
2024-09-18,3.2583333333333333,5.9,12.9,0.987329004346874,0.1586866004910644,24
2024-09-19,3.5583333333333336,4.9,9.0,0.990896568381259,0.1346253719409715,24
2024-09-20,3.3083333333333336,4.7,12.0,0.9772901871873204,0.2119053798924708,24
2024-09-21,2.2583333333333333,3.2,7.0,0.9980843681273188,0.0618675528842953,24
2024-09-22,2.3625000000000003,3.8,7.4,0.9688103580171878,0.2478033296761934,24
2024-09-23,2.5,3.7,8.4,0.9999961084413408,0.0027898211724302,24
2024-09-24,2.725,3.9,7.9,0.9926143194255844,0.1213128718285254,24
2024-09-25,3.033333333333333,4.6,8.7,0.9981591855574786,0.0606484978151238,24
2024-09-26,2.658333333333333,4.2,8.3,0.9939973934750091,-0.1094037557165544,24
2024-09-27,1.5708333333333335,3.1,6.2,0.8052180489309839,0.5929788307147056,24
2024-09-28,1.4958333333333331,3.1,7.0,0.8923825572579196,0.4512797042875027,24
2024-09-29,3.466666666666667,5.1,10.6,0.8964704339816428,-0.4431035556128668,24
2024-09-30,3.8708333333333336,5.3,11.5,0.9958671358411406,-0.0908220664352186,24
2024-10-01,2.7625,4.3,9.2,0.9987979299379728,0.0490172944135089,24
2024-10-02,2.0166666666666666,4.2,8.3,0.9881176427329303,-0.1536994603761409,24
2024-10-03,1.8958333333333333,4.2,7.9,0.9256565750628658,0.3783647777514251,24
2024-10-04,1.8541666666666667,3.3,8.0,0.9488374301056964,0.3157649936747544,24
2024-10-05,1.6333333333333335,3.1,9.3,0.2252020776663355,0.974312077424254,24
2024-10-06,1.8041666666666665,3.6,7.4,0.9966565690968916,0.0817048546661295,24
2024-10-07,2.5,7.5,15.4,-0.2567201762240582,0.9664857738836554,24
2024-10-08,2.2333333333333334,4.4,10.3,-0.6115279774079609,0.7912228085990245,24
2024-10-09,1.4583333333333333,2.2,5.7,-0.9110008543462152,-0.4124044657620306,24
2024-10-10,2.4833333333333334,4.0,8.5,0.6679363275984584,-0.7442184237670313,24
2024-10-11,2.245833333333333,5.2,12.1,0.9979041398420956,0.0647095640999675,24
2024-10-12,1.8333333333333333,3.0,6.9,0.7989530169164765,0.601393445890509,24
2024-10-13,2.25,4.3,10.5,0.7147498754648055,-0.6993801652342202,24
2024-10-14,3.5083333333333333,5.0,18.9,0.9861640784087284,-0.1657721642986639,24
2024-10-15,1.9333333333333331,3.2,6.9,0.8220599263604859,-0.5694009812708376,24
2024-10-16,1.7666666666666666,3.7,8.5,0.9614020262987648,0.2751474946799064,24
2024-10-17,1.45,2.9,7.4,-0.680524997024276,0.7327248654338878,24
2024-10-18,1.9375,4.3,11.0,-0.656584398731676,0.7542525620388463,24
2024-10-19,2.433333333333333,4.2,9.4,-0.3086911898454541,0.9511623149135998,24
2024-10-20,2.433333333333333,5.1,10.0,-0.5517293449922839,0.8340232190259366,24
2024-10-21,2.191666666666667,4.3,7.7,0.7621204465408549,0.6474352670069555,24
2024-10-22,2.3041666666666667,5.3,10.2,0.999999264703498,-0.0012126798683361,24
2024-10-23,1.7875,3.5,7.0,0.9979317655148784,-0.064282123303124,24
2024-10-24,1.4666666666666668,5.4,11.9,0.8613592312283077,-0.5079963334294636,24
2024-10-25,1.4695652173913043,2.7,7.6,-0.9334430216055768,0.3587256966204831,23
2024-10-26,1.4,2.8,7.2,0.2845774956900465,-0.9586530388763088,23
2024-10-27,2.6166666666666667,5.0,12.1,0.7214157014321969,0.6925022640591807,24
2024-10-28,2.8041666666666667,4.6,9.6,0.812941748327832,-0.5823450127078346,24
2024-10-29,1.7875,3.7,10.5,0.9778936140279784,-0.2091030359495037,24
2024-10-30,2.1708333333333334,4.4,8.2,0.99546533484289,-0.0951250078903185,24
2024-10-31,2.1791666666666667,3.8,7.5,0.4836609774591664,0.8752554249379113,24
2024-11-01,2.1416666666666666,3.3,7.1,0.4692661477270861,0.8830567833369384,24
2024-11-02,1.675,3.7,7.9,0.9725055405843986,0.2328797404942015,24
2024-11-03,2.270833333333333,4.3,9.0,0.9838874614471104,0.1787888788687946,24
2024-11-04,2.825,6.0,10.7,0.7295288591472324,0.6839500300982064,24
2024-11-05,2.2125,4.2,8.3,0.473808933797546,0.8806276706154721,24
2024-11-06,2.3916666666666666,3.9,8.0,0.9829423108989808,0.1839141469397377,24
2024-11-07,1.4333333333333331,3.1,7.1,0.8818932724395065,0.4714491022644316,24
2024-11-08,2.2583333333333333,4.9,11.4,-0.3777625381358102,0.9259025136488132,24
2024-11-09,2.270833333333333,4.5,10.7,-0.5744194028504562,0.8185611459316435,24
2024-11-10,1.5083333333333335,4.5,8.0,-0.624774734862537,0.7808050529277117,24
2024-11-11,1.6791666666666665,3.8,7.8,-0.4422418486100616,0.8968958397372324,24
2024-11-12,1.8958333333333333,3.5,7.1,0.1748238526560635,0.9845997260524152,24
2024-11-13,1.6958333333333335,4.7,12.0,-0.7675047578693618,0.6410432486563542,24
2024-11-14,2.279166666666667,3.4,6.7,0.9971622171063098,-0.0752828850113269,24
2024-11-15,2.5458333333333334,4.4,10.4,0.3706498371590349,0.9287726838220324,24
2024-11-16,2.0625,3.5,7.2,0.8856702018861093,0.4643148646026943,24
2024-11-17,1.5041666666666669,3.1,6.4,0.9744554664878348,-0.2245808180410255,24
2024-11-18,1.7291666666666667,4.0,6.5,0.9997225625585696,0.0235541484950461,24
2024-11-19,2.1041666666666665,4.5,9.3,-0.2030719839287998,0.979163811291666,24
2024-11-20,2.2875,3.5,7.2,-0.6647042098670602,0.7471066278550921,24
2024-11-21,2.0708333333333333,3.5,7.5,-0.9961287519572696,0.0879062541805331,24
2024-11-22,1.675,4.6,11.4,-0.8630199940389769,-0.5051697634349905,24
2024-11-23,1.7416666666666665,5.5,11.4,-0.9109282609348246,-0.4125647869489787,24
2024-11-24,1.2875,2.3,8.0,-0.4370115748166688,-0.899455881895413,24
2024-11-25,2.8375,4.0,8.2,0.9882484374959845,0.1528562258684462,24
2024-11-26,2.325,3.4,8.5,0.8786722495199957,0.4774254684487103,24
2024-11-27,2.0,3.3,6.8,0.3103957179187362,0.95060743648349,24
2024-11-28,2.1791666666666667,4.1,8.3,-0.1011806406480487,0.9948680706294932,24
2024-11-29,1.6541666666666668,2.6,5.6,-0.5355154400532807,0.8445254368368907,24
2024-11-30,1.8958333333333333,3.0,7.7,-0.8058810273720164,0.5920775031377424,24
2024-12-01,1.6208333333333331,4.3,10.5,0.2339558339861133,0.9722472256292954,24
2024-12-02,1.8416666666666668,3.7,8.7,-0.6906839801829874,0.7231567185047697,24
2024-12-03,1.5375,4.8,15.3,-0.7416520839478058,0.670784754131962,24
2024-12-04,1.3708333333333331,2.9,6.7,-0.5142256854283264,0.8576549098826217,24
2024-12-05,1.5791666666666666,2.9,6.4,0.0451115494342102,0.9989819558468735,24
2024-12-06,1.952173913043478,3.4,7.7,0.963881970471253,0.2663297711493305,23
2024-12-07,1.9583333333333333,2.9,6.8,0.8957056495721027,0.4446474888320157,24
2024-12-08,1.8434782608695648,4.9,9.3,0.7642167316207542,0.6449595236221356,23
2024-12-09,1.5416666666666667,4.6,10.3,-0.5803756083428684,0.814348913697713,24
2024-12-10,1.8708333333333331,3.5,7.1,0.4937385387852458,-0.8696104043295538,24
2024-12-11,1.7833333333333332,3.8,9.3,-0.8385071473696049,0.5448905980195361,24
2024-12-12,1.3958333333333333,4.7,11.0,-0.3290442618127033,0.9443144993952668,24
2024-12-13,1.7291666666666667,3.7,7.5,-0.3851411792683072,0.922857666182504,24
2024-12-14,2.3208333333333333,4.4,13.8,-0.013151675351736,0.9999135129777188,24
2024-12-15,1.7999999999999998,4.0,10.7,-0.0104527541166981,0.999945368473386,24
2024-12-16,1.5541666666666665,2.6,7.9,-0.5449811629527594,0.838448288224538,24
2024-12-17,1.425,4.3,11.6,-0.2884520184071855,0.9574943514594854,24
2024-12-18,1.2208333333333334,2.2,5.3,0.99804429732383,0.0625106437287461,24
2024-12-19,1.8166666666666669,3.8,9.0,0.199852233109468,0.9798260482969204,24
2024-12-20,2.125,4.1,9.4,0.1358600283646343,0.990728041741406,24
2024-12-21,2.279166666666667,4.7,10.3,-0.3467616164203526,0.9379532938145396,24
2024-12-22,1.275,3.3,10.1,-0.9474770268511769,0.3198238321158295,24
2024-12-23,1.3041666666666667,3.6,9.0,-0.8227300103068363,0.5684323443827883,24
2024-12-24,1.625,4.0,8.4,0.106109892598355,0.994354408997499,24
2024-12-25,1.9583333333333333,4.0,10.1,-0.1167675291747691,0.9931592743011664,24
2024-12-26,3.329166666666667,4.6,10.7,-0.3413703342750633,0.939928877563048,24
2024-12-27,2.395833333333333,4.1,8.2,-0.544717689735314,0.8386194837287183,24
2024-12-28,1.6,3.6,6.6,0.3110720980366884,0.9503863160962772,24
2024-12-29,1.7291666666666667,2.5,5.2,-0.6201588640727046,0.7844762477679312,24
2024-12-30,1.9695652173913043,5.4,12.6,-0.2377542073404016,0.9713253506894264,23
2024-12-31,2.020833333333333,3.7,12.1,-0.2209952387918506,0.9752748865993284,24
2025-01-01,1.6583333333333332,3.3,9.7,0.9206482782461342,0.3903930682817369,24
2025-01-02,2.145833333333333,3.6,8.3,-0.0357697791239785,0.9993600566869888,24
2025-01-03,2.025,3.3,8.1,-0.8027011872904886,0.5963814248636856,24
2025-01-04,1.6625,3.1,8.6,-0.9512574500568548,0.3083978983575114,24
2025-01-05,1.6958333333333335,3.3,8.4,0.1002499669085669,-0.9949622827699708,24
2025-01-06,2.1750000000000003,4.7,9.5,-0.4123055833819303,0.9110456113236516,24
2025-01-07,2.341666666666667,4.1,8.3,-0.5497907124108777,0.8353024437571935,24
2025-01-08,2.4250000000000003,4.5,11.0,-0.6595484005744596,0.7516620964899535,24
2025-01-09,3.033333333333333,4.9,9.5,-0.5527562052311763,0.8333430131575051,24
2025-01-10,2.245833333333333,4.7,9.0,-0.6539912696497767,0.7565020946579547,24
2025-01-11,2.0333333333333337,3.2,6.5,-0.7251358989694442,0.6886057856464582,24
2025-01-12,1.8875,3.3,8.4,-0.8303167697466382,0.5572917206253007,24
2025-01-13,1.8291666666666664,3.2,7.4,-0.7955355304027831,0.6059069399394288,24
2025-01-14,2.183333333333333,4.4,10.5,-0.8054834303098904,0.5926182949388348,24
2025-01-15,2.9125,5.5,11.9,-0.6737623932717292,0.7389480613769493,24
2025-01-16,3.4375,6.1,11.0,0.0917002073706404,0.9957866598665508,24
2025-01-17,3.1041666666666665,3.9,10.5,-0.0046702585552042,0.9999890942830464,24
2025-01-18,1.8041666666666665,3.2,9.7,0.1992977775553772,0.9799389755803608,24
2025-01-19,1.6666666666666667,3.3,9.4,-0.6661674219378229,0.7458022297826111,24
2025-01-20,1.4875,4.3,7.2,-0.272591332211539,0.9621299109803928,24
2025-01-21,1.3043478260869563,4.0,7.8,-0.8810444974631608,0.4730333957448316,23
2025-01-22,1.575,3.0,6.3,0.6060125485179111,-0.7954550842372098,24
2025-01-23,2.3666666666666667,5.6,12.8,0.8649298974636123,-0.501892690197402,24
2025-01-24,2.6333333333333333,4.2,9.2,0.924665670834699,-0.3807799852668416,24
2025-01-25,1.9625,3.7,8.4,0.9977379457964748,-0.0672234447036967,24
2025-01-26,1.7130434782608694,3.2,6.4,-0.019752578623299,0.9998048987866234,23
2025-01-27,1.4375,2.4,8.0,-0.9311003151726962,0.3647632150934435,24
2025-01-28,1.4958333333333331,2.8,6.9,-0.9905312151731652,0.1372876970728728,24
2025-01-29,1.3833333333333335,2.5,8.4,-0.6302684778286339,0.7763772574306751,24
2025-01-30,2.3291666666666666,4.4,8.9,-0.4366492516373216,0.8996318308311279,24
2025-01-31,2.3625000000000003,4.6,13.0,-0.4344713633339829,0.9006856468506147,24
2025-02-01,2.7125,3.8,9.0,-0.404289428122869,0.9146311050407612,24
2025-02-02,2.9625,5.8,10.6,-0.19035983967821,0.9817143838396616,24
2025-02-03,2.4166666666666665,3.8,10.4,-0.2629038757038366,0.9648220313300798,24
2025-02-04,1.6583333333333332,3.6,7.7,0.9196980673002751,0.3926263681977285,24
2025-02-05,2.0,3.6,8.8,0.7144283484110896,0.6997086071977412,24
2025-02-06,2.0375,3.3,7.7,0.9439985122945734,-0.3299497064487739,24
2025-02-07,2.5500000000000003,4.1,8.0,0.9404065920787824,-0.3400521159686712,24
2025-02-08,2.5083333333333333,4.7,9.7,0.9635680142424372,-0.2674634216652556,24
2025-02-09,3.2541666666666664,4.2,9.8,0.98866761370234,-0.150121116489722,24
2025-02-10,2.966666666666667,4.7,9.4,0.9999830698656598,-0.0058189330681043,24
2025-02-11,2.143478260869565,4.1,9.4,0.9999526303893538,-0.0097332922185862,23
2025-02-12,1.8041666666666665,3.7,8.2,0.9959001403436316,-0.090459440986195,24
2025-02-13,2.091666666666667,3.8,7.5,0.7728647315648361,-0.6345708051141447,24
2025-02-14,1.6083333333333334,3.3,6.5,0.8692882808682397,-0.4943054569242993,24
2025-02-15,1.8125,3.4,8.1,0.8852576224268253,0.4651010018643311,24
2025-02-16,1.8708333333333331,5.5,11.0,-0.2896882798031294,0.9571210480104928,24
2025-02-17,1.8541666666666667,3.5,7.5,0.7844109727360881,0.6202414254556238,24
2025-02-18,1.5541666666666665,3.2,7.3,0.9744727530996776,-0.2245057982911234,24
2025-02-19,1.9625,3.7,8.0,0.9935280728044054,-0.1135868326416583,24
2025-02-20,2.35,3.5,8.8,0.9905045461293503,0.1374799770769896,24
2025-02-21,2.3375,4.4,9.5,0.8545365780815393,-0.519391217408124,24
2025-02-22,2.3125,3.9,8.9,0.9991306518297212,0.0416886144446724,24
2025-02-23,1.9708333333333328,3.6,8.0,0.9209779126210252,0.3896147898427614,24
2025-02-24,2.1416666666666666,4.1,8.4,0.9841532912295688,0.1773197658525616,24
2025-02-25,2.0166666666666666,5.5,10.7,0.9672281326839604,-0.253908919387837,24
2025-02-26,2.6041666666666665,4.5,10.6,0.9891456018369336,0.1469386891415956,24
2025-02-27,2.3217391304347825,4.1,9.0,0.9934210542037948,0.1145190336346789,23
2025-02-28,2.9125,4.8,9.6,0.9766316203994732,-0.2149201666570622,24
2025-03-01,3.4869565217391307,4.8,10.0,0.9831228277226648,-0.1829467288873769,23
2025-03-02,3.2458333333333336,4.6,9.0,0.9798664837657882,-0.1996538854930457,24
2025-03-03,3.029166666666667,4.3,9.1,0.9514753475158172,-0.3077249795997308,24
2025-03-04,3.4791666666666665,4.7,11.1,0.9779479759264604,-0.2088486446720185,24
2025-03-05,3.4791666666666665,5.2,10.0,0.993443067296076,-0.1143279145325606,24
2025-03-06,3.282608695652174,4.4,9.9,0.9803115501823952,-0.1974569942518864,23
2025-03-07,3.1875,4.6,9.3,0.9749573298340763,-0.2223920075065832,24
2025-03-08,2.3375,3.6,9.0,0.9225186586247004,-0.3859524899379244,24
2025-03-09,1.7666666666666666,3.6,6.9,0.979029934653042,-0.203716437857284,24
2025-03-10,1.6541666666666668,3.2,5.6,0.9957209731281922,-0.0924107335359167,24
2025-03-11,1.6708333333333334,3.3,6.6,0.0320023227812169,0.9994877944910616,24
2025-03-12,1.4,4.3,8.4,-0.9397352701537286,-0.3419029424107063,24
2025-03-13,1.8458333333333328,3.6,7.7,0.206257830871353,-0.9784976786912908,24
2025-03-14,1.8208333333333333,3.7,9.4,0.2659349687426263,-0.9639909711194696,24
2025-03-15,1.8333333333333333,3.6,7.1,0.4453916377464855,-0.8953358526416236,24
2025-03-16,1.8791666666666669,3.7,8.5,0.9885694653492464,-0.1507660843131006,24
2025-03-17,1.3666666666666665,3.0,6.9,0.9840594515994292,0.1778398035250566,24
2025-03-18,1.6166666666666665,3.2,9.1,0.999079970783394,-0.0428860347835097,24
2025-03-19,1.6541666666666668,3.5,6.5,0.0587653470276762,-0.9982718236976924,24
2025-03-20,1.8333333333333333,3.6,8.3,0.997673294620993,-0.0681762216619064,24
2025-03-21,2.073913043478261,4.1,7.9,0.9853196835079232,0.1707194227141313,23
2025-03-22,2.1666666666666665,3.5,7.9,0.4810520643709414,0.8766920276610571,24
2025-03-23,1.4041666666666668,2.9,6.7,0.5899657221871591,0.8074282919517892,24
2025-03-24,1.3541666666666667,3.6,7.7,-0.765382384880595,0.6435757957804914,24
2025-03-25,1.1875,2.8,6.8,0.8832395506679774,0.4689220576341334,24
2025-03-26,1.2875,2.5,7.9,-0.3174413261755152,0.9482779151893868,24
2025-03-27,1.45,3.9,10.1,0.9434595436259516,-0.3314876913870427,24
2025-03-28,1.4458333333333335,4.1,8.6,0.9646753527499864,0.2634415756798634,24
2025-03-29,1.8166666666666669,3.6,6.9,0.9835359220147076,0.1807127281258261,24
2025-03-30,2.208333333333333,4.3,7.8,0.944135625951662,0.3295571571197677,24
2025-03-31,1.85,3.5,6.7,0.999599932813958,-0.028283817251755,24
2025-04-01,2.4250000000000003,3.6,7.4,0.9368226730636696,-0.3498046300920566,24
2025-04-02,2.3875,4.5,9.1,0.9894636820557088,-0.1447812898573552,24
2025-04-03,1.9666666666666668,3.1,6.8,0.986084163337428,-0.1662468730987877,24
2025-04-04,1.85,3.1,7.7,0.8025491104538203,-0.596586058594887,24
2025-04-05,2.3291666666666666,3.8,7.4,0.8250219878769528,-0.5651006277819564,24
2025-04-06,3.4,5.8,10.3,0.9012736120493192,-0.4332503620582135,24
2025-04-07,3.529166666666667,5.4,10.5,0.8999689327837813,-0.4359540343018076,24
2025-04-08,2.4166666666666665,3.6,8.0,0.9902654030834828,-0.1391920667850987,24
2025-04-09,1.4833333333333334,3.1,6.7,0.9995885539512492,0.0286831450446176,24
2025-04-10,1.4541666666666666,2.6,5.7,-0.0602888965910196,-0.998180970038919,24
2025-04-11,1.85,4.1,7.3,0.4671484759995104,-0.884178885391036,24
2025-04-12,1.6958333333333335,3.4,9.0,0.9744494877174892,-0.2246067583291355,24
2025-04-13,1.7166666666666668,2.9,6.8,0.0473259317686889,0.998879500331359,24
2025-04-14,1.7541666666666669,3.8,9.0,0.2002101468313449,0.9797529775947464,24
2025-04-15,1.8391304347826083,3.3,7.2,-0.4843048737596722,0.8748993023500636,23
2025-04-16,2.095833333333333,3.7,9.0,-0.6916964846433756,0.7221883224838216,24
2025-04-17,1.3,3.3,6.1,-0.8982713209365899,0.4394412747829157,24
2025-04-18,1.575,4.5,10.0,0.9846906114494908,0.1743112151389795,24
2025-04-19,1.7875,3.8,8.8,0.9857894966006502,0.1679853219535465,24
2025-04-20,1.5125,2.6,6.2,0.2576727862922349,-0.9662322366824636,24
2025-04-21,1.2083333333333333,2.3,5.5,0.6546578540054737,-0.7559253231562943,24
2025-04-22,1.55,3.5,10.2,0.9998828828852376,-0.0153042645398733,24
2025-04-23,1.6833333333333331,3.2,7.4,0.4737551274068014,0.8806566182433226,24
2025-04-24,2.0125,3.0,6.2,0.8249319287475615,0.5652320876709215,24
2025-04-25,1.4333333333333331,3.8,7.6,-0.8464759475762349,0.5324269622914632,24
2025-04-26,1.0875,3.5,7.3,0.8343788910803369,-0.5511913153520721,24
2025-04-27,1.6333333333333335,3.3,7.7,0.9777977239072406,-0.2095509749961086,24
2025-04-28,1.2333333333333334,3.1,6.1,-0.8661974007592027,0.4997019740985632,24
2025-04-29,1.2666666666666666,2.4,5.6,-0.4026074514394677,-0.915372732850076,24
2025-04-30,1.5625,2.5,5.3,0.5061899201872057,-0.8624220339838672,24
2025-05-01,2.3375,3.8,8.0,0.9585011962429522,-0.285088506960259,24
2025-05-02,3.2782608695652176,4.5,8.2,0.9854576687255892,-0.1699211086061025,23
2025-05-03,2.5083333333333333,3.0,6.5,0.9582474925285934,-0.2859401039774992,24
2025-05-04,2.245833333333333,3.4,8.5,0.8954572692602946,-0.4451474799759022,24
2025-05-05,2.404166666666667,3.7,7.7,0.9923877860927856,-0.1231522716552961,24
2025-05-06,2.0375,3.4,6.9,0.9723508984452838,0.2335245817738453,24
2025-05-07,2.1041666666666665,3.1,6.2,0.9967739608518044,-0.0802600209805931,24
2025-05-08,2.3583333333333334,3.9,7.5,0.970565108999867,-0.2408388863785831,24
2025-05-09,2.2291666666666665,3.7,8.8,0.9999315613984464,-0.0116992529361956,24
2025-05-10,1.4083333333333332,3.1,6.7,0.8725197471299121,-0.4885788481589787,24
2025-05-11,1.9478260869565216,4.0,8.4,0.874103351974465,-0.4857399819522832,23
2025-05-12,3.0541666666666667,4.4,8.5,0.9940045078395876,-0.1093390981972096,24
2025-05-13,3.3083333333333336,4.1,8.6,0.9657300097439444,-0.2595487397001981,24
2025-05-14,3.375,4.3,9.5,0.99167447399779,-0.1287700959897393,24
2025-05-15,3.2875,5.7,10.1,0.9857964637265694,-0.1679444315962593,24
2025-05-16,3.7416666666666663,5.3,10.9,0.9805845883570452,-0.1960965707926691,24
2025-05-17,3.466666666666667,4.4,10.2,0.9952864088440702,-0.0969791955538628,24
2025-05-18,2.975,4.6,9.8,0.995923300821722,-0.0902040956961815,24
2025-05-19,2.6739130434782608,4.0,8.0,0.982400857370596,-0.1867847837419252,23
2025-05-20,2.191666666666667,3.1,7.1,0.9724880660595716,-0.2329527020056087,24
2025-05-21,2.1,4.0,8.5,0.9695823627586074,-0.2447652790479809,23
2025-05-22,1.9125,4.3,8.3,0.9626996558036652,-0.2705723058916134,24
2025-05-23,1.6416666666666666,3.5,7.1,0.9081128078892806,-0.4187256000621964,24
2025-05-24,2.2625,3.5,7.4,0.9636618569580558,-0.2671251119684401,24
2025-05-25,2.395833333333333,3.9,7.5,0.9461124407485296,-0.3238383075870734,24
2025-05-26,2.3833333333333333,3.9,7.1,0.9708536753292484,-0.2396729878390361,24
2025-05-27,2.3541666666666665,3.9,8.6,0.9362371466553218,0.3513687595997993,24
2025-05-28,1.1458333333333333,2.5,5.4,0.8689790612991745,0.4948488567467906,24
2025-05-29,1.95,3.8,8.2,0.8881177228737261,-0.4596160466276032,24
2025-05-30,1.6875,2.6,6.2,0.6486604647195677,-0.7610779207872177,24
2025-05-31,1.6208333333333331,3.8,7.4,0.7918040980198799,-0.6107751389496172,24
