modelo,horizonte,data_origem,data_alvo,y_real,y_pred
XGBoost,1,2024-06-13,2024-06-14,16.0,14.419447898864746
XGBoost,1,2024-06-14,2024-06-15,14.0,18.255483627319336
XGBoost,1,2024-06-15,2024-06-16,8.0,12.709580421447754
XGBoost,1,2024-06-16,2024-06-17,12.0,12.504304885864258
XGBoost,1,2024-06-17,2024-06-18,15.0,11.390870094299316
XGBoost,1,2024-06-18,2024-06-19,6.0,12.989697456359863
XGBoost,1,2024-06-19,2024-06-20,19.0,9.26271915435791
XGBoost,1,2024-06-20,2024-06-21,17.0,13.495362281799316
XGBoost,1,2024-06-21,2024-06-22,16.0,13.891341209411621
XGBoost,1,2024-06-22,2024-06-23,14.0,14.674276351928711
XGBoost,1,2024-06-23,2024-06-24,40.0,14.041194915771484
XGBoost,1,2024-06-24,2024-06-25,24.0,25.800424575805664
XGBoost,1,2024-06-25,2024-06-26,25.0,21.18107795715332
XGBoost,1,2024-06-26,2024-06-27,13.0,22.043201446533203
XGBoost,1,2024-06-27,2024-06-28,20.0,20.798419952392578
XGBoost,1,2024-06-28,2024-06-29,22.0,20.375247955322266
XGBoost,1,2024-06-29,2024-06-30,7.0,20.124910354614258
XGBoost,1,2024-06-30,2024-07-01,18.0,20.488080978393555
XGBoost,1,2024-07-01,2024-07-02,21.0,19.00700569152832
XGBoost,1,2024-07-02,2024-07-03,8.0,19.314716339111328
XGBoost,1,2024-07-03,2024-07-04,10.0,12.742496490478516
XGBoost,1,2024-07-04,2024-07-05,19.0,11.28132438659668
XGBoost,1,2024-07-05,2024-07-06,21.0,16.320152282714844
XGBoost,1,2024-07-06,2024-07-07,23.0,17.019935607910156
XGBoost,1,2024-07-07,2024-07-08,19.0,19.935983657836914
XGBoost,1,2024-07-08,2024-07-09,24.0,18.82440757751465
XGBoost,1,2024-07-09,2024-07-10,34.0,22.17291259765625
XGBoost,1,2024-07-10,2024-07-11,20.0,25.629741668701172
XGBoost,1,2024-07-11,2024-07-12,11.0,20.301856994628906
XGBoost,1,2024-07-12,2024-07-13,25.0,15.897239685058594
XGBoost,1,2024-07-13,2024-07-14,18.0,15.244321823120117
XGBoost,1,2024-07-14,2024-07-15,15.0,18.653812408447266
XGBoost,1,2024-07-15,2024-07-16,10.0,13.19149112701416
XGBoost,1,2024-07-16,2024-07-17,16.0,12.118592262268066
XGBoost,1,2024-07-17,2024-07-18,12.0,14.740257263183594
XGBoost,1,2024-07-18,2024-07-19,7.0,11.109806060791016
XGBoost,1,2024-07-19,2024-07-20,17.0,11.006824493408203
XGBoost,1,2024-07-20,2024-07-21,10.0,13.04453182220459
XGBoost,1,2024-07-21,2024-07-22,12.0,10.826973915100098
XGBoost,1,2024-07-22,2024-07-23,11.0,10.880606651306152
XGBoost,1,2024-07-23,2024-07-24,13.0,10.34862995147705
XGBoost,1,2024-07-24,2024-07-25,10.0,10.356242179870605
XGBoost,1,2024-07-25,2024-07-26,12.0,11.804972648620605
XGBoost,1,2024-07-26,2024-07-27,17.0,11.267960548400879
XGBoost,1,2024-07-27,2024-07-28,13.0,15.120924949645996
XGBoost,1,2024-07-28,2024-07-29,22.0,12.806692123413086
XGBoost,1,2024-07-29,2024-07-30,38.0,16.10154151916504
XGBoost,1,2024-07-30,2024-07-31,22.0,24.888446807861328
XGBoost,1,2024-07-31,2024-08-01,24.0,19.957393646240234
XGBoost,1,2024-08-01,2024-08-02,21.0,15.965662002563477
XGBoost,1,2024-08-02,2024-08-03,27.0,17.08338737487793
XGBoost,1,2024-08-03,2024-08-04,13.0,11.43664836883545
XGBoost,1,2024-08-04,2024-08-05,21.0,13.983262062072754
XGBoost,1,2024-08-05,2024-08-06,14.0,13.789058685302734
XGBoost,1,2024-08-06,2024-08-07,15.0,14.57543659210205
XGBoost,1,2024-08-07,2024-08-08,14.0,14.274679183959961
XGBoost,1,2024-08-08,2024-08-09,20.0,15.654617309570312
XGBoost,1,2024-08-09,2024-08-10,26.0,15.939521789550781
XGBoost,1,2024-08-10,2024-08-11,25.0,20.177627563476562
XGBoost,1,2024-08-11,2024-08-12,28.0,21.540781021118164
XGBoost,1,2024-08-12,2024-08-13,37.0,23.998992919921875
XGBoost,1,2024-08-13,2024-08-14,24.0,30.432344436645508
XGBoost,1,2024-08-14,2024-08-15,33.0,20.979703903198242
XGBoost,1,2024-08-15,2024-08-16,25.0,23.841360092163086
XGBoost,1,2024-08-16,2024-08-17,13.0,27.607675552368164
XGBoost,1,2024-08-17,2024-08-18,13.0,20.699533462524414
XGBoost,1,2024-08-18,2024-08-19,7.0,18.721691131591797
XGBoost,1,2024-08-19,2024-08-20,24.0,12.518077850341797
XGBoost,1,2024-08-20,2024-08-21,19.0,19.28623390197754
XGBoost,1,2024-08-21,2024-08-22,19.0,17.17978858947754
XGBoost,1,2024-08-22,2024-08-23,27.0,18.468122482299805
XGBoost,1,2024-08-23,2024-08-24,27.0,26.763381958007812
XGBoost,1,2024-08-24,2024-08-25,25.0,27.27996826171875
XGBoost,1,2024-08-25,2024-08-26,32.0,33.87434387207031
XGBoost,1,2024-08-26,2024-08-27,22.0,37.05622863769531
XGBoost,1,2024-08-27,2024-08-28,30.0,36.5164680480957
XGBoost,1,2024-08-28,2024-08-29,17.0,25.642366409301758
XGBoost,1,2024-08-29,2024-08-30,17.0,23.41815948486328
XGBoost,1,2024-08-30,2024-08-31,13.0,21.47100830078125
XGBoost,1,2024-08-31,2024-09-01,9.0,23.460369110107422
XGBoost,1,2024-09-01,2024-09-02,21.0,24.25394630432129
XGBoost,1,2024-09-02,2024-09-03,20.0,23.11928939819336
XGBoost,1,2024-09-03,2024-09-04,27.0,34.301204681396484
XGBoost,1,2024-09-04,2024-09-05,22.0,37.609371185302734
XGBoost,1,2024-09-05,2024-09-06,37.0,35.228187561035156
XGBoost,1,2024-09-06,2024-09-07,42.0,29.329084396362305
XGBoost,1,2024-09-07,2024-09-08,34.0,31.011781692504883
XGBoost,1,2024-09-08,2024-09-09,9.0,29.517202377319336
XGBoost,1,2024-09-09,2024-09-10,19.0,26.318286895751953
XGBoost,1,2024-09-10,2024-09-11,26.0,23.31547737121582
XGBoost,1,2024-09-11,2024-09-12,34.0,24.893545150756836
XGBoost,1,2024-09-12,2024-09-13,14.0,33.312408447265625
XGBoost,1,2024-09-13,2024-09-14,18.0,40.16819763183594
XGBoost,1,2024-09-14,2024-09-15,19.0,36.57878494262695
XGBoost,1,2024-09-15,2024-09-16,29.0,45.05171585083008
XGBoost,1,2024-09-16,2024-09-17,24.0,49.84162902832031
XGBoost,1,2024-09-17,2024-09-18,34.0,54.22163772583008
XGBoost,1,2024-09-18,2024-09-19,26.0,37.96906280517578
XGBoost,1,2024-09-19,2024-09-20,28.0,41.847042083740234
XGBoost,1,2024-09-20,2024-09-21,15.0,36.41242218017578
XGBoost,1,2024-09-21,2024-09-22,23.0,42.54143524169922
XGBoost,1,2024-09-22,2024-09-23,25.0,39.421443939208984
XGBoost,1,2024-09-23,2024-09-24,9.0,37.34105682373047
XGBoost,1,2024-09-24,2024-09-25,29.0,49.931129455566406
XGBoost,1,2024-09-25,2024-09-26,32.0,29.631572723388672
XGBoost,1,2024-09-26,2024-09-27,23.0,32.977081298828125
XGBoost,1,2024-09-27,2024-09-28,93.0,50.28163528442383
XGBoost,1,2024-09-28,2024-09-29,49.0,87.15914154052734
XGBoost,1,2024-09-29,2024-09-30,38.0,60.77500915527344
XGBoost,1,2024-09-30,2024-10-01,25.0,48.11109924316406
XGBoost,1,2024-10-01,2024-10-02,17.0,49.454925537109375
XGBoost,1,2024-10-02,2024-10-03,22.0,43.2195930480957
XGBoost,1,2024-10-03,2024-10-04,39.0,39.606346130371094
XGBoost,1,2024-10-04,2024-10-05,35.0,51.063419342041016
XGBoost,1,2024-10-05,2024-10-06,29.0,78.72108459472656
XGBoost,1,2024-10-06,2024-10-07,104.0,52.556705474853516
XGBoost,1,2024-10-07,2024-10-08,144.0,109.6171875
XGBoost,1,2024-10-08,2024-10-09,68.0,106.6900863647461
XGBoost,1,2024-10-09,2024-10-10,173.0,96.95355224609375
XGBoost,1,2024-10-10,2024-10-11,156.0,128.42434692382812
XGBoost,1,2024-10-11,2024-10-12,135.0,132.86488342285156
XGBoost,1,2024-10-12,2024-10-13,67.0,112.84275817871094
XGBoost,1,2024-10-13,2024-10-14,78.0,82.42816162109375
XGBoost,1,2024-10-14,2024-10-15,51.0,93.11955261230469
XGBoost,1,2024-10-15,2024-10-16,100.0,89.85961151123047
XGBoost,1,2024-10-16,2024-10-17,137.0,85.2650375366211
XGBoost,1,2024-10-17,2024-10-18,149.0,131.15582275390625
XGBoost,1,2024-10-18,2024-10-19,140.0,122.54232788085938
XGBoost,1,2024-10-19,2024-10-20,85.0,130.9309539794922
XGBoost,1,2024-10-20,2024-10-21,60.0,94.48815155029297
XGBoost,1,2024-10-21,2024-10-22,105.0,62.421234130859375
XGBoost,1,2024-10-22,2024-10-23,125.0,77.79142761230469
XGBoost,1,2024-10-23,2024-10-24,121.0,111.13634490966797
XGBoost,1,2024-10-24,2024-10-25,136.0,95.8204116821289
XGBoost,1,2024-10-25,2024-10-26,53.0,128.96022033691406
XGBoost,1,2024-10-26,2024-10-27,110.0,70.9404067993164
XGBoost,1,2024-10-27,2024-10-28,52.0,94.45819854736328
XGBoost,1,2024-10-28,2024-10-29,64.0,64.9485855102539
XGBoost,1,2024-10-29,2024-10-30,54.0,81.53230285644531
XGBoost,1,2024-10-30,2024-10-31,49.0,60.082069396972656
XGBoost,1,2024-10-31,2024-11-01,37.0,59.01359176635742
XGBoost,1,2024-11-01,2024-11-02,65.0,57.974727630615234
XGBoost,1,2024-11-02,2024-11-03,50.0,68.0620346069336
XGBoost,1,2024-11-03,2024-11-04,79.0,56.89997863769531
XGBoost,1,2024-11-04,2024-11-05,108.0,74.71176147460938
XGBoost,1,2024-11-05,2024-11-06,53.0,75.38807678222656
XGBoost,1,2024-11-06,2024-11-07,90.0,59.25870132446289
XGBoost,1,2024-11-07,2024-11-08,184.0,82.67151641845703
XGBoost,1,2024-11-08,2024-11-09,66.0,114.05853271484375
XGBoost,1,2024-11-09,2024-11-10,59.0,76.34310913085938
XGBoost,1,2024-11-10,2024-11-11,126.0,60.15803146362305
XGBoost,1,2024-11-11,2024-11-12,73.0,129.66082763671875
XGBoost,1,2024-11-12,2024-11-13,94.0,95.26311492919922
XGBoost,1,2024-11-13,2024-11-14,71.0,74.37507629394531
XGBoost,1,2024-11-14,2024-11-15,79.0,74.84374237060547
XGBoost,1,2024-11-15,2024-11-16,68.0,81.64569091796875
XGBoost,1,2024-11-16,2024-11-17,36.0,70.08177185058594
XGBoost,1,2024-11-17,2024-11-18,89.0,46.024898529052734
XGBoost,1,2024-11-18,2024-11-19,104.0,88.55413818359375
XGBoost,1,2024-11-19,2024-11-20,68.0,102.2961196899414
XGBoost,1,2024-11-20,2024-11-21,167.0,106.11384582519531
XGBoost,1,2024-11-21,2024-11-22,187.0,183.99026489257812
XGBoost,1,2024-11-22,2024-11-23,135.0,132.6512908935547
XGBoost,1,2024-11-23,2024-11-24,80.0,106.35932922363281
XGBoost,1,2024-11-24,2024-11-25,57.0,68.51547241210938
XGBoost,1,2024-11-25,2024-11-26,53.0,51.27604675292969
XGBoost,1,2024-11-26,2024-11-27,47.0,70.1920394897461
XGBoost,1,2024-11-27,2024-11-28,70.0,57.41689682006836
XGBoost,1,2024-11-28,2024-11-29,62.0,101.98173522949219
XGBoost,1,2024-11-29,2024-11-30,48.0,83.7110824584961
XGBoost,1,2024-11-30,2024-12-01,53.0,88.17562103271484
XGBoost,1,2024-12-01,2024-12-02,55.0,80.98400115966797
XGBoost,1,2024-12-02,2024-12-03,61.0,67.53582763671875
XGBoost,1,2024-12-03,2024-12-04,74.0,63.74168014526367
XGBoost,1,2024-12-04,2024-12-05,83.0,83.72274780273438
XGBoost,1,2024-12-05,2024-12-06,37.0,82.65445709228516
XGBoost,1,2024-12-06,2024-12-07,31.0,61.39366912841797
XGBoost,1,2024-12-07,2024-12-08,29.0,52.52610397338867
XGBoost,1,2024-12-08,2024-12-09,70.0,45.20068359375
XGBoost,1,2024-12-09,2024-12-10,114.0,83.7403793334961
XGBoost,1,2024-12-10,2024-12-11,96.0,74.38248443603516
XGBoost,1,2024-12-11,2024-12-12,73.0,107.18409729003906
XGBoost,1,2024-12-12,2024-12-13,119.0,89.70512390136719
XGBoost,1,2024-12-13,2024-12-14,140.0,98.71672058105469
XGBoost,1,2024-12-14,2024-12-15,119.0,116.89006042480469
XGBoost,1,2024-12-15,2024-12-16,95.0,78.93159484863281
XGBoost,1,2024-12-16,2024-12-17,98.0,90.65365600585938
XGBoost,1,2024-12-17,2024-12-18,63.0,98.85385131835938
XGBoost,1,2024-12-18,2024-12-19,156.0,71.19085693359375
XGBoost,1,2024-12-19,2024-12-20,102.0,130.10792541503906
XGBoost,1,2024-12-20,2024-12-21,95.0,107.077880859375
XGBoost,1,2024-12-21,2024-12-22,106.0,81.8307876586914
XGBoost,1,2024-12-22,2024-12-23,83.0,91.30763244628906
XGBoost,1,2024-12-23,2024-12-24,128.0,90.13578033447266
XGBoost,1,2024-12-24,2024-12-25,102.0,100.34176635742188
XGBoost,1,2024-12-25,2024-12-26,75.0,95.01222229003906
XGBoost,1,2024-12-26,2024-12-27,62.0,74.68527221679688
XGBoost,1,2024-12-27,2024-12-28,47.0,73.1786880493164
XGBoost,1,2024-12-28,2024-12-29,58.0,65.76616668701172
XGBoost,1,2024-12-29,2024-12-30,150.0,69.82756805419922
XGBoost,1,2024-12-30,2024-12-31,95.0,114.21485900878906
XGBoost,1,2024-12-31,2025-01-01,78.0,90.1561508178711
XGBoost,1,2025-01-01,2025-01-02,59.0,74.9983139038086
XGBoost,1,2025-01-02,2025-01-03,64.0,64.99715423583984
XGBoost,1,2025-01-03,2025-01-04,41.0,77.30859375
XGBoost,1,2025-01-04,2025-01-05,102.0,61.467472076416016
XGBoost,1,2025-01-05,2025-01-06,108.0,65.57103729248047
XGBoost,1,2025-01-06,2025-01-07,62.0,73.29837799072266
XGBoost,1,2025-01-07,2025-01-08,107.0,67.1878433227539
XGBoost,1,2025-01-08,2025-01-09,124.0,81.53521728515625
XGBoost,1,2025-01-09,2025-01-10,97.0,69.72639465332031
XGBoost,1,2025-01-10,2025-01-11,72.0,70.9571762084961
XGBoost,1,2025-01-11,2025-01-12,92.0,75.56256866455078
XGBoost,1,2025-01-12,2025-01-13,75.0,80.9637680053711
XGBoost,1,2025-01-13,2025-01-14,94.0,79.17511749267578
XGBoost,1,2025-01-14,2025-01-15,93.0,60.966121673583984
XGBoost,1,2025-01-15,2025-01-16,81.0,67.53034973144531
XGBoost,1,2025-01-16,2025-01-17,71.0,64.5450210571289
XGBoost,1,2025-01-17,2025-01-18,47.0,62.45104217529297
XGBoost,1,2025-01-18,2025-01-19,114.0,58.429901123046875
XGBoost,1,2025-01-19,2025-01-20,81.0,81.82325744628906
XGBoost,1,2025-01-20,2025-01-21,89.0,79.79505157470703
XGBoost,1,2025-01-21,2025-01-22,202.0,65.61319732666016
XGBoost,1,2025-01-22,2025-01-23,364.0,99.10641479492188
XGBoost,1,2025-01-23,2025-01-24,140.0,122.40583038330078
XGBoost,1,2025-01-24,2025-01-25,71.0,98.87093353271484
XGBoost,1,2025-01-25,2025-01-26,69.0,87.06009674072266
XGBoost,1,2025-01-26,2025-01-27,74.0,106.41656494140625
XGBoost,1,2025-01-27,2025-01-28,96.0,94.72313690185547
XGBoost,1,2025-01-28,2025-01-29,109.0,94.8041763305664
XGBoost,1,2025-01-29,2025-01-30,91.0,83.92333984375
XGBoost,1,2025-01-30,2025-01-31,145.0,67.4519271850586
XGBoost,1,2025-01-31,2025-02-01,71.0,89.58010864257812
XGBoost,1,2025-02-01,2025-02-02,101.0,80.89409637451172
XGBoost,1,2025-02-02,2025-02-03,41.0,56.084285736083984
XGBoost,1,2025-02-03,2025-02-04,44.0,64.49056243896484
XGBoost,1,2025-02-04,2025-02-05,54.0,56.80632400512695
XGBoost,1,2025-02-05,2025-02-06,26.0,64.64177703857422
XGBoost,1,2025-02-06,2025-02-07,14.0,44.3884162902832
XGBoost,1,2025-02-07,2025-02-08,64.0,23.869308471679688
XGBoost,1,2025-02-08,2025-02-09,30.0,53.725013732910156
XGBoost,1,2025-02-09,2025-02-10,38.0,34.58122253417969
XGBoost,1,2025-02-10,2025-02-11,93.0,24.28672981262207
XGBoost,1,2025-02-11,2025-02-12,69.0,62.98310089111328
XGBoost,1,2025-02-12,2025-02-13,33.0,65.39983367919922
XGBoost,1,2025-02-13,2025-02-14,41.0,27.75248146057129
XGBoost,1,2025-02-14,2025-02-15,32.0,45.1896858215332
XGBoost,1,2025-02-15,2025-02-16,63.0,41.43809509277344
XGBoost,1,2025-02-16,2025-02-17,46.0,53.27886962890625
XGBoost,1,2025-02-17,2025-02-18,27.0,45.432743072509766
XGBoost,1,2025-02-18,2025-02-19,26.0,44.362335205078125
XGBoost,1,2025-02-19,2025-02-20,27.0,40.4604606628418
XGBoost,1,2025-02-20,2025-02-21,35.0,33.90799331665039
XGBoost,1,2025-02-21,2025-02-22,41.0,40.00395584106445
XGBoost,1,2025-02-22,2025-02-23,13.0,36.74658966064453
XGBoost,1,2025-02-23,2025-02-24,67.0,36.077213287353516
XGBoost,1,2025-02-24,2025-02-25,94.0,63.578819274902344
XGBoost,1,2025-02-25,2025-02-26,50.0,62.931880950927734
XGBoost,1,2025-02-26,2025-02-27,40.0,46.554805755615234
XGBoost,1,2025-02-27,2025-02-28,24.0,48.3772087097168
XGBoost,1,2025-02-28,2025-03-01,37.0,26.231807708740234
XGBoost,1,2025-03-01,2025-03-02,19.0,32.27885055541992
XGBoost,1,2025-03-02,2025-03-03,17.0,22.451126098632812
XGBoost,1,2025-03-03,2025-03-04,29.0,20.571666717529297
XGBoost,1,2025-03-04,2025-03-05,36.0,37.222110748291016
XGBoost,1,2025-03-05,2025-03-06,32.0,27.611263275146484
XGBoost,1,2025-03-06,2025-03-07,29.0,23.448936462402344
XGBoost,1,2025-03-07,2025-03-08,18.0,24.52752685546875
XGBoost,1,2025-03-08,2025-03-09,25.0,25.88762664794922
XGBoost,1,2025-03-09,2025-03-10,24.0,30.029529571533203
XGBoost,1,2025-03-10,2025-03-11,53.0,29.73320960998535
XGBoost,1,2025-03-11,2025-03-12,73.0,49.24310302734375
XGBoost,1,2025-03-12,2025-03-13,106.0,74.55645751953125
XGBoost,1,2025-03-13,2025-03-14,290.0,75.96589660644531
XGBoost,1,2025-03-14,2025-03-15,93.0,126.77111053466797
XGBoost,1,2025-03-15,2025-03-16,30.0,67.74465942382812
XGBoost,1,2025-03-16,2025-03-17,21.0,37.83081817626953
XGBoost,1,2025-03-17,2025-03-18,42.0,51.36573791503906
XGBoost,1,2025-03-18,2025-03-19,84.0,53.49971389770508
XGBoost,1,2025-03-19,2025-03-20,100.0,95.61711883544922
XGBoost,1,2025-03-20,2025-03-21,73.0,85.21514129638672
XGBoost,1,2025-03-21,2025-03-22,56.0,80.56310272216797
XGBoost,1,2025-03-22,2025-03-23,91.0,60.75425720214844
XGBoost,1,2025-03-23,2025-03-24,54.0,75.1603012084961
XGBoost,1,2025-03-24,2025-03-25,51.0,49.591644287109375
XGBoost,1,2025-03-25,2025-03-26,66.0,48.6640510559082
XGBoost,1,2025-03-26,2025-03-27,62.0,77.25918579101562
XGBoost,1,2025-03-27,2025-03-28,52.0,65.93197631835938
XGBoost,1,2025-03-28,2025-03-29,23.0,65.37102508544922
XGBoost,1,2025-03-29,2025-03-30,9.0,36.04774475097656
XGBoost,1,2025-03-30,2025-03-31,21.0,28.557201385498047
XGBoost,1,2025-03-31,2025-04-01,22.0,27.144001007080078
XGBoost,1,2025-04-01,2025-04-02,35.0,28.666383743286133
XGBoost,1,2025-04-02,2025-04-03,30.0,39.0546989440918
XGBoost,1,2025-04-03,2025-04-04,36.0,37.634666442871094
XGBoost,1,2025-04-04,2025-04-05,51.0,44.71166229248047
XGBoost,1,2025-04-05,2025-04-06,32.0,48.003414154052734
XGBoost,1,2025-04-06,2025-04-07,36.0,25.924510955810547
XGBoost,1,2025-04-07,2025-04-08,30.0,26.13375473022461
XGBoost,1,2025-04-08,2025-04-09,71.0,24.916950225830078
XGBoost,1,2025-04-09,2025-04-10,57.0,59.7800407409668
XGBoost,1,2025-04-10,2025-04-11,65.0,40.428314208984375
XGBoost,1,2025-04-11,2025-04-12,63.0,57.63199996948242
XGBoost,1,2025-04-12,2025-04-13,42.0,53.25139236450195
XGBoost,1,2025-04-13,2025-04-14,91.0,51.451168060302734
XGBoost,1,2025-04-14,2025-04-15,82.0,70.1770248413086
XGBoost,1,2025-04-15,2025-04-16,40.0,70.25276184082031
XGBoost,1,2025-04-16,2025-04-17,34.0,49.66889572143555
XGBoost,1,2025-04-17,2025-04-18,50.0,46.46574401855469
XGBoost,1,2025-04-18,2025-04-19,45.0,50.520755767822266
XGBoost,1,2025-04-19,2025-04-20,25.0,47.26426696777344
XGBoost,1,2025-04-20,2025-04-21,42.0,35.00924301147461
XGBoost,1,2025-04-21,2025-04-22,56.0,59.892425537109375
XGBoost,1,2025-04-22,2025-04-23,21.0,57.68499755859375
XGBoost,1,2025-04-23,2025-04-24,50.0,35.69373321533203
XGBoost,1,2025-04-24,2025-04-25,63.0,52.55805206298828
XGBoost,1,2025-04-25,2025-04-26,63.0,64.67803192138672
XGBoost,1,2025-04-26,2025-04-27,99.0,54.785526275634766
XGBoost,1,2025-04-27,2025-04-28,80.0,66.57726287841797
XGBoost,1,2025-04-28,2025-04-29,54.0,73.32694244384766
XGBoost,1,2025-04-29,2025-04-30,52.0,49.38351058959961
XGBoost,1,2025-04-30,2025-05-01,49.0,50.977455139160156
XGBoost,1,2025-05-01,2025-05-02,43.0,48.26140213012695
XGBoost,1,2025-05-02,2025-05-03,27.0,41.13429641723633
XGBoost,1,2025-05-03,2025-05-04,26.0,33.28239822387695
XGBoost,1,2025-05-04,2025-05-05,18.0,40.11111068725586
XGBoost,1,2025-05-05,2025-05-06,26.0,31.09187889099121
XGBoost,1,2025-05-06,2025-05-07,23.0,27.322587966918945
XGBoost,1,2025-05-07,2025-05-08,16.0,25.731164932250977
XGBoost,1,2025-05-08,2025-05-09,11.0,20.85434341430664
XGBoost,1,2025-05-09,2025-05-10,18.0,14.748908996582031
XGBoost,1,2025-05-10,2025-05-11,14.0,17.443540573120117
XGBoost,1,2025-05-11,2025-05-12,27.0,14.334354400634766
XGBoost,1,2025-05-12,2025-05-13,25.0,17.882925033569336
XGBoost,1,2025-05-13,2025-05-14,12.0,16.796852111816406
XGBoost,1,2025-05-14,2025-05-15,35.0,14.151212692260742
XGBoost,1,2025-05-15,2025-05-16,24.0,22.11699867248535
XGBoost,1,2025-05-16,2025-05-17,30.0,14.428974151611328
XGBoost,1,2025-05-17,2025-05-18,29.0,16.167272567749023
XGBoost,1,2025-05-18,2025-05-19,21.0,18.33515167236328
XGBoost,1,2025-05-19,2025-05-20,34.0,18.49945831298828
XGBoost,1,2025-05-20,2025-05-21,19.0,23.51972770690918
XGBoost,1,2025-05-21,2025-05-22,31.0,20.138330459594727
XGBoost,1,2025-05-22,2025-05-23,13.0,22.554943084716797
XGBoost,1,2025-05-23,2025-05-24,12.0,18.93743896484375
XGBoost,1,2025-05-24,2025-05-25,16.0,13.24501895904541
XGBoost,1,2025-05-25,2025-05-26,11.0,18.63616943359375
XGBoost,1,2025-05-26,2025-05-27,22.0,12.458085060119629
XGBoost,1,2025-05-27,2025-05-28,28.0,17.642757415771484
XGBoost,1,2025-05-28,2025-05-29,33.0,19.6462345123291
XGBoost,1,2025-05-29,2025-05-30,12.0,21.377212524414062
XGBoost,1,2025-05-30,2025-05-31,24.0,17.54615592956543
XGBoost,3,2024-06-11,2024-06-14,16.0,14.302467346191406
XGBoost,3,2024-06-12,2024-06-15,14.0,14.572298049926758
XGBoost,3,2024-06-13,2024-06-16,8.0,14.958236694335938
XGBoost,3,2024-06-14,2024-06-17,12.0,17.52883529663086
XGBoost,3,2024-06-15,2024-06-18,15.0,12.996952056884766
XGBoost,3,2024-06-16,2024-06-19,6.0,10.507317543029785
XGBoost,3,2024-06-17,2024-06-20,19.0,13.09052562713623
XGBoost,3,2024-06-18,2024-06-21,17.0,14.578600883483887
XGBoost,3,2024-06-19,2024-06-22,16.0,10.650521278381348
XGBoost,3,2024-06-20,2024-06-23,14.0,13.157032012939453
XGBoost,3,2024-06-21,2024-06-24,40.0,12.718554496765137
XGBoost,3,2024-06-22,2024-06-25,24.0,14.998534202575684
XGBoost,3,2024-06-23,2024-06-26,25.0,14.828862190246582
XGBoost,3,2024-06-24,2024-06-27,13.0,15.482625007629395
XGBoost,3,2024-06-25,2024-06-28,20.0,18.074283599853516
XGBoost,3,2024-06-26,2024-06-29,22.0,20.94678497314453
XGBoost,3,2024-06-27,2024-06-30,7.0,21.152935028076172
XGBoost,3,2024-06-28,2024-07-01,18.0,21.542449951171875
XGBoost,3,2024-06-29,2024-07-02,21.0,19.771942138671875
XGBoost,3,2024-06-30,2024-07-03,8.0,14.041460990905762
XGBoost,3,2024-07-01,2024-07-04,10.0,21.007808685302734
XGBoost,3,2024-07-02,2024-07-05,19.0,14.303996086120605
XGBoost,3,2024-07-03,2024-07-06,21.0,13.774178504943848
XGBoost,3,2024-07-04,2024-07-07,23.0,11.75340461730957
XGBoost,3,2024-07-05,2024-07-08,19.0,13.369097709655762
XGBoost,3,2024-07-06,2024-07-09,24.0,15.098007202148438
XGBoost,3,2024-07-07,2024-07-10,34.0,16.304283142089844
XGBoost,3,2024-07-08,2024-07-11,20.0,20.118553161621094
XGBoost,3,2024-07-09,2024-07-12,11.0,18.495346069335938
XGBoost,3,2024-07-10,2024-07-13,25.0,20.957860946655273
XGBoost,3,2024-07-11,2024-07-14,18.0,20.569555282592773
XGBoost,3,2024-07-12,2024-07-15,15.0,18.80747413635254
XGBoost,3,2024-07-13,2024-07-16,10.0,15.583584785461426
XGBoost,3,2024-07-14,2024-07-17,16.0,15.325827598571777
XGBoost,3,2024-07-15,2024-07-18,12.0,15.693851470947266
XGBoost,3,2024-07-16,2024-07-19,7.0,14.6668119430542
XGBoost,3,2024-07-17,2024-07-20,17.0,16.27530288696289
XGBoost,3,2024-07-18,2024-07-21,10.0,13.308937072753906
XGBoost,3,2024-07-19,2024-07-22,12.0,10.573752403259277
XGBoost,3,2024-07-20,2024-07-23,11.0,15.077999114990234
XGBoost,3,2024-07-21,2024-07-24,13.0,10.404760360717773
XGBoost,3,2024-07-22,2024-07-25,10.0,12.139738082885742
XGBoost,3,2024-07-23,2024-07-26,12.0,11.806817054748535
XGBoost,3,2024-07-24,2024-07-27,17.0,12.476710319519043
XGBoost,3,2024-07-25,2024-07-28,13.0,12.558938026428223
XGBoost,3,2024-07-26,2024-07-29,22.0,11.810128211975098
XGBoost,3,2024-07-27,2024-07-30,38.0,17.01532745361328
XGBoost,3,2024-07-28,2024-07-31,22.0,16.331697463989258
XGBoost,3,2024-07-29,2024-08-01,24.0,11.993414878845215
XGBoost,3,2024-07-30,2024-08-02,21.0,16.91112518310547
XGBoost,3,2024-07-31,2024-08-03,27.0,13.956659317016602
XGBoost,3,2024-08-01,2024-08-04,13.0,13.890223503112793
XGBoost,3,2024-08-02,2024-08-05,21.0,14.638251304626465
XGBoost,3,2024-08-03,2024-08-06,14.0,18.019046783447266
XGBoost,3,2024-08-04,2024-08-07,15.0,15.862889289855957
XGBoost,3,2024-08-05,2024-08-08,14.0,15.048066139221191
XGBoost,3,2024-08-06,2024-08-09,20.0,21.366044998168945
XGBoost,3,2024-08-07,2024-08-10,26.0,16.440147399902344
XGBoost,3,2024-08-08,2024-08-11,25.0,16.25029182434082
XGBoost,3,2024-08-09,2024-08-12,28.0,16.921409606933594
XGBoost,3,2024-08-10,2024-08-13,37.0,20.01473045349121
XGBoost,3,2024-08-11,2024-08-14,24.0,15.553375244140625
XGBoost,3,2024-08-12,2024-08-15,33.0,19.244436264038086
XGBoost,3,2024-08-13,2024-08-16,25.0,21.701684951782227
XGBoost,3,2024-08-14,2024-08-17,13.0,22.316926956176758
XGBoost,3,2024-08-15,2024-08-18,13.0,25.53370475769043
XGBoost,3,2024-08-16,2024-08-19,7.0,27.2058048248291
XGBoost,3,2024-08-17,2024-08-20,24.0,24.548004150390625
XGBoost,3,2024-08-18,2024-08-21,19.0,20.15811538696289
XGBoost,3,2024-08-19,2024-08-22,19.0,16.341144561767578
XGBoost,3,2024-08-20,2024-08-23,27.0,21.044326782226562
XGBoost,3,2024-08-21,2024-08-24,27.0,16.904233932495117
XGBoost,3,2024-08-22,2024-08-25,25.0,23.8842716217041
XGBoost,3,2024-08-23,2024-08-26,32.0,36.55059051513672
XGBoost,3,2024-08-24,2024-08-27,22.0,44.701419830322266
XGBoost,3,2024-08-25,2024-08-28,30.0,41.96399688720703
XGBoost,3,2024-08-26,2024-08-29,17.0,47.1256103515625
XGBoost,3,2024-08-27,2024-08-30,17.0,46.08247756958008
XGBoost,3,2024-08-28,2024-08-31,13.0,33.7357292175293
XGBoost,3,2024-08-29,2024-09-01,9.0,28.2314395904541
XGBoost,3,2024-08-30,2024-09-02,21.0,25.91910171508789
XGBoost,3,2024-08-31,2024-09-03,20.0,29.56308364868164
XGBoost,3,2024-09-01,2024-09-04,27.0,28.668914794921875
XGBoost,3,2024-09-02,2024-09-05,22.0,41.19948959350586
XGBoost,3,2024-09-03,2024-09-06,37.0,47.956085205078125
XGBoost,3,2024-09-04,2024-09-07,42.0,50.51604080200195
XGBoost,3,2024-09-05,2024-09-08,34.0,58.97211837768555
XGBoost,3,2024-09-06,2024-09-09,9.0,51.48881912231445
XGBoost,3,2024-09-07,2024-09-10,19.0,50.744693756103516
XGBoost,3,2024-09-08,2024-09-11,26.0,50.623329162597656
XGBoost,3,2024-09-09,2024-09-12,34.0,39.005226135253906
XGBoost,3,2024-09-10,2024-09-13,14.0,47.30208969116211
XGBoost,3,2024-09-11,2024-09-14,18.0,40.126678466796875
XGBoost,3,2024-09-12,2024-09-15,19.0,45.24949264526367
XGBoost,3,2024-09-13,2024-09-16,29.0,46.8885383605957
XGBoost,3,2024-09-14,2024-09-17,24.0,43.03598403930664
XGBoost,3,2024-09-15,2024-09-18,34.0,40.19145202636719
XGBoost,3,2024-09-16,2024-09-19,26.0,72.9505844116211
XGBoost,3,2024-09-17,2024-09-20,28.0,72.46559143066406
XGBoost,3,2024-09-18,2024-09-21,15.0,60.186912536621094
XGBoost,3,2024-09-19,2024-09-22,23.0,52.767547607421875
XGBoost,3,2024-09-20,2024-09-23,25.0,66.11024475097656
XGBoost,3,2024-09-21,2024-09-24,9.0,57.20930862426758
XGBoost,3,2024-09-22,2024-09-25,29.0,63.081600189208984
XGBoost,3,2024-09-23,2024-09-26,32.0,58.45288848876953
XGBoost,3,2024-09-24,2024-09-27,23.0,47.8703727722168
XGBoost,3,2024-09-25,2024-09-28,93.0,51.40642547607422
XGBoost,3,2024-09-26,2024-09-29,49.0,53.51835250854492
XGBoost,3,2024-09-27,2024-09-30,38.0,79.72836303710938
XGBoost,3,2024-09-28,2024-10-01,25.0,87.70157623291016
XGBoost,3,2024-09-29,2024-10-02,17.0,76.60198974609375
XGBoost,3,2024-09-30,2024-10-03,22.0,70.96488189697266
XGBoost,3,2024-10-01,2024-10-04,39.0,66.1291275024414
XGBoost,3,2024-10-02,2024-10-05,35.0,61.63410186767578
XGBoost,3,2024-10-03,2024-10-06,29.0,65.87649536132812
XGBoost,3,2024-10-04,2024-10-07,104.0,70.68440246582031
XGBoost,3,2024-10-05,2024-10-08,144.0,90.32662963867188
XGBoost,3,2024-10-06,2024-10-09,68.0,77.36216735839844
XGBoost,3,2024-10-07,2024-10-10,173.0,86.28116607666016
XGBoost,3,2024-10-08,2024-10-11,156.0,114.40591430664062
XGBoost,3,2024-10-09,2024-10-12,135.0,96.6690673828125
XGBoost,3,2024-10-10,2024-10-13,67.0,99.42578887939453
XGBoost,3,2024-10-11,2024-10-14,78.0,120.35154724121094
XGBoost,3,2024-10-12,2024-10-15,51.0,128.88186645507812
XGBoost,3,2024-10-13,2024-10-16,100.0,104.73429107666016
XGBoost,3,2024-10-14,2024-10-17,137.0,100.01753234863281
XGBoost,3,2024-10-15,2024-10-18,149.0,104.90937805175781
XGBoost,3,2024-10-16,2024-10-19,140.0,91.27500915527344
XGBoost,3,2024-10-17,2024-10-20,85.0,108.63069152832031
XGBoost,3,2024-10-18,2024-10-21,60.0,101.3056869506836
XGBoost,3,2024-10-19,2024-10-22,105.0,86.87039184570312
XGBoost,3,2024-10-20,2024-10-23,125.0,78.38883972167969
XGBoost,3,2024-10-21,2024-10-24,121.0,75.0285415649414
XGBoost,3,2024-10-22,2024-10-25,136.0,60.90040969848633
XGBoost,3,2024-10-23,2024-10-26,53.0,97.05133056640625
XGBoost,3,2024-10-24,2024-10-27,110.0,82.38978576660156
XGBoost,3,2024-10-25,2024-10-28,52.0,98.46601867675781
XGBoost,3,2024-10-26,2024-10-29,64.0,74.27104949951172
XGBoost,3,2024-10-27,2024-10-30,54.0,86.25183868408203
XGBoost,3,2024-10-28,2024-10-31,49.0,76.31988525390625
XGBoost,3,2024-10-29,2024-11-01,37.0,86.59835052490234
XGBoost,3,2024-10-30,2024-11-02,65.0,74.55606842041016
XGBoost,3,2024-10-31,2024-11-03,50.0,73.83197021484375
XGBoost,3,2024-11-01,2024-11-04,79.0,72.22003936767578
XGBoost,3,2024-11-02,2024-11-05,108.0,66.57051849365234
XGBoost,3,2024-11-03,2024-11-06,53.0,68.43688201904297
XGBoost,3,2024-11-04,2024-11-07,90.0,67.80503845214844
XGBoost,3,2024-11-05,2024-11-08,184.0,70.43358612060547
XGBoost,3,2024-11-06,2024-11-09,66.0,74.89485168457031
XGBoost,3,2024-11-07,2024-11-10,59.0,75.80999755859375
XGBoost,3,2024-11-08,2024-11-11,126.0,71.02487182617188
XGBoost,3,2024-11-09,2024-11-12,73.0,74.77471923828125
XGBoost,3,2024-11-10,2024-11-13,94.0,105.22570037841797
XGBoost,3,2024-11-11,2024-11-14,71.0,90.31001281738281
XGBoost,3,2024-11-12,2024-11-15,79.0,93.0589828491211
XGBoost,3,2024-11-13,2024-11-16,68.0,82.89850616455078
XGBoost,3,2024-11-14,2024-11-17,36.0,54.97605895996094
XGBoost,3,2024-11-15,2024-11-18,89.0,99.5811767578125
XGBoost,3,2024-11-16,2024-11-19,104.0,77.50459289550781
XGBoost,3,2024-11-17,2024-11-20,68.0,60.862483978271484
XGBoost,3,2024-11-18,2024-11-21,167.0,80.71868896484375
XGBoost,3,2024-11-19,2024-11-22,187.0,66.9663314819336
XGBoost,3,2024-11-20,2024-11-23,135.0,83.78841400146484
XGBoost,3,2024-11-21,2024-11-24,80.0,93.10210418701172
XGBoost,3,2024-11-22,2024-11-25,57.0,89.35955047607422
XGBoost,3,2024-11-23,2024-11-26,53.0,84.43697357177734
XGBoost,3,2024-11-24,2024-11-27,47.0,102.76217651367188
XGBoost,3,2024-11-25,2024-11-28,70.0,73.5080795288086
XGBoost,3,2024-11-26,2024-11-29,62.0,67.3876724243164
XGBoost,3,2024-11-27,2024-11-30,48.0,71.2420654296875
XGBoost,3,2024-11-28,2024-12-01,53.0,97.51305389404297
XGBoost,3,2024-11-29,2024-12-02,55.0,94.77556610107422
XGBoost,3,2024-11-30,2024-12-03,61.0,85.95420837402344
XGBoost,3,2024-12-01,2024-12-04,74.0,85.0053939819336
XGBoost,3,2024-12-02,2024-12-05,83.0,78.76527404785156
XGBoost,3,2024-12-03,2024-12-06,37.0,76.93080139160156
XGBoost,3,2024-12-04,2024-12-07,31.0,78.98522186279297
XGBoost,3,2024-12-05,2024-12-08,29.0,88.18425750732422
XGBoost,3,2024-12-06,2024-12-09,70.0,63.375572204589844
XGBoost,3,2024-12-07,2024-12-10,114.0,50.26851272583008
XGBoost,3,2024-12-08,2024-12-11,96.0,50.808692932128906
XGBoost,3,2024-12-09,2024-12-12,73.0,66.6073989868164
XGBoost,3,2024-12-10,2024-12-13,119.0,67.7198486328125
XGBoost,3,2024-12-11,2024-12-14,140.0,92.16839599609375
XGBoost,3,2024-12-12,2024-12-15,119.0,94.04039764404297
XGBoost,3,2024-12-13,2024-12-16,95.0,80.04764556884766
XGBoost,3,2024-12-14,2024-12-17,98.0,98.5127182006836
XGBoost,3,2024-12-15,2024-12-18,63.0,98.82881927490234
XGBoost,3,2024-12-16,2024-12-19,156.0,106.0785903930664
XGBoost,3,2024-12-17,2024-12-20,102.0,107.77136993408203
XGBoost,3,2024-12-18,2024-12-21,95.0,71.26862335205078
XGBoost,3,2024-12-19,2024-12-22,106.0,74.99598693847656
XGBoost,3,2024-12-20,2024-12-23,83.0,84.32691192626953
XGBoost,3,2024-12-21,2024-12-24,128.0,87.95911407470703
XGBoost,3,2024-12-22,2024-12-25,102.0,79.8236312866211
XGBoost,3,2024-12-23,2024-12-26,75.0,83.90343475341797
XGBoost,3,2024-12-24,2024-12-27,62.0,90.38391876220703
XGBoost,3,2024-12-25,2024-12-28,47.0,70.79640197753906
XGBoost,3,2024-12-26,2024-12-29,58.0,80.23793029785156
XGBoost,3,2024-12-27,2024-12-30,150.0,78.05107879638672
XGBoost,3,2024-12-28,2024-12-31,95.0,78.97522735595703
XGBoost,3,2024-12-29,2025-01-01,78.0,76.37297058105469
XGBoost,3,2024-12-30,2025-01-02,59.0,73.34596252441406
XGBoost,3,2024-12-31,2025-01-03,64.0,87.62127685546875
XGBoost,3,2025-01-01,2025-01-04,41.0,87.38798522949219
XGBoost,3,2025-01-02,2025-01-05,102.0,68.35787200927734
XGBoost,3,2025-01-03,2025-01-06,108.0,58.625335693359375
XGBoost,3,2025-01-04,2025-01-07,62.0,50.75989532470703
XGBoost,3,2025-01-05,2025-01-08,107.0,69.59281921386719
XGBoost,3,2025-01-06,2025-01-09,124.0,80.47737121582031
XGBoost,3,2025-01-07,2025-01-10,97.0,76.59489440917969
XGBoost,3,2025-01-08,2025-01-11,72.0,72.6187515258789
XGBoost,3,2025-01-09,2025-01-12,92.0,61.56227493286133
XGBoost,3,2025-01-10,2025-01-13,75.0,66.56177520751953
XGBoost,3,2025-01-11,2025-01-14,94.0,61.853492736816406
XGBoost,3,2025-01-12,2025-01-15,93.0,65.64263153076172
XGBoost,3,2025-01-13,2025-01-16,81.0,57.98548126220703
XGBoost,3,2025-01-14,2025-01-17,71.0,52.46714401245117
XGBoost,3,2025-01-15,2025-01-18,47.0,55.4732551574707
XGBoost,3,2025-01-16,2025-01-19,114.0,68.67354583740234
XGBoost,3,2025-01-17,2025-01-20,81.0,64.54566192626953
XGBoost,3,2025-01-18,2025-01-21,89.0,63.16244888305664
XGBoost,3,2025-01-19,2025-01-22,202.0,54.53588104248047
XGBoost,3,2025-01-20,2025-01-23,364.0,59.92733383178711
XGBoost,3,2025-01-21,2025-01-24,140.0,54.577938079833984
XGBoost,3,2025-01-22,2025-01-25,71.0,58.631126403808594
XGBoost,3,2025-01-23,2025-01-26,69.0,90.44591522216797
XGBoost,3,2025-01-24,2025-01-27,74.0,65.0996322631836
XGBoost,3,2025-01-25,2025-01-28,96.0,67.29288482666016
XGBoost,3,2025-01-26,2025-01-29,109.0,85.47791290283203
XGBoost,3,2025-01-27,2025-01-30,91.0,82.75679016113281
XGBoost,3,2025-01-28,2025-01-31,145.0,75.8172378540039
XGBoost,3,2025-01-29,2025-02-01,71.0,86.55545043945312
XGBoost,3,2025-01-30,2025-02-02,101.0,90.08991241455078
XGBoost,3,2025-01-31,2025-02-03,41.0,73.26982879638672
XGBoost,3,2025-02-01,2025-02-04,44.0,60.83069610595703
XGBoost,3,2025-02-02,2025-02-05,54.0,59.4778938293457
XGBoost,3,2025-02-03,2025-02-06,26.0,61.7076301574707
XGBoost,3,2025-02-04,2025-02-07,14.0,61.93583679199219
XGBoost,3,2025-02-05,2025-02-08,64.0,61.26433181762695
XGBoost,3,2025-02-06,2025-02-09,30.0,51.183719635009766
XGBoost,3,2025-02-07,2025-02-10,38.0,52.81855773925781
XGBoost,3,2025-02-08,2025-02-11,93.0,63.78706359863281
XGBoost,3,2025-02-09,2025-02-12,69.0,42.900543212890625
XGBoost,3,2025-02-10,2025-02-13,33.0,39.43568801879883
XGBoost,3,2025-02-11,2025-02-14,41.0,50.513336181640625
XGBoost,3,2025-02-12,2025-02-15,32.0,46.74772644042969
XGBoost,3,2025-02-13,2025-02-16,63.0,36.10403823852539
XGBoost,3,2025-02-14,2025-02-17,46.0,43.40471267700195
XGBoost,3,2025-02-15,2025-02-18,27.0,70.82579803466797
XGBoost,3,2025-02-16,2025-02-19,26.0,47.3011360168457
XGBoost,3,2025-02-17,2025-02-20,27.0,47.906654357910156
XGBoost,3,2025-02-18,2025-02-21,35.0,66.41424560546875
XGBoost,3,2025-02-19,2025-02-22,41.0,63.08542251586914
XGBoost,3,2025-02-20,2025-02-23,13.0,41.33096694946289
XGBoost,3,2025-02-21,2025-02-24,67.0,51.21736145019531
XGBoost,3,2025-02-22,2025-02-25,94.0,42.52104949951172
XGBoost,3,2025-02-23,2025-02-26,50.0,64.59750366210938
XGBoost,3,2025-02-24,2025-02-27,40.0,62.959449768066406
XGBoost,3,2025-02-25,2025-02-28,24.0,60.74105453491211
XGBoost,3,2025-02-26,2025-03-01,37.0,63.074951171875
XGBoost,3,2025-02-27,2025-03-02,19.0,63.83717346191406
XGBoost,3,2025-02-28,2025-03-03,17.0,51.723445892333984
XGBoost,3,2025-03-01,2025-03-04,29.0,54.740631103515625
XGBoost,3,2025-03-02,2025-03-05,36.0,30.74241828918457
XGBoost,3,2025-03-03,2025-03-06,32.0,54.363468170166016
XGBoost,3,2025-03-04,2025-03-07,29.0,41.110595703125
XGBoost,3,2025-03-05,2025-03-08,18.0,39.330223083496094
XGBoost,3,2025-03-06,2025-03-09,25.0,37.19684982299805
XGBoost,3,2025-03-07,2025-03-10,24.0,32.34657287597656
XGBoost,3,2025-03-08,2025-03-11,53.0,46.594886779785156
XGBoost,3,2025-03-09,2025-03-12,73.0,36.897830963134766
XGBoost,3,2025-03-10,2025-03-13,106.0,40.20322799682617
XGBoost,3,2025-03-11,2025-03-14,290.0,56.17656326293945
XGBoost,3,2025-03-12,2025-03-15,93.0,65.41859436035156
XGBoost,3,2025-03-13,2025-03-16,30.0,54.90771484375
XGBoost,3,2025-03-14,2025-03-17,21.0,66.98753356933594
XGBoost,3,2025-03-15,2025-03-18,42.0,66.44036102294922
XGBoost,3,2025-03-16,2025-03-19,84.0,41.817108154296875
XGBoost,3,2025-03-17,2025-03-20,100.0,44.46229934692383
XGBoost,3,2025-03-18,2025-03-21,73.0,62.875396728515625
XGBoost,3,2025-03-19,2025-03-22,56.0,68.22145080566406
XGBoost,3,2025-03-20,2025-03-23,91.0,58.89691162109375
XGBoost,3,2025-03-21,2025-03-24,54.0,69.54871368408203
XGBoost,3,2025-03-22,2025-03-25,51.0,64.53211975097656
XGBoost,3,2025-03-23,2025-03-26,66.0,53.108272552490234
XGBoost,3,2025-03-24,2025-03-27,62.0,48.16073989868164
XGBoost,3,2025-03-25,2025-03-28,52.0,55.080650329589844
XGBoost,3,2025-03-26,2025-03-29,23.0,73.13800048828125
XGBoost,3,2025-03-27,2025-03-30,9.0,88.90930938720703
XGBoost,3,2025-03-28,2025-03-31,21.0,91.29397583007812
XGBoost,3,2025-03-29,2025-04-01,22.0,53.72964096069336
XGBoost,3,2025-03-30,2025-04-02,35.0,47.25779724121094
XGBoost,3,2025-03-31,2025-04-03,30.0,38.118934631347656
XGBoost,3,2025-04-01,2025-04-04,36.0,36.756439208984375
XGBoost,3,2025-04-02,2025-04-05,51.0,42.29325866699219
XGBoost,3,2025-04-03,2025-04-06,32.0,47.99587631225586
XGBoost,3,2025-04-04,2025-04-07,36.0,51.64901351928711
XGBoost,3,2025-04-05,2025-04-08,30.0,42.99222946166992
XGBoost,3,2025-04-06,2025-04-09,71.0,33.57229995727539
XGBoost,3,2025-04-07,2025-04-10,57.0,24.216772079467773
XGBoost,3,2025-04-08,2025-04-11,65.0,26.047353744506836
XGBoost,3,2025-04-09,2025-04-12,63.0,50.85741424560547
XGBoost,3,2025-04-10,2025-04-13,42.0,38.531246185302734
XGBoost,3,2025-04-11,2025-04-14,91.0,46.31495666503906
XGBoost,3,2025-04-12,2025-04-15,82.0,53.3942985534668
XGBoost,3,2025-04-13,2025-04-16,40.0,51.9600944519043
XGBoost,3,2025-04-14,2025-04-17,34.0,53.89739990234375
XGBoost,3,2025-04-15,2025-04-18,50.0,56.46575164794922
XGBoost,3,2025-04-16,2025-04-19,45.0,43.9172477722168
XGBoost,3,2025-04-17,2025-04-20,25.0,48.4445915222168
XGBoost,3,2025-04-18,2025-04-21,42.0,50.55472183227539
XGBoost,3,2025-04-19,2025-04-22,56.0,41.19955062866211
XGBoost,3,2025-04-20,2025-04-23,21.0,37.84437942504883
XGBoost,3,2025-04-21,2025-04-24,50.0,53.63222885131836
XGBoost,3,2025-04-22,2025-04-25,63.0,58.33592987060547
XGBoost,3,2025-04-23,2025-04-26,63.0,41.51356506347656
XGBoost,3,2025-04-24,2025-04-27,99.0,47.22718811035156
XGBoost,3,2025-04-25,2025-04-28,80.0,57.620845794677734
XGBoost,3,2025-04-26,2025-04-29,54.0,49.669925689697266
XGBoost,3,2025-04-27,2025-04-30,52.0,54.204193115234375
XGBoost,3,2025-04-28,2025-05-01,49.0,66.24562072753906
XGBoost,3,2025-04-29,2025-05-02,43.0,70.169189453125
XGBoost,3,2025-04-30,2025-05-03,27.0,56.37448501586914
XGBoost,3,2025-05-01,2025-05-04,26.0,58.29725646972656
XGBoost,3,2025-05-02,2025-05-05,18.0,52.04106903076172
XGBoost,3,2025-05-03,2025-05-06,26.0,54.03169250488281
XGBoost,3,2025-05-04,2025-05-07,23.0,46.859920501708984
XGBoost,3,2025-05-05,2025-05-08,16.0,49.375282287597656
XGBoost,3,2025-05-06,2025-05-09,11.0,31.726818084716797
XGBoost,3,2025-05-07,2025-05-10,18.0,31.367355346679688
XGBoost,3,2025-05-08,2025-05-11,14.0,29.34944725036621
XGBoost,3,2025-05-09,2025-05-12,27.0,19.02642822265625
XGBoost,3,2025-05-10,2025-05-13,25.0,17.594022750854492
XGBoost,3,2025-05-11,2025-05-14,12.0,15.918142318725586
XGBoost,3,2025-05-12,2025-05-15,35.0,15.30041217803955
XGBoost,3,2025-05-13,2025-05-16,24.0,17.016889572143555
XGBoost,3,2025-05-14,2025-05-17,30.0,15.520719528198242
XGBoost,3,2025-05-15,2025-05-18,29.0,16.86423110961914
XGBoost,3,2025-05-16,2025-05-19,21.0,15.964553833007812
XGBoost,3,2025-05-17,2025-05-20,34.0,16.890052795410156
XGBoost,3,2025-05-18,2025-05-21,19.0,17.239667892456055
XGBoost,3,2025-05-19,2025-05-22,31.0,20.519981384277344
XGBoost,3,2025-05-20,2025-05-23,13.0,25.391517639160156
XGBoost,3,2025-05-21,2025-05-24,12.0,18.90408706665039
XGBoost,3,2025-05-22,2025-05-25,16.0,20.756105422973633
XGBoost,3,2025-05-23,2025-05-26,11.0,18.638294219970703
XGBoost,3,2025-05-24,2025-05-27,22.0,17.482521057128906
XGBoost,3,2025-05-25,2025-05-28,28.0,18.870023727416992
XGBoost,3,2025-05-26,2025-05-29,33.0,13.812463760375977
XGBoost,3,2025-05-27,2025-05-30,12.0,18.087276458740234
XGBoost,3,2025-05-28,2025-05-31,24.0,18.897022247314453
XGBoost,7,2024-06-07,2024-06-14,16.0,20.007247924804688
XGBoost,7,2024-06-08,2024-06-15,14.0,21.15533447265625
XGBoost,7,2024-06-09,2024-06-16,8.0,16.335309982299805
XGBoost,7,2024-06-10,2024-06-17,12.0,21.597713470458984
XGBoost,7,2024-06-11,2024-06-18,15.0,15.28884506225586
XGBoost,7,2024-06-12,2024-06-19,6.0,15.138663291931152
XGBoost,7,2024-06-13,2024-06-20,19.0,14.65880298614502
XGBoost,7,2024-06-14,2024-06-21,17.0,16.63912010192871
XGBoost,7,2024-06-15,2024-06-22,16.0,12.882085800170898
XGBoost,7,2024-06-16,2024-06-23,14.0,10.856243133544922
XGBoost,7,2024-06-17,2024-06-24,40.0,15.443363189697266
XGBoost,7,2024-06-18,2024-06-25,24.0,16.240436553955078
XGBoost,7,2024-06-19,2024-06-26,25.0,10.575727462768555
XGBoost,7,2024-06-20,2024-06-27,13.0,15.814337730407715
XGBoost,7,2024-06-21,2024-06-28,20.0,14.906776428222656
XGBoost,7,2024-06-22,2024-06-29,22.0,14.672188758850098
XGBoost,7,2024-06-23,2024-06-30,7.0,13.276113510131836
XGBoost,7,2024-06-24,2024-07-01,18.0,19.100322723388672
XGBoost,7,2024-06-25,2024-07-02,21.0,17.785289764404297
XGBoost,7,2024-06-26,2024-07-03,8.0,16.671958923339844
XGBoost,7,2024-06-27,2024-07-04,10.0,26.45529556274414
XGBoost,7,2024-06-28,2024-07-05,19.0,19.11726188659668
XGBoost,7,2024-06-29,2024-07-06,21.0,23.210554122924805
XGBoost,7,2024-06-30,2024-07-07,23.0,14.067575454711914
XGBoost,7,2024-07-01,2024-07-08,19.0,18.66170310974121
XGBoost,7,2024-07-02,2024-07-09,24.0,15.771992683410645
XGBoost,7,2024-07-03,2024-07-10,34.0,12.556718826293945
XGBoost,7,2024-07-04,2024-07-11,20.0,16.344547271728516
XGBoost,7,2024-07-05,2024-07-12,11.0,15.845614433288574
XGBoost,7,2024-07-06,2024-07-13,25.0,15.848698616027832
XGBoost,7,2024-07-07,2024-07-14,18.0,12.272404670715332
XGBoost,7,2024-07-08,2024-07-15,15.0,17.683012008666992
XGBoost,7,2024-07-09,2024-07-16,10.0,18.56499481201172
XGBoost,7,2024-07-10,2024-07-17,16.0,17.73752784729004
XGBoost,7,2024-07-11,2024-07-18,12.0,16.435924530029297
XGBoost,7,2024-07-12,2024-07-19,7.0,19.17462158203125
XGBoost,7,2024-07-13,2024-07-20,17.0,19.175399780273438
XGBoost,7,2024-07-14,2024-07-21,10.0,16.295368194580078
XGBoost,7,2024-07-15,2024-07-22,12.0,17.31740379333496
XGBoost,7,2024-07-16,2024-07-23,11.0,21.09280776977539
XGBoost,7,2024-07-17,2024-07-24,13.0,17.574506759643555
XGBoost,7,2024-07-18,2024-07-25,10.0,16.370128631591797
XGBoost,7,2024-07-19,2024-07-26,12.0,13.773451805114746
XGBoost,7,2024-07-20,2024-07-27,17.0,16.729482650756836
XGBoost,7,2024-07-21,2024-07-28,13.0,12.454257011413574
XGBoost,7,2024-07-22,2024-07-29,22.0,13.096991539001465
XGBoost,7,2024-07-23,2024-07-30,38.0,12.118368148803711
XGBoost,7,2024-07-24,2024-07-31,22.0,13.94357681274414
XGBoost,7,2024-07-25,2024-08-01,24.0,15.266982078552246
XGBoost,7,2024-07-26,2024-08-02,21.0,10.989380836486816
XGBoost,7,2024-07-27,2024-08-03,27.0,15.861654281616211
XGBoost,7,2024-07-28,2024-08-04,13.0,9.462597846984863
XGBoost,7,2024-07-29,2024-08-05,21.0,15.518708229064941
XGBoost,7,2024-07-30,2024-08-06,14.0,15.94585132598877
XGBoost,7,2024-07-31,2024-08-07,15.0,14.037513732910156
XGBoost,7,2024-08-01,2024-08-08,14.0,12.474870681762695
XGBoost,7,2024-08-02,2024-08-09,20.0,21.406930923461914
XGBoost,7,2024-08-03,2024-08-10,26.0,14.889060974121094
XGBoost,7,2024-08-04,2024-08-11,25.0,13.584360122680664
XGBoost,7,2024-08-05,2024-08-12,28.0,17.662107467651367
XGBoost,7,2024-08-06,2024-08-13,37.0,20.151290893554688
XGBoost,7,2024-08-07,2024-08-14,24.0,18.81946563720703
XGBoost,7,2024-08-08,2024-08-15,33.0,17.93503761291504
XGBoost,7,2024-08-09,2024-08-16,25.0,20.123348236083984
XGBoost,7,2024-08-10,2024-08-17,13.0,21.139219284057617
XGBoost,7,2024-08-11,2024-08-18,13.0,16.613771438598633
XGBoost,7,2024-08-12,2024-08-19,7.0,21.54928970336914
XGBoost,7,2024-08-13,2024-08-20,24.0,24.195785522460938
XGBoost,7,2024-08-14,2024-08-21,19.0,24.64753532409668
XGBoost,7,2024-08-15,2024-08-22,19.0,36.00249481201172
XGBoost,7,2024-08-16,2024-08-23,27.0,36.609283447265625
XGBoost,7,2024-08-17,2024-08-24,27.0,23.816587448120117
XGBoost,7,2024-08-18,2024-08-25,25.0,25.028743743896484
XGBoost,7,2024-08-19,2024-08-26,32.0,25.073776245117188
XGBoost,7,2024-08-20,2024-08-27,22.0,28.561521530151367
XGBoost,7,2024-08-21,2024-08-28,30.0,36.76966094970703
XGBoost,7,2024-08-22,2024-08-29,17.0,34.11311721801758
XGBoost,7,2024-08-23,2024-08-30,17.0,45.41669845581055
XGBoost,7,2024-08-24,2024-08-31,13.0,43.167816162109375
XGBoost,7,2024-08-25,2024-09-01,9.0,33.706180572509766
XGBoost,7,2024-08-26,2024-09-02,21.0,46.19623947143555
XGBoost,7,2024-08-27,2024-09-03,20.0,55.34897232055664
XGBoost,7,2024-08-28,2024-09-04,27.0,45.01109313964844
XGBoost,7,2024-08-29,2024-09-05,22.0,46.17460250854492
XGBoost,7,2024-08-30,2024-09-06,37.0,53.69581985473633
XGBoost,7,2024-08-31,2024-09-07,42.0,56.747467041015625
XGBoost,7,2024-09-01,2024-09-08,34.0,71.67516326904297
XGBoost,7,2024-09-02,2024-09-09,9.0,77.2840805053711
XGBoost,7,2024-09-03,2024-09-10,19.0,74.3147964477539
XGBoost,7,2024-09-04,2024-09-11,26.0,74.8895263671875
XGBoost,7,2024-09-05,2024-09-12,34.0,78.41844177246094
XGBoost,7,2024-09-06,2024-09-13,14.0,69.80145263671875
XGBoost,7,2024-09-07,2024-09-14,18.0,74.1462173461914
XGBoost,7,2024-09-08,2024-09-15,19.0,64.02045440673828
XGBoost,7,2024-09-09,2024-09-16,29.0,63.84011459350586
XGBoost,7,2024-09-10,2024-09-17,24.0,59.26906967163086
XGBoost,7,2024-09-11,2024-09-18,34.0,72.27667999267578
XGBoost,7,2024-09-12,2024-09-19,26.0,79.56219482421875
XGBoost,7,2024-09-13,2024-09-20,28.0,74.72023010253906
XGBoost,7,2024-09-14,2024-09-21,15.0,72.8293685913086
XGBoost,7,2024-09-15,2024-09-22,23.0,81.96449279785156
XGBoost,7,2024-09-16,2024-09-23,25.0,78.66307830810547
XGBoost,7,2024-09-17,2024-09-24,9.0,93.7565689086914
XGBoost,7,2024-09-18,2024-09-25,29.0,82.58427429199219
XGBoost,7,2024-09-19,2024-09-26,32.0,87.29940795898438
XGBoost,7,2024-09-20,2024-09-27,23.0,85.99268341064453
XGBoost,7,2024-09-21,2024-09-28,93.0,81.30693817138672
XGBoost,7,2024-09-22,2024-09-29,49.0,82.71586608886719
XGBoost,7,2024-09-23,2024-09-30,38.0,95.57156372070312
XGBoost,7,2024-09-24,2024-10-01,25.0,91.99327087402344
XGBoost,7,2024-09-25,2024-10-02,17.0,77.86385345458984
XGBoost,7,2024-09-26,2024-10-03,22.0,97.85311889648438
XGBoost,7,2024-09-27,2024-10-04,39.0,89.52186584472656
XGBoost,7,2024-09-28,2024-10-05,35.0,113.9621810913086
XGBoost,7,2024-09-29,2024-10-06,29.0,112.62897491455078
XGBoost,7,2024-09-30,2024-10-07,104.0,87.37220001220703
XGBoost,7,2024-10-01,2024-10-08,144.0,78.00358581542969
XGBoost,7,2024-10-02,2024-10-09,68.0,73.55330657958984
XGBoost,7,2024-10-03,2024-10-10,173.0,75.05015563964844
XGBoost,7,2024-10-04,2024-10-11,156.0,99.93254089355469
XGBoost,7,2024-10-05,2024-10-12,135.0,100.54537200927734
XGBoost,7,2024-10-06,2024-10-13,67.0,96.9299545288086
XGBoost,7,2024-10-07,2024-10-14,78.0,86.95773315429688
XGBoost,7,2024-10-08,2024-10-15,51.0,109.52769470214844
XGBoost,7,2024-10-09,2024-10-16,100.0,100.45584106445312
XGBoost,7,2024-10-10,2024-10-17,137.0,106.28543090820312
XGBoost,7,2024-10-11,2024-10-18,149.0,115.49110412597656
XGBoost,7,2024-10-12,2024-10-19,140.0,105.30672454833984
XGBoost,7,2024-10-13,2024-10-20,85.0,99.21336364746094
XGBoost,7,2024-10-14,2024-10-21,60.0,93.51659393310547
XGBoost,7,2024-10-15,2024-10-22,105.0,61.47603225708008
XGBoost,7,2024-10-16,2024-10-23,125.0,69.83016967773438
XGBoost,7,2024-10-17,2024-10-24,121.0,71.98558807373047
XGBoost,7,2024-10-18,2024-10-25,136.0,84.52660369873047
XGBoost,7,2024-10-19,2024-10-26,53.0,97.18904876708984
XGBoost,7,2024-10-20,2024-10-27,110.0,67.84406280517578
XGBoost,7,2024-10-21,2024-10-28,52.0,89.28024291992188
XGBoost,7,2024-10-22,2024-10-29,64.0,73.638427734375
XGBoost,7,2024-10-23,2024-10-30,54.0,89.8537826538086
XGBoost,7,2024-10-24,2024-10-31,49.0,101.60523986816406
XGBoost,7,2024-10-25,2024-11-01,37.0,90.044677734375
XGBoost,7,2024-10-26,2024-11-02,65.0,74.05403900146484
XGBoost,7,2024-10-27,2024-11-03,50.0,71.7720947265625
XGBoost,7,2024-10-28,2024-11-04,79.0,65.45390319824219
XGBoost,7,2024-10-29,2024-11-05,108.0,64.46267700195312
XGBoost,7,2024-10-30,2024-11-06,53.0,63.86336135864258
XGBoost,7,2024-10-31,2024-11-07,90.0,57.94887924194336
XGBoost,7,2024-11-01,2024-11-08,184.0,60.03818893432617
XGBoost,7,2024-11-02,2024-11-09,66.0,56.83349609375
XGBoost,7,2024-11-03,2024-11-10,59.0,53.35007858276367
XGBoost,7,2024-11-04,2024-11-11,126.0,78.78563690185547
XGBoost,7,2024-11-05,2024-11-12,73.0,83.75299835205078
XGBoost,7,2024-11-06,2024-11-13,94.0,85.56463623046875
XGBoost,7,2024-11-07,2024-11-14,71.0,89.0103530883789
XGBoost,7,2024-11-08,2024-11-15,79.0,96.80831909179688
XGBoost,7,2024-11-09,2024-11-16,68.0,93.71691131591797
XGBoost,7,2024-11-10,2024-11-17,36.0,90.78131866455078
XGBoost,7,2024-11-11,2024-11-18,89.0,86.99003601074219
XGBoost,7,2024-11-12,2024-11-19,104.0,100.92212677001953
XGBoost,7,2024-11-13,2024-11-20,68.0,72.5586166381836
XGBoost,7,2024-11-14,2024-11-21,167.0,68.83980560302734
XGBoost,7,2024-11-15,2024-11-22,187.0,88.60867309570312
XGBoost,7,2024-11-16,2024-11-23,135.0,75.46041870117188
XGBoost,7,2024-11-17,2024-11-24,80.0,60.58871841430664
XGBoost,7,2024-11-18,2024-11-25,57.0,68.11956787109375
XGBoost,7,2024-11-19,2024-11-26,53.0,57.112060546875
XGBoost,7,2024-11-20,2024-11-27,47.0,79.58999633789062
XGBoost,7,2024-11-21,2024-11-28,70.0,97.26404571533203
XGBoost,7,2024-11-22,2024-11-29,62.0,106.2370834350586
XGBoost,7,2024-11-23,2024-11-30,48.0,82.58306121826172
XGBoost,7,2024-11-24,2024-12-01,53.0,91.00407409667969
XGBoost,7,2024-11-25,2024-12-02,55.0,90.98049926757812
XGBoost,7,2024-11-26,2024-12-03,61.0,84.46873474121094
XGBoost,7,2024-11-27,2024-12-04,74.0,70.55013275146484
XGBoost,7,2024-11-28,2024-12-05,83.0,76.22566986083984
XGBoost,7,2024-11-29,2024-12-06,37.0,63.352088928222656
XGBoost,7,2024-11-30,2024-12-07,31.0,77.50125122070312
XGBoost,7,2024-12-01,2024-12-08,29.0,78.69116973876953
XGBoost,7,2024-12-02,2024-12-09,70.0,72.73775482177734
XGBoost,7,2024-12-03,2024-12-10,114.0,57.47321319580078
XGBoost,7,2024-12-04,2024-12-11,96.0,54.956851959228516
XGBoost,7,2024-12-05,2024-12-12,73.0,59.59589767456055
XGBoost,7,2024-12-06,2024-12-13,119.0,49.09786605834961
XGBoost,7,2024-12-07,2024-12-14,140.0,51.51284408569336
XGBoost,7,2024-12-08,2024-12-15,119.0,51.10127258300781
XGBoost,7,2024-12-09,2024-12-16,95.0,49.223876953125
XGBoost,7,2024-12-10,2024-12-17,98.0,67.14237976074219
XGBoost,7,2024-12-11,2024-12-18,63.0,82.6021728515625
XGBoost,7,2024-12-12,2024-12-19,156.0,86.9186782836914
XGBoost,7,2024-12-13,2024-12-20,102.0,85.92372131347656
XGBoost,7,2024-12-14,2024-12-21,95.0,92.56230163574219
XGBoost,7,2024-12-15,2024-12-22,106.0,82.5693130493164
XGBoost,7,2024-12-16,2024-12-23,83.0,73.61829376220703
XGBoost,7,2024-12-17,2024-12-24,128.0,80.44802856445312
XGBoost,7,2024-12-18,2024-12-25,102.0,64.64939880371094
XGBoost,7,2024-12-19,2024-12-26,75.0,59.25840759277344
XGBoost,7,2024-12-20,2024-12-27,62.0,47.738243103027344
XGBoost,7,2024-12-21,2024-12-28,47.0,64.24357604980469
XGBoost,7,2024-12-22,2024-12-29,58.0,65.9166259765625
XGBoost,7,2024-12-23,2024-12-30,150.0,79.97474670410156
XGBoost,7,2024-12-24,2024-12-31,95.0,82.41234588623047
XGBoost,7,2024-12-25,2025-01-01,78.0,86.82438659667969
XGBoost,7,2024-12-26,2025-01-02,59.0,93.73892974853516
XGBoost,7,2024-12-27,2025-01-03,64.0,101.36961364746094
XGBoost,7,2024-12-28,2025-01-04,41.0,76.52467346191406
XGBoost,7,2024-12-29,2025-01-05,102.0,63.260196685791016
XGBoost,7,2024-12-30,2025-01-06,108.0,57.04486846923828
XGBoost,7,2024-12-31,2025-01-07,62.0,62.22722625732422
XGBoost,7,2025-01-01,2025-01-08,107.0,68.27854919433594
XGBoost,7,2025-01-02,2025-01-09,124.0,75.62754821777344
XGBoost,7,2025-01-03,2025-01-10,97.0,59.276161193847656
XGBoost,7,2025-01-04,2025-01-11,72.0,57.40339279174805
XGBoost,7,2025-01-05,2025-01-12,92.0,58.58849334716797
XGBoost,7,2025-01-06,2025-01-13,75.0,62.640201568603516
XGBoost,7,2025-01-07,2025-01-14,94.0,72.4875717163086
XGBoost,7,2025-01-08,2025-01-15,93.0,69.75304412841797
XGBoost,7,2025-01-09,2025-01-16,81.0,70.44589233398438
XGBoost,7,2025-01-10,2025-01-17,71.0,79.72394561767578
XGBoost,7,2025-01-11,2025-01-18,47.0,64.43904876708984
XGBoost,7,2025-01-12,2025-01-19,114.0,60.365692138671875
XGBoost,7,2025-01-13,2025-01-20,81.0,75.42633819580078
XGBoost,7,2025-01-14,2025-01-21,89.0,66.56920623779297
XGBoost,7,2025-01-15,2025-01-22,202.0,58.95768737792969
XGBoost,7,2025-01-16,2025-01-23,364.0,84.29324340820312
XGBoost,7,2025-01-17,2025-01-24,140.0,76.30842590332031
XGBoost,7,2025-01-18,2025-01-25,71.0,61.83967208862305
XGBoost,7,2025-01-19,2025-01-26,69.0,65.50505828857422
XGBoost,7,2025-01-20,2025-01-27,74.0,64.71500396728516
XGBoost,7,2025-01-21,2025-01-28,96.0,64.96028137207031
XGBoost,7,2025-01-22,2025-01-29,109.0,70.78569793701172
XGBoost,7,2025-01-23,2025-01-30,91.0,64.46043395996094
XGBoost,7,2025-01-24,2025-01-31,145.0,58.328826904296875
XGBoost,7,2025-01-25,2025-02-01,71.0,80.65128326416016
XGBoost,7,2025-01-26,2025-02-02,101.0,63.52288055419922
XGBoost,7,2025-01-27,2025-02-03,41.0,67.683349609375
XGBoost,7,2025-01-28,2025-02-04,44.0,73.3309097290039
XGBoost,7,2025-01-29,2025-02-05,54.0,75.13404846191406
XGBoost,7,2025-01-30,2025-02-06,26.0,73.03499603271484
XGBoost,7,2025-01-31,2025-02-07,14.0,70.19190216064453
XGBoost,7,2025-02-01,2025-02-08,64.0,61.30473709106445
XGBoost,7,2025-02-02,2025-02-09,30.0,59.71942901611328
XGBoost,7,2025-02-03,2025-02-10,38.0,66.19859313964844
XGBoost,7,2025-02-04,2025-02-11,93.0,52.1830940246582
XGBoost,7,2025-02-05,2025-02-12,69.0,55.5719108581543
XGBoost,7,2025-02-06,2025-02-13,33.0,48.932186126708984
XGBoost,7,2025-02-07,2025-02-14,41.0,42.06858444213867
XGBoost,7,2025-02-08,2025-02-15,32.0,50.211326599121094
XGBoost,7,2025-02-09,2025-02-16,63.0,41.983638763427734
XGBoost,7,2025-02-10,2025-02-17,46.0,42.863155364990234
XGBoost,7,2025-02-11,2025-02-18,27.0,56.3097038269043
XGBoost,7,2025-02-12,2025-02-19,26.0,57.41264724731445
XGBoost,7,2025-02-13,2025-02-20,27.0,54.67036056518555
XGBoost,7,2025-02-14,2025-02-21,35.0,47.319156646728516
XGBoost,7,2025-02-15,2025-02-22,41.0,53.49574661254883
XGBoost,7,2025-02-16,2025-02-23,13.0,37.42268371582031
XGBoost,7,2025-02-17,2025-02-24,67.0,46.97990417480469
XGBoost,7,2025-02-18,2025-02-25,94.0,47.02763748168945
XGBoost,7,2025-02-19,2025-02-26,50.0,50.002864837646484
XGBoost,7,2025-02-20,2025-02-27,40.0,42.123199462890625
XGBoost,7,2025-02-21,2025-02-28,24.0,47.17762756347656
XGBoost,7,2025-02-22,2025-03-01,37.0,43.44239807128906
XGBoost,7,2025-02-23,2025-03-02,19.0,42.205387115478516
XGBoost,7,2025-02-24,2025-03-03,17.0,60.18093490600586
XGBoost,7,2025-02-25,2025-03-04,29.0,61.40795135498047
XGBoost,7,2025-02-26,2025-03-05,36.0,57.278114318847656
XGBoost,7,2025-02-27,2025-03-06,32.0,68.68779754638672
XGBoost,7,2025-02-28,2025-03-07,29.0,54.092994689941406
XGBoost,7,2025-03-01,2025-03-08,18.0,38.73223876953125
XGBoost,7,2025-03-02,2025-03-09,25.0,28.35141944885254
XGBoost,7,2025-03-03,2025-03-10,24.0,33.82523727416992
XGBoost,7,2025-03-04,2025-03-11,53.0,48.61635971069336
XGBoost,7,2025-03-05,2025-03-12,73.0,34.33684539794922
XGBoost,7,2025-03-06,2025-03-13,106.0,32.989402770996094
XGBoost,7,2025-03-07,2025-03-14,290.0,33.38189697265625
XGBoost,7,2025-03-08,2025-03-15,93.0,36.985809326171875
XGBoost,7,2025-03-09,2025-03-16,30.0,39.22940444946289
XGBoost,7,2025-03-10,2025-03-17,21.0,37.64296340942383
XGBoost,7,2025-03-11,2025-03-18,42.0,41.749610900878906
XGBoost,7,2025-03-12,2025-03-19,84.0,46.43016815185547
XGBoost,7,2025-03-13,2025-03-20,100.0,42.51200485229492
XGBoost,7,2025-03-14,2025-03-21,73.0,83.37993621826172
XGBoost,7,2025-03-15,2025-03-22,56.0,90.1169662475586
XGBoost,7,2025-03-16,2025-03-23,91.0,68.25731658935547
XGBoost,7,2025-03-17,2025-03-24,54.0,47.34538269042969
XGBoost,7,2025-03-18,2025-03-25,51.0,61.52299880981445
XGBoost,7,2025-03-19,2025-03-26,66.0,54.193111419677734
XGBoost,7,2025-03-20,2025-03-27,62.0,57.36833190917969
XGBoost,7,2025-03-21,2025-03-28,52.0,80.43575286865234
XGBoost,7,2025-03-22,2025-03-29,23.0,72.3205795288086
XGBoost,7,2025-03-23,2025-03-30,9.0,62.39185333251953
XGBoost,7,2025-03-24,2025-03-31,21.0,70.1680908203125
XGBoost,7,2025-03-25,2025-04-01,22.0,57.67268753051758
XGBoost,7,2025-03-26,2025-04-02,35.0,62.36143493652344
XGBoost,7,2025-03-27,2025-04-03,30.0,57.446407318115234
XGBoost,7,2025-03-28,2025-04-04,36.0,53.14039993286133
XGBoost,7,2025-03-29,2025-04-05,51.0,51.289363861083984
XGBoost,7,2025-03-30,2025-04-06,32.0,47.80289077758789
XGBoost,7,2025-03-31,2025-04-07,36.0,35.44723129272461
XGBoost,7,2025-04-01,2025-04-08,30.0,33.5567512512207
XGBoost,7,2025-04-02,2025-04-09,71.0,33.47748565673828
XGBoost,7,2025-04-03,2025-04-10,57.0,41.91443634033203
XGBoost,7,2025-04-04,2025-04-11,65.0,44.77156448364258
XGBoost,7,2025-04-05,2025-04-12,63.0,47.77833557128906
XGBoost,7,2025-04-06,2025-04-13,42.0,28.514110565185547
XGBoost,7,2025-04-07,2025-04-14,91.0,29.868772506713867
XGBoost,7,2025-04-08,2025-04-15,82.0,31.202850341796875
XGBoost,7,2025-04-09,2025-04-16,40.0,33.509376525878906
XGBoost,7,2025-04-10,2025-04-17,34.0,36.6295051574707
XGBoost,7,2025-04-11,2025-04-18,50.0,41.144371032714844
XGBoost,7,2025-04-12,2025-04-19,45.0,55.14570617675781
XGBoost,7,2025-04-13,2025-04-20,25.0,43.9754638671875
XGBoost,7,2025-04-14,2025-04-21,42.0,46.01203536987305
XGBoost,7,2025-04-15,2025-04-22,56.0,60.828399658203125
XGBoost,7,2025-04-16,2025-04-23,21.0,46.23316192626953
XGBoost,7,2025-04-17,2025-04-24,50.0,39.35566329956055
XGBoost,7,2025-04-18,2025-04-25,63.0,41.60136413574219
XGBoost,7,2025-04-19,2025-04-26,63.0,37.812992095947266
XGBoost,7,2025-04-20,2025-04-27,99.0,31.38284683227539
XGBoost,7,2025-04-21,2025-04-28,80.0,38.210731506347656
XGBoost,7,2025-04-22,2025-04-29,54.0,38.20304489135742
XGBoost,7,2025-04-23,2025-04-30,52.0,33.00035858154297
XGBoost,7,2025-04-24,2025-05-01,49.0,42.9501838684082
XGBoost,7,2025-04-25,2025-05-02,43.0,51.3907470703125
XGBoost,7,2025-04-26,2025-05-03,27.0,43.574039459228516
XGBoost,7,2025-04-27,2025-05-04,26.0,51.14366912841797
XGBoost,7,2025-04-28,2025-05-05,18.0,68.31390380859375
XGBoost,7,2025-04-29,2025-05-06,26.0,61.19886016845703
XGBoost,7,2025-04-30,2025-05-07,23.0,57.76976776123047
XGBoost,7,2025-05-01,2025-05-08,16.0,62.145450592041016
XGBoost,7,2025-05-02,2025-05-09,11.0,40.11433792114258
XGBoost,7,2025-05-03,2025-05-10,18.0,38.053428649902344
XGBoost,7,2025-05-04,2025-05-11,14.0,41.237274169921875
XGBoost,7,2025-05-05,2025-05-12,27.0,33.56381607055664
XGBoost,7,2025-05-06,2025-05-13,25.0,26.992048263549805
XGBoost,7,2025-05-07,2025-05-14,12.0,27.390377044677734
XGBoost,7,2025-05-08,2025-05-15,35.0,23.218393325805664
XGBoost,7,2025-05-09,2025-05-16,24.0,22.022640228271484
XGBoost,7,2025-05-10,2025-05-17,30.0,16.730548858642578
XGBoost,7,2025-05-11,2025-05-18,29.0,16.020584106445312
XGBoost,7,2025-05-12,2025-05-19,21.0,15.178132057189941
XGBoost,7,2025-05-13,2025-05-20,34.0,16.488567352294922
XGBoost,7,2025-05-14,2025-05-21,19.0,17.9235897064209
XGBoost,7,2025-05-15,2025-05-22,31.0,21.062929153442383
XGBoost,7,2025-05-16,2025-05-23,13.0,17.13119125366211
XGBoost,7,2025-05-17,2025-05-24,12.0,16.744136810302734
XGBoost,7,2025-05-18,2025-05-25,16.0,20.470783233642578
XGBoost,7,2025-05-19,2025-05-26,11.0,19.8653507232666
XGBoost,7,2025-05-20,2025-05-27,22.0,25.385255813598633
XGBoost,7,2025-05-21,2025-05-28,28.0,21.278160095214844
XGBoost,7,2025-05-22,2025-05-29,33.0,20.923641204833984
XGBoost,7,2025-05-23,2025-05-30,12.0,21.474855422973633
XGBoost,7,2025-05-24,2025-05-31,24.0,18.862449645996094
XGBoost,14,2024-05-31,2024-06-14,16.0,18.014728546142578
XGBoost,14,2024-06-01,2024-06-15,14.0,19.148937225341797
XGBoost,14,2024-06-02,2024-06-16,8.0,16.969240188598633
XGBoost,14,2024-06-03,2024-06-17,12.0,19.141456604003906
XGBoost,14,2024-06-04,2024-06-18,15.0,21.215015411376953
XGBoost,14,2024-06-05,2024-06-19,6.0,19.98781394958496
XGBoost,14,2024-06-06,2024-06-20,19.0,19.252744674682617
XGBoost,14,2024-06-07,2024-06-21,17.0,21.18077850341797
XGBoost,14,2024-06-08,2024-06-22,16.0,18.75017547607422
XGBoost,14,2024-06-09,2024-06-23,14.0,13.436613082885742
XGBoost,14,2024-06-10,2024-06-24,40.0,15.851241111755371
XGBoost,14,2024-06-11,2024-06-25,24.0,18.81789207458496
XGBoost,14,2024-06-12,2024-06-26,25.0,14.714433670043945
XGBoost,14,2024-06-13,2024-06-27,13.0,17.82423973083496
XGBoost,14,2024-06-14,2024-06-28,20.0,21.68280029296875
XGBoost,14,2024-06-15,2024-06-29,22.0,18.898677825927734
XGBoost,14,2024-06-16,2024-06-30,7.0,14.810704231262207
XGBoost,14,2024-06-17,2024-07-01,18.0,15.820221900939941
XGBoost,14,2024-06-18,2024-07-02,21.0,18.107702255249023
XGBoost,14,2024-06-19,2024-07-03,8.0,12.839095115661621
XGBoost,14,2024-06-20,2024-07-04,10.0,16.297014236450195
XGBoost,14,2024-06-21,2024-07-05,19.0,18.148637771606445
XGBoost,14,2024-06-22,2024-07-06,21.0,17.61261558532715
XGBoost,14,2024-06-23,2024-07-07,23.0,18.704442977905273
XGBoost,14,2024-06-24,2024-07-08,19.0,26.19213104248047
XGBoost,14,2024-06-25,2024-07-09,24.0,20.21987533569336
XGBoost,14,2024-06-26,2024-07-10,34.0,18.498685836791992
XGBoost,14,2024-06-27,2024-07-11,20.0,20.373291015625
XGBoost,14,2024-06-28,2024-07-12,11.0,19.670001983642578
XGBoost,14,2024-06-29,2024-07-13,25.0,21.38168716430664
XGBoost,14,2024-06-30,2024-07-14,18.0,13.94344425201416
XGBoost,14,2024-07-01,2024-07-15,15.0,18.468292236328125
XGBoost,14,2024-07-02,2024-07-16,10.0,18.59868049621582
XGBoost,14,2024-07-03,2024-07-17,16.0,14.113699913024902
XGBoost,14,2024-07-04,2024-07-18,12.0,12.561705589294434
XGBoost,14,2024-07-05,2024-07-19,7.0,18.429445266723633
XGBoost,14,2024-07-06,2024-07-20,17.0,19.93497085571289
XGBoost,14,2024-07-07,2024-07-21,10.0,20.478134155273438
XGBoost,14,2024-07-08,2024-07-22,12.0,22.79779052734375
XGBoost,14,2024-07-09,2024-07-23,11.0,22.58890724182129
XGBoost,14,2024-07-10,2024-07-24,13.0,23.695131301879883
XGBoost,14,2024-07-11,2024-07-25,10.0,21.96623420715332
XGBoost,14,2024-07-12,2024-07-26,12.0,20.383644104003906
XGBoost,14,2024-07-13,2024-07-27,17.0,20.104089736938477
XGBoost,14,2024-07-14,2024-07-28,13.0,21.38811492919922
XGBoost,14,2024-07-15,2024-07-29,22.0,19.541378021240234
XGBoost,14,2024-07-16,2024-07-30,38.0,15.967912673950195
XGBoost,14,2024-07-17,2024-07-31,22.0,18.857629776000977
XGBoost,14,2024-07-18,2024-08-01,24.0,21.344009399414062
XGBoost,14,2024-07-19,2024-08-02,21.0,15.170730590820312
XGBoost,14,2024-07-20,2024-08-03,27.0,17.491371154785156
XGBoost,14,2024-07-21,2024-08-04,13.0,13.761946678161621
XGBoost,14,2024-07-22,2024-08-05,21.0,18.846181869506836
XGBoost,14,2024-07-23,2024-08-06,14.0,21.055316925048828
XGBoost,14,2024-07-24,2024-08-07,15.0,20.473464965820312
XGBoost,14,2024-07-25,2024-08-08,14.0,16.143827438354492
XGBoost,14,2024-07-26,2024-08-09,20.0,16.896501541137695
XGBoost,14,2024-07-27,2024-08-10,26.0,20.094118118286133
XGBoost,14,2024-07-28,2024-08-11,25.0,19.245765686035156
XGBoost,14,2024-07-29,2024-08-12,28.0,22.978843688964844
XGBoost,14,2024-07-30,2024-08-13,37.0,25.995182037353516
XGBoost,14,2024-07-31,2024-08-14,24.0,19.81362533569336
XGBoost,14,2024-08-01,2024-08-15,33.0,19.158039093017578
XGBoost,14,2024-08-02,2024-08-16,25.0,20.322193145751953
XGBoost,14,2024-08-03,2024-08-17,13.0,21.934083938598633
XGBoost,14,2024-08-04,2024-08-18,13.0,20.274200439453125
XGBoost,14,2024-08-05,2024-08-19,7.0,20.663583755493164
XGBoost,14,2024-08-06,2024-08-20,24.0,27.236316680908203
XGBoost,14,2024-08-07,2024-08-21,19.0,22.159137725830078
XGBoost,14,2024-08-08,2024-08-22,19.0,22.49221420288086
XGBoost,14,2024-08-09,2024-08-23,27.0,24.495677947998047
XGBoost,14,2024-08-10,2024-08-24,27.0,24.9725284576416
XGBoost,14,2024-08-11,2024-08-25,25.0,22.354530334472656
XGBoost,14,2024-08-12,2024-08-26,32.0,23.40481185913086
XGBoost,14,2024-08-13,2024-08-27,22.0,26.942087173461914
XGBoost,14,2024-08-14,2024-08-28,30.0,26.72286033630371
XGBoost,14,2024-08-15,2024-08-29,17.0,29.848224639892578
XGBoost,14,2024-08-16,2024-08-30,17.0,30.04292106628418
XGBoost,14,2024-08-17,2024-08-31,13.0,28.245092391967773
XGBoost,14,2024-08-18,2024-09-01,9.0,24.511857986450195
XGBoost,14,2024-08-19,2024-09-02,21.0,32.190086364746094
XGBoost,14,2024-08-20,2024-09-03,20.0,33.16300582885742
XGBoost,14,2024-08-21,2024-09-04,27.0,34.90020751953125
XGBoost,14,2024-08-22,2024-09-05,22.0,39.78855514526367
XGBoost,14,2024-08-23,2024-09-06,37.0,45.525047302246094
XGBoost,14,2024-08-24,2024-09-07,42.0,46.80854415893555
XGBoost,14,2024-08-25,2024-09-08,34.0,47.51813507080078
XGBoost,14,2024-08-26,2024-09-09,9.0,37.64628982543945
XGBoost,14,2024-08-27,2024-09-10,19.0,51.94359588623047
XGBoost,14,2024-08-28,2024-09-11,26.0,54.34489822387695
XGBoost,14,2024-08-29,2024-09-12,34.0,55.83313751220703
XGBoost,14,2024-08-30,2024-09-13,14.0,53.44371032714844
XGBoost,14,2024-08-31,2024-09-14,18.0,58.8419075012207
XGBoost,14,2024-09-01,2024-09-15,19.0,67.01973724365234
XGBoost,14,2024-09-02,2024-09-16,29.0,64.2436752319336
XGBoost,14,2024-09-03,2024-09-17,24.0,51.3560676574707
XGBoost,14,2024-09-04,2024-09-18,34.0,50.85000991821289
XGBoost,14,2024-09-05,2024-09-19,26.0,49.0826530456543
XGBoost,14,2024-09-06,2024-09-20,28.0,49.87946701049805
XGBoost,14,2024-09-07,2024-09-21,15.0,48.594600677490234
XGBoost,14,2024-09-08,2024-09-22,23.0,45.96522521972656
XGBoost,14,2024-09-09,2024-09-23,25.0,43.65781021118164
XGBoost,14,2024-09-10,2024-09-24,9.0,55.20515441894531
XGBoost,14,2024-09-11,2024-09-25,29.0,56.22894287109375
XGBoost,14,2024-09-12,2024-09-26,32.0,55.33503723144531
XGBoost,14,2024-09-13,2024-09-27,23.0,73.97955322265625
XGBoost,14,2024-09-14,2024-09-28,93.0,78.41393280029297
XGBoost,14,2024-09-15,2024-09-29,49.0,56.00760269165039
XGBoost,14,2024-09-16,2024-09-30,38.0,43.15592575073242
XGBoost,14,2024-09-17,2024-10-01,25.0,48.85892105102539
XGBoost,14,2024-09-18,2024-10-02,17.0,64.243896484375
XGBoost,14,2024-09-19,2024-10-03,22.0,84.81717681884766
XGBoost,14,2024-09-20,2024-10-04,39.0,48.76079559326172
XGBoost,14,2024-09-21,2024-10-05,35.0,70.23908996582031
XGBoost,14,2024-09-22,2024-10-06,29.0,70.56515502929688
XGBoost,14,2024-09-23,2024-10-07,104.0,106.52049255371094
XGBoost,14,2024-09-24,2024-10-08,144.0,77.83689880371094
XGBoost,14,2024-09-25,2024-10-09,68.0,93.6261215209961
XGBoost,14,2024-09-26,2024-10-10,173.0,71.6073989868164
XGBoost,14,2024-09-27,2024-10-11,156.0,74.02871704101562
XGBoost,14,2024-09-28,2024-10-12,135.0,75.71055603027344
XGBoost,14,2024-09-29,2024-10-13,67.0,60.41499710083008
XGBoost,14,2024-09-30,2024-10-14,78.0,62.441925048828125
XGBoost,14,2024-10-01,2024-10-15,51.0,72.369140625
XGBoost,14,2024-10-02,2024-10-16,100.0,92.21975708007812
XGBoost,14,2024-10-03,2024-10-17,137.0,83.31642150878906
XGBoost,14,2024-10-04,2024-10-18,149.0,70.89997100830078
XGBoost,14,2024-10-05,2024-10-19,140.0,96.2843017578125
XGBoost,14,2024-10-06,2024-10-20,85.0,112.38531494140625
XGBoost,14,2024-10-07,2024-10-21,60.0,95.97879791259766
XGBoost,14,2024-10-08,2024-10-22,105.0,83.32850646972656
XGBoost,14,2024-10-09,2024-10-23,125.0,77.91613006591797
XGBoost,14,2024-10-10,2024-10-24,121.0,93.83491516113281
XGBoost,14,2024-10-11,2024-10-25,136.0,94.76484680175781
XGBoost,14,2024-10-12,2024-10-26,53.0,82.20295715332031
XGBoost,14,2024-10-13,2024-10-27,110.0,77.34623718261719
XGBoost,14,2024-10-14,2024-10-28,52.0,54.16221618652344
XGBoost,14,2024-10-15,2024-10-29,64.0,60.633888244628906
XGBoost,14,2024-10-16,2024-10-30,54.0,75.10261535644531
XGBoost,14,2024-10-17,2024-10-31,49.0,71.96318054199219
XGBoost,14,2024-10-18,2024-11-01,37.0,74.6742935180664
XGBoost,14,2024-10-19,2024-11-02,65.0,62.283836364746094
XGBoost,14,2024-10-20,2024-11-03,50.0,59.8655891418457
XGBoost,14,2024-10-21,2024-11-04,79.0,76.91891479492188
XGBoost,14,2024-10-22,2024-11-05,108.0,73.80363464355469
XGBoost,14,2024-10-23,2024-11-06,53.0,72.83168029785156
XGBoost,14,2024-10-24,2024-11-07,90.0,54.54218292236328
XGBoost,14,2024-10-25,2024-11-08,184.0,73.11065673828125
XGBoost,14,2024-10-26,2024-11-09,66.0,67.26561737060547
XGBoost,14,2024-10-27,2024-11-10,59.0,66.78143310546875
XGBoost,14,2024-10-28,2024-11-11,126.0,58.679649353027344
XGBoost,14,2024-10-29,2024-11-12,73.0,64.40153503417969
XGBoost,14,2024-10-30,2024-11-13,94.0,67.84855651855469
XGBoost,14,2024-10-31,2024-11-14,71.0,56.30497360229492
XGBoost,14,2024-11-01,2024-11-15,79.0,58.21170425415039
XGBoost,14,2024-11-02,2024-11-16,68.0,80.47649383544922
XGBoost,14,2024-11-03,2024-11-17,36.0,75.78112030029297
XGBoost,14,2024-11-04,2024-11-18,89.0,71.21383666992188
XGBoost,14,2024-11-05,2024-11-19,104.0,75.92972564697266
XGBoost,14,2024-11-06,2024-11-20,68.0,64.936279296875
XGBoost,14,2024-11-07,2024-11-21,167.0,81.11600494384766
XGBoost,14,2024-11-08,2024-11-22,187.0,68.84236145019531
XGBoost,14,2024-11-09,2024-11-23,135.0,76.26507568359375
XGBoost,14,2024-11-10,2024-11-24,80.0,66.04542541503906
XGBoost,14,2024-11-11,2024-11-25,57.0,78.84139251708984
XGBoost,14,2024-11-12,2024-11-26,53.0,68.27365112304688
XGBoost,14,2024-11-13,2024-11-27,47.0,71.51409912109375
XGBoost,14,2024-11-14,2024-11-28,70.0,78.75970458984375
XGBoost,14,2024-11-15,2024-11-29,62.0,99.94136047363281
XGBoost,14,2024-11-16,2024-11-30,48.0,70.06767272949219
XGBoost,14,2024-11-17,2024-12-01,53.0,55.99745559692383
XGBoost,14,2024-11-18,2024-12-02,55.0,80.6219711303711
XGBoost,14,2024-11-19,2024-12-03,61.0,59.570457458496094
XGBoost,14,2024-11-20,2024-12-04,74.0,61.32714080810547
XGBoost,14,2024-11-21,2024-12-05,83.0,66.79193115234375
XGBoost,14,2024-11-22,2024-12-06,37.0,77.747314453125
XGBoost,14,2024-11-23,2024-12-07,31.0,79.3760757446289
XGBoost,14,2024-11-24,2024-12-08,29.0,86.52761840820312
XGBoost,14,2024-11-25,2024-12-09,70.0,72.46810150146484
XGBoost,14,2024-11-26,2024-12-10,114.0,73.04521942138672
XGBoost,14,2024-11-27,2024-12-11,96.0,69.06989288330078
XGBoost,14,2024-11-28,2024-12-12,73.0,75.31523895263672
XGBoost,14,2024-11-29,2024-12-13,119.0,101.8482894897461
XGBoost,14,2024-11-30,2024-12-14,140.0,78.48704528808594
XGBoost,14,2024-12-01,2024-12-15,119.0,69.65775299072266
XGBoost,14,2024-12-02,2024-12-16,95.0,75.1391372680664
XGBoost,14,2024-12-03,2024-12-17,98.0,58.80622863769531
XGBoost,14,2024-12-04,2024-12-18,63.0,59.68454360961914
XGBoost,14,2024-12-05,2024-12-19,156.0,56.34938430786133
XGBoost,14,2024-12-06,2024-12-20,102.0,57.04864501953125
XGBoost,14,2024-12-07,2024-12-21,95.0,70.39007568359375
XGBoost,14,2024-12-08,2024-12-22,106.0,50.310672760009766
XGBoost,14,2024-12-09,2024-12-23,83.0,47.95018005371094
XGBoost,14,2024-12-10,2024-12-24,128.0,51.585025787353516
XGBoost,14,2024-12-11,2024-12-25,102.0,70.8290023803711
XGBoost,14,2024-12-12,2024-12-26,75.0,65.54631042480469
XGBoost,14,2024-12-13,2024-12-27,62.0,70.85521697998047
XGBoost,14,2024-12-14,2024-12-28,47.0,68.10839080810547
XGBoost,14,2024-12-15,2024-12-29,58.0,61.262168884277344
XGBoost,14,2024-12-16,2024-12-30,150.0,69.1521224975586
XGBoost,14,2024-12-17,2024-12-31,95.0,67.44515228271484
XGBoost,14,2024-12-18,2025-01-01,78.0,80.48554229736328
XGBoost,14,2024-12-19,2025-01-02,59.0,68.36563873291016
XGBoost,14,2024-12-20,2025-01-03,64.0,70.04617309570312
XGBoost,14,2024-12-21,2025-01-04,41.0,74.92605590820312
XGBoost,14,2024-12-22,2025-01-05,102.0,63.74336624145508
XGBoost,14,2024-12-23,2025-01-06,108.0,65.6964111328125
XGBoost,14,2024-12-24,2025-01-07,62.0,65.00955963134766
XGBoost,14,2024-12-25,2025-01-08,107.0,69.84044647216797
XGBoost,14,2024-12-26,2025-01-09,124.0,66.75054931640625
XGBoost,14,2024-12-27,2025-01-10,97.0,66.18745422363281
XGBoost,14,2024-12-28,2025-01-11,72.0,61.833168029785156
XGBoost,14,2024-12-29,2025-01-12,92.0,54.657352447509766
XGBoost,14,2024-12-30,2025-01-13,75.0,44.441810607910156
XGBoost,14,2024-12-31,2025-01-14,94.0,55.38345718383789
XGBoost,14,2025-01-01,2025-01-15,93.0,60.2310905456543
XGBoost,14,2025-01-02,2025-01-16,81.0,58.71815872192383
XGBoost,14,2025-01-03,2025-01-17,71.0,58.32793426513672
XGBoost,14,2025-01-04,2025-01-18,47.0,63.85549545288086
XGBoost,14,2025-01-05,2025-01-19,114.0,60.583248138427734
XGBoost,14,2025-01-06,2025-01-20,81.0,67.88231658935547
XGBoost,14,2025-01-07,2025-01-21,89.0,67.93313598632812
XGBoost,14,2025-01-08,2025-01-22,202.0,74.15963745117188
XGBoost,14,2025-01-09,2025-01-23,364.0,56.34235382080078
XGBoost,14,2025-01-10,2025-01-24,140.0,63.35602951049805
XGBoost,14,2025-01-11,2025-01-25,71.0,65.04975128173828
XGBoost,14,2025-01-12,2025-01-26,69.0,66.25550842285156
XGBoost,14,2025-01-13,2025-01-27,74.0,59.86443328857422
XGBoost,14,2025-01-14,2025-01-28,96.0,65.49122619628906
XGBoost,14,2025-01-15,2025-01-29,109.0,54.76887130737305
XGBoost,14,2025-01-16,2025-01-30,91.0,53.648502349853516
XGBoost,14,2025-01-17,2025-01-31,145.0,55.57766342163086
XGBoost,14,2025-01-18,2025-02-01,71.0,59.78304672241211
XGBoost,14,2025-01-19,2025-02-02,101.0,59.88187789916992
XGBoost,14,2025-01-20,2025-02-03,41.0,59.78754425048828
XGBoost,14,2025-01-21,2025-02-04,44.0,68.07416534423828
XGBoost,14,2025-01-22,2025-02-05,54.0,57.75484848022461
XGBoost,14,2025-01-23,2025-02-06,26.0,47.452186584472656
XGBoost,14,2025-01-24,2025-02-07,14.0,74.29578399658203
XGBoost,14,2025-01-25,2025-02-08,64.0,69.18310546875
XGBoost,14,2025-01-26,2025-02-09,30.0,57.794307708740234
XGBoost,14,2025-01-27,2025-02-10,38.0,80.19074249267578
XGBoost,14,2025-01-28,2025-02-11,93.0,68.0533676147461
XGBoost,14,2025-01-29,2025-02-12,69.0,84.1648941040039
XGBoost,14,2025-01-30,2025-02-13,33.0,95.05960083007812
XGBoost,14,2025-01-31,2025-02-14,41.0,67.59719848632812
XGBoost,14,2025-02-01,2025-02-15,32.0,67.77971649169922
XGBoost,14,2025-02-02,2025-02-16,63.0,54.846073150634766
XGBoost,14,2025-02-03,2025-02-17,46.0,49.60700225830078
XGBoost,14,2025-02-04,2025-02-18,27.0,53.91120529174805
XGBoost,14,2025-02-05,2025-02-19,26.0,51.289154052734375
XGBoost,14,2025-02-06,2025-02-20,27.0,42.36231994628906
XGBoost,14,2025-02-07,2025-02-21,35.0,42.804718017578125
XGBoost,14,2025-02-08,2025-02-22,41.0,47.318538665771484
XGBoost,14,2025-02-09,2025-02-23,13.0,46.37255096435547
XGBoost,14,2025-02-10,2025-02-24,67.0,52.836387634277344
XGBoost,14,2025-02-11,2025-02-25,94.0,67.98666381835938
XGBoost,14,2025-02-12,2025-02-26,50.0,56.62644577026367
XGBoost,14,2025-02-13,2025-02-27,40.0,44.40053176879883
XGBoost,14,2025-02-14,2025-02-28,24.0,49.00517272949219
XGBoost,14,2025-02-15,2025-03-01,37.0,50.34385681152344
XGBoost,14,2025-02-16,2025-03-02,19.0,34.77681350708008
XGBoost,14,2025-02-17,2025-03-03,17.0,45.52046585083008
XGBoost,14,2025-02-18,2025-03-04,29.0,38.10016632080078
XGBoost,14,2025-02-19,2025-03-05,36.0,41.47517776489258
XGBoost,14,2025-02-20,2025-03-06,32.0,40.543087005615234
XGBoost,14,2025-02-21,2025-03-07,29.0,41.76278305053711
XGBoost,14,2025-02-22,2025-03-08,18.0,44.22320556640625
XGBoost,14,2025-02-23,2025-03-09,25.0,54.91761016845703
XGBoost,14,2025-02-24,2025-03-10,24.0,58.701847076416016
XGBoost,14,2025-02-25,2025-03-11,53.0,48.13048553466797
XGBoost,14,2025-02-26,2025-03-12,73.0,45.98914337158203
XGBoost,14,2025-02-27,2025-03-13,106.0,58.8487548828125
XGBoost,14,2025-02-28,2025-03-14,290.0,57.12137985229492
XGBoost,14,2025-03-01,2025-03-15,93.0,55.01165008544922
XGBoost,14,2025-03-02,2025-03-16,30.0,27.424890518188477
XGBoost,14,2025-03-03,2025-03-17,21.0,50.33637237548828
XGBoost,14,2025-03-04,2025-03-18,42.0,43.325016021728516
XGBoost,14,2025-03-05,2025-03-19,84.0,46.34817886352539
XGBoost,14,2025-03-06,2025-03-20,100.0,43.00227737426758
XGBoost,14,2025-03-07,2025-03-21,73.0,33.847171783447266
XGBoost,14,2025-03-08,2025-03-22,56.0,42.40814208984375
XGBoost,14,2025-03-09,2025-03-23,91.0,32.230648040771484
XGBoost,14,2025-03-10,2025-03-24,54.0,40.32405471801758
XGBoost,14,2025-03-11,2025-03-25,51.0,49.29983139038086
XGBoost,14,2025-03-12,2025-03-26,66.0,45.99284744262695
XGBoost,14,2025-03-13,2025-03-27,62.0,43.238033294677734
XGBoost,14,2025-03-14,2025-03-28,52.0,53.8870735168457
XGBoost,14,2025-03-15,2025-03-29,23.0,65.70211791992188
XGBoost,14,2025-03-16,2025-03-30,9.0,73.14054870605469
XGBoost,14,2025-03-17,2025-03-31,21.0,50.006038665771484
XGBoost,14,2025-03-18,2025-04-01,22.0,58.40181350708008
XGBoost,14,2025-03-19,2025-04-02,35.0,49.96771240234375
XGBoost,14,2025-03-20,2025-04-03,30.0,46.438899993896484
XGBoost,14,2025-03-21,2025-04-04,36.0,66.1957778930664
XGBoost,14,2025-03-22,2025-04-05,51.0,44.4078369140625
XGBoost,14,2025-03-23,2025-04-06,32.0,51.83397674560547
XGBoost,14,2025-03-24,2025-04-07,36.0,34.39944839477539
XGBoost,14,2025-03-25,2025-04-08,30.0,51.97157669067383
XGBoost,14,2025-03-26,2025-04-09,71.0,50.648319244384766
XGBoost,14,2025-03-27,2025-04-10,57.0,40.17940902709961
XGBoost,14,2025-03-28,2025-04-11,65.0,45.65121078491211
XGBoost,14,2025-03-29,2025-04-12,63.0,44.5754280090332
XGBoost,14,2025-03-30,2025-04-13,42.0,37.27910232543945
XGBoost,14,2025-03-31,2025-04-14,91.0,48.41752624511719
XGBoost,14,2025-04-01,2025-04-15,82.0,34.89755630493164
XGBoost,14,2025-04-02,2025-04-16,40.0,34.807106018066406
XGBoost,14,2025-04-03,2025-04-17,34.0,40.591224670410156
XGBoost,14,2025-04-04,2025-04-18,50.0,43.89515686035156
XGBoost,14,2025-04-05,2025-04-19,45.0,35.156822204589844
XGBoost,14,2025-04-06,2025-04-20,25.0,21.97541618347168
XGBoost,14,2025-04-07,2025-04-21,42.0,16.679426193237305
XGBoost,14,2025-04-08,2025-04-22,56.0,26.720706939697266
XGBoost,14,2025-04-09,2025-04-23,21.0,35.04451370239258
XGBoost,14,2025-04-10,2025-04-24,50.0,30.62952423095703
XGBoost,14,2025-04-11,2025-04-25,63.0,28.796491622924805
XGBoost,14,2025-04-12,2025-04-26,63.0,35.97787094116211
XGBoost,14,2025-04-13,2025-04-27,99.0,33.754554748535156
XGBoost,14,2025-04-14,2025-04-28,80.0,38.08226776123047
XGBoost,14,2025-04-15,2025-04-29,54.0,29.93707847595215
XGBoost,14,2025-04-16,2025-04-30,52.0,28.221824645996094
XGBoost,14,2025-04-17,2025-05-01,49.0,29.412734985351562
XGBoost,14,2025-04-18,2025-05-02,43.0,30.839149475097656
XGBoost,14,2025-04-19,2025-05-03,27.0,23.4577579498291
XGBoost,14,2025-04-20,2025-05-04,26.0,21.664121627807617
XGBoost,14,2025-04-21,2025-05-05,18.0,31.19066047668457
XGBoost,14,2025-04-22,2025-05-06,26.0,31.87778091430664
XGBoost,14,2025-04-23,2025-05-07,23.0,30.05430793762207
XGBoost,14,2025-04-24,2025-05-08,16.0,30.674394607543945
XGBoost,14,2025-04-25,2025-05-09,11.0,33.33344650268555
XGBoost,14,2025-04-26,2025-05-10,18.0,29.66594886779785
XGBoost,14,2025-04-27,2025-05-11,14.0,34.856658935546875
XGBoost,14,2025-04-28,2025-05-12,27.0,43.827213287353516
XGBoost,14,2025-04-29,2025-05-13,25.0,45.474483489990234
XGBoost,14,2025-04-30,2025-05-14,12.0,32.34636306762695
XGBoost,14,2025-05-01,2025-05-15,35.0,40.38374328613281
XGBoost,14,2025-05-02,2025-05-16,24.0,34.073787689208984
XGBoost,14,2025-05-03,2025-05-17,30.0,30.15177345275879
XGBoost,14,2025-05-04,2025-05-18,29.0,23.758176803588867
XGBoost,14,2025-05-05,2025-05-19,21.0,25.883398056030273
XGBoost,14,2025-05-06,2025-05-20,34.0,23.117355346679688
XGBoost,14,2025-05-07,2025-05-21,19.0,26.790830612182617
XGBoost,14,2025-05-08,2025-05-22,31.0,26.29461097717285
XGBoost,14,2025-05-09,2025-05-23,13.0,29.3212890625
XGBoost,14,2025-05-10,2025-05-24,12.0,21.882959365844727
XGBoost,14,2025-05-11,2025-05-25,16.0,19.775615692138672
XGBoost,14,2025-05-12,2025-05-26,11.0,24.413747787475586
XGBoost,14,2025-05-13,2025-05-27,22.0,21.13621711730957
XGBoost,14,2025-05-14,2025-05-28,28.0,19.275142669677734
XGBoost,14,2025-05-15,2025-05-29,33.0,16.6621036529541
XGBoost,14,2025-05-16,2025-05-30,12.0,18.871055603027344
XGBoost,14,2025-05-17,2025-05-31,24.0,18.36875343322754
Bi-LSTM,1,2024-06-13,2024-06-14,16.0,18.669282980263233
Bi-LSTM,1,2024-06-14,2024-06-15,14.0,18.370456025004387
Bi-LSTM,1,2024-06-15,2024-06-16,8.0,18.304108828306198
Bi-LSTM,1,2024-06-16,2024-06-17,12.0,19.323679693043232
Bi-LSTM,1,2024-06-17,2024-06-18,14.999999999999998,19.107613265514374
Bi-LSTM,1,2024-06-18,2024-06-19,6.0,19.086407721042633
Bi-LSTM,1,2024-06-19,2024-06-20,19.0,19.01707038283348
Bi-LSTM,1,2024-06-20,2024-06-21,17.0,18.68333889171481
Bi-LSTM,1,2024-06-21,2024-06-22,16.0,18.62701915204525
Bi-LSTM,1,2024-06-22,2024-06-23,14.0,19.09984339028597
Bi-LSTM,1,2024-06-23,2024-06-24,40.0,20.02074582502246
Bi-LSTM,1,2024-06-24,2024-06-25,24.0,20.64226096495986
Bi-LSTM,1,2024-06-25,2024-06-26,25.000000000000004,20.163592472672462
Bi-LSTM,1,2024-06-26,2024-06-27,13.0,21.585454680025578
Bi-LSTM,1,2024-06-27,2024-06-28,20.0,22.157098352909088
Bi-LSTM,1,2024-06-28,2024-06-29,22.0,22.286677807569504
Bi-LSTM,1,2024-06-29,2024-06-30,7.0,23.821561373770237
Bi-LSTM,1,2024-06-30,2024-07-01,18.0,23.078154288232327
Bi-LSTM,1,2024-07-01,2024-07-02,20.999999999999996,20.798659343272448
Bi-LSTM,1,2024-07-02,2024-07-03,8.0,19.624337423592806
Bi-LSTM,1,2024-07-03,2024-07-04,10.0,19.290134198963642
Bi-LSTM,1,2024-07-04,2024-07-05,19.0,19.346552528440952
Bi-LSTM,1,2024-07-05,2024-07-06,20.999999999999996,18.9090833440423
Bi-LSTM,1,2024-07-06,2024-07-07,23.0,18.795687593519688
Bi-LSTM,1,2024-07-07,2024-07-08,19.0,19.97003946453333
Bi-LSTM,1,2024-07-08,2024-07-09,24.0,21.052211113274097
Bi-LSTM,1,2024-07-09,2024-07-10,34.0,22.170586436986923
Bi-LSTM,1,2024-07-10,2024-07-11,20.0,24.502342715859413
Bi-LSTM,1,2024-07-11,2024-07-12,11.0,23.018353953957558
Bi-LSTM,1,2024-07-12,2024-07-13,25.000000000000004,21.003482788801193
Bi-LSTM,1,2024-07-13,2024-07-14,18.0,19.558258540928364
Bi-LSTM,1,2024-07-14,2024-07-15,14.999999999999998,20.457709580659866
Bi-LSTM,1,2024-07-15,2024-07-16,10.0,19.449345506727695
Bi-LSTM,1,2024-07-16,2024-07-17,16.0,18.870094195008278
Bi-LSTM,1,2024-07-17,2024-07-18,12.0,19.01216086000204
Bi-LSTM,1,2024-07-18,2024-07-19,7.0,18.161263428628445
Bi-LSTM,1,2024-07-19,2024-07-20,17.0,17.57942631840706
Bi-LSTM,1,2024-07-20,2024-07-21,10.0,18.223357535898685
Bi-LSTM,1,2024-07-21,2024-07-22,12.0,20.677638482302427
Bi-LSTM,1,2024-07-22,2024-07-23,11.0,20.024351216852665
Bi-LSTM,1,2024-07-23,2024-07-24,13.0,20.16707805916667
Bi-LSTM,1,2024-07-24,2024-07-25,10.0,18.575698789209127
Bi-LSTM,1,2024-07-25,2024-07-26,12.0,17.88125339895487
Bi-LSTM,1,2024-07-26,2024-07-27,17.0,17.708743698894978
Bi-LSTM,1,2024-07-27,2024-07-28,13.0,18.942954558879137
Bi-LSTM,1,2024-07-28,2024-07-29,22.0,19.79407412931323
Bi-LSTM,1,2024-07-29,2024-07-30,38.0,19.42840952426195
Bi-LSTM,1,2024-07-30,2024-07-31,22.0,19.94799902662635
Bi-LSTM,1,2024-07-31,2024-08-01,24.0,19.69353623688221
Bi-LSTM,1,2024-08-01,2024-08-02,20.999999999999996,18.848509266972542
Bi-LSTM,1,2024-08-02,2024-08-03,27.0,18.581498116254807
Bi-LSTM,1,2024-08-03,2024-08-04,13.0,18.064141236245632
Bi-LSTM,1,2024-08-04,2024-08-05,20.999999999999996,18.89367088675499
Bi-LSTM,1,2024-08-05,2024-08-06,14.0,18.44131588935852
Bi-LSTM,1,2024-08-06,2024-08-07,14.999999999999998,18.433468639850616
Bi-LSTM,1,2024-08-07,2024-08-08,14.0,18.608389422297478
Bi-LSTM,1,2024-08-08,2024-08-09,20.0,19.45061344653368
Bi-LSTM,1,2024-08-09,2024-08-10,26.0,20.604116693139076
Bi-LSTM,1,2024-08-10,2024-08-11,25.000000000000004,23.58243990689516
Bi-LSTM,1,2024-08-11,2024-08-12,28.0,27.341888919472694
Bi-LSTM,1,2024-08-12,2024-08-13,37.0,21.536663956940174
Bi-LSTM,1,2024-08-13,2024-08-14,24.0,20.03941424190998
Bi-LSTM,1,2024-08-14,2024-08-15,33.0,19.888448286801577
Bi-LSTM,1,2024-08-15,2024-08-16,25.000000000000004,20.688547007739544
Bi-LSTM,1,2024-08-16,2024-08-17,13.0,20.432345792651176
Bi-LSTM,1,2024-08-17,2024-08-18,13.0,19.250019378960133
Bi-LSTM,1,2024-08-18,2024-08-19,7.0,18.95737612619996
Bi-LSTM,1,2024-08-19,2024-08-20,24.0,18.94432857632637
Bi-LSTM,1,2024-08-20,2024-08-21,19.0,21.35617472231388
Bi-LSTM,1,2024-08-21,2024-08-22,19.0,21.69635947793722
Bi-LSTM,1,2024-08-22,2024-08-23,27.0,21.294612251222134
Bi-LSTM,1,2024-08-23,2024-08-24,27.0,21.82172577828169
Bi-LSTM,1,2024-08-24,2024-08-25,25.000000000000004,22.482928931713104
Bi-LSTM,1,2024-08-25,2024-08-26,32.0,33.79660107195377
Bi-LSTM,1,2024-08-26,2024-08-27,22.0,34.495038725435734
Bi-LSTM,1,2024-08-27,2024-08-28,29.999999999999996,21.600145809352398
Bi-LSTM,1,2024-08-28,2024-08-29,17.0,20.40261410176754
Bi-LSTM,1,2024-08-29,2024-08-30,17.0,19.17658619582653
Bi-LSTM,1,2024-08-30,2024-08-31,13.0,18.71521210297942
Bi-LSTM,1,2024-08-31,2024-09-01,9.0,19.121435806155205
Bi-LSTM,1,2024-09-01,2024-09-02,20.999999999999996,20.217542313039303
Bi-LSTM,1,2024-09-02,2024-09-03,20.0,20.6185806915164
Bi-LSTM,1,2024-09-03,2024-09-04,27.0,22.473294585943222
Bi-LSTM,1,2024-09-04,2024-09-05,22.0,27.4641777202487
Bi-LSTM,1,2024-09-05,2024-09-06,37.0,27.99150340259075
Bi-LSTM,1,2024-09-06,2024-09-07,41.99999999999999,27.66272012144327
Bi-LSTM,1,2024-09-07,2024-09-08,34.0,27.365413196384907
Bi-LSTM,1,2024-09-08,2024-09-09,9.0,21.90587405115366
Bi-LSTM,1,2024-09-09,2024-09-10,19.0,19.883108213543892
Bi-LSTM,1,2024-09-10,2024-09-11,26.0,20.024298802018166
Bi-LSTM,1,2024-09-11,2024-09-12,34.0,22.107244357466698
Bi-LSTM,1,2024-09-12,2024-09-13,14.0,24.671413004398346
Bi-LSTM,1,2024-09-13,2024-09-14,18.0,24.309109188616276
Bi-LSTM,1,2024-09-14,2024-09-15,19.0,24.481491595506668
Bi-LSTM,1,2024-09-15,2024-09-16,29.0,24.272521138191223
Bi-LSTM,1,2024-09-16,2024-09-17,24.0,26.422445364296436
Bi-LSTM,1,2024-09-17,2024-09-18,34.0,28.6989589035511
Bi-LSTM,1,2024-09-18,2024-09-19,26.0,50.52957274019718
Bi-LSTM,1,2024-09-19,2024-09-20,28.0,23.458616100251675
Bi-LSTM,1,2024-09-20,2024-09-21,14.999999999999998,19.728189930319786
Bi-LSTM,1,2024-09-21,2024-09-22,23.0,20.82546204328537
Bi-LSTM,1,2024-09-22,2024-09-23,25.000000000000004,28.979997262358665
Bi-LSTM,1,2024-09-23,2024-09-24,9.0,27.02989086508751
Bi-LSTM,1,2024-09-24,2024-09-25,29.0,24.8468729108572
Bi-LSTM,1,2024-09-25,2024-09-26,32.0,27.11732879281044
Bi-LSTM,1,2024-09-26,2024-09-27,23.0,41.23792514204979
Bi-LSTM,1,2024-09-27,2024-09-28,92.99999999999999,43.93024057149887
Bi-LSTM,1,2024-09-28,2024-09-29,49.0,87.7250611782074
Bi-LSTM,1,2024-09-29,2024-09-30,38.0,47.518520206213
Bi-LSTM,1,2024-09-30,2024-10-01,25.000000000000004,35.58038271963596
Bi-LSTM,1,2024-10-01,2024-10-02,17.0,25.329274088144302
Bi-LSTM,1,2024-10-02,2024-10-03,22.0,30.29224257916212
Bi-LSTM,1,2024-10-03,2024-10-04,39.0,46.625700891017914
Bi-LSTM,1,2024-10-04,2024-10-05,35.0,50.06823234260082
Bi-LSTM,1,2024-10-05,2024-10-06,29.0,80.85269764065742
Bi-LSTM,1,2024-10-06,2024-10-07,104.0,46.500554233789444
Bi-LSTM,1,2024-10-07,2024-10-08,144.0,207.1829816699028
Bi-LSTM,1,2024-10-08,2024-10-09,68.0,101.28683552145958
Bi-LSTM,1,2024-10-09,2024-10-10,173.0,133.24235305190086
Bi-LSTM,1,2024-10-10,2024-10-11,156.0,135.66274031996727
Bi-LSTM,1,2024-10-11,2024-10-12,135.0,119.5893569290638
Bi-LSTM,1,2024-10-12,2024-10-13,67.0,224.13082420825958
Bi-LSTM,1,2024-10-13,2024-10-14,78.0,75.56403085589409
Bi-LSTM,1,2024-10-14,2024-10-15,50.99999999999999,204.79330450296402
Bi-LSTM,1,2024-10-15,2024-10-16,100.00000000000001,126.89075335860252
Bi-LSTM,1,2024-10-16,2024-10-17,137.0,111.7458114027977
Bi-LSTM,1,2024-10-17,2024-10-18,149.0,266.76019847393036
Bi-LSTM,1,2024-10-18,2024-10-19,140.0,163.29135835170746
Bi-LSTM,1,2024-10-19,2024-10-20,85.0,131.7925886809826
Bi-LSTM,1,2024-10-20,2024-10-21,59.99999999999999,139.6436919271946
Bi-LSTM,1,2024-10-21,2024-10-22,105.0,43.91666263341904
Bi-LSTM,1,2024-10-22,2024-10-23,125.0,39.59167502820492
Bi-LSTM,1,2024-10-23,2024-10-24,121.0,90.62390103936195
Bi-LSTM,1,2024-10-24,2024-10-25,136.0,85.19553124904633
Bi-LSTM,1,2024-10-25,2024-10-26,53.0,234.52900886535645
Bi-LSTM,1,2024-10-26,2024-10-27,110.0,134.6707820892334
Bi-LSTM,1,2024-10-27,2024-10-28,52.0,50.36616824567318
Bi-LSTM,1,2024-10-28,2024-10-29,64.0,36.063577607274055
Bi-LSTM,1,2024-10-29,2024-10-30,54.0,46.14110827445984
Bi-LSTM,1,2024-10-30,2024-10-31,49.0,67.51860335469246
Bi-LSTM,1,2024-10-31,2024-11-01,37.0,87.38011166453362
Bi-LSTM,1,2024-11-01,2024-11-02,65.0,45.430782437324524
Bi-LSTM,1,2024-11-02,2024-11-03,50.00000000000001,49.71676841378212
Bi-LSTM,1,2024-11-03,2024-11-04,79.0,48.77517834305763
Bi-LSTM,1,2024-11-04,2024-11-05,108.0,52.902801632881165
Bi-LSTM,1,2024-11-05,2024-11-06,53.0,48.8841013610363
Bi-LSTM,1,2024-11-06,2024-11-07,90.0,47.817244827747345
Bi-LSTM,1,2024-11-07,2024-11-08,184.0,157.0468546450138
Bi-LSTM,1,2024-11-08,2024-11-09,66.0,177.94217318296432
Bi-LSTM,1,2024-11-09,2024-11-10,59.00000000000001,84.50908660888672
Bi-LSTM,1,2024-11-10,2024-11-11,126.0,51.726662665605545
Bi-LSTM,1,2024-11-11,2024-11-12,73.0,155.52247151732445
Bi-LSTM,1,2024-11-12,2024-11-13,94.0,125.84643021225929
Bi-LSTM,1,2024-11-13,2024-11-14,71.0,137.7860502898693
Bi-LSTM,1,2024-11-14,2024-11-15,79.0,88.22313189506531
Bi-LSTM,1,2024-11-15,2024-11-16,68.0,68.40960562229156
Bi-LSTM,1,2024-11-16,2024-11-17,36.0,69.68156889081001
Bi-LSTM,1,2024-11-17,2024-11-18,89.0,61.875722110271454
Bi-LSTM,1,2024-11-18,2024-11-19,104.0,111.71714797616005
Bi-LSTM,1,2024-11-19,2024-11-20,68.0,67.75834381580353
Bi-LSTM,1,2024-11-20,2024-11-21,167.0,105.1866689324379
Bi-LSTM,1,2024-11-21,2024-11-22,187.0,114.94566217064857
Bi-LSTM,1,2024-11-22,2024-11-23,135.0,144.70267191529274
Bi-LSTM,1,2024-11-23,2024-11-24,80.0,106.16490945219994
Bi-LSTM,1,2024-11-24,2024-11-25,57.0,117.11909070611
Bi-LSTM,1,2024-11-25,2024-11-26,53.0,68.54207038879395
Bi-LSTM,1,2024-11-26,2024-11-27,47.0,37.660982087254524
Bi-LSTM,1,2024-11-27,2024-11-28,70.0,78.39897453784943
Bi-LSTM,1,2024-11-28,2024-11-29,62.0,108.17881718277931
Bi-LSTM,1,2024-11-29,2024-11-30,48.0,169.3166881799698
Bi-LSTM,1,2024-11-30,2024-12-01,53.0,113.05499419569969
Bi-LSTM,1,2024-12-01,2024-12-02,55.0,79.9310451745987
Bi-LSTM,1,2024-12-02,2024-12-03,61.0,61.703771501779556
Bi-LSTM,1,2024-12-03,2024-12-04,74.0,80.34352496266365
Bi-LSTM,1,2024-12-04,2024-12-05,83.0,96.5331594645977
Bi-LSTM,1,2024-12-05,2024-12-06,37.0,69.59510937333107
Bi-LSTM,1,2024-12-06,2024-12-07,31.0,36.00666258484125
Bi-LSTM,1,2024-12-07,2024-12-08,29.0,44.026454240083694
Bi-LSTM,1,2024-12-08,2024-12-09,70.0,67.18947812914848
Bi-LSTM,1,2024-12-09,2024-12-10,114.0,98.53871077299118
Bi-LSTM,1,2024-12-10,2024-12-11,96.0,89.17399689555168
Bi-LSTM,1,2024-12-11,2024-12-12,73.0,119.07198756933212
Bi-LSTM,1,2024-12-12,2024-12-13,119.0,136.03066250681877
Bi-LSTM,1,2024-12-13,2024-12-14,140.0,197.56720572710037
Bi-LSTM,1,2024-12-14,2024-12-15,119.0,107.03781113028526
Bi-LSTM,1,2024-12-15,2024-12-16,95.0,74.10622954368591
Bi-LSTM,1,2024-12-16,2024-12-17,98.0,81.4682674407959
Bi-LSTM,1,2024-12-17,2024-12-18,63.0,141.99178665876389
Bi-LSTM,1,2024-12-18,2024-12-19,156.0,160.56052550673485
Bi-LSTM,1,2024-12-19,2024-12-20,101.99999999999999,179.17532950639725
Bi-LSTM,1,2024-12-20,2024-12-21,95.0,65.39806887507439
Bi-LSTM,1,2024-12-21,2024-12-22,106.0,88.85102167725563
Bi-LSTM,1,2024-12-22,2024-12-23,83.0,75.41703969240189
Bi-LSTM,1,2024-12-23,2024-12-24,128.0,132.10402265191078
Bi-LSTM,1,2024-12-24,2024-12-25,101.99999999999999,77.10544630885124
Bi-LSTM,1,2024-12-25,2024-12-26,75.0,53.31064894795418
Bi-LSTM,1,2024-12-26,2024-12-27,62.0,48.99643883109093
Bi-LSTM,1,2024-12-27,2024-12-28,47.0,98.83316233754158
Bi-LSTM,1,2024-12-28,2024-12-29,58.0,71.85548663139343
Bi-LSTM,1,2024-12-29,2024-12-30,150.0,58.61024796962738
Bi-LSTM,1,2024-12-30,2024-12-31,95.0,65.27039632201195
Bi-LSTM,1,2024-12-31,2025-01-01,78.0,48.355405405163765
Bi-LSTM,1,2025-01-01,2025-01-02,59.00000000000001,73.86075839400291
Bi-LSTM,1,2025-01-02,2025-01-03,64.0,82.25548833608627
Bi-LSTM,1,2025-01-03,2025-01-04,41.0,109.81060579419136
Bi-LSTM,1,2025-01-04,2025-01-05,101.99999999999999,77.49855756759644
Bi-LSTM,1,2025-01-05,2025-01-06,108.0,57.289723604917526
Bi-LSTM,1,2025-01-06,2025-01-07,62.0,50.637332648038864
Bi-LSTM,1,2025-01-07,2025-01-08,107.0,39.79842659085989
Bi-LSTM,1,2025-01-08,2025-01-09,124.0,86.73455059528351
Bi-LSTM,1,2025-01-09,2025-01-10,97.0,78.05412486195564
Bi-LSTM,1,2025-01-10,2025-01-11,72.0,106.32933229207993
Bi-LSTM,1,2025-01-11,2025-01-12,92.0,71.41828700900078
Bi-LSTM,1,2025-01-12,2025-01-13,75.0,71.15149050951004
Bi-LSTM,1,2025-01-13,2025-01-14,94.0,76.5935280919075
Bi-LSTM,1,2025-01-14,2025-01-15,92.99999999999999,71.23823955655098
Bi-LSTM,1,2025-01-15,2025-01-16,81.0,56.70126974582672
Bi-LSTM,1,2025-01-16,2025-01-17,71.0,50.13201370835304
Bi-LSTM,1,2025-01-17,2025-01-18,47.0,97.68712446093559
Bi-LSTM,1,2025-01-18,2025-01-19,114.0,90.30384108424187
Bi-LSTM,1,2025-01-19,2025-01-20,81.0,120.32704830169678
Bi-LSTM,1,2025-01-20,2025-01-21,89.0,68.73577564954758
Bi-LSTM,1,2025-01-21,2025-01-22,202.0,41.95611320436001
Bi-LSTM,1,2025-01-22,2025-01-23,364.00000000000006,79.74497750401497
Bi-LSTM,1,2025-01-23,2025-01-24,140.0,115.8679735660553
Bi-LSTM,1,2025-01-24,2025-01-25,71.0,106.39970794320107
Bi-LSTM,1,2025-01-25,2025-01-26,69.0,79.99070823192596
Bi-LSTM,1,2025-01-26,2025-01-27,74.0,112.2609044611454
Bi-LSTM,1,2025-01-27,2025-01-28,96.0,71.87103137373924
Bi-LSTM,1,2025-01-28,2025-01-29,109.00000000000001,61.417621448636055
Bi-LSTM,1,2025-01-29,2025-01-30,91.00000000000001,67.42190048098564
Bi-LSTM,1,2025-01-30,2025-01-31,145.0,91.09726190567017
Bi-LSTM,1,2025-01-31,2025-02-01,71.0,111.33051618933678
Bi-LSTM,1,2025-02-01,2025-02-02,101.0,80.63757717609406
Bi-LSTM,1,2025-02-02,2025-02-03,41.0,61.69636353850365
Bi-LSTM,1,2025-02-03,2025-02-04,44.0,39.79603797197342
Bi-LSTM,1,2025-02-04,2025-02-05,54.0,32.398697435855865
Bi-LSTM,1,2025-02-05,2025-02-06,26.0,23.522387482225895
Bi-LSTM,1,2025-02-06,2025-02-07,14.0,22.872431054711342
Bi-LSTM,1,2025-02-07,2025-02-08,64.0,45.96270315349102
Bi-LSTM,1,2025-02-08,2025-02-09,29.999999999999996,78.67579475045204
Bi-LSTM,1,2025-02-09,2025-02-10,38.0,96.82884901762009
Bi-LSTM,1,2025-02-10,2025-02-11,92.99999999999999,43.64492915570736
Bi-LSTM,1,2025-02-11,2025-02-12,69.0,59.91369009017944
Bi-LSTM,1,2025-02-12,2025-02-13,33.0,42.1778579056263
Bi-LSTM,1,2025-02-13,2025-02-14,41.0,32.05014877021313
Bi-LSTM,1,2025-02-14,2025-02-15,32.0,55.932049602270126
Bi-LSTM,1,2025-02-15,2025-02-16,63.0,49.19141203165054
Bi-LSTM,1,2025-02-16,2025-02-17,46.0,52.134010791778564
Bi-LSTM,1,2025-02-17,2025-02-18,27.0,51.14743381738663
Bi-LSTM,1,2025-02-18,2025-02-19,26.0,41.93890616297722
Bi-LSTM,1,2025-02-19,2025-02-20,27.0,65.10125115513802
Bi-LSTM,1,2025-02-20,2025-02-21,35.0,48.29106494784355
Bi-LSTM,1,2025-02-21,2025-02-22,41.0,52.60942831635475
Bi-LSTM,1,2025-02-22,2025-02-23,13.0,42.62227080762386
Bi-LSTM,1,2025-02-23,2025-02-24,67.0,39.890387170016766
Bi-LSTM,1,2025-02-24,2025-02-25,94.0,59.43057507276535
Bi-LSTM,1,2025-02-25,2025-02-26,50.00000000000001,93.33860009908676
Bi-LSTM,1,2025-02-26,2025-02-27,40.0,73.46635922789574
Bi-LSTM,1,2025-02-27,2025-02-28,24.0,49.64569389820099
Bi-LSTM,1,2025-02-28,2025-03-01,37.0,39.0206079185009
Bi-LSTM,1,2025-03-01,2025-03-02,19.0,34.24117870628834
Bi-LSTM,1,2025-03-02,2025-03-03,17.0,24.747659116983414
Bi-LSTM,1,2025-03-03,2025-03-04,29.0,21.830229461193085
Bi-LSTM,1,2025-03-04,2025-03-05,36.0,25.208622626960278
Bi-LSTM,1,2025-03-05,2025-03-06,32.0,27.643064558506012
Bi-LSTM,1,2025-03-06,2025-03-07,29.0,22.541975490748882
Bi-LSTM,1,2025-03-07,2025-03-08,18.0,22.743989750742912
Bi-LSTM,1,2025-03-08,2025-03-09,25.000000000000004,30.473221018910408
Bi-LSTM,1,2025-03-09,2025-03-10,24.0,45.45789837837219
Bi-LSTM,1,2025-03-10,2025-03-11,53.0,40.08048579096794
Bi-LSTM,1,2025-03-11,2025-03-12,73.0,57.476390302181244
Bi-LSTM,1,2025-03-12,2025-03-13,106.0,97.31252312660217
Bi-LSTM,1,2025-03-13,2025-03-14,290.0,90.16759246587753
Bi-LSTM,1,2025-03-14,2025-03-15,92.99999999999999,114.64998260140419
Bi-LSTM,1,2025-03-15,2025-03-16,29.999999999999996,50.474537163972855
Bi-LSTM,1,2025-03-16,2025-03-17,20.999999999999996,32.52368934452534
Bi-LSTM,1,2025-03-17,2025-03-18,41.99999999999999,42.314650639891624
Bi-LSTM,1,2025-03-18,2025-03-19,83.99999999999999,74.85499292612076
Bi-LSTM,1,2025-03-19,2025-03-20,100.00000000000001,142.86757364869118
Bi-LSTM,1,2025-03-20,2025-03-21,73.0,115.13044193387032
Bi-LSTM,1,2025-03-21,2025-03-22,56.0,149.38850820064545
Bi-LSTM,1,2025-03-22,2025-03-23,91.00000000000001,35.2173475921154
Bi-LSTM,1,2025-03-23,2025-03-24,54.0,72.64391556382179
Bi-LSTM,1,2025-03-24,2025-03-25,50.99999999999999,73.5346482694149
Bi-LSTM,1,2025-03-25,2025-03-26,66.0,45.91947838664055
Bi-LSTM,1,2025-03-26,2025-03-27,62.0,54.33270826935768
Bi-LSTM,1,2025-03-27,2025-03-28,52.0,46.03556975722313
Bi-LSTM,1,2025-03-28,2025-03-29,23.0,35.20390942692757
Bi-LSTM,1,2025-03-29,2025-03-30,9.0,32.544380724430084
Bi-LSTM,1,2025-03-30,2025-03-31,20.999999999999996,41.33996933698654
Bi-LSTM,1,2025-03-31,2025-04-01,22.0,43.88768970966339
Bi-LSTM,1,2025-04-01,2025-04-02,35.0,33.81590470671654
Bi-LSTM,1,2025-04-02,2025-04-03,29.999999999999996,65.16586616635323
Bi-LSTM,1,2025-04-03,2025-04-04,36.0,35.52346769720316
Bi-LSTM,1,2025-04-04,2025-04-05,50.99999999999999,49.154197499156
Bi-LSTM,1,2025-04-05,2025-04-06,32.0,51.505062729120255
Bi-LSTM,1,2025-04-06,2025-04-07,36.0,36.462629213929176
Bi-LSTM,1,2025-04-07,2025-04-08,29.999999999999996,25.556175410747528
Bi-LSTM,1,2025-04-08,2025-04-09,71.0,22.51195427030325
Bi-LSTM,1,2025-04-09,2025-04-10,57.0,66.20793297886848
Bi-LSTM,1,2025-04-10,2025-04-11,65.0,75.67337319254875
Bi-LSTM,1,2025-04-11,2025-04-12,63.0,109.37816843390465
Bi-LSTM,1,2025-04-12,2025-04-13,41.99999999999999,43.88872802257538
Bi-LSTM,1,2025-04-13,2025-04-14,91.00000000000001,37.388639599084854
Bi-LSTM,1,2025-04-14,2025-04-15,82.0,44.58613485097885
Bi-LSTM,1,2025-04-15,2025-04-16,40.0,63.34886848926544
Bi-LSTM,1,2025-04-16,2025-04-17,34.0,89.10169437527657
Bi-LSTM,1,2025-04-17,2025-04-18,50.00000000000001,93.79431962966919
Bi-LSTM,1,2025-04-18,2025-04-19,45.0,47.55594439804554
Bi-LSTM,1,2025-04-19,2025-04-20,25.000000000000004,29.06479947268963
Bi-LSTM,1,2025-04-20,2025-04-21,41.99999999999999,36.331010572612286
Bi-LSTM,1,2025-04-21,2025-04-22,56.0,75.82824155688286
Bi-LSTM,1,2025-04-22,2025-04-23,20.999999999999996,52.24246457219124
Bi-LSTM,1,2025-04-23,2025-04-24,50.00000000000001,49.04634773731232
Bi-LSTM,1,2025-04-24,2025-04-25,63.0,30.710550397634506
Bi-LSTM,1,2025-04-25,2025-04-26,63.0,71.8500055372715
Bi-LSTM,1,2025-04-26,2025-04-27,99.0,77.04943731427193
Bi-LSTM,1,2025-04-27,2025-04-28,80.0,65.8228287100792
Bi-LSTM,1,2025-04-28,2025-04-29,54.0,72.0139192044735
Bi-LSTM,1,2025-04-29,2025-04-30,52.0,45.610520392656326
Bi-LSTM,1,2025-04-30,2025-05-01,49.0,35.44516991823912
Bi-LSTM,1,2025-05-01,2025-05-02,43.0,30.739890225231647
Bi-LSTM,1,2025-05-02,2025-05-03,27.0,24.934143610298634
Bi-LSTM,1,2025-05-03,2025-05-04,26.0,35.56257665157318
Bi-LSTM,1,2025-05-04,2025-05-05,18.0,40.91488003730774
Bi-LSTM,1,2025-05-05,2025-05-06,26.0,28.78331184387207
Bi-LSTM,1,2025-05-06,2025-05-07,23.0,33.782481513917446
Bi-LSTM,1,2025-05-07,2025-05-08,16.0,25.982704870402813
Bi-LSTM,1,2025-05-08,2025-05-09,11.0,20.88202513754368
Bi-LSTM,1,2025-05-09,2025-05-10,18.0,27.348545603454113
Bi-LSTM,1,2025-05-10,2025-05-11,14.0,39.9204982444644
Bi-LSTM,1,2025-05-11,2025-05-12,27.0,31.192207783460617
Bi-LSTM,1,2025-05-12,2025-05-13,25.000000000000004,24.229111671447754
Bi-LSTM,1,2025-05-13,2025-05-14,12.0,18.337087742984295
Bi-LSTM,1,2025-05-14,2025-05-15,35.0,17.9523503780365
Bi-LSTM,1,2025-05-15,2025-05-16,24.0,17.80589584261179
Bi-LSTM,1,2025-05-16,2025-05-17,29.999999999999996,17.287875041365623
Bi-LSTM,1,2025-05-17,2025-05-18,29.0,17.44110856205225
Bi-LSTM,1,2025-05-18,2025-05-19,20.999999999999996,18.801000211387873
Bi-LSTM,1,2025-05-19,2025-05-20,34.0,18.78075560554862
Bi-LSTM,1,2025-05-20,2025-05-21,19.0,19.21191005036235
Bi-LSTM,1,2025-05-21,2025-05-22,31.0,19.32790532708168
Bi-LSTM,1,2025-05-22,2025-05-23,13.0,19.968877602368593
Bi-LSTM,1,2025-05-23,2025-05-24,12.0,19.539523981511593
Bi-LSTM,1,2025-05-24,2025-05-25,16.0,18.88618679717183
Bi-LSTM,1,2025-05-25,2025-05-26,11.0,19.588293489068747
Bi-LSTM,1,2025-05-26,2025-05-27,22.0,19.151419587433338
Bi-LSTM,1,2025-05-27,2025-05-28,28.0,19.442888498306274
Bi-LSTM,1,2025-05-28,2025-05-29,33.0,20.766170881688595
Bi-LSTM,1,2025-05-29,2025-05-30,12.0,19.86921828240156
Bi-LSTM,1,2025-05-30,2025-05-31,24.0,19.34765573590994
Bi-LSTM,3,2024-06-11,2024-06-14,16.0,18.745990842580795
Bi-LSTM,3,2024-06-12,2024-06-15,14.0,18.290256336331367
Bi-LSTM,3,2024-06-13,2024-06-16,8.0,18.52815354242921
Bi-LSTM,3,2024-06-14,2024-06-17,12.0,18.724735379219055
Bi-LSTM,3,2024-06-15,2024-06-18,14.999999999999998,18.326185457408428
Bi-LSTM,3,2024-06-16,2024-06-19,6.0,18.14683936536312
Bi-LSTM,3,2024-06-17,2024-06-20,19.0,18.925948441028595
Bi-LSTM,3,2024-06-18,2024-06-21,17.0,18.998891171067953
Bi-LSTM,3,2024-06-19,2024-06-22,16.0,18.88068199157715
Bi-LSTM,3,2024-06-20,2024-06-23,14.0,18.475184608250856
Bi-LSTM,3,2024-06-21,2024-06-24,40.0,18.52723253890872
Bi-LSTM,3,2024-06-22,2024-06-25,24.0,18.763829357922077
Bi-LSTM,3,2024-06-23,2024-06-26,25.000000000000004,18.78312675282359
Bi-LSTM,3,2024-06-24,2024-06-27,13.0,20.245888754725456
Bi-LSTM,3,2024-06-25,2024-06-28,20.0,19.287705644965172
Bi-LSTM,3,2024-06-26,2024-06-29,22.0,20.14755478128791
Bi-LSTM,3,2024-06-27,2024-06-30,7.0,21.137537471950054
Bi-LSTM,3,2024-06-28,2024-07-01,18.0,20.172128602862358
Bi-LSTM,3,2024-06-29,2024-07-02,20.999999999999996,19.7598684579134
Bi-LSTM,3,2024-06-30,2024-07-03,8.0,19.191689155995846
Bi-LSTM,3,2024-07-01,2024-07-04,10.0,19.65512989088893
Bi-LSTM,3,2024-07-02,2024-07-05,19.0,18.95905340090394
Bi-LSTM,3,2024-07-03,2024-07-06,20.999999999999996,18.51343121379614
Bi-LSTM,3,2024-07-04,2024-07-07,23.0,18.81440218538046
Bi-LSTM,3,2024-07-05,2024-07-08,19.0,18.78242414444685
Bi-LSTM,3,2024-07-06,2024-07-09,24.0,18.710267636924982
Bi-LSTM,3,2024-07-07,2024-07-10,34.0,19.212977066636086
Bi-LSTM,3,2024-07-08,2024-07-11,20.0,21.143912114202976
Bi-LSTM,3,2024-07-09,2024-07-12,11.0,20.578715465962887
Bi-LSTM,3,2024-07-10,2024-07-13,25.000000000000004,20.942586734890938
Bi-LSTM,3,2024-07-11,2024-07-14,18.0,19.796902034431696
Bi-LSTM,3,2024-07-12,2024-07-15,14.999999999999998,18.980543483048677
Bi-LSTM,3,2024-07-13,2024-07-16,10.0,18.298458009958267
Bi-LSTM,3,2024-07-14,2024-07-17,16.0,18.6230256408453
Bi-LSTM,3,2024-07-15,2024-07-18,12.0,19.081495702266693
Bi-LSTM,3,2024-07-16,2024-07-19,7.0,18.34723500534892
Bi-LSTM,3,2024-07-17,2024-07-20,17.0,18.548334501683712
Bi-LSTM,3,2024-07-18,2024-07-21,10.0,18.605462927371264
Bi-LSTM,3,2024-07-19,2024-07-22,12.0,18.191394470632076
Bi-LSTM,3,2024-07-20,2024-07-23,11.0,18.051551692187786
Bi-LSTM,3,2024-07-21,2024-07-24,13.0,17.92455678805709
Bi-LSTM,3,2024-07-22,2024-07-25,10.0,18.414095118641853
Bi-LSTM,3,2024-07-23,2024-07-26,12.0,18.019133117049932
Bi-LSTM,3,2024-07-24,2024-07-27,17.0,18.05530808866024
Bi-LSTM,3,2024-07-25,2024-07-28,13.0,18.419598676264286
Bi-LSTM,3,2024-07-26,2024-07-29,22.0,18.76126602292061
Bi-LSTM,3,2024-07-27,2024-07-30,38.0,18.97786283865571
Bi-LSTM,3,2024-07-28,2024-07-31,22.0,18.39809611439705
Bi-LSTM,3,2024-07-29,2024-08-01,24.0,19.215390644967556
Bi-LSTM,3,2024-07-30,2024-08-02,20.999999999999996,19.690245334059
Bi-LSTM,3,2024-07-31,2024-08-03,27.0,18.506551142781973
Bi-LSTM,3,2024-08-01,2024-08-04,13.0,17.913326285779476
Bi-LSTM,3,2024-08-02,2024-08-05,20.999999999999996,18.36782779544592
Bi-LSTM,3,2024-08-03,2024-08-06,14.0,17.790104001760483
Bi-LSTM,3,2024-08-04,2024-08-07,14.999999999999998,17.7804297208786
Bi-LSTM,3,2024-08-05,2024-08-08,14.0,16.949392519891262
Bi-LSTM,3,2024-08-06,2024-08-09,20.0,16.441275626420975
Bi-LSTM,3,2024-08-07,2024-08-10,26.0,18.959246836602688
Bi-LSTM,3,2024-08-08,2024-08-11,25.000000000000004,22.801279164850712
Bi-LSTM,3,2024-08-09,2024-08-12,28.0,22.3277735337615
Bi-LSTM,3,2024-08-10,2024-08-13,37.0,21.58276405185461
Bi-LSTM,3,2024-08-11,2024-08-14,24.0,19.30902600288391
Bi-LSTM,3,2024-08-12,2024-08-15,33.0,18.53127472102642
Bi-LSTM,3,2024-08-13,2024-08-16,25.000000000000004,17.370399702340364
Bi-LSTM,3,2024-08-14,2024-08-17,13.0,23.334093429148197
Bi-LSTM,3,2024-08-15,2024-08-18,13.0,26.322605088353157
Bi-LSTM,3,2024-08-16,2024-08-19,7.0,22.544356621801853
Bi-LSTM,3,2024-08-17,2024-08-20,24.0,19.675844982266426
Bi-LSTM,3,2024-08-18,2024-08-21,19.0,19.417622052133083
Bi-LSTM,3,2024-08-19,2024-08-22,19.0,19.579681232571602
Bi-LSTM,3,2024-08-20,2024-08-23,27.0,19.603704698383808
Bi-LSTM,3,2024-08-21,2024-08-24,27.0,18.199496306478977
Bi-LSTM,3,2024-08-22,2024-08-25,25.000000000000004,21.68344546109438
Bi-LSTM,3,2024-08-23,2024-08-26,32.0,23.07285539805889
Bi-LSTM,3,2024-08-24,2024-08-27,22.0,23.304995708167553
Bi-LSTM,3,2024-08-25,2024-08-28,29.999999999999996,22.14376501739025
Bi-LSTM,3,2024-08-26,2024-08-29,17.0,21.291941590607166
Bi-LSTM,3,2024-08-27,2024-08-30,17.0,19.538576770573854
Bi-LSTM,3,2024-08-28,2024-08-31,13.0,17.90565624833107
Bi-LSTM,3,2024-08-29,2024-09-01,9.0,19.52664740383625
Bi-LSTM,3,2024-08-30,2024-09-02,20.999999999999996,20.772832557559013
Bi-LSTM,3,2024-08-31,2024-09-03,20.0,20.52441619336605
Bi-LSTM,3,2024-09-01,2024-09-04,27.0,20.612506810575724
Bi-LSTM,3,2024-09-02,2024-09-05,22.0,21.96559451520443
Bi-LSTM,3,2024-09-03,2024-09-06,37.0,22.1153137460351
Bi-LSTM,3,2024-09-04,2024-09-07,41.99999999999999,23.385931700468063
Bi-LSTM,3,2024-09-05,2024-09-08,34.0,37.35159728676081
Bi-LSTM,3,2024-09-06,2024-09-09,9.0,81.62871673703194
Bi-LSTM,3,2024-09-07,2024-09-10,19.0,74.5818317681551
Bi-LSTM,3,2024-09-08,2024-09-11,26.0,28.688802905380726
Bi-LSTM,3,2024-09-09,2024-09-12,34.0,21.018683090806007
Bi-LSTM,3,2024-09-10,2024-09-13,14.0,20.574989020824432
Bi-LSTM,3,2024-09-11,2024-09-14,18.0,22.06275165081024
Bi-LSTM,3,2024-09-12,2024-09-15,19.0,22.570232078433037
Bi-LSTM,3,2024-09-13,2024-09-16,29.0,22.936731576919556
Bi-LSTM,3,2024-09-14,2024-09-17,24.0,23.416155092418194
Bi-LSTM,3,2024-09-15,2024-09-18,34.0,24.649151675403118
Bi-LSTM,3,2024-09-16,2024-09-19,26.0,47.67961844801903
Bi-LSTM,3,2024-09-17,2024-09-20,28.0,36.120802126824856
Bi-LSTM,3,2024-09-18,2024-09-21,14.999999999999998,30.58357171714306
Bi-LSTM,3,2024-09-19,2024-09-22,23.0,22.93462000787258
Bi-LSTM,3,2024-09-20,2024-09-23,25.000000000000004,23.762270212173462
Bi-LSTM,3,2024-09-21,2024-09-24,9.0,23.92768643796444
Bi-LSTM,3,2024-09-22,2024-09-25,29.0,26.281212344765663
Bi-LSTM,3,2024-09-23,2024-09-26,32.0,26.43862657248974
Bi-LSTM,3,2024-09-24,2024-09-27,23.0,23.404461592435837
Bi-LSTM,3,2024-09-25,2024-09-28,92.99999999999999,25.12183614075184
Bi-LSTM,3,2024-09-26,2024-09-29,49.0,28.195521906018257
Bi-LSTM,3,2024-09-27,2024-09-30,38.0,48.9740552008152
Bi-LSTM,3,2024-09-28,2024-10-01,25.000000000000004,81.91127263009548
Bi-LSTM,3,2024-09-29,2024-10-02,17.0,38.90666056424379
Bi-LSTM,3,2024-09-30,2024-10-03,22.0,33.30861896276474
Bi-LSTM,3,2024-10-01,2024-10-04,39.0,32.75383040308952
Bi-LSTM,3,2024-10-02,2024-10-05,35.0,43.24986606836319
Bi-LSTM,3,2024-10-03,2024-10-06,29.0,46.00456014275551
Bi-LSTM,3,2024-10-04,2024-10-07,104.0,45.186249762773514
Bi-LSTM,3,2024-10-05,2024-10-08,144.0,56.199684739112854
Bi-LSTM,3,2024-10-06,2024-10-09,68.0,51.42056003212929
Bi-LSTM,3,2024-10-07,2024-10-10,173.0,88.64810138940811
Bi-LSTM,3,2024-10-08,2024-10-11,156.0,93.18277329206467
Bi-LSTM,3,2024-10-09,2024-10-12,135.0,65.03322668373585
Bi-LSTM,3,2024-10-10,2024-10-13,67.0,45.81232249736786
Bi-LSTM,3,2024-10-11,2024-10-14,78.0,67.86487571895123
Bi-LSTM,3,2024-10-12,2024-10-15,50.99999999999999,77.57785871624947
Bi-LSTM,3,2024-10-13,2024-10-16,100.00000000000001,92.06844389438629
Bi-LSTM,3,2024-10-14,2024-10-17,137.0,135.96847355365753
Bi-LSTM,3,2024-10-15,2024-10-18,149.0,162.85614550113678
Bi-LSTM,3,2024-10-16,2024-10-19,140.0,167.38075375556946
Bi-LSTM,3,2024-10-17,2024-10-20,85.0,165.06062358617783
Bi-LSTM,3,2024-10-18,2024-10-21,59.99999999999999,96.88046514987946
Bi-LSTM,3,2024-10-19,2024-10-22,105.0,98.7412317097187
Bi-LSTM,3,2024-10-20,2024-10-23,125.0,77.85254240036011
Bi-LSTM,3,2024-10-21,2024-10-24,121.0,63.03145423531532
Bi-LSTM,3,2024-10-22,2024-10-25,136.0,107.04668670892715
Bi-LSTM,3,2024-10-23,2024-10-26,53.0,124.98070687055588
Bi-LSTM,3,2024-10-24,2024-10-27,110.0,90.80563575029373
Bi-LSTM,3,2024-10-25,2024-10-28,52.0,75.77023081481457
Bi-LSTM,3,2024-10-26,2024-10-29,64.0,63.97147186100483
Bi-LSTM,3,2024-10-27,2024-10-30,54.0,57.447686940431595
Bi-LSTM,3,2024-10-28,2024-10-31,49.0,46.30471244454384
Bi-LSTM,3,2024-10-29,2024-11-01,37.0,79.49418500065804
Bi-LSTM,3,2024-10-30,2024-11-02,65.0,84.78437930345535
Bi-LSTM,3,2024-10-31,2024-11-03,50.00000000000001,91.68155252933502
Bi-LSTM,3,2024-11-01,2024-11-04,79.0,102.64603704214096
Bi-LSTM,3,2024-11-02,2024-11-05,108.0,88.94897252321243
Bi-LSTM,3,2024-11-03,2024-11-06,53.0,57.70332157611847
Bi-LSTM,3,2024-11-04,2024-11-07,90.0,55.02550259232521
Bi-LSTM,3,2024-11-05,2024-11-08,184.0,96.37290984392166
Bi-LSTM,3,2024-11-06,2024-11-09,66.0,89.065583050251
Bi-LSTM,3,2024-11-07,2024-11-10,59.00000000000001,85.60540527105331
Bi-LSTM,3,2024-11-08,2024-11-11,126.0,74.78864572942257
Bi-LSTM,3,2024-11-09,2024-11-12,73.0,118.28973859548569
Bi-LSTM,3,2024-11-10,2024-11-13,94.0,137.03587919473648
Bi-LSTM,3,2024-11-11,2024-11-14,71.0,172.24534958600998
Bi-LSTM,3,2024-11-12,2024-11-15,79.0,112.9726779460907
Bi-LSTM,3,2024-11-13,2024-11-16,68.0,93.42028737068176
Bi-LSTM,3,2024-11-14,2024-11-17,36.0,66.10359251499176
Bi-LSTM,3,2024-11-15,2024-11-18,89.0,92.23329603672028
Bi-LSTM,3,2024-11-16,2024-11-19,104.0,75.35317346453667
Bi-LSTM,3,2024-11-17,2024-11-20,68.0,44.20412056148052
Bi-LSTM,3,2024-11-18,2024-11-21,167.0,62.73150660097599
Bi-LSTM,3,2024-11-19,2024-11-22,187.0,59.29912365972996
Bi-LSTM,3,2024-11-20,2024-11-23,135.0,67.44683496654034
Bi-LSTM,3,2024-11-21,2024-11-24,80.0,67.87058144807816
Bi-LSTM,3,2024-11-22,2024-11-25,57.0,90.13171076774597
Bi-LSTM,3,2024-11-23,2024-11-26,53.0,126.06380701065063
Bi-LSTM,3,2024-11-24,2024-11-27,47.0,120.38687109947205
Bi-LSTM,3,2024-11-25,2024-11-28,70.0,118.06286722421646
Bi-LSTM,3,2024-11-26,2024-11-29,62.0,116.05980187654495
Bi-LSTM,3,2024-11-27,2024-11-30,48.0,108.57650101184845
Bi-LSTM,3,2024-11-28,2024-12-01,53.0,127.4738958477974
Bi-LSTM,3,2024-11-29,2024-12-02,55.0,114.48096722364426
Bi-LSTM,3,2024-11-30,2024-12-03,61.0,93.32853645086288
Bi-LSTM,3,2024-12-01,2024-12-04,74.0,72.30388306081295
Bi-LSTM,3,2024-12-02,2024-12-05,83.0,73.6000420153141
Bi-LSTM,3,2024-12-03,2024-12-06,37.0,79.8320510238409
Bi-LSTM,3,2024-12-04,2024-12-07,31.0,79.97039623558521
Bi-LSTM,3,2024-12-05,2024-12-08,29.0,72.50853054225445
Bi-LSTM,3,2024-12-06,2024-12-09,70.0,82.05339170992374
Bi-LSTM,3,2024-12-07,2024-12-10,114.0,73.5842926055193
Bi-LSTM,3,2024-12-08,2024-12-11,96.0,91.80748790502548
Bi-LSTM,3,2024-12-09,2024-12-12,73.0,181.4939621090889
Bi-LSTM,3,2024-12-10,2024-12-13,119.0,67.3357953876257
Bi-LSTM,3,2024-12-11,2024-12-14,140.0,100.13126313686371
Bi-LSTM,3,2024-12-12,2024-12-15,119.0,76.26785725355148
Bi-LSTM,3,2024-12-13,2024-12-16,95.0,65.09001441299915
Bi-LSTM,3,2024-12-14,2024-12-17,98.0,91.37580931186676
Bi-LSTM,3,2024-12-15,2024-12-18,63.0,174.82469856739044
Bi-LSTM,3,2024-12-16,2024-12-19,156.0,201.72241419553757
Bi-LSTM,3,2024-12-17,2024-12-20,101.99999999999999,121.39291644096375
Bi-LSTM,3,2024-12-18,2024-12-21,95.0,66.43985114991665
Bi-LSTM,3,2024-12-19,2024-12-22,106.0,68.67858357727528
Bi-LSTM,3,2024-12-20,2024-12-23,83.0,55.091505348682404
Bi-LSTM,3,2024-12-21,2024-12-24,128.0,54.49238881468773
Bi-LSTM,3,2024-12-22,2024-12-25,101.99999999999999,65.19382573664188
Bi-LSTM,3,2024-12-23,2024-12-26,75.0,38.82272444665432
Bi-LSTM,3,2024-12-24,2024-12-27,62.0,50.262746289372444
Bi-LSTM,3,2024-12-25,2024-12-28,47.0,90.94788461923599
Bi-LSTM,3,2024-12-26,2024-12-29,58.0,90.44468224048615
Bi-LSTM,3,2024-12-27,2024-12-30,150.0,69.09232132136822
Bi-LSTM,3,2024-12-28,2024-12-31,95.0,68.28049041330814
Bi-LSTM,3,2024-12-29,2025-01-01,78.0,68.9052852243185
Bi-LSTM,3,2024-12-30,2025-01-02,59.00000000000001,97.62265920639038
Bi-LSTM,3,2024-12-31,2025-01-03,64.0,46.374444141983986
Bi-LSTM,3,2025-01-01,2025-01-04,41.0,52.85336695611477
Bi-LSTM,3,2025-01-02,2025-01-05,101.99999999999999,57.747739404439926
Bi-LSTM,3,2025-01-03,2025-01-06,108.0,66.97811655700207
Bi-LSTM,3,2025-01-04,2025-01-07,62.0,71.82088784873486
Bi-LSTM,3,2025-01-05,2025-01-08,107.0,59.36735779047012
Bi-LSTM,3,2025-01-06,2025-01-09,124.0,51.4605051279068
Bi-LSTM,3,2025-01-07,2025-01-10,97.0,45.739890187978745
Bi-LSTM,3,2025-01-08,2025-01-11,72.0,58.519056141376495
Bi-LSTM,3,2025-01-09,2025-01-12,92.0,54.92961838841438
Bi-LSTM,3,2025-01-10,2025-01-13,75.0,54.35970440506935
Bi-LSTM,3,2025-01-11,2025-01-14,94.0,60.04059389233589
Bi-LSTM,3,2025-01-12,2025-01-15,92.99999999999999,57.18861788511276
Bi-LSTM,3,2025-01-13,2025-01-16,81.0,59.11463841795921
Bi-LSTM,3,2025-01-14,2025-01-17,71.0,41.01358216255903
Bi-LSTM,3,2025-01-15,2025-01-18,47.0,50.61135485768318
Bi-LSTM,3,2025-01-16,2025-01-19,114.0,52.065307423472404
Bi-LSTM,3,2025-01-17,2025-01-20,81.0,62.99793869256973
Bi-LSTM,3,2025-01-18,2025-01-21,89.0,61.61950342357159
Bi-LSTM,3,2025-01-19,2025-01-22,202.0,66.80456355214119
Bi-LSTM,3,2025-01-20,2025-01-23,364.00000000000006,55.726124197244644
Bi-LSTM,3,2025-01-21,2025-01-24,140.0,67.61181190609932
Bi-LSTM,3,2025-01-22,2025-01-25,71.0,66.39832362532616
Bi-LSTM,3,2025-01-23,2025-01-26,69.0,59.098938927054405
Bi-LSTM,3,2025-01-24,2025-01-27,74.0,37.94697239995003
Bi-LSTM,3,2025-01-25,2025-01-28,96.0,50.95509633421898
Bi-LSTM,3,2025-01-26,2025-01-29,109.00000000000001,47.942311614751816
Bi-LSTM,3,2025-01-27,2025-01-30,91.00000000000001,47.61807344853878
Bi-LSTM,3,2025-01-28,2025-01-31,145.0,45.59086233377457
Bi-LSTM,3,2025-01-29,2025-02-01,71.0,44.64700095355511
Bi-LSTM,3,2025-01-30,2025-02-02,101.0,47.43435695767403
Bi-LSTM,3,2025-01-31,2025-02-03,41.0,48.96863400936127
Bi-LSTM,3,2025-02-01,2025-02-04,44.0,51.37154467403889
Bi-LSTM,3,2025-02-02,2025-02-05,54.0,45.41964553296566
Bi-LSTM,3,2025-02-03,2025-02-06,26.0,52.14512772858143
Bi-LSTM,3,2025-02-04,2025-02-07,14.0,37.74420935660601
Bi-LSTM,3,2025-02-05,2025-02-08,64.0,38.81030961871147
Bi-LSTM,3,2025-02-06,2025-02-09,29.999999999999996,44.94854100048542
Bi-LSTM,3,2025-02-07,2025-02-10,38.0,78.93819838762283
Bi-LSTM,3,2025-02-08,2025-02-11,92.99999999999999,104.72724542021751
Bi-LSTM,3,2025-02-09,2025-02-12,69.0,99.65877085924149
Bi-LSTM,3,2025-02-10,2025-02-13,33.0,89.5164903998375
Bi-LSTM,3,2025-02-11,2025-02-14,41.0,80.2575995773077
Bi-LSTM,3,2025-02-12,2025-02-15,32.0,61.146891340613365
Bi-LSTM,3,2025-02-13,2025-02-16,63.0,55.394732654094696
Bi-LSTM,3,2025-02-14,2025-02-17,46.0,47.39721231162548
Bi-LSTM,3,2025-02-15,2025-02-18,27.0,61.211501359939575
Bi-LSTM,3,2025-02-16,2025-02-19,26.0,60.2937076240778
Bi-LSTM,3,2025-02-17,2025-02-20,27.0,63.69847543537617
Bi-LSTM,3,2025-02-18,2025-02-21,35.0,59.0911116451025
Bi-LSTM,3,2025-02-19,2025-02-22,41.0,56.69135585427284
Bi-LSTM,3,2025-02-20,2025-02-23,13.0,43.3632618188858
Bi-LSTM,3,2025-02-21,2025-02-24,67.0,39.933869019150734
Bi-LSTM,3,2025-02-22,2025-02-25,94.0,46.053191125392914
Bi-LSTM,3,2025-02-23,2025-02-26,50.00000000000001,55.83859644830227
Bi-LSTM,3,2025-02-24,2025-02-27,40.0,74.8025131970644
Bi-LSTM,3,2025-02-25,2025-02-28,24.0,74.92892280220985
Bi-LSTM,3,2025-02-26,2025-03-01,37.0,63.83390039205551
Bi-LSTM,3,2025-02-27,2025-03-02,19.0,44.046147242188454
Bi-LSTM,3,2025-02-28,2025-03-03,17.0,36.44927341490984
Bi-LSTM,3,2025-03-01,2025-03-04,29.0,49.4404673576355
Bi-LSTM,3,2025-03-02,2025-03-05,36.0,65.2419874817133
Bi-LSTM,3,2025-03-03,2025-03-06,32.0,93.52491736412048
Bi-LSTM,3,2025-03-04,2025-03-07,29.0,96.96530729532242
Bi-LSTM,3,2025-03-05,2025-03-08,18.0,87.47245162725449
Bi-LSTM,3,2025-03-06,2025-03-09,25.000000000000004,83.23934473097324
Bi-LSTM,3,2025-03-07,2025-03-10,24.0,67.08549708127975
Bi-LSTM,3,2025-03-08,2025-03-11,53.0,72.53091916441917
Bi-LSTM,3,2025-03-09,2025-03-12,73.0,77.65220291912556
Bi-LSTM,3,2025-03-10,2025-03-13,106.0,73.00486408174038
Bi-LSTM,3,2025-03-11,2025-03-14,290.0,62.50100612640381
Bi-LSTM,3,2025-03-12,2025-03-15,92.99999999999999,44.464033246040344
Bi-LSTM,3,2025-03-13,2025-03-16,29.999999999999996,33.07698033750057
Bi-LSTM,3,2025-03-14,2025-03-17,20.999999999999996,34.38876140862703
Bi-LSTM,3,2025-03-15,2025-03-18,41.99999999999999,47.67797611653805
Bi-LSTM,3,2025-03-16,2025-03-19,83.99999999999999,81.91874049603939
Bi-LSTM,3,2025-03-17,2025-03-20,100.00000000000001,99.59098100662231
Bi-LSTM,3,2025-03-18,2025-03-21,73.0,105.83345800638199
Bi-LSTM,3,2025-03-19,2025-03-22,56.0,120.15993982553482
Bi-LSTM,3,2025-03-20,2025-03-23,91.00000000000001,89.13908362388611
Bi-LSTM,3,2025-03-21,2025-03-24,54.0,75.03514520823956
Bi-LSTM,3,2025-03-22,2025-03-25,50.99999999999999,50.721555799245834
Bi-LSTM,3,2025-03-23,2025-03-26,66.0,63.61787639558315
Bi-LSTM,3,2025-03-24,2025-03-27,62.0,84.22616630792618
Bi-LSTM,3,2025-03-25,2025-03-28,52.0,71.15007780492306
Bi-LSTM,3,2025-03-26,2025-03-29,23.0,49.04259882867336
Bi-LSTM,3,2025-03-27,2025-03-30,9.0,32.298922054469585
Bi-LSTM,3,2025-03-28,2025-03-31,20.999999999999996,32.88096632808447
Bi-LSTM,3,2025-03-29,2025-04-01,22.0,44.82182189822197
Bi-LSTM,3,2025-03-30,2025-04-02,35.0,58.3549777418375
Bi-LSTM,3,2025-03-31,2025-04-03,29.999999999999996,77.3137029260397
Bi-LSTM,3,2025-04-01,2025-04-04,36.0,46.73463888466358
Bi-LSTM,3,2025-04-02,2025-04-05,50.99999999999999,45.61839260160923
Bi-LSTM,3,2025-04-03,2025-04-06,32.0,53.42422939836979
Bi-LSTM,3,2025-04-04,2025-04-07,36.0,55.0753316283226
Bi-LSTM,3,2025-04-05,2025-04-08,29.999999999999996,52.74514280259609
Bi-LSTM,3,2025-04-06,2025-04-09,71.0,49.361415803432465
Bi-LSTM,3,2025-04-07,2025-04-10,57.0,59.35677498579025
Bi-LSTM,3,2025-04-08,2025-04-11,65.0,81.20313324034214
Bi-LSTM,3,2025-04-09,2025-04-12,63.0,117.97884374856949
Bi-LSTM,3,2025-04-10,2025-04-13,41.99999999999999,64.52326528728008
Bi-LSTM,3,2025-04-11,2025-04-14,91.00000000000001,44.25318583846092
Bi-LSTM,3,2025-04-12,2025-04-15,82.0,46.71132676303387
Bi-LSTM,3,2025-04-13,2025-04-16,40.0,63.07514324784279
Bi-LSTM,3,2025-04-14,2025-04-17,34.0,90.74523389339447
Bi-LSTM,3,2025-04-15,2025-04-18,50.00000000000001,69.98792611062527
Bi-LSTM,3,2025-04-16,2025-04-19,45.0,40.395074635744095
Bi-LSTM,3,2025-04-17,2025-04-20,25.000000000000004,28.52171190083027
Bi-LSTM,3,2025-04-18,2025-04-21,41.99999999999999,33.80341500043869
Bi-LSTM,3,2025-04-19,2025-04-22,56.0,41.972007378935814
Bi-LSTM,3,2025-04-20,2025-04-23,20.999999999999996,64.66374702751637
Bi-LSTM,3,2025-04-21,2025-04-24,50.00000000000001,92.71974563598633
Bi-LSTM,3,2025-04-22,2025-04-25,63.0,76.24875828623772
Bi-LSTM,3,2025-04-23,2025-04-26,63.0,49.38006050884724
Bi-LSTM,3,2025-04-24,2025-04-27,99.0,41.43825963139534
Bi-LSTM,3,2025-04-25,2025-04-28,80.0,48.79558019340038
Bi-LSTM,3,2025-04-26,2025-04-29,54.0,41.60972103476524
Bi-LSTM,3,2025-04-27,2025-04-30,52.0,38.086136281490326
Bi-LSTM,3,2025-04-28,2025-05-01,49.0,38.74644089490175
Bi-LSTM,3,2025-04-29,2025-05-02,43.0,30.867482908070087
Bi-LSTM,3,2025-04-30,2025-05-03,27.0,30.481629855930805
Bi-LSTM,3,2025-05-01,2025-05-04,26.0,35.599888525903225
Bi-LSTM,3,2025-05-02,2025-05-05,18.0,42.73270636796951
Bi-LSTM,3,2025-05-03,2025-05-06,26.0,60.06671644747257
Bi-LSTM,3,2025-05-04,2025-05-07,23.0,99.79426071047783
Bi-LSTM,3,2025-05-05,2025-05-08,16.0,95.5520835518837
Bi-LSTM,3,2025-05-06,2025-05-09,11.0,78.59664335846901
Bi-LSTM,3,2025-05-07,2025-05-10,18.0,54.702018201351166
Bi-LSTM,3,2025-05-08,2025-05-11,14.0,22.71322973072529
Bi-LSTM,3,2025-05-09,2025-05-12,27.0,20.71327807381749
Bi-LSTM,3,2025-05-10,2025-05-13,25.000000000000004,20.460951812565327
Bi-LSTM,3,2025-05-11,2025-05-14,12.0,19.751880187541246
Bi-LSTM,3,2025-05-12,2025-05-15,35.0,19.34522219002247
Bi-LSTM,3,2025-05-13,2025-05-16,24.0,18.767258785665035
Bi-LSTM,3,2025-05-14,2025-05-17,29.999999999999996,18.35883490741253
Bi-LSTM,3,2025-05-15,2025-05-18,29.0,18.106432519853115
Bi-LSTM,3,2025-05-16,2025-05-19,20.999999999999996,17.730997540056705
Bi-LSTM,3,2025-05-17,2025-05-20,34.0,17.843864150345325
Bi-LSTM,3,2025-05-18,2025-05-21,19.0,18.07414872571826
Bi-LSTM,3,2025-05-19,2025-05-22,31.0,18.760769329965115
Bi-LSTM,3,2025-05-20,2025-05-23,13.0,19.053738303482533
Bi-LSTM,3,2025-05-21,2025-05-24,12.0,18.781340904533863
Bi-LSTM,3,2025-05-22,2025-05-25,16.0,19.081299770623446
Bi-LSTM,3,2025-05-23,2025-05-26,11.0,19.216903187334538
Bi-LSTM,3,2025-05-24,2025-05-27,22.0,18.841634187847376
Bi-LSTM,3,2025-05-25,2025-05-28,28.0,18.58693677932024
Bi-LSTM,3,2025-05-26,2025-05-29,33.0,18.73168159276247
Bi-LSTM,3,2025-05-27,2025-05-30,12.0,18.983159232884645
Bi-LSTM,3,2025-05-28,2025-05-31,24.0,21.362536884844303
Bi-LSTM,7,2024-06-07,2024-06-14,16.0,18.676326535642147
Bi-LSTM,7,2024-06-08,2024-06-15,14.0,18.313418701291084
Bi-LSTM,7,2024-06-09,2024-06-16,8.0,18.1731790676713
Bi-LSTM,7,2024-06-10,2024-06-17,12.0,19.83910221606493
Bi-LSTM,7,2024-06-11,2024-06-18,14.999999999999998,19.177709370851517
Bi-LSTM,7,2024-06-12,2024-06-19,6.0,18.59830455854535
Bi-LSTM,7,2024-06-13,2024-06-20,19.0,18.511174879968166
Bi-LSTM,7,2024-06-14,2024-06-21,17.0,18.47409887239337
Bi-LSTM,7,2024-06-15,2024-06-22,16.0,17.917409650981426
Bi-LSTM,7,2024-06-16,2024-06-23,14.0,17.515380382537842
Bi-LSTM,7,2024-06-17,2024-06-24,40.0,19.380050599575043
Bi-LSTM,7,2024-06-18,2024-06-25,24.0,19.03500624001026
Bi-LSTM,7,2024-06-19,2024-06-26,25.000000000000004,19.019226878881454
Bi-LSTM,7,2024-06-20,2024-06-27,13.0,18.355173356831074
Bi-LSTM,7,2024-06-21,2024-06-28,20.0,18.29016897827387
Bi-LSTM,7,2024-06-22,2024-06-29,22.0,18.245396725833416
Bi-LSTM,7,2024-06-23,2024-06-30,7.0,18.302835896611214
Bi-LSTM,7,2024-06-24,2024-07-01,18.0,20.553490202873945
Bi-LSTM,7,2024-06-25,2024-07-02,20.999999999999996,20.12295974418521
Bi-LSTM,7,2024-06-26,2024-07-03,8.0,21.059990972280502
Bi-LSTM,7,2024-06-27,2024-07-04,10.0,26.03684939444065
Bi-LSTM,7,2024-06-28,2024-07-05,19.0,20.121514592319727
Bi-LSTM,7,2024-06-29,2024-07-06,20.999999999999996,21.488155275583267
Bi-LSTM,7,2024-06-30,2024-07-07,23.0,19.504821617156267
Bi-LSTM,7,2024-07-01,2024-07-08,19.0,20.295247305184603
Bi-LSTM,7,2024-07-02,2024-07-09,24.0,19.531419649720192
Bi-LSTM,7,2024-07-03,2024-07-10,34.0,18.59503112733364
Bi-LSTM,7,2024-07-04,2024-07-11,20.0,19.094390999525785
Bi-LSTM,7,2024-07-05,2024-07-12,11.0,18.509764671325684
Bi-LSTM,7,2024-07-06,2024-07-13,25.000000000000004,18.489017132669687
Bi-LSTM,7,2024-07-07,2024-07-14,18.0,18.753633424639702
Bi-LSTM,7,2024-07-08,2024-07-15,14.999999999999998,20.838951375335455
Bi-LSTM,7,2024-07-09,2024-07-16,10.0,20.693130809813738
Bi-LSTM,7,2024-07-10,2024-07-17,16.0,26.53753835707903
Bi-LSTM,7,2024-07-11,2024-07-18,12.0,21.26967776566744
Bi-LSTM,7,2024-07-12,2024-07-19,7.0,19.427353739738464
Bi-LSTM,7,2024-07-13,2024-07-20,17.0,18.466528672724962
Bi-LSTM,7,2024-07-14,2024-07-21,10.0,18.665124736726284
Bi-LSTM,7,2024-07-15,2024-07-22,12.0,20.149269495159388
Bi-LSTM,7,2024-07-16,2024-07-23,11.0,19.29592104628682
Bi-LSTM,7,2024-07-17,2024-07-24,13.0,19.598271027207375
Bi-LSTM,7,2024-07-18,2024-07-25,10.0,18.72601704671979
Bi-LSTM,7,2024-07-19,2024-07-26,12.0,18.099314086139202
Bi-LSTM,7,2024-07-20,2024-07-27,17.0,17.713812962174416
Bi-LSTM,7,2024-07-21,2024-07-28,13.0,17.29884970933199
Bi-LSTM,7,2024-07-22,2024-07-29,22.0,18.742576390504837
Bi-LSTM,7,2024-07-23,2024-07-30,38.0,18.357331100851297
Bi-LSTM,7,2024-07-24,2024-07-31,22.0,18.419473879039288
Bi-LSTM,7,2024-07-25,2024-08-01,24.0,18.571616671979427
Bi-LSTM,7,2024-07-26,2024-08-02,20.999999999999996,18.325868472456932
Bi-LSTM,7,2024-07-27,2024-08-03,27.0,18.22048969566822
Bi-LSTM,7,2024-07-28,2024-08-04,13.0,18.298433050513268
Bi-LSTM,7,2024-07-29,2024-08-05,20.999999999999996,20.351280011236668
Bi-LSTM,7,2024-07-30,2024-08-06,14.0,20.762033853679895
Bi-LSTM,7,2024-07-31,2024-08-07,14.999999999999998,19.20197743922472
Bi-LSTM,7,2024-08-01,2024-08-08,14.0,18.38887235149741
Bi-LSTM,7,2024-08-02,2024-08-09,20.0,18.924368508160114
Bi-LSTM,7,2024-08-03,2024-08-10,26.0,18.736368976533413
Bi-LSTM,7,2024-08-04,2024-08-11,25.000000000000004,19.241023994982243
Bi-LSTM,7,2024-08-05,2024-08-12,28.0,20.59162823483348
Bi-LSTM,7,2024-08-06,2024-08-13,37.0,21.1664929240942
Bi-LSTM,7,2024-08-07,2024-08-14,24.0,21.550364196300507
Bi-LSTM,7,2024-08-08,2024-08-15,33.0,21.999334692955017
Bi-LSTM,7,2024-08-09,2024-08-16,25.000000000000004,21.477118209004402
Bi-LSTM,7,2024-08-10,2024-08-17,13.0,20.605611763894558
Bi-LSTM,7,2024-08-11,2024-08-18,13.0,19.204178862273693
Bi-LSTM,7,2024-08-12,2024-08-19,7.0,21.76667772233486
Bi-LSTM,7,2024-08-13,2024-08-20,24.0,21.25143490731716
Bi-LSTM,7,2024-08-14,2024-08-21,19.0,20.164075437933207
Bi-LSTM,7,2024-08-15,2024-08-22,19.0,20.689927265048027
Bi-LSTM,7,2024-08-16,2024-08-23,27.0,22.12493561208248
Bi-LSTM,7,2024-08-17,2024-08-24,27.0,20.29965264722705
Bi-LSTM,7,2024-08-18,2024-08-25,25.000000000000004,19.868296030908823
Bi-LSTM,7,2024-08-19,2024-08-26,32.0,20.920637398958206
Bi-LSTM,7,2024-08-20,2024-08-27,22.0,21.541388779878616
Bi-LSTM,7,2024-08-21,2024-08-28,29.999999999999996,21.141333803534508
Bi-LSTM,7,2024-08-22,2024-08-29,17.0,21.922591887414455
Bi-LSTM,7,2024-08-23,2024-08-30,17.0,22.166939862072468
Bi-LSTM,7,2024-08-24,2024-08-31,13.0,22.144306637346745
Bi-LSTM,7,2024-08-25,2024-09-01,9.0,22.38674022257328
Bi-LSTM,7,2024-08-26,2024-09-02,20.999999999999996,33.659029603004456
Bi-LSTM,7,2024-08-27,2024-09-03,20.0,42.452082335948944
Bi-LSTM,7,2024-08-28,2024-09-04,27.0,27.881671860814095
Bi-LSTM,7,2024-08-29,2024-09-05,22.0,19.11456322297454
Bi-LSTM,7,2024-08-30,2024-09-06,37.0,19.95943794026971
Bi-LSTM,7,2024-08-31,2024-09-07,41.99999999999999,21.121278889477253
Bi-LSTM,7,2024-09-01,2024-09-08,34.0,21.710179522633553
Bi-LSTM,7,2024-09-02,2024-09-09,9.0,22.460550293326378
Bi-LSTM,7,2024-09-03,2024-09-10,19.0,22.598336413502693
Bi-LSTM,7,2024-09-04,2024-09-11,26.0,22.585117891430855
Bi-LSTM,7,2024-09-05,2024-09-12,34.0,23.07458508759737
Bi-LSTM,7,2024-09-06,2024-09-13,14.0,21.731015667319298
Bi-LSTM,7,2024-09-07,2024-09-14,18.0,21.258695609867573
Bi-LSTM,7,2024-09-08,2024-09-15,19.0,23.196689188480377
Bi-LSTM,7,2024-09-09,2024-09-16,29.0,24.083508253097534
Bi-LSTM,7,2024-09-10,2024-09-17,24.0,23.228677213191986
Bi-LSTM,7,2024-09-11,2024-09-18,34.0,22.610701322555542
Bi-LSTM,7,2024-09-12,2024-09-19,26.0,22.610701322555542
Bi-LSTM,7,2024-09-13,2024-09-20,28.0,22.610701322555542
Bi-LSTM,7,2024-09-14,2024-09-21,14.999999999999998,24.506064169108868
Bi-LSTM,7,2024-09-15,2024-09-22,23.0,26.579794697463512
Bi-LSTM,7,2024-09-16,2024-09-23,25.000000000000004,28.061000481247902
Bi-LSTM,7,2024-09-17,2024-09-24,9.0,31.531815975904465
Bi-LSTM,7,2024-09-18,2024-09-25,29.0,33.45501858741045
Bi-LSTM,7,2024-09-19,2024-09-26,32.0,35.75160950422287
Bi-LSTM,7,2024-09-20,2024-09-27,23.0,36.72001600265503
Bi-LSTM,7,2024-09-21,2024-09-28,92.99999999999999,36.56402196735144
Bi-LSTM,7,2024-09-22,2024-09-29,49.0,34.37924437224865
Bi-LSTM,7,2024-09-23,2024-09-30,38.0,33.059463798999786
Bi-LSTM,7,2024-09-24,2024-10-01,25.000000000000004,32.17740699648857
Bi-LSTM,7,2024-09-25,2024-10-02,17.0,37.323969677090645
Bi-LSTM,7,2024-09-26,2024-10-03,22.0,47.60108605027199
Bi-LSTM,7,2024-09-27,2024-10-04,39.0,62.02026225626469
Bi-LSTM,7,2024-09-28,2024-10-05,35.0,93.38615283370018
Bi-LSTM,7,2024-09-29,2024-10-06,29.0,67.52513773739338
Bi-LSTM,7,2024-09-30,2024-10-07,104.0,68.26968297362328
Bi-LSTM,7,2024-10-01,2024-10-08,144.0,68.4318295121193
Bi-LSTM,7,2024-10-02,2024-10-09,68.0,72.92499385774136
Bi-LSTM,7,2024-10-03,2024-10-10,173.0,74.64623212814331
Bi-LSTM,7,2024-10-04,2024-10-11,156.0,96.64932072162628
Bi-LSTM,7,2024-10-05,2024-10-12,135.0,123.08798223733902
Bi-LSTM,7,2024-10-06,2024-10-13,67.0,88.37831974029541
Bi-LSTM,7,2024-10-07,2024-10-14,78.0,87.34660610556602
Bi-LSTM,7,2024-10-08,2024-10-15,50.99999999999999,74.2376260459423
Bi-LSTM,7,2024-10-09,2024-10-16,100.00000000000001,54.897480607032776
Bi-LSTM,7,2024-10-10,2024-10-17,137.0,56.58988073468208
Bi-LSTM,7,2024-10-11,2024-10-18,149.0,119.01855438947678
Bi-LSTM,7,2024-10-12,2024-10-19,140.0,133.00355106592178
Bi-LSTM,7,2024-10-13,2024-10-20,85.0,101.46084278821945
Bi-LSTM,7,2024-10-14,2024-10-21,59.99999999999999,93.2132737338543
Bi-LSTM,7,2024-10-15,2024-10-22,105.0,88.72118264436722
Bi-LSTM,7,2024-10-16,2024-10-23,125.0,88.22105526924133
Bi-LSTM,7,2024-10-17,2024-10-24,121.0,91.31158366799355
Bi-LSTM,7,2024-10-18,2024-10-25,136.0,92.91304156184196
Bi-LSTM,7,2024-10-19,2024-10-26,53.0,206.7344105243683
Bi-LSTM,7,2024-10-20,2024-10-27,110.0,178.11836689710617
Bi-LSTM,7,2024-10-21,2024-10-28,52.0,175.40327847003937
Bi-LSTM,7,2024-10-22,2024-10-29,64.0,184.21935379505157
Bi-LSTM,7,2024-10-23,2024-10-30,54.0,234.647775888443
Bi-LSTM,7,2024-10-24,2024-10-31,49.0,173.11759233474731
Bi-LSTM,7,2024-10-25,2024-11-01,37.0,89.77388218045235
Bi-LSTM,7,2024-10-26,2024-11-02,65.0,49.58822228014469
Bi-LSTM,7,2024-10-27,2024-11-03,50.00000000000001,82.66438394784927
Bi-LSTM,7,2024-10-28,2024-11-04,79.0,81.81784942746162
Bi-LSTM,7,2024-10-29,2024-11-05,108.0,84.06969055533409
Bi-LSTM,7,2024-10-30,2024-11-06,53.0,112.27200642228127
Bi-LSTM,7,2024-10-31,2024-11-07,90.0,93.29858511686325
Bi-LSTM,7,2024-11-01,2024-11-08,184.0,69.10056293010712
Bi-LSTM,7,2024-11-02,2024-11-09,66.0,52.84117177128792
Bi-LSTM,7,2024-11-03,2024-11-10,59.00000000000001,49.742536544799805
Bi-LSTM,7,2024-11-04,2024-11-11,126.0,57.89612829685211
Bi-LSTM,7,2024-11-05,2024-11-12,73.0,58.754583448171616
Bi-LSTM,7,2024-11-06,2024-11-13,94.0,61.95918649435043
Bi-LSTM,7,2024-11-07,2024-11-14,71.0,61.33853495121002
Bi-LSTM,7,2024-11-08,2024-11-15,79.0,86.05197966098785
Bi-LSTM,7,2024-11-09,2024-11-16,68.0,123.02596300840378
Bi-LSTM,7,2024-11-10,2024-11-17,36.0,96.79867804050446
Bi-LSTM,7,2024-11-11,2024-11-18,89.0,81.03196635842323
Bi-LSTM,7,2024-11-12,2024-11-19,104.0,90.55641070008278
Bi-LSTM,7,2024-11-13,2024-11-20,68.0,74.18475694954395
Bi-LSTM,7,2024-11-14,2024-11-21,167.0,71.8989260494709
Bi-LSTM,7,2024-11-15,2024-11-22,187.0,77.25064039230347
Bi-LSTM,7,2024-11-16,2024-11-23,135.0,73.91702696681023
Bi-LSTM,7,2024-11-17,2024-11-24,80.0,73.25970999896526
Bi-LSTM,7,2024-11-18,2024-11-25,57.0,80.90990468859673
Bi-LSTM,7,2024-11-19,2024-11-26,53.0,63.90277847647667
Bi-LSTM,7,2024-11-20,2024-11-27,47.0,52.3683001101017
Bi-LSTM,7,2024-11-21,2024-11-28,70.0,68.32347556948662
Bi-LSTM,7,2024-11-22,2024-11-29,62.0,81.09903737902641
Bi-LSTM,7,2024-11-23,2024-11-30,48.0,71.81865647435188
Bi-LSTM,7,2024-11-24,2024-12-01,53.0,55.8850659430027
Bi-LSTM,7,2024-11-25,2024-12-02,55.0,95.17127230763435
Bi-LSTM,7,2024-11-26,2024-12-03,61.0,101.99981704354286
Bi-LSTM,7,2024-11-27,2024-12-04,74.0,98.10457617044449
Bi-LSTM,7,2024-11-28,2024-12-05,83.0,80.9774848818779
Bi-LSTM,7,2024-11-29,2024-12-06,37.0,64.86874893307686
Bi-LSTM,7,2024-11-30,2024-12-07,31.0,59.58578787744045
Bi-LSTM,7,2024-12-01,2024-12-08,29.0,61.7163909971714
Bi-LSTM,7,2024-12-02,2024-12-09,70.0,60.584225580096245
Bi-LSTM,7,2024-12-03,2024-12-10,114.0,57.35881634056568
Bi-LSTM,7,2024-12-04,2024-12-11,96.0,44.513872265815735
Bi-LSTM,7,2024-12-05,2024-12-12,73.0,46.56227394938469
Bi-LSTM,7,2024-12-06,2024-12-13,119.0,57.49367721378803
Bi-LSTM,7,2024-12-07,2024-12-14,140.0,59.0827402472496
Bi-LSTM,7,2024-12-08,2024-12-15,119.0,60.7266391813755
Bi-LSTM,7,2024-12-09,2024-12-16,95.0,61.19569703936577
Bi-LSTM,7,2024-12-10,2024-12-17,98.0,84.57451030611992
Bi-LSTM,7,2024-12-11,2024-12-18,63.0,90.60316473245621
Bi-LSTM,7,2024-12-12,2024-12-19,156.0,77.02913030982018
Bi-LSTM,7,2024-12-13,2024-12-20,101.99999999999999,60.60079865157604
Bi-LSTM,7,2024-12-14,2024-12-21,95.0,51.72735154628754
Bi-LSTM,7,2024-12-15,2024-12-22,106.0,54.36942860484123
Bi-LSTM,7,2024-12-16,2024-12-23,83.0,65.24605587124825
Bi-LSTM,7,2024-12-17,2024-12-24,128.0,69.02156628668308
Bi-LSTM,7,2024-12-18,2024-12-25,101.99999999999999,61.54166489839554
Bi-LSTM,7,2024-12-19,2024-12-26,75.0,59.0909918397665
Bi-LSTM,7,2024-12-20,2024-12-27,62.0,96.427131742239
Bi-LSTM,7,2024-12-21,2024-12-28,47.0,83.31408329308033
Bi-LSTM,7,2024-12-22,2024-12-29,58.0,68.61861601471901
Bi-LSTM,7,2024-12-23,2024-12-30,150.0,70.00034093856812
Bi-LSTM,7,2024-12-24,2024-12-31,95.0,56.21802493929863
Bi-LSTM,7,2024-12-25,2025-01-01,78.0,52.31041915714741
Bi-LSTM,7,2024-12-26,2025-01-02,59.00000000000001,46.11393243074417
Bi-LSTM,7,2024-12-27,2025-01-03,64.0,51.40579402446747
Bi-LSTM,7,2024-12-28,2025-01-04,41.0,58.8130085170269
Bi-LSTM,7,2024-12-29,2025-01-05,101.99999999999999,46.67916901409626
Bi-LSTM,7,2024-12-30,2025-01-06,108.0,60.896642953157425
Bi-LSTM,7,2024-12-31,2025-01-07,62.0,85.42996034026146
Bi-LSTM,7,2025-01-01,2025-01-08,107.0,72.62920945882797
Bi-LSTM,7,2025-01-02,2025-01-09,124.0,100.28313636779785
Bi-LSTM,7,2025-01-03,2025-01-10,97.0,81.41422525048256
Bi-LSTM,7,2025-01-04,2025-01-11,72.0,73.40083070099354
Bi-LSTM,7,2025-01-05,2025-01-12,92.0,67.37023942172527
Bi-LSTM,7,2025-01-06,2025-01-13,75.0,64.10016275942326
Bi-LSTM,7,2025-01-07,2025-01-14,94.0,52.84929856657982
Bi-LSTM,7,2025-01-08,2025-01-15,92.99999999999999,48.243292570114136
Bi-LSTM,7,2025-01-09,2025-01-16,81.0,58.413647413253784
Bi-LSTM,7,2025-01-10,2025-01-17,71.0,72.70494140684605
Bi-LSTM,7,2025-01-11,2025-01-18,47.0,79.45868268609047
Bi-LSTM,7,2025-01-12,2025-01-19,114.0,91.62000253796577
Bi-LSTM,7,2025-01-13,2025-01-20,81.0,110.51464185118675
Bi-LSTM,7,2025-01-14,2025-01-21,89.0,143.7978321313858
Bi-LSTM,7,2025-01-15,2025-01-22,202.0,120.3413251042366
Bi-LSTM,7,2025-01-16,2025-01-23,364.00000000000006,134.48123008012772
Bi-LSTM,7,2025-01-17,2025-01-24,140.0,154.659274071455
Bi-LSTM,7,2025-01-18,2025-01-25,71.0,132.30931907892227
Bi-LSTM,7,2025-01-19,2025-01-26,69.0,83.53350676596165
Bi-LSTM,7,2025-01-20,2025-01-27,74.0,57.15754836797714
Bi-LSTM,7,2025-01-21,2025-01-28,96.0,41.29158545285463
Bi-LSTM,7,2025-01-22,2025-01-29,109.00000000000001,47.91654348373413
Bi-LSTM,7,2025-01-23,2025-01-30,91.00000000000001,37.27203406393528
Bi-LSTM,7,2025-01-24,2025-01-31,145.0,31.6433098167181
Bi-LSTM,7,2025-01-25,2025-02-01,71.0,29.99715954065323
Bi-LSTM,7,2025-01-26,2025-02-02,101.0,31.800112538039684
Bi-LSTM,7,2025-01-27,2025-02-03,41.0,30.017149560153484
Bi-LSTM,7,2025-01-28,2025-02-04,44.0,33.36850665509701
Bi-LSTM,7,2025-01-29,2025-02-05,54.0,36.39258801937103
Bi-LSTM,7,2025-01-30,2025-02-06,26.0,35.678413435816765
Bi-LSTM,7,2025-01-31,2025-02-07,14.0,36.12474322319031
Bi-LSTM,7,2025-02-01,2025-02-08,64.0,39.75529167801142
Bi-LSTM,7,2025-02-02,2025-02-09,29.999999999999996,64.39423993229866
Bi-LSTM,7,2025-02-03,2025-02-10,38.0,68.69933485984802
Bi-LSTM,7,2025-02-04,2025-02-11,92.99999999999999,81.07812635600567
Bi-LSTM,7,2025-02-05,2025-02-12,69.0,106.65617123246193
Bi-LSTM,7,2025-02-06,2025-02-13,33.0,138.5640761256218
Bi-LSTM,7,2025-02-07,2025-02-14,41.0,100.17121821641922
Bi-LSTM,7,2025-02-08,2025-02-15,32.0,127.45811149477959
Bi-LSTM,7,2025-02-09,2025-02-16,63.0,177.4278289079666
Bi-LSTM,7,2025-02-10,2025-02-17,46.0,139.6587075293064
Bi-LSTM,7,2025-02-11,2025-02-18,27.0,84.16784107685089
Bi-LSTM,7,2025-02-12,2025-02-19,26.0,51.728364899754524
Bi-LSTM,7,2025-02-13,2025-02-20,27.0,36.17387089878321
Bi-LSTM,7,2025-02-14,2025-02-21,35.0,41.96904219686985
Bi-LSTM,7,2025-02-15,2025-02-22,41.0,51.355291083455086
Bi-LSTM,7,2025-02-16,2025-02-23,13.0,41.56112499535084
Bi-LSTM,7,2025-02-17,2025-02-24,67.0,43.954551070928574
Bi-LSTM,7,2025-02-18,2025-02-25,94.0,57.29324288666248
Bi-LSTM,7,2025-02-19,2025-02-26,50.00000000000001,67.1060686558485
Bi-LSTM,7,2025-02-20,2025-02-27,40.0,68.22989761829376
Bi-LSTM,7,2025-02-21,2025-02-28,24.0,63.30585837364197
Bi-LSTM,7,2025-02-22,2025-03-01,37.0,58.380002081394196
Bi-LSTM,7,2025-02-23,2025-03-02,19.0,38.78038324415684
Bi-LSTM,7,2025-02-24,2025-03-03,17.0,41.74139957875013
Bi-LSTM,7,2025-02-25,2025-03-04,29.0,47.39414229989052
Bi-LSTM,7,2025-02-26,2025-03-05,36.0,57.940056920051575
Bi-LSTM,7,2025-02-27,2025-03-06,32.0,69.36184838414192
Bi-LSTM,7,2025-02-28,2025-03-07,29.0,83.17082107067108
Bi-LSTM,7,2025-03-01,2025-03-08,18.0,71.43082663416862
Bi-LSTM,7,2025-03-02,2025-03-09,25.000000000000004,49.30464304983616
Bi-LSTM,7,2025-03-03,2025-03-10,24.0,46.11547492444515
Bi-LSTM,7,2025-03-04,2025-03-11,53.0,42.945141196250916
Bi-LSTM,7,2025-03-05,2025-03-12,73.0,35.203233025968075
Bi-LSTM,7,2025-03-06,2025-03-13,106.0,31.768865808844566
Bi-LSTM,7,2025-03-07,2025-03-14,290.0,31.806764230132103
Bi-LSTM,7,2025-03-08,2025-03-15,92.99999999999999,32.438754849135876
Bi-LSTM,7,2025-03-09,2025-03-16,29.999999999999996,28.98861076682806
Bi-LSTM,7,2025-03-10,2025-03-17,20.999999999999996,31.76846895366907
Bi-LSTM,7,2025-03-11,2025-03-18,41.99999999999999,39.02461390942335
Bi-LSTM,7,2025-03-12,2025-03-19,83.99999999999999,70.7215191423893
Bi-LSTM,7,2025-03-13,2025-03-20,100.00000000000001,92.52797722816467
Bi-LSTM,7,2025-03-14,2025-03-21,73.0,95.29180645942688
Bi-LSTM,7,2025-03-15,2025-03-22,56.0,104.1473975777626
Bi-LSTM,7,2025-03-16,2025-03-23,91.00000000000001,90.37894904613495
Bi-LSTM,7,2025-03-17,2025-03-24,54.0,75.22838622331619
Bi-LSTM,7,2025-03-18,2025-03-25,50.99999999999999,61.38547867536545
Bi-LSTM,7,2025-03-19,2025-03-26,66.0,49.92862418293953
Bi-LSTM,7,2025-03-20,2025-03-27,62.0,50.72912350296974
Bi-LSTM,7,2025-03-21,2025-03-28,52.0,66.63027174770832
Bi-LSTM,7,2025-03-22,2025-03-29,23.0,51.8039670586586
Bi-LSTM,7,2025-03-23,2025-03-30,9.0,41.690522246062756
Bi-LSTM,7,2025-03-24,2025-03-31,20.999999999999996,39.16876219213009
Bi-LSTM,7,2025-03-25,2025-04-01,22.0,43.62260043621063
Bi-LSTM,7,2025-03-26,2025-04-02,35.0,46.880716532468796
Bi-LSTM,7,2025-03-27,2025-04-03,29.999999999999996,51.23285003006458
Bi-LSTM,7,2025-03-28,2025-04-04,36.0,48.88276353478432
Bi-LSTM,7,2025-03-29,2025-04-05,50.99999999999999,46.21692508459091
Bi-LSTM,7,2025-03-30,2025-04-06,32.0,47.33907677233219
Bi-LSTM,7,2025-03-31,2025-04-07,36.0,54.69240382313728
Bi-LSTM,7,2025-04-01,2025-04-08,29.999999999999996,57.424045354127884
Bi-LSTM,7,2025-04-02,2025-04-09,71.0,61.93667806684971
Bi-LSTM,7,2025-04-03,2025-04-10,57.0,55.03859631717205
Bi-LSTM,7,2025-04-04,2025-04-11,65.0,50.82335539162159
Bi-LSTM,7,2025-04-05,2025-04-12,63.0,48.64060699939728
Bi-LSTM,7,2025-04-06,2025-04-13,41.99999999999999,36.54022064059973
Bi-LSTM,7,2025-04-07,2025-04-14,91.00000000000001,35.12022290378809
Bi-LSTM,7,2025-04-08,2025-04-15,82.0,36.3137586042285
Bi-LSTM,7,2025-04-09,2025-04-16,40.0,38.95122565329075
Bi-LSTM,7,2025-04-10,2025-04-17,34.0,62.4529042840004
Bi-LSTM,7,2025-04-11,2025-04-18,50.00000000000001,68.5699051618576
Bi-LSTM,7,2025-04-12,2025-04-19,45.0,59.31936077773571
Bi-LSTM,7,2025-04-13,2025-04-20,25.000000000000004,43.41165319085121
Bi-LSTM,7,2025-04-14,2025-04-21,41.99999999999999,34.86342266201973
Bi-LSTM,7,2025-04-15,2025-04-22,56.0,41.02942392230034
Bi-LSTM,7,2025-04-16,2025-04-23,20.999999999999996,41.485238298773766
Bi-LSTM,7,2025-04-17,2025-04-24,50.00000000000001,48.23629394173622
Bi-LSTM,7,2025-04-18,2025-04-25,63.0,42.53098413348198
Bi-LSTM,7,2025-04-19,2025-04-26,63.0,31.338030844926834
Bi-LSTM,7,2025-04-20,2025-04-27,99.0,27.362947203218937
Bi-LSTM,7,2025-04-21,2025-04-28,80.0,28.724984116852283
Bi-LSTM,7,2025-04-22,2025-04-29,54.0,33.05670827627182
Bi-LSTM,7,2025-04-23,2025-04-30,52.0,33.729315400123596
Bi-LSTM,7,2025-04-24,2025-05-01,49.0,35.458321049809456
Bi-LSTM,7,2025-04-25,2025-05-02,43.0,46.809592097997665
Bi-LSTM,7,2025-04-26,2025-05-03,27.0,57.72617444396019
Bi-LSTM,7,2025-04-27,2025-05-04,26.0,53.241336569190025
Bi-LSTM,7,2025-04-28,2025-05-05,18.0,53.29394608736038
Bi-LSTM,7,2025-04-29,2025-05-06,26.0,55.82309164106846
Bi-LSTM,7,2025-04-30,2025-05-07,23.0,67.22233973443508
Bi-LSTM,7,2025-05-01,2025-05-08,16.0,70.8933150023222
Bi-LSTM,7,2025-05-02,2025-05-09,11.0,64.00914065539837
Bi-LSTM,7,2025-05-03,2025-05-10,18.0,45.4572344571352
Bi-LSTM,7,2025-05-04,2025-05-11,14.0,32.74272095412016
Bi-LSTM,7,2025-05-05,2025-05-12,27.0,29.435751736164093
Bi-LSTM,7,2025-05-06,2025-05-13,25.000000000000004,24.26938872784376
Bi-LSTM,7,2025-05-07,2025-05-14,12.0,22.48152121901512
Bi-LSTM,7,2025-05-08,2025-05-15,35.0,20.930790901184082
Bi-LSTM,7,2025-05-09,2025-05-16,24.0,19.957498591393232
Bi-LSTM,7,2025-05-10,2025-05-17,29.999999999999996,20.09838093072176
Bi-LSTM,7,2025-05-11,2025-05-18,29.0,19.2977405898273
Bi-LSTM,7,2025-05-12,2025-05-19,20.999999999999996,19.598904997110367
Bi-LSTM,7,2025-05-13,2025-05-20,34.0,19.348826333880424
Bi-LSTM,7,2025-05-14,2025-05-21,19.0,18.97790651768446
Bi-LSTM,7,2025-05-15,2025-05-22,31.0,18.507059067487717
Bi-LSTM,7,2025-05-16,2025-05-23,13.0,17.724647857248783
Bi-LSTM,7,2025-05-17,2025-05-24,12.0,17.903034258633852
Bi-LSTM,7,2025-05-18,2025-05-25,16.0,18.052507638931274
Bi-LSTM,7,2025-05-19,2025-05-26,11.0,20.01506505534053
Bi-LSTM,7,2025-05-20,2025-05-27,22.0,20.349990855902433
Bi-LSTM,7,2025-05-21,2025-05-28,28.0,19.64450091123581
Bi-LSTM,7,2025-05-22,2025-05-29,33.0,19.65915959328413
Bi-LSTM,7,2025-05-23,2025-05-30,12.0,19.66501258313656
Bi-LSTM,7,2025-05-24,2025-05-31,24.0,18.965239599347115
Bi-LSTM,14,2024-05-31,2024-06-14,16.0,19.79163184762001
Bi-LSTM,14,2024-06-01,2024-06-15,14.0,19.23314679414034
Bi-LSTM,14,2024-06-02,2024-06-16,8.0,18.630028013139963
Bi-LSTM,14,2024-06-03,2024-06-17,12.0,19.932016246020794
Bi-LSTM,14,2024-06-04,2024-06-18,14.999999999999998,20.23501018062234
Bi-LSTM,14,2024-06-05,2024-06-19,6.0,19.964738078415394
Bi-LSTM,14,2024-06-06,2024-06-20,19.0,20.027848035097122
Bi-LSTM,14,2024-06-07,2024-06-21,17.0,20.14496523886919
Bi-LSTM,14,2024-06-08,2024-06-22,16.0,19.936800971627235
Bi-LSTM,14,2024-06-09,2024-06-23,14.0,19.432202111929655
Bi-LSTM,14,2024-06-10,2024-06-24,40.0,21.46434646099806
Bi-LSTM,14,2024-06-11,2024-06-25,24.0,21.290531381964684
Bi-LSTM,14,2024-06-12,2024-06-26,25.000000000000004,21.511302664875984
Bi-LSTM,14,2024-06-13,2024-06-27,13.0,21.864314079284668
Bi-LSTM,14,2024-06-14,2024-06-28,20.0,22.268622145056725
Bi-LSTM,14,2024-06-15,2024-06-29,22.0,21.401473619043827
Bi-LSTM,14,2024-06-16,2024-06-30,7.0,20.66100675612688
Bi-LSTM,14,2024-06-17,2024-07-01,18.0,22.500697560608387
Bi-LSTM,14,2024-06-18,2024-07-02,20.999999999999996,22.890341952443123
Bi-LSTM,14,2024-06-19,2024-07-03,8.0,22.749361023306847
Bi-LSTM,14,2024-06-20,2024-07-04,10.0,22.117535136640072
Bi-LSTM,14,2024-06-21,2024-07-05,19.0,22.122222520411015
Bi-LSTM,14,2024-06-22,2024-07-06,20.999999999999996,21.99504666030407
Bi-LSTM,14,2024-06-23,2024-07-07,23.0,21.306779980659485
Bi-LSTM,14,2024-06-24,2024-07-08,19.0,22.62324843555689
Bi-LSTM,14,2024-06-25,2024-07-09,24.0,22.560415528714657
Bi-LSTM,14,2024-06-26,2024-07-10,34.0,23.21373648941517
Bi-LSTM,14,2024-06-27,2024-07-11,20.0,24.19186219573021
Bi-LSTM,14,2024-06-28,2024-07-12,11.0,22.84799076616764
Bi-LSTM,14,2024-06-29,2024-07-13,25.000000000000004,22.321910560131073
Bi-LSTM,14,2024-06-30,2024-07-14,18.0,21.26791063696146
Bi-LSTM,14,2024-07-01,2024-07-15,14.999999999999998,22.42276918143034
Bi-LSTM,14,2024-07-02,2024-07-16,10.0,22.12840996682644
Bi-LSTM,14,2024-07-03,2024-07-17,16.0,21.89676385372877
Bi-LSTM,14,2024-07-04,2024-07-18,12.0,22.293886095285416
Bi-LSTM,14,2024-07-05,2024-07-19,7.0,22.181695885956287
Bi-LSTM,14,2024-07-06,2024-07-20,17.0,22.27303747087717
Bi-LSTM,14,2024-07-07,2024-07-21,10.0,22.34840501099825
Bi-LSTM,14,2024-07-08,2024-07-22,12.0,23.710589185357094
Bi-LSTM,14,2024-07-09,2024-07-23,11.0,23.826857767999172
Bi-LSTM,14,2024-07-10,2024-07-24,13.0,24.38312392681837
Bi-LSTM,14,2024-07-11,2024-07-25,10.0,23.87195698916912
Bi-LSTM,14,2024-07-12,2024-07-26,12.0,23.542998991906643
Bi-LSTM,14,2024-07-13,2024-07-27,17.0,23.157677575945854
Bi-LSTM,14,2024-07-14,2024-07-28,13.0,23.643498197197914
Bi-LSTM,14,2024-07-15,2024-07-29,22.0,24.436809197068214
Bi-LSTM,14,2024-07-16,2024-07-30,38.0,23.511098325252533
Bi-LSTM,14,2024-07-17,2024-07-31,22.0,23.59630487859249
Bi-LSTM,14,2024-07-18,2024-08-01,24.0,23.280098661780357
Bi-LSTM,14,2024-07-19,2024-08-02,20.999999999999996,22.550159692764282
Bi-LSTM,14,2024-07-20,2024-08-03,27.0,22.101558595895767
Bi-LSTM,14,2024-07-21,2024-08-04,13.0,21.40612855553627
Bi-LSTM,14,2024-07-22,2024-08-05,20.999999999999996,22.76711966842413
Bi-LSTM,14,2024-07-23,2024-08-06,14.0,22.87918008863926
Bi-LSTM,14,2024-07-24,2024-08-07,14.999999999999998,23.311342895030975
Bi-LSTM,14,2024-07-25,2024-08-08,14.0,23.62413715571165
Bi-LSTM,14,2024-07-26,2024-08-09,20.0,23.92191082239151
Bi-LSTM,14,2024-07-27,2024-08-10,26.0,22.969553247094154
Bi-LSTM,14,2024-07-28,2024-08-11,25.000000000000004,22.256264723837376
Bi-LSTM,14,2024-07-29,2024-08-12,28.0,24.069438613951206
Bi-LSTM,14,2024-07-30,2024-08-13,37.0,24.51075404882431
Bi-LSTM,14,2024-07-31,2024-08-14,24.0,23.473159968852997
Bi-LSTM,14,2024-08-01,2024-08-15,33.0,23.36073763668537
Bi-LSTM,14,2024-08-02,2024-08-16,25.000000000000004,23.687009997665882
Bi-LSTM,14,2024-08-03,2024-08-17,13.0,23.369528353214264
Bi-LSTM,14,2024-08-04,2024-08-18,13.0,22.72198799997568
Bi-LSTM,14,2024-08-05,2024-08-19,7.0,23.307998329401016
Bi-LSTM,14,2024-08-06,2024-08-20,24.0,24.00374785065651
Bi-LSTM,14,2024-08-07,2024-08-21,19.0,24.53545890748501
Bi-LSTM,14,2024-08-08,2024-08-22,19.0,24.445043317973614
Bi-LSTM,14,2024-08-09,2024-08-23,27.0,24.11004263907671
Bi-LSTM,14,2024-08-10,2024-08-24,27.0,23.477505408227444
Bi-LSTM,14,2024-08-11,2024-08-25,25.000000000000004,22.22881931811571
Bi-LSTM,14,2024-08-12,2024-08-26,32.0,24.07974686473608
Bi-LSTM,14,2024-08-13,2024-08-27,22.0,25.210239998996258
Bi-LSTM,14,2024-08-14,2024-08-28,29.999999999999996,25.89292075484991
Bi-LSTM,14,2024-08-15,2024-08-29,17.0,25.871068760752678
Bi-LSTM,14,2024-08-16,2024-08-30,17.0,25.457525700330734
Bi-LSTM,14,2024-08-17,2024-08-31,13.0,25.97718134522438
Bi-LSTM,14,2024-08-18,2024-09-01,9.0,26.145175881683826
Bi-LSTM,14,2024-08-19,2024-09-02,20.999999999999996,26.399604976177216
Bi-LSTM,14,2024-08-20,2024-09-03,20.0,25.490402281284332
Bi-LSTM,14,2024-08-21,2024-09-04,27.0,25.231315754354
Bi-LSTM,14,2024-08-22,2024-09-05,22.0,24.9124838039279
Bi-LSTM,14,2024-08-23,2024-09-06,37.0,24.876085445284843
Bi-LSTM,14,2024-08-24,2024-09-07,41.99999999999999,25.72851538658142
Bi-LSTM,14,2024-08-25,2024-09-08,34.0,26.907474771142006
Bi-LSTM,14,2024-08-26,2024-09-09,9.0,27.05773312598467
Bi-LSTM,14,2024-08-27,2024-09-10,19.0,27.156268022954464
Bi-LSTM,14,2024-08-28,2024-09-11,26.0,27.153597362339497
Bi-LSTM,14,2024-08-29,2024-09-12,34.0,27.149708680808544
Bi-LSTM,14,2024-08-30,2024-09-13,14.0,26.93341262638569
Bi-LSTM,14,2024-08-31,2024-09-14,18.0,26.860740706324577
Bi-LSTM,14,2024-09-01,2024-09-15,19.0,25.94781905412674
Bi-LSTM,14,2024-09-02,2024-09-16,29.0,26.870726980268955
Bi-LSTM,14,2024-09-03,2024-09-17,24.0,26.33964739739895
Bi-LSTM,14,2024-09-04,2024-09-18,34.0,25.638776198029518
Bi-LSTM,14,2024-09-05,2024-09-19,26.0,24.085080698132515
Bi-LSTM,14,2024-09-06,2024-09-20,28.0,22.5568113848567
Bi-LSTM,14,2024-09-07,2024-09-21,14.999999999999998,23.526707962155342
Bi-LSTM,14,2024-09-08,2024-09-22,23.0,24.463932625949383
Bi-LSTM,14,2024-09-09,2024-09-23,25.000000000000004,23.811150789260864
Bi-LSTM,14,2024-09-10,2024-09-24,9.0,22.60100208222866
Bi-LSTM,14,2024-09-11,2024-09-25,29.0,23.162379935383797
Bi-LSTM,14,2024-09-12,2024-09-26,32.0,24.90248005837202
Bi-LSTM,14,2024-09-13,2024-09-27,23.0,27.879165932536125
Bi-LSTM,14,2024-09-14,2024-09-28,92.99999999999999,47.94715374708176
Bi-LSTM,14,2024-09-15,2024-09-29,49.0,44.77212265133858
Bi-LSTM,14,2024-09-16,2024-09-30,38.0,64.13500115275383
Bi-LSTM,14,2024-09-17,2024-10-01,25.000000000000004,70.9008876979351
Bi-LSTM,14,2024-09-18,2024-10-02,17.0,50.72773575782776
Bi-LSTM,14,2024-09-19,2024-10-03,22.0,77.0186373591423
Bi-LSTM,14,2024-09-20,2024-10-04,39.0,107.41524785757065
Bi-LSTM,14,2024-09-21,2024-10-05,35.0,136.63517028093338
Bi-LSTM,14,2024-09-22,2024-10-06,29.0,135.44180929660797
Bi-LSTM,14,2024-09-23,2024-10-07,104.0,111.54329046607018
Bi-LSTM,14,2024-09-24,2024-10-08,144.0,92.21960827708244
Bi-LSTM,14,2024-09-25,2024-10-09,68.0,82.68098697066307
Bi-LSTM,14,2024-09-26,2024-10-10,173.0,74.23485055565834
Bi-LSTM,14,2024-09-27,2024-10-11,156.0,84.5264284312725
Bi-LSTM,14,2024-09-28,2024-10-12,135.0,72.02698796987534
Bi-LSTM,14,2024-09-29,2024-10-13,67.0,41.51763316243887
Bi-LSTM,14,2024-09-30,2024-10-14,78.0,39.457800053060055
Bi-LSTM,14,2024-10-01,2024-10-15,50.99999999999999,59.489045068621635
Bi-LSTM,14,2024-10-02,2024-10-16,100.00000000000001,95.12028515338898
Bi-LSTM,14,2024-10-03,2024-10-17,137.0,128.40006098151207
Bi-LSTM,14,2024-10-04,2024-10-18,149.0,95.97625434398651
Bi-LSTM,14,2024-10-05,2024-10-19,140.0,48.60678695142269
Bi-LSTM,14,2024-10-06,2024-10-20,85.0,33.6065698415041
Bi-LSTM,14,2024-10-07,2024-10-21,59.99999999999999,25.558259524405003
Bi-LSTM,14,2024-10-08,2024-10-22,105.0,36.45343914628029
Bi-LSTM,14,2024-10-09,2024-10-23,125.0,56.21173515915871
Bi-LSTM,14,2024-10-10,2024-10-24,121.0,60.77739171683788
Bi-LSTM,14,2024-10-11,2024-10-25,136.0,86.77136078476906
Bi-LSTM,14,2024-10-12,2024-10-26,53.0,134.63394194841385
Bi-LSTM,14,2024-10-13,2024-10-27,110.0,72.94096291065216
Bi-LSTM,14,2024-10-14,2024-10-28,52.0,96.6964741051197
Bi-LSTM,14,2024-10-15,2024-10-29,64.0,72.21417382359505
Bi-LSTM,14,2024-10-16,2024-10-30,54.0,43.66704322397709
Bi-LSTM,14,2024-10-17,2024-10-31,49.0,40.98870508372784
Bi-LSTM,14,2024-10-18,2024-11-01,37.0,46.38893559575081
Bi-LSTM,14,2024-10-19,2024-11-02,65.0,62.33627378940582
Bi-LSTM,14,2024-10-20,2024-11-03,50.00000000000001,75.52322715520859
Bi-LSTM,14,2024-10-21,2024-11-04,79.0,71.22388288378716
Bi-LSTM,14,2024-10-22,2024-11-05,108.0,83.21419060230255
Bi-LSTM,14,2024-10-23,2024-11-06,53.0,81.24610841274261
Bi-LSTM,14,2024-10-24,2024-11-07,90.0,82.06303104758263
Bi-LSTM,14,2024-10-25,2024-11-08,184.0,133.29334020614624
Bi-LSTM,14,2024-10-26,2024-11-09,66.0,161.81765288114548
Bi-LSTM,14,2024-10-27,2024-11-10,59.00000000000001,116.60195097327232
Bi-LSTM,14,2024-10-28,2024-11-11,126.0,96.80727407336235
Bi-LSTM,14,2024-10-29,2024-11-12,73.0,109.41793382167816
Bi-LSTM,14,2024-10-30,2024-11-13,94.0,141.082723736763
Bi-LSTM,14,2024-10-31,2024-11-14,71.0,171.62048488855362
Bi-LSTM,14,2024-11-01,2024-11-15,79.0,95.62445595860481
Bi-LSTM,14,2024-11-02,2024-11-16,68.0,48.283507227897644
Bi-LSTM,14,2024-11-03,2024-11-17,36.0,43.856345638632774
Bi-LSTM,14,2024-11-04,2024-11-18,89.0,58.52294981479645
Bi-LSTM,14,2024-11-05,2024-11-19,104.0,92.12207674980164
Bi-LSTM,14,2024-11-06,2024-11-20,68.0,91.30192935466766
Bi-LSTM,14,2024-11-07,2024-11-21,167.0,90.8486358821392
Bi-LSTM,14,2024-11-08,2024-11-22,187.0,92.04405352473259
Bi-LSTM,14,2024-11-09,2024-11-23,135.0,87.30672091245651
Bi-LSTM,14,2024-11-10,2024-11-24,80.0,88.56445729732513
Bi-LSTM,14,2024-11-11,2024-11-25,57.0,83.05836379528046
Bi-LSTM,14,2024-11-12,2024-11-26,53.0,72.85109892487526
Bi-LSTM,14,2024-11-13,2024-11-27,47.0,62.452295273542404
Bi-LSTM,14,2024-11-14,2024-11-28,70.0,86.94093525409698
Bi-LSTM,14,2024-11-15,2024-11-29,62.0,95.09685322642326
Bi-LSTM,14,2024-11-16,2024-11-30,48.0,65.98672240972519
Bi-LSTM,14,2024-11-17,2024-12-01,53.0,55.396539717912674
Bi-LSTM,14,2024-11-18,2024-12-02,55.0,55.456222742795944
Bi-LSTM,14,2024-11-19,2024-12-03,61.0,85.05460023880005
Bi-LSTM,14,2024-11-20,2024-12-04,74.0,106.56542867422104
Bi-LSTM,14,2024-11-21,2024-12-05,83.0,113.64139139652252
Bi-LSTM,14,2024-11-22,2024-12-06,37.0,123.44638988375664
Bi-LSTM,14,2024-11-23,2024-12-07,31.0,122.99828797578812
Bi-LSTM,14,2024-11-24,2024-12-08,29.0,109.66380432248116
Bi-LSTM,14,2024-11-25,2024-12-09,70.0,69.9933922290802
Bi-LSTM,14,2024-11-26,2024-12-10,114.0,60.79346060752869
Bi-LSTM,14,2024-11-27,2024-12-11,96.0,76.86274066567421
Bi-LSTM,14,2024-11-28,2024-12-12,73.0,47.67783634364605
Bi-LSTM,14,2024-11-29,2024-12-13,119.0,41.24253515154123
Bi-LSTM,14,2024-11-30,2024-12-14,140.0,37.35381118953228
Bi-LSTM,14,2024-12-01,2024-12-15,119.0,34.43372584879398
Bi-LSTM,14,2024-12-02,2024-12-16,95.0,47.20260851085186
Bi-LSTM,14,2024-12-03,2024-12-17,98.0,75.97452387213707
Bi-LSTM,14,2024-12-04,2024-12-18,63.0,104.70565050840378
Bi-LSTM,14,2024-12-05,2024-12-19,156.0,130.99980682134628
Bi-LSTM,14,2024-12-06,2024-12-20,101.99999999999999,150.26301726698875
Bi-LSTM,14,2024-12-07,2024-12-21,95.0,61.49014860391617
Bi-LSTM,14,2024-12-08,2024-12-22,106.0,47.62076407670975
Bi-LSTM,14,2024-12-09,2024-12-23,83.0,52.398101687431335
Bi-LSTM,14,2024-12-10,2024-12-24,128.0,75.6936801970005
Bi-LSTM,14,2024-12-11,2024-12-25,101.99999999999999,96.57656893134117
Bi-LSTM,14,2024-12-12,2024-12-26,75.0,102.95773059129715
Bi-LSTM,14,2024-12-13,2024-12-27,62.0,112.13525861501694
Bi-LSTM,14,2024-12-14,2024-12-28,47.0,80.27206107974052
Bi-LSTM,14,2024-12-15,2024-12-29,58.0,61.831429079174995
Bi-LSTM,14,2024-12-16,2024-12-30,150.0,54.4458843767643
Bi-LSTM,14,2024-12-17,2024-12-31,95.0,38.90533022582531
Bi-LSTM,14,2024-12-18,2025-01-01,78.0,40.23985184729099
Bi-LSTM,14,2024-12-19,2025-01-02,59.00000000000001,35.30017800629139
Bi-LSTM,14,2024-12-20,2025-01-03,64.0,31.558854542672634
Bi-LSTM,14,2024-12-21,2025-01-04,41.0,31.724917218089104
Bi-LSTM,14,2024-12-22,2025-01-05,101.99999999999999,39.050599187612534
Bi-LSTM,14,2024-12-23,2025-01-06,108.0,54.62941117584705
Bi-LSTM,14,2024-12-24,2025-01-07,62.0,59.561861753463745
Bi-LSTM,14,2024-12-25,2025-01-08,107.0,52.84678265452385
Bi-LSTM,14,2024-12-26,2025-01-09,124.0,57.911463379859924
Bi-LSTM,14,2024-12-27,2025-01-10,97.0,67.06864446401596
Bi-LSTM,14,2024-12-28,2025-01-11,72.0,77.60697141289711
Bi-LSTM,14,2024-12-29,2025-01-12,92.0,58.97232964634895
Bi-LSTM,14,2024-12-30,2025-01-13,75.0,55.92946380376816
Bi-LSTM,14,2024-12-31,2025-01-14,94.0,62.18431070446968
Bi-LSTM,14,2025-01-01,2025-01-15,92.99999999999999,52.71575056016445
Bi-LSTM,14,2025-01-02,2025-01-16,81.0,49.51204106211662
Bi-LSTM,14,2025-01-03,2025-01-17,71.0,51.88627332448959
Bi-LSTM,14,2025-01-04,2025-01-18,47.0,53.495728224515915
Bi-LSTM,14,2025-01-05,2025-01-19,114.0,57.26336643099785
Bi-LSTM,14,2025-01-06,2025-01-20,81.0,76.93182840943336
Bi-LSTM,14,2025-01-07,2025-01-21,89.0,119.5078593492508
Bi-LSTM,14,2025-01-08,2025-01-22,202.0,84.8705692589283
Bi-LSTM,14,2025-01-09,2025-01-23,364.00000000000006,68.25354918837547
Bi-LSTM,14,2025-01-10,2025-01-24,140.0,70.98743706941605
Bi-LSTM,14,2025-01-11,2025-01-25,71.0,72.48473420739174
Bi-LSTM,14,2025-01-12,2025-01-26,69.0,63.92172768712044
Bi-LSTM,14,2025-01-13,2025-01-27,74.0,57.59065464138985
Bi-LSTM,14,2025-01-14,2025-01-28,96.0,54.95702885091305
Bi-LSTM,14,2025-01-15,2025-01-29,109.00000000000001,48.75577986240387
Bi-LSTM,14,2025-01-16,2025-01-30,91.00000000000001,48.57848793268204
Bi-LSTM,14,2025-01-17,2025-01-31,145.0,56.71303063631058
Bi-LSTM,14,2025-01-18,2025-02-01,71.0,56.56309425830841
Bi-LSTM,14,2025-01-19,2025-02-02,101.0,49.85436484217644
Bi-LSTM,14,2025-01-20,2025-02-03,41.0,50.70366486907005
Bi-LSTM,14,2025-01-21,2025-02-04,44.0,52.47853100299835
Bi-LSTM,14,2025-01-22,2025-02-05,54.0,54.2572808265686
Bi-LSTM,14,2025-01-23,2025-02-06,26.0,61.35123431682587
Bi-LSTM,14,2025-01-24,2025-02-07,14.0,77.3219744861126
Bi-LSTM,14,2025-01-25,2025-02-08,64.0,73.63915845751762
Bi-LSTM,14,2025-01-26,2025-02-09,29.999999999999996,67.393137216568
Bi-LSTM,14,2025-01-27,2025-02-10,38.0,86.43362954258919
Bi-LSTM,14,2025-01-28,2025-02-11,92.99999999999999,97.15168446302414
Bi-LSTM,14,2025-01-29,2025-02-12,69.0,110.17625167965889
Bi-LSTM,14,2025-01-30,2025-02-13,33.0,87.66167417168617
Bi-LSTM,14,2025-01-31,2025-02-14,41.0,56.0324864089489
Bi-LSTM,14,2025-02-01,2025-02-15,32.0,44.25336554646492
Bi-LSTM,14,2025-02-02,2025-02-16,63.0,48.27642872929573
Bi-LSTM,14,2025-02-03,2025-02-17,46.0,69.8786187171936
Bi-LSTM,14,2025-02-04,2025-02-18,27.0,115.42952597141266
Bi-LSTM,14,2025-02-05,2025-02-19,26.0,98.53024452924728
Bi-LSTM,14,2025-02-06,2025-02-20,27.0,52.92833015322685
Bi-LSTM,14,2025-02-07,2025-02-21,35.0,46.779396161437035
Bi-LSTM,14,2025-02-08,2025-02-22,41.0,42.68400549888611
Bi-LSTM,14,2025-02-09,2025-02-23,13.0,34.5629808306694
Bi-LSTM,14,2025-02-10,2025-02-24,67.0,53.669091537594795
Bi-LSTM,14,2025-02-11,2025-02-25,94.0,117.55962491035461
Bi-LSTM,14,2025-02-12,2025-02-26,50.00000000000001,76.061482578516
Bi-LSTM,14,2025-02-13,2025-02-27,40.0,48.52041229605675
Bi-LSTM,14,2025-02-14,2025-02-28,24.0,44.95355784893036
Bi-LSTM,14,2025-02-15,2025-03-01,37.0,45.0726593285799
Bi-LSTM,14,2025-02-16,2025-03-02,19.0,42.88683593273163
Bi-LSTM,14,2025-02-17,2025-03-03,17.0,44.571977853775024
Bi-LSTM,14,2025-02-18,2025-03-04,29.0,42.072429209947586
Bi-LSTM,14,2025-02-19,2025-03-05,36.0,41.65976721793413
Bi-LSTM,14,2025-02-20,2025-03-06,32.0,42.28304699063301
Bi-LSTM,14,2025-02-21,2025-03-07,29.0,38.914660066366196
Bi-LSTM,14,2025-02-22,2025-03-08,18.0,36.64610609412193
Bi-LSTM,14,2025-02-23,2025-03-09,25.000000000000004,36.131507232785225
Bi-LSTM,14,2025-02-24,2025-03-10,24.0,39.29191209375858
Bi-LSTM,14,2025-02-25,2025-03-11,53.0,38.640839979052544
Bi-LSTM,14,2025-02-26,2025-03-12,73.0,42.64041133224964
Bi-LSTM,14,2025-02-27,2025-03-13,106.0,46.66377902030945
Bi-LSTM,14,2025-02-28,2025-03-14,290.0,41.40619672834873
Bi-LSTM,14,2025-03-01,2025-03-15,92.99999999999999,32.92986437678337
Bi-LSTM,14,2025-03-02,2025-03-16,29.999999999999996,29.155127704143524
Bi-LSTM,14,2025-03-03,2025-03-17,20.999999999999996,28.639560416340828
Bi-LSTM,14,2025-03-04,2025-03-18,41.99999999999999,26.674583181738853
Bi-LSTM,14,2025-03-05,2025-03-19,83.99999999999999,25.150786601006985
Bi-LSTM,14,2025-03-06,2025-03-20,100.00000000000001,25.61487004160881
Bi-LSTM,14,2025-03-07,2025-03-21,73.0,26.837830431759357
Bi-LSTM,14,2025-03-08,2025-03-22,56.0,29.642697982490063
Bi-LSTM,14,2025-03-09,2025-03-23,91.00000000000001,30.1875327154994
Bi-LSTM,14,2025-03-10,2025-03-24,54.0,29.582088962197304
Bi-LSTM,14,2025-03-11,2025-03-25,50.99999999999999,29.838587194681168
Bi-LSTM,14,2025-03-12,2025-03-26,66.0,30.79542748630047
Bi-LSTM,14,2025-03-13,2025-03-27,62.0,30.898994207382202
Bi-LSTM,14,2025-03-14,2025-03-28,52.0,46.74540139734745
Bi-LSTM,14,2025-03-15,2025-03-29,23.0,50.499895960092545
Bi-LSTM,14,2025-03-16,2025-03-30,9.0,31.75069283694029
Bi-LSTM,14,2025-03-17,2025-03-31,20.999999999999996,31.638694815337658
Bi-LSTM,14,2025-03-18,2025-04-01,22.0,34.93031397461891
Bi-LSTM,14,2025-03-19,2025-04-02,35.0,39.666371159255505
Bi-LSTM,14,2025-03-20,2025-04-03,29.999999999999996,45.655637085437775
Bi-LSTM,14,2025-03-21,2025-04-04,36.0,34.778765216469765
Bi-LSTM,14,2025-03-22,2025-04-05,50.99999999999999,38.0962198972702
Bi-LSTM,14,2025-03-23,2025-04-06,32.0,40.80628897994757
Bi-LSTM,14,2025-03-24,2025-04-07,36.0,48.32083158195019
Bi-LSTM,14,2025-03-25,2025-04-08,29.999999999999996,48.76540422439575
Bi-LSTM,14,2025-03-26,2025-04-09,71.0,57.71626055240631
Bi-LSTM,14,2025-03-27,2025-04-10,57.0,49.65865284204483
Bi-LSTM,14,2025-03-28,2025-04-11,65.0,48.90352979302406
Bi-LSTM,14,2025-03-29,2025-04-12,63.0,44.91234980523586
Bi-LSTM,14,2025-03-30,2025-04-13,41.99999999999999,37.6383688300848
Bi-LSTM,14,2025-03-31,2025-04-14,91.00000000000001,57.31012046337128
Bi-LSTM,14,2025-04-01,2025-04-15,82.0,49.28140580654144
Bi-LSTM,14,2025-04-02,2025-04-16,40.0,37.467858381569386
Bi-LSTM,14,2025-04-03,2025-04-17,34.0,31.240566708147526
Bi-LSTM,14,2025-04-04,2025-04-18,50.00000000000001,27.823419012129307
Bi-LSTM,14,2025-04-05,2025-04-19,45.0,27.93269395828247
Bi-LSTM,14,2025-04-06,2025-04-20,25.000000000000004,27.188835106790066
Bi-LSTM,14,2025-04-07,2025-04-21,41.99999999999999,27.71189272403717
Bi-LSTM,14,2025-04-08,2025-04-22,56.0,27.789923436939716
Bi-LSTM,14,2025-04-09,2025-04-23,20.999999999999996,27.50103782862425
Bi-LSTM,14,2025-04-10,2025-04-24,50.00000000000001,27.19169545918703
Bi-LSTM,14,2025-04-11,2025-04-25,63.0,27.11741615086794
Bi-LSTM,14,2025-04-12,2025-04-26,63.0,28.307167999446392
Bi-LSTM,14,2025-04-13,2025-04-27,99.0,25.566423758864403
Bi-LSTM,14,2025-04-14,2025-04-28,80.0,28.180284164845943
Bi-LSTM,14,2025-04-15,2025-04-29,54.0,27.92773950845003
Bi-LSTM,14,2025-04-16,2025-04-30,52.0,26.15474034100771
Bi-LSTM,14,2025-04-17,2025-05-01,49.0,24.936567172408104
Bi-LSTM,14,2025-04-18,2025-05-02,43.0,20.906099770218134
Bi-LSTM,14,2025-04-19,2025-05-03,27.0,22.884219400584698
Bi-LSTM,14,2025-04-20,2025-05-04,26.0,25.499135591089725
Bi-LSTM,14,2025-04-21,2025-05-05,18.0,27.294153980910778
Bi-LSTM,14,2025-04-22,2025-05-06,26.0,28.006052263081074
Bi-LSTM,14,2025-04-23,2025-05-07,23.0,27.689616419374943
Bi-LSTM,14,2025-04-24,2025-05-08,16.0,27.20159687101841
Bi-LSTM,14,2025-04-25,2025-05-09,11.0,29.36724055558443
Bi-LSTM,14,2025-04-26,2025-05-10,18.0,28.81922349333763
Bi-LSTM,14,2025-04-27,2025-05-11,14.0,28.646112270653248
Bi-LSTM,14,2025-04-28,2025-05-12,27.0,28.3718903362751
Bi-LSTM,14,2025-04-29,2025-05-13,25.000000000000004,27.456327974796295
Bi-LSTM,14,2025-04-30,2025-05-14,12.0,23.49916022270918
Bi-LSTM,14,2025-05-01,2025-05-15,35.0,26.111695282161236
Bi-LSTM,14,2025-05-02,2025-05-16,24.0,27.538803964853287
Bi-LSTM,14,2025-05-03,2025-05-17,29.999999999999996,27.43044503033161
Bi-LSTM,14,2025-05-04,2025-05-18,29.0,26.899173259735107
Bi-LSTM,14,2025-05-05,2025-05-19,20.999999999999996,26.903658472001553
Bi-LSTM,14,2025-05-06,2025-05-20,34.0,24.833322428166866
Bi-LSTM,14,2025-05-07,2025-05-21,19.0,24.758246913552284
Bi-LSTM,14,2025-05-08,2025-05-22,31.0,25.157480724155903
Bi-LSTM,14,2025-05-09,2025-05-23,13.0,25.299619771540165
Bi-LSTM,14,2025-05-10,2025-05-24,12.0,27.560893073678017
Bi-LSTM,14,2025-05-11,2025-05-25,16.0,27.823726013302803
Bi-LSTM,14,2025-05-12,2025-05-26,11.0,25.23868627846241
Bi-LSTM,14,2025-05-13,2025-05-27,22.0,22.829455882310867
Bi-LSTM,14,2025-05-14,2025-05-28,28.0,23.20622868835926
Bi-LSTM,14,2025-05-15,2025-05-29,33.0,23.179841563105583
Bi-LSTM,14,2025-05-16,2025-05-30,12.0,22.886253595352173
Bi-LSTM,14,2025-05-17,2025-05-31,24.0,22.845926620066166
Bi-GRU,1,2024-06-13,2024-06-14,16.0,15.253423191606998
Bi-GRU,1,2024-06-14,2024-06-15,14.0,15.170253328979015
Bi-GRU,1,2024-06-15,2024-06-16,8.0,14.815990198403597
Bi-GRU,1,2024-06-16,2024-06-17,12.0,15.80700371414423
Bi-GRU,1,2024-06-17,2024-06-18,14.999999999999998,15.354613773524761
Bi-GRU,1,2024-06-18,2024-06-19,6.0,15.526573117822409
Bi-GRU,1,2024-06-19,2024-06-20,19.0,15.797374360263348
Bi-GRU,1,2024-06-20,2024-06-21,17.0,15.700132362544537
Bi-GRU,1,2024-06-21,2024-06-22,16.0,15.438779518008232
Bi-GRU,1,2024-06-22,2024-06-23,14.0,16.173042710870504
Bi-GRU,1,2024-06-23,2024-06-24,40.0,17.362788319587708
Bi-GRU,1,2024-06-24,2024-06-25,24.0,18.22042979300022
Bi-GRU,1,2024-06-25,2024-06-26,25.000000000000004,17.260833978652954
Bi-GRU,1,2024-06-26,2024-06-27,13.0,18.910533487796783
Bi-GRU,1,2024-06-27,2024-06-28,20.0,19.053316488862038
Bi-GRU,1,2024-06-28,2024-06-29,22.0,17.730243764817715
Bi-GRU,1,2024-06-29,2024-06-30,7.0,16.52180477976799
Bi-GRU,1,2024-06-30,2024-07-01,18.0,24.087691456079483
Bi-GRU,1,2024-07-01,2024-07-02,20.999999999999996,20.631419830024242
Bi-GRU,1,2024-07-02,2024-07-03,8.0,19.343894347548485
Bi-GRU,1,2024-07-03,2024-07-04,10.0,18.667412269860506
Bi-GRU,1,2024-07-04,2024-07-05,19.0,20.101231299340725
Bi-GRU,1,2024-07-05,2024-07-06,20.999999999999996,16.633621845394373
Bi-GRU,1,2024-07-06,2024-07-07,23.0,15.85933618247509
Bi-GRU,1,2024-07-07,2024-07-08,19.0,17.983830478042364
Bi-GRU,1,2024-07-08,2024-07-09,24.0,18.435947112739086
Bi-GRU,1,2024-07-09,2024-07-10,34.0,18.680696934461594
Bi-GRU,1,2024-07-10,2024-07-11,20.0,19.64368848130107
Bi-GRU,1,2024-07-11,2024-07-12,11.0,18.81117867305875
Bi-GRU,1,2024-07-12,2024-07-13,25.000000000000004,17.700953856110573
Bi-GRU,1,2024-07-13,2024-07-14,18.0,17.528975792229176
Bi-GRU,1,2024-07-14,2024-07-15,14.999999999999998,18.46671337261796
Bi-GRU,1,2024-07-15,2024-07-16,10.0,17.557853870093822
Bi-GRU,1,2024-07-16,2024-07-17,16.0,17.40171631798148
Bi-GRU,1,2024-07-17,2024-07-18,12.0,17.550133913755417
Bi-GRU,1,2024-07-18,2024-07-19,7.0,17.030994929373264
Bi-GRU,1,2024-07-19,2024-07-20,17.0,16.295007038861513
Bi-GRU,1,2024-07-20,2024-07-21,10.0,16.596703082323074
Bi-GRU,1,2024-07-21,2024-07-22,12.0,17.09500966593623
Bi-GRU,1,2024-07-22,2024-07-23,11.0,16.85133809223771
Bi-GRU,1,2024-07-23,2024-07-24,13.0,16.402617190033197
Bi-GRU,1,2024-07-24,2024-07-25,10.0,15.670297089964151
Bi-GRU,1,2024-07-25,2024-07-26,12.0,15.045154094696045
Bi-GRU,1,2024-07-26,2024-07-27,17.0,15.13476099818945
Bi-GRU,1,2024-07-27,2024-07-28,13.0,16.21183093637228
Bi-GRU,1,2024-07-28,2024-07-29,22.0,16.07289917767048
Bi-GRU,1,2024-07-29,2024-07-30,38.0,16.005309000611305
Bi-GRU,1,2024-07-30,2024-07-31,22.0,16.96920782327652
Bi-GRU,1,2024-07-31,2024-08-01,24.0,16.617207266390324
Bi-GRU,1,2024-08-01,2024-08-02,20.999999999999996,16.28637731075287
Bi-GRU,1,2024-08-02,2024-08-03,27.0,16.182081773877144
Bi-GRU,1,2024-08-03,2024-08-04,13.0,15.079398453235626
Bi-GRU,1,2024-08-04,2024-08-05,20.999999999999996,15.771661140024662
Bi-GRU,1,2024-08-05,2024-08-06,14.0,14.628541022539139
Bi-GRU,1,2024-08-06,2024-08-07,14.999999999999998,14.495766758918762
Bi-GRU,1,2024-08-07,2024-08-08,14.0,14.9915486946702
Bi-GRU,1,2024-08-08,2024-08-09,20.0,15.819597002118826
Bi-GRU,1,2024-08-09,2024-08-10,26.0,16.88408862799406
Bi-GRU,1,2024-08-10,2024-08-11,25.000000000000004,21.443989537656307
Bi-GRU,1,2024-08-11,2024-08-12,28.0,30.901088304817677
Bi-GRU,1,2024-08-12,2024-08-13,37.0,24.271687492728233
Bi-GRU,1,2024-08-13,2024-08-14,24.0,19.22740736976266
Bi-GRU,1,2024-08-14,2024-08-15,33.0,17.68801363185048
Bi-GRU,1,2024-08-15,2024-08-16,25.000000000000004,16.469187773764133
Bi-GRU,1,2024-08-16,2024-08-17,13.0,18.991933725774288
Bi-GRU,1,2024-08-17,2024-08-18,13.0,16.159865371882915
Bi-GRU,1,2024-08-18,2024-08-19,7.0,17.843802999705076
Bi-GRU,1,2024-08-19,2024-08-20,24.0,16.712866835296154
Bi-GRU,1,2024-08-20,2024-08-21,19.0,17.176583372056484
Bi-GRU,1,2024-08-21,2024-08-22,19.0,16.691652555018663
Bi-GRU,1,2024-08-22,2024-08-23,27.0,16.51107221841812
Bi-GRU,1,2024-08-23,2024-08-24,27.0,17.257384583353996
Bi-GRU,1,2024-08-24,2024-08-25,25.000000000000004,18.762295600026846
Bi-GRU,1,2024-08-25,2024-08-26,32.0,34.08498000353575
Bi-GRU,1,2024-08-26,2024-08-27,22.0,35.52771080285311
Bi-GRU,1,2024-08-27,2024-08-28,29.999999999999996,22.642307467758656
Bi-GRU,1,2024-08-28,2024-08-29,17.0,18.90986332669854
Bi-GRU,1,2024-08-29,2024-08-30,17.0,16.40392381697893
Bi-GRU,1,2024-08-30,2024-08-31,13.0,15.132101569324732
Bi-GRU,1,2024-08-31,2024-09-01,9.0,15.103476829826832
Bi-GRU,1,2024-09-01,2024-09-02,20.999999999999996,16.82198952883482
Bi-GRU,1,2024-09-02,2024-09-03,20.0,17.319907993078232
Bi-GRU,1,2024-09-03,2024-09-04,27.0,17.640870232135057
Bi-GRU,1,2024-09-04,2024-09-05,22.0,18.85367088019848
Bi-GRU,1,2024-09-05,2024-09-06,37.0,21.084982864558697
Bi-GRU,1,2024-09-06,2024-09-07,41.99999999999999,21.45923476666212
Bi-GRU,1,2024-09-07,2024-09-08,34.0,22.35895536839962
Bi-GRU,1,2024-09-08,2024-09-09,9.0,20.88508641347289
Bi-GRU,1,2024-09-09,2024-09-10,19.0,16.381809748709202
Bi-GRU,1,2024-09-10,2024-09-11,26.0,16.03512804955244
Bi-GRU,1,2024-09-11,2024-09-12,34.0,16.625497546046972
Bi-GRU,1,2024-09-12,2024-09-13,14.0,17.621595300734043
Bi-GRU,1,2024-09-13,2024-09-14,18.0,18.128475453704596
Bi-GRU,1,2024-09-14,2024-09-15,19.0,20.91387962922454
Bi-GRU,1,2024-09-15,2024-09-16,29.0,24.39221665263176
Bi-GRU,1,2024-09-16,2024-09-17,24.0,25.18141184002161
Bi-GRU,1,2024-09-17,2024-09-18,34.0,26.094575598835945
Bi-GRU,1,2024-09-18,2024-09-19,26.0,42.22532078623772
Bi-GRU,1,2024-09-19,2024-09-20,28.0,19.44148702546954
Bi-GRU,1,2024-09-20,2024-09-21,14.999999999999998,18.422751054167747
Bi-GRU,1,2024-09-21,2024-09-22,23.0,18.422951977699995
Bi-GRU,1,2024-09-22,2024-09-23,25.000000000000004,22.93795458972454
Bi-GRU,1,2024-09-23,2024-09-24,9.0,21.853831112384796
Bi-GRU,1,2024-09-24,2024-09-25,29.0,20.440704710781574
Bi-GRU,1,2024-09-25,2024-09-26,32.0,20.2831357344985
Bi-GRU,1,2024-09-26,2024-09-27,23.0,24.996889159083366
Bi-GRU,1,2024-09-27,2024-09-28,92.99999999999999,30.46974167227745
Bi-GRU,1,2024-09-28,2024-09-29,49.0,61.127298176288605
Bi-GRU,1,2024-09-29,2024-09-30,38.0,58.09638291597366
Bi-GRU,1,2024-09-30,2024-10-01,25.000000000000004,37.369685396552086
Bi-GRU,1,2024-10-01,2024-10-02,17.0,21.223318092525005
Bi-GRU,1,2024-10-02,2024-10-03,22.0,24.92636874318123
Bi-GRU,1,2024-10-03,2024-10-04,39.0,26.185298189520836
Bi-GRU,1,2024-10-04,2024-10-05,35.0,31.634913459420204
Bi-GRU,1,2024-10-05,2024-10-06,29.0,46.48939236998558
Bi-GRU,1,2024-10-06,2024-10-07,104.0,33.55180881917477
Bi-GRU,1,2024-10-07,2024-10-08,144.0,98.21471720933914
Bi-GRU,1,2024-10-08,2024-10-09,68.0,61.03502810001373
Bi-GRU,1,2024-10-09,2024-10-10,173.0,121.58255830407143
Bi-GRU,1,2024-10-10,2024-10-11,156.0,121.8301859498024
Bi-GRU,1,2024-10-11,2024-10-12,135.0,38.572778068482876
Bi-GRU,1,2024-10-12,2024-10-13,67.0,118.36430743336678
Bi-GRU,1,2024-10-13,2024-10-14,78.0,41.20538052171469
Bi-GRU,1,2024-10-14,2024-10-15,50.99999999999999,113.50229740142822
Bi-GRU,1,2024-10-15,2024-10-16,100.00000000000001,105.2518729865551
Bi-GRU,1,2024-10-16,2024-10-17,137.0,93.15370053052902
Bi-GRU,1,2024-10-17,2024-10-18,149.0,263.79942923784256
Bi-GRU,1,2024-10-18,2024-10-19,140.0,148.72789159417152
Bi-GRU,1,2024-10-19,2024-10-20,85.0,165.8158864080906
Bi-GRU,1,2024-10-20,2024-10-21,59.99999999999999,89.01553437113762
Bi-GRU,1,2024-10-21,2024-10-22,105.0,88.10259774327278
Bi-GRU,1,2024-10-22,2024-10-23,125.0,71.16147428750992
Bi-GRU,1,2024-10-23,2024-10-24,121.0,118.0681785941124
Bi-GRU,1,2024-10-24,2024-10-25,136.0,74.45306599140167
Bi-GRU,1,2024-10-25,2024-10-26,53.0,162.5773385167122
Bi-GRU,1,2024-10-26,2024-10-27,110.0,105.52485942840576
Bi-GRU,1,2024-10-27,2024-10-28,52.0,92.91426956653595
Bi-GRU,1,2024-10-28,2024-10-29,64.0,92.13065281510353
Bi-GRU,1,2024-10-29,2024-10-30,54.0,51.86605617403984
Bi-GRU,1,2024-10-30,2024-10-31,49.0,42.01458320021629
Bi-GRU,1,2024-10-31,2024-11-01,37.0,64.53476160764694
Bi-GRU,1,2024-11-01,2024-11-02,65.0,62.70683169364929
Bi-GRU,1,2024-11-02,2024-11-03,50.00000000000001,92.47371539473534
Bi-GRU,1,2024-11-03,2024-11-04,79.0,62.755772173404694
Bi-GRU,1,2024-11-04,2024-11-05,108.0,61.37483596801758
Bi-GRU,1,2024-11-05,2024-11-06,53.0,66.16646036505699
Bi-GRU,1,2024-11-06,2024-11-07,90.0,53.78222271800041
Bi-GRU,1,2024-11-07,2024-11-08,184.0,92.60230645537376
Bi-GRU,1,2024-11-08,2024-11-09,66.0,111.62002578377724
Bi-GRU,1,2024-11-09,2024-11-10,59.00000000000001,92.42132052779198
Bi-GRU,1,2024-11-10,2024-11-11,126.0,107.1737502515316
Bi-GRU,1,2024-11-11,2024-11-12,73.0,161.86707258224487
Bi-GRU,1,2024-11-12,2024-11-13,94.0,104.20969635248184
Bi-GRU,1,2024-11-13,2024-11-14,71.0,116.05941250920296
Bi-GRU,1,2024-11-14,2024-11-15,79.0,82.62848228216171
Bi-GRU,1,2024-11-15,2024-11-16,68.0,63.895709961652756
Bi-GRU,1,2024-11-16,2024-11-17,36.0,57.34282732009888
Bi-GRU,1,2024-11-17,2024-11-18,89.0,90.9885285794735
Bi-GRU,1,2024-11-18,2024-11-19,104.0,158.57009962201118
Bi-GRU,1,2024-11-19,2024-11-20,68.0,128.160320520401
Bi-GRU,1,2024-11-20,2024-11-21,167.0,128.72060015797615
Bi-GRU,1,2024-11-21,2024-11-22,187.0,98.55058148503304
Bi-GRU,1,2024-11-22,2024-11-23,135.0,89.86423537135124
Bi-GRU,1,2024-11-23,2024-11-24,80.0,75.9560938179493
Bi-GRU,1,2024-11-24,2024-11-25,57.0,119.12470191717148
Bi-GRU,1,2024-11-25,2024-11-26,53.0,73.04649144411087
Bi-GRU,1,2024-11-26,2024-11-27,47.0,62.728596329689026
Bi-GRU,1,2024-11-27,2024-11-28,70.0,77.10960954427719
Bi-GRU,1,2024-11-28,2024-11-29,62.0,90.82039177417755
Bi-GRU,1,2024-11-29,2024-11-30,48.0,98.96615624427795
Bi-GRU,1,2024-11-30,2024-12-01,53.0,81.49711057543755
Bi-GRU,1,2024-12-01,2024-12-02,55.0,119.15713921189308
Bi-GRU,1,2024-12-02,2024-12-03,61.0,83.9793173968792
Bi-GRU,1,2024-12-03,2024-12-04,74.0,90.06923228502274
Bi-GRU,1,2024-12-04,2024-12-05,83.0,99.72957581281662
Bi-GRU,1,2024-12-05,2024-12-06,37.0,65.71868792176247
Bi-GRU,1,2024-12-06,2024-12-07,31.0,44.40737530589104
Bi-GRU,1,2024-12-07,2024-12-08,29.0,92.49514058232307
Bi-GRU,1,2024-12-08,2024-12-09,70.0,85.5004557967186
Bi-GRU,1,2024-12-09,2024-12-10,114.0,111.5491509437561
Bi-GRU,1,2024-12-10,2024-12-11,96.0,72.54319921135902
Bi-GRU,1,2024-12-11,2024-12-12,73.0,141.8916992843151
Bi-GRU,1,2024-12-12,2024-12-13,119.0,124.95513841509819
Bi-GRU,1,2024-12-13,2024-12-14,140.0,129.2070797085762
Bi-GRU,1,2024-12-14,2024-12-15,119.0,60.40163226425648
Bi-GRU,1,2024-12-15,2024-12-16,95.0,77.05796346068382
Bi-GRU,1,2024-12-16,2024-12-17,98.0,124.57117229700089
Bi-GRU,1,2024-12-17,2024-12-18,63.0,89.2379230260849
Bi-GRU,1,2024-12-18,2024-12-19,156.0,151.2153398990631
Bi-GRU,1,2024-12-19,2024-12-20,101.99999999999999,94.22315284609795
Bi-GRU,1,2024-12-20,2024-12-21,95.0,58.023436442017555
Bi-GRU,1,2024-12-21,2024-12-22,106.0,67.93374881148338
Bi-GRU,1,2024-12-22,2024-12-23,83.0,102.91451081633568
Bi-GRU,1,2024-12-23,2024-12-24,128.0,85.94306662678719
Bi-GRU,1,2024-12-24,2024-12-25,101.99999999999999,73.53258162736893
Bi-GRU,1,2024-12-25,2024-12-26,75.0,66.5251675248146
Bi-GRU,1,2024-12-26,2024-12-27,62.0,38.42792093753815
Bi-GRU,1,2024-12-27,2024-12-28,47.0,109.66733857989311
Bi-GRU,1,2024-12-28,2024-12-29,58.0,94.66600328683853
Bi-GRU,1,2024-12-29,2024-12-30,150.0,106.19096711277962
Bi-GRU,1,2024-12-30,2024-12-31,95.0,109.65256258845329
Bi-GRU,1,2024-12-31,2025-01-01,78.0,91.27286657691002
Bi-GRU,1,2025-01-01,2025-01-02,59.00000000000001,69.23106089234352
Bi-GRU,1,2025-01-02,2025-01-03,64.0,64.8413234949112
Bi-GRU,1,2025-01-03,2025-01-04,41.0,49.729487746953964
Bi-GRU,1,2025-01-04,2025-01-05,101.99999999999999,56.522565111517906
Bi-GRU,1,2025-01-05,2025-01-06,108.0,64.09861028194427
Bi-GRU,1,2025-01-06,2025-01-07,62.0,57.59356990456581
Bi-GRU,1,2025-01-07,2025-01-08,107.0,37.66467608511448
Bi-GRU,1,2025-01-08,2025-01-09,124.0,62.345908135175705
Bi-GRU,1,2025-01-09,2025-01-10,97.0,93.08515191078186
Bi-GRU,1,2025-01-10,2025-01-11,72.0,69.45671424269676
Bi-GRU,1,2025-01-11,2025-01-12,92.0,46.41236752271652
Bi-GRU,1,2025-01-12,2025-01-13,75.0,64.11649122834206
Bi-GRU,1,2025-01-13,2025-01-14,94.0,83.42516779899597
Bi-GRU,1,2025-01-14,2025-01-15,92.99999999999999,76.67183086276054
Bi-GRU,1,2025-01-15,2025-01-16,81.0,71.61889106035233
Bi-GRU,1,2025-01-16,2025-01-17,71.0,50.679029896855354
Bi-GRU,1,2025-01-17,2025-01-18,47.0,40.928350649774075
Bi-GRU,1,2025-01-18,2025-01-19,114.0,36.83521632105112
Bi-GRU,1,2025-01-19,2025-01-20,81.0,72.89467811584473
Bi-GRU,1,2025-01-20,2025-01-21,89.0,78.85238781571388
Bi-GRU,1,2025-01-21,2025-01-22,202.0,74.16700080037117
Bi-GRU,1,2025-01-22,2025-01-23,364.00000000000006,73.3307895064354
Bi-GRU,1,2025-01-23,2025-01-24,140.0,64.73135218024254
Bi-GRU,1,2025-01-24,2025-01-25,71.0,44.892417192459106
Bi-GRU,1,2025-01-25,2025-01-26,69.0,32.043774127960205
Bi-GRU,1,2025-01-26,2025-01-27,74.0,53.23412328958511
Bi-GRU,1,2025-01-27,2025-01-28,96.0,72.67526462674141
Bi-GRU,1,2025-01-28,2025-01-29,109.00000000000001,62.64912545681
Bi-GRU,1,2025-01-29,2025-01-30,91.00000000000001,60.93792587518692
Bi-GRU,1,2025-01-30,2025-01-31,145.0,46.53285175561905
Bi-GRU,1,2025-01-31,2025-02-01,71.0,56.333018094301224
Bi-GRU,1,2025-02-01,2025-02-02,101.0,56.83948516845703
Bi-GRU,1,2025-02-02,2025-02-03,41.0,48.12209948897362
Bi-GRU,1,2025-02-03,2025-02-04,44.0,51.455927565693855
Bi-GRU,1,2025-02-04,2025-02-05,54.0,31.069574542343616
Bi-GRU,1,2025-02-05,2025-02-06,26.0,42.89979487657547
Bi-GRU,1,2025-02-06,2025-02-07,14.0,38.139409720897675
Bi-GRU,1,2025-02-07,2025-02-08,64.0,40.879168063402176
Bi-GRU,1,2025-02-08,2025-02-09,29.999999999999996,38.811567574739456
Bi-GRU,1,2025-02-09,2025-02-10,38.0,34.80139844119549
Bi-GRU,1,2025-02-10,2025-02-11,92.99999999999999,27.9957440122962
Bi-GRU,1,2025-02-11,2025-02-12,69.0,36.565671786665916
Bi-GRU,1,2025-02-12,2025-02-13,33.0,43.760681077837944
Bi-GRU,1,2025-02-13,2025-02-14,41.0,34.27790902554989
Bi-GRU,1,2025-02-14,2025-02-15,32.0,45.10827645659447
Bi-GRU,1,2025-02-15,2025-02-16,63.0,43.18529099225998
Bi-GRU,1,2025-02-16,2025-02-17,46.0,53.79846632480621
Bi-GRU,1,2025-02-17,2025-02-18,27.0,37.27211892604828
Bi-GRU,1,2025-02-18,2025-02-19,26.0,27.257540971040726
Bi-GRU,1,2025-02-19,2025-02-20,27.0,50.822022557258606
Bi-GRU,1,2025-02-20,2025-02-21,35.0,41.51446331292391
Bi-GRU,1,2025-02-21,2025-02-22,41.0,22.961286678910255
Bi-GRU,1,2025-02-22,2025-02-23,13.0,27.341868951916695
Bi-GRU,1,2025-02-23,2025-02-24,67.0,26.112596318125725
Bi-GRU,1,2025-02-24,2025-02-25,94.0,42.66190141439438
Bi-GRU,1,2025-02-25,2025-02-26,50.00000000000001,61.77685774862766
Bi-GRU,1,2025-02-26,2025-02-27,40.0,54.50961083173752
Bi-GRU,1,2025-02-27,2025-02-28,24.0,52.035930156707764
Bi-GRU,1,2025-02-28,2025-03-01,37.0,48.159967958927155
Bi-GRU,1,2025-03-01,2025-03-02,19.0,32.062638476490974
Bi-GRU,1,2025-03-02,2025-03-03,17.0,29.108268842101097
Bi-GRU,1,2025-03-03,2025-03-04,29.0,23.340058736503124
Bi-GRU,1,2025-03-04,2025-03-05,36.0,15.727932192385197
Bi-GRU,1,2025-03-05,2025-03-06,32.0,14.23264803364873
Bi-GRU,1,2025-03-06,2025-03-07,29.0,13.552801422774792
Bi-GRU,1,2025-03-07,2025-03-08,18.0,13.833270706236362
Bi-GRU,1,2025-03-08,2025-03-09,25.000000000000004,18.345426693558693
Bi-GRU,1,2025-03-09,2025-03-10,24.0,31.828473955392838
Bi-GRU,1,2025-03-10,2025-03-11,53.0,31.9050395488739
Bi-GRU,1,2025-03-11,2025-03-12,73.0,44.9339447170496
Bi-GRU,1,2025-03-12,2025-03-13,106.0,84.77329730987549
Bi-GRU,1,2025-03-13,2025-03-14,290.0,78.08670192956924
Bi-GRU,1,2025-03-14,2025-03-15,92.99999999999999,69.69564601778984
Bi-GRU,1,2025-03-15,2025-03-16,29.999999999999996,37.68933851271868
Bi-GRU,1,2025-03-16,2025-03-17,20.999999999999996,28.474648371338844
Bi-GRU,1,2025-03-17,2025-03-18,41.99999999999999,60.80715335905552
Bi-GRU,1,2025-03-18,2025-03-19,83.99999999999999,48.29620659351349
Bi-GRU,1,2025-03-19,2025-03-20,100.00000000000001,100.44784873723984
Bi-GRU,1,2025-03-20,2025-03-21,73.0,71.90344870090485
Bi-GRU,1,2025-03-21,2025-03-22,56.0,85.48571974039078
Bi-GRU,1,2025-03-22,2025-03-23,91.00000000000001,34.98944289982319
Bi-GRU,1,2025-03-23,2025-03-24,54.0,68.76994013786316
Bi-GRU,1,2025-03-24,2025-03-25,50.99999999999999,72.19269871711731
Bi-GRU,1,2025-03-25,2025-03-26,66.0,45.40902778506279
Bi-GRU,1,2025-03-26,2025-03-27,62.0,30.41104204952717
Bi-GRU,1,2025-03-27,2025-03-28,52.0,35.401173904538155
Bi-GRU,1,2025-03-28,2025-03-29,23.0,26.596095710992813
Bi-GRU,1,2025-03-29,2025-03-30,9.0,27.992656528949738
Bi-GRU,1,2025-03-30,2025-03-31,20.999999999999996,31.02100595831871
Bi-GRU,1,2025-03-31,2025-04-01,22.0,25.181868597865105
Bi-GRU,1,2025-04-01,2025-04-02,35.0,23.15058160573244
Bi-GRU,1,2025-04-02,2025-04-03,29.999999999999996,41.11939024180174
Bi-GRU,1,2025-04-03,2025-04-04,36.0,24.077917337417603
Bi-GRU,1,2025-04-04,2025-04-05,50.99999999999999,37.43652928620577
Bi-GRU,1,2025-04-05,2025-04-06,32.0,39.42379280924797
Bi-GRU,1,2025-04-06,2025-04-07,36.0,44.95780095458031
Bi-GRU,1,2025-04-07,2025-04-08,29.999999999999996,45.71352303028107
Bi-GRU,1,2025-04-08,2025-04-09,71.0,30.66679649055004
Bi-GRU,1,2025-04-09,2025-04-10,57.0,48.93567256629467
Bi-GRU,1,2025-04-10,2025-04-11,65.0,53.248669654130936
Bi-GRU,1,2025-04-11,2025-04-12,63.0,58.97497534751892
Bi-GRU,1,2025-04-12,2025-04-13,41.99999999999999,28.367482498288155
Bi-GRU,1,2025-04-13,2025-04-14,91.00000000000001,23.041513822972775
Bi-GRU,1,2025-04-14,2025-04-15,82.0,24.1352391988039
Bi-GRU,1,2025-04-15,2025-04-16,40.0,27.416445277631283
Bi-GRU,1,2025-04-16,2025-04-17,34.0,46.83558985590935
Bi-GRU,1,2025-04-17,2025-04-18,50.00000000000001,49.47224073112011
Bi-GRU,1,2025-04-18,2025-04-19,45.0,32.69263483583927
Bi-GRU,1,2025-04-19,2025-04-20,25.000000000000004,24.398948214948177
Bi-GRU,1,2025-04-20,2025-04-21,41.99999999999999,24.347352050244808
Bi-GRU,1,2025-04-21,2025-04-22,56.0,47.66157776117325
Bi-GRU,1,2025-04-22,2025-04-23,20.999999999999996,46.71372786164284
Bi-GRU,1,2025-04-23,2025-04-24,50.00000000000001,45.50068885087967
Bi-GRU,1,2025-04-24,2025-04-25,63.0,38.343792632222176
Bi-GRU,1,2025-04-25,2025-04-26,63.0,55.85185989737511
Bi-GRU,1,2025-04-26,2025-04-27,99.0,64.59763944149017
Bi-GRU,1,2025-04-27,2025-04-28,80.0,64.6443435549736
Bi-GRU,1,2025-04-28,2025-04-29,54.0,70.94390779733658
Bi-GRU,1,2025-04-29,2025-04-30,52.0,41.18957869708538
Bi-GRU,1,2025-04-30,2025-05-01,49.0,33.838141076266766
Bi-GRU,1,2025-05-01,2025-05-02,43.0,20.267940424382687
Bi-GRU,1,2025-05-02,2025-05-03,27.0,23.101868256926537
Bi-GRU,1,2025-05-03,2025-05-04,26.0,30.74853867292404
Bi-GRU,1,2025-05-04,2025-05-05,18.0,37.861219234764576
Bi-GRU,1,2025-05-05,2025-05-06,26.0,34.29825346916914
Bi-GRU,1,2025-05-06,2025-05-07,23.0,46.861158311367035
Bi-GRU,1,2025-05-07,2025-05-08,16.0,30.45983526855707
Bi-GRU,1,2025-05-08,2025-05-09,11.0,20.74292615056038
Bi-GRU,1,2025-05-09,2025-05-10,18.0,31.500858776271343
Bi-GRU,1,2025-05-10,2025-05-11,14.0,41.098024956882
Bi-GRU,1,2025-05-11,2025-05-12,27.0,24.590709134936333
Bi-GRU,1,2025-05-12,2025-05-13,25.000000000000004,17.654748931527138
Bi-GRU,1,2025-05-13,2025-05-14,12.0,16.979164145886898
Bi-GRU,1,2025-05-14,2025-05-15,35.0,15.928294137120247
Bi-GRU,1,2025-05-15,2025-05-16,24.0,15.03413949161768
Bi-GRU,1,2025-05-16,2025-05-17,29.999999999999996,13.662136271595955
Bi-GRU,1,2025-05-17,2025-05-18,29.0,13.61425282433629
Bi-GRU,1,2025-05-18,2025-05-19,20.999999999999996,14.757587593048811
Bi-GRU,1,2025-05-19,2025-05-20,34.0,14.198345020413399
Bi-GRU,1,2025-05-20,2025-05-21,19.0,14.454594906419516
Bi-GRU,1,2025-05-21,2025-05-22,31.0,14.678684547543526
Bi-GRU,1,2025-05-22,2025-05-23,13.0,15.758060738444328
Bi-GRU,1,2025-05-23,2025-05-24,12.0,15.908000860363245
Bi-GRU,1,2025-05-24,2025-05-25,16.0,15.47166358679533
Bi-GRU,1,2025-05-25,2025-05-26,11.0,16.392035633325577
Bi-GRU,1,2025-05-26,2025-05-27,22.0,14.772492125630379
Bi-GRU,1,2025-05-27,2025-05-28,28.0,14.696730226278305
Bi-GRU,1,2025-05-28,2025-05-29,33.0,15.668889377266169
Bi-GRU,1,2025-05-29,2025-05-30,12.0,14.872616939246655
Bi-GRU,1,2025-05-30,2025-05-31,24.0,14.892105273902416
Bi-GRU,3,2024-06-11,2024-06-14,16.0,17.120292335748672
Bi-GRU,3,2024-06-12,2024-06-15,14.0,16.973544526845217
Bi-GRU,3,2024-06-13,2024-06-16,8.0,17.047293446958065
Bi-GRU,3,2024-06-14,2024-06-17,12.0,17.2080172970891
Bi-GRU,3,2024-06-15,2024-06-18,14.999999999999998,17.308318074792624
Bi-GRU,3,2024-06-16,2024-06-19,6.0,17.128908336162567
Bi-GRU,3,2024-06-17,2024-06-20,19.0,17.194743864238262
Bi-GRU,3,2024-06-18,2024-06-21,17.0,17.215662375092506
Bi-GRU,3,2024-06-19,2024-06-22,16.0,17.339184172451496
Bi-GRU,3,2024-06-20,2024-06-23,14.0,17.241119761019945
Bi-GRU,3,2024-06-21,2024-06-24,40.0,17.34300795942545
Bi-GRU,3,2024-06-22,2024-06-25,24.0,17.52136191353202
Bi-GRU,3,2024-06-23,2024-06-26,25.000000000000004,17.300238702446222
Bi-GRU,3,2024-06-24,2024-06-27,13.0,17.668253239244223
Bi-GRU,3,2024-06-25,2024-06-28,20.0,17.384234722703695
Bi-GRU,3,2024-06-26,2024-06-29,22.0,17.710499595850706
Bi-GRU,3,2024-06-27,2024-06-30,7.0,17.73724988102913
Bi-GRU,3,2024-06-28,2024-07-01,18.0,17.73724988102913
Bi-GRU,3,2024-06-29,2024-07-02,20.999999999999996,17.73724988102913
Bi-GRU,3,2024-06-30,2024-07-03,8.0,17.626413721591234
Bi-GRU,3,2024-07-01,2024-07-04,10.0,18.972485326230526
Bi-GRU,3,2024-07-02,2024-07-05,19.0,21.44387722015381
Bi-GRU,3,2024-07-03,2024-07-06,20.999999999999996,25.392012149095535
Bi-GRU,3,2024-07-04,2024-07-07,23.0,17.75937018916011
Bi-GRU,3,2024-07-05,2024-07-08,19.0,17.711471766233444
Bi-GRU,3,2024-07-06,2024-07-09,24.0,17.717761546373367
Bi-GRU,3,2024-07-07,2024-07-10,34.0,17.73724988102913
Bi-GRU,3,2024-07-08,2024-07-11,20.0,17.73724988102913
Bi-GRU,3,2024-07-09,2024-07-12,11.0,17.73724988102913
Bi-GRU,3,2024-07-10,2024-07-13,25.000000000000004,18.205359280109406
Bi-GRU,3,2024-07-11,2024-07-14,18.0,18.68582360446453
Bi-GRU,3,2024-07-12,2024-07-15,14.999999999999998,21.097597368061543
Bi-GRU,3,2024-07-13,2024-07-16,10.0,20.721386149525642
Bi-GRU,3,2024-07-14,2024-07-17,16.0,28.827168084681034
Bi-GRU,3,2024-07-15,2024-07-18,12.0,30.83549737930298
Bi-GRU,3,2024-07-16,2024-07-19,7.0,24.81328498572111
Bi-GRU,3,2024-07-17,2024-07-20,17.0,17.52782516181469
Bi-GRU,3,2024-07-18,2024-07-21,10.0,17.6822342723608
Bi-GRU,3,2024-07-19,2024-07-22,12.0,17.73724988102913
Bi-GRU,3,2024-07-20,2024-07-23,11.0,17.73724988102913
Bi-GRU,3,2024-07-21,2024-07-24,13.0,17.628615144640207
Bi-GRU,3,2024-07-22,2024-07-25,10.0,17.52043716609478
Bi-GRU,3,2024-07-23,2024-07-26,12.0,17.31599934399128
Bi-GRU,3,2024-07-24,2024-07-27,17.0,17.15393641963601
Bi-GRU,3,2024-07-25,2024-07-28,13.0,17.236275132745504
Bi-GRU,3,2024-07-26,2024-07-29,22.0,17.47223423793912
Bi-GRU,3,2024-07-27,2024-07-30,38.0,17.615055926144123
Bi-GRU,3,2024-07-28,2024-07-31,22.0,17.378548961132765
Bi-GRU,3,2024-07-29,2024-08-01,24.0,17.3634597286582
Bi-GRU,3,2024-07-30,2024-08-02,20.999999999999996,17.332567423582077
Bi-GRU,3,2024-07-31,2024-08-03,27.0,17.55795869976282
Bi-GRU,3,2024-08-01,2024-08-04,13.0,16.93649098277092
Bi-GRU,3,2024-08-02,2024-08-05,20.999999999999996,17.059481143951416
Bi-GRU,3,2024-08-03,2024-08-06,14.0,17.259720787405968
Bi-GRU,3,2024-08-04,2024-08-07,14.999999999999998,16.843419708311558
Bi-GRU,3,2024-08-05,2024-08-08,14.0,16.6642545722425
Bi-GRU,3,2024-08-06,2024-08-09,20.0,16.604773718863726
Bi-GRU,3,2024-08-07,2024-08-10,26.0,17.231187149882317
Bi-GRU,3,2024-08-08,2024-08-11,25.000000000000004,17.67982693389058
Bi-GRU,3,2024-08-09,2024-08-12,28.0,17.73724988102913
Bi-GRU,3,2024-08-10,2024-08-13,37.0,17.89756190031767
Bi-GRU,3,2024-08-11,2024-08-14,24.0,18.599546290934086
Bi-GRU,3,2024-08-12,2024-08-15,33.0,17.323497161269188
Bi-GRU,3,2024-08-13,2024-08-16,25.000000000000004,17.304078713059425
Bi-GRU,3,2024-08-14,2024-08-17,13.0,20.66528730094433
Bi-GRU,3,2024-08-15,2024-08-18,13.0,22.841076999902725
Bi-GRU,3,2024-08-16,2024-08-19,7.0,18.981349673122168
Bi-GRU,3,2024-08-17,2024-08-20,24.0,17.842346616089344
Bi-GRU,3,2024-08-18,2024-08-21,19.0,18.059705942869186
Bi-GRU,3,2024-08-19,2024-08-22,19.0,17.693358696997166
Bi-GRU,3,2024-08-20,2024-08-23,27.0,17.685863375663757
Bi-GRU,3,2024-08-21,2024-08-24,27.0,17.514878697693348
Bi-GRU,3,2024-08-22,2024-08-25,25.000000000000004,17.549249101430178
Bi-GRU,3,2024-08-23,2024-08-26,32.0,17.69212320446968
Bi-GRU,3,2024-08-24,2024-08-27,22.0,18.22799375280738
Bi-GRU,3,2024-08-25,2024-08-28,29.999999999999996,19.178448170423508
Bi-GRU,3,2024-08-26,2024-08-29,17.0,18.72029634192586
Bi-GRU,3,2024-08-27,2024-08-30,17.0,18.326618503779173
Bi-GRU,3,2024-08-28,2024-08-31,13.0,18.943794444203377
Bi-GRU,3,2024-08-29,2024-09-01,9.0,20.859335754066706
Bi-GRU,3,2024-08-30,2024-09-02,20.999999999999996,20.420271661132574
Bi-GRU,3,2024-08-31,2024-09-03,20.0,17.656397502869368
Bi-GRU,3,2024-09-01,2024-09-04,27.0,18.281645327806473
Bi-GRU,3,2024-09-02,2024-09-05,22.0,18.543794378638268
Bi-GRU,3,2024-09-03,2024-09-06,37.0,18.53855289518833
Bi-GRU,3,2024-09-04,2024-09-07,41.99999999999999,21.083362996578217
Bi-GRU,3,2024-09-05,2024-09-08,34.0,23.032515943050385
Bi-GRU,3,2024-09-06,2024-09-09,9.0,65.56438863277435
Bi-GRU,3,2024-09-07,2024-09-10,19.0,61.78382143378258
Bi-GRU,3,2024-09-08,2024-09-11,26.0,50.09190887212753
Bi-GRU,3,2024-09-09,2024-09-12,34.0,33.56923051178455
Bi-GRU,3,2024-09-10,2024-09-13,14.0,25.895753651857376
Bi-GRU,3,2024-09-11,2024-09-14,18.0,21.562199965119362
Bi-GRU,3,2024-09-12,2024-09-15,19.0,23.01974918693304
Bi-GRU,3,2024-09-13,2024-09-16,29.0,26.95130106061697
Bi-GRU,3,2024-09-14,2024-09-17,24.0,27.763975597918034
Bi-GRU,3,2024-09-15,2024-09-18,34.0,22.859744168817997
Bi-GRU,3,2024-09-16,2024-09-19,26.0,74.1724818944931
Bi-GRU,3,2024-09-17,2024-09-20,28.0,49.04947265982628
Bi-GRU,3,2024-09-18,2024-09-21,14.999999999999998,35.067446157336235
Bi-GRU,3,2024-09-19,2024-09-22,23.0,20.03131989389658
Bi-GRU,3,2024-09-20,2024-09-23,25.000000000000004,18.529437705874443
Bi-GRU,3,2024-09-21,2024-09-24,9.0,18.049141857773066
Bi-GRU,3,2024-09-22,2024-09-25,29.0,18.429644852876663
Bi-GRU,3,2024-09-23,2024-09-26,32.0,25.53955242037773
Bi-GRU,3,2024-09-24,2024-09-27,23.0,26.627075374126434
Bi-GRU,3,2024-09-25,2024-09-28,92.99999999999999,25.58875497430563
Bi-GRU,3,2024-09-26,2024-09-29,49.0,22.747701220214367
Bi-GRU,3,2024-09-27,2024-09-30,38.0,62.46334731578827
Bi-GRU,3,2024-09-28,2024-10-01,25.000000000000004,69.95674178004265
Bi-GRU,3,2024-09-29,2024-10-02,17.0,55.28967835009098
Bi-GRU,3,2024-09-30,2024-10-03,22.0,56.516110599040985
Bi-GRU,3,2024-10-01,2024-10-04,39.0,50.61041638255119
Bi-GRU,3,2024-10-02,2024-10-05,35.0,37.76384495198727
Bi-GRU,3,2024-10-03,2024-10-06,29.0,36.69924974441528
Bi-GRU,3,2024-10-04,2024-10-07,104.0,37.26458866149187
Bi-GRU,3,2024-10-05,2024-10-08,144.0,68.04095961153507
Bi-GRU,3,2024-10-06,2024-10-09,68.0,38.55094354599714
Bi-GRU,3,2024-10-07,2024-10-10,173.0,149.54473435878754
Bi-GRU,3,2024-10-08,2024-10-11,156.0,68.6354885995388
Bi-GRU,3,2024-10-09,2024-10-12,135.0,35.60781814157963
Bi-GRU,3,2024-10-10,2024-10-13,67.0,29.586107432842255
Bi-GRU,3,2024-10-11,2024-10-14,78.0,97.96638071537018
Bi-GRU,3,2024-10-12,2024-10-15,50.99999999999999,76.13916635513306
Bi-GRU,3,2024-10-13,2024-10-16,100.00000000000001,53.356769010424614
Bi-GRU,3,2024-10-14,2024-10-17,137.0,114.97868850827217
Bi-GRU,3,2024-10-15,2024-10-18,149.0,150.20059868693352
Bi-GRU,3,2024-10-16,2024-10-19,140.0,123.27095493674278
Bi-GRU,3,2024-10-17,2024-10-20,85.0,107.28290289640427
Bi-GRU,3,2024-10-18,2024-10-21,59.99999999999999,70.97226671874523
Bi-GRU,3,2024-10-19,2024-10-22,105.0,54.164002388715744
Bi-GRU,3,2024-10-20,2024-10-23,125.0,52.11294002830982
Bi-GRU,3,2024-10-21,2024-10-24,121.0,112.61439010500908
Bi-GRU,3,2024-10-22,2024-10-25,136.0,149.83774825930595
Bi-GRU,3,2024-10-23,2024-10-26,53.0,95.281702876091
Bi-GRU,3,2024-10-24,2024-10-27,110.0,84.53957706689835
Bi-GRU,3,2024-10-25,2024-10-28,52.0,89.06906738877296
Bi-GRU,3,2024-10-26,2024-10-29,64.0,76.35573446750641
Bi-GRU,3,2024-10-27,2024-10-30,54.0,68.99037197232246
Bi-GRU,3,2024-10-28,2024-10-31,49.0,54.68958839774132
Bi-GRU,3,2024-10-29,2024-11-01,37.0,60.89114688336849
Bi-GRU,3,2024-10-30,2024-11-02,65.0,74.90663900971413
Bi-GRU,3,2024-10-31,2024-11-03,50.00000000000001,85.94029113650322
Bi-GRU,3,2024-11-01,2024-11-04,79.0,69.00297150015831
Bi-GRU,3,2024-11-02,2024-11-05,108.0,47.95850530266762
Bi-GRU,3,2024-11-03,2024-11-06,53.0,41.35475032031536
Bi-GRU,3,2024-11-04,2024-11-07,90.0,84.31244611740112
Bi-GRU,3,2024-11-05,2024-11-08,184.0,99.71813440322876
Bi-GRU,3,2024-11-06,2024-11-09,66.0,99.52071517705917
Bi-GRU,3,2024-11-07,2024-11-10,59.00000000000001,103.36869284510612
Bi-GRU,3,2024-11-08,2024-11-11,126.0,99.13536131381989
Bi-GRU,3,2024-11-09,2024-11-12,73.0,114.18759390711784
Bi-GRU,3,2024-11-10,2024-11-13,94.0,107.3951704800129
Bi-GRU,3,2024-11-11,2024-11-14,71.0,164.3747180700302
Bi-GRU,3,2024-11-12,2024-11-15,79.0,123.49433198571205
Bi-GRU,3,2024-11-13,2024-11-16,68.0,128.2178969681263
Bi-GRU,3,2024-11-14,2024-11-17,36.0,75.16362145543098
Bi-GRU,3,2024-11-15,2024-11-18,89.0,110.65661117434502
Bi-GRU,3,2024-11-16,2024-11-19,104.0,106.85928121209145
Bi-GRU,3,2024-11-17,2024-11-20,68.0,87.87385940551758
Bi-GRU,3,2024-11-18,2024-11-21,167.0,80.55618442595005
Bi-GRU,3,2024-11-19,2024-11-22,187.0,95.76052486896515
Bi-GRU,3,2024-11-20,2024-11-23,135.0,89.50532853603363
Bi-GRU,3,2024-11-21,2024-11-24,80.0,84.22315120697021
Bi-GRU,3,2024-11-22,2024-11-25,57.0,69.29129302501678
Bi-GRU,3,2024-11-23,2024-11-26,53.0,89.55492794513702
Bi-GRU,3,2024-11-24,2024-11-27,47.0,87.13956251740456
Bi-GRU,3,2024-11-25,2024-11-28,70.0,104.65595126152039
Bi-GRU,3,2024-11-26,2024-11-29,62.0,173.90259683132172
Bi-GRU,3,2024-11-27,2024-11-30,48.0,118.4929883480072
Bi-GRU,3,2024-11-28,2024-12-01,53.0,91.02372139692307
Bi-GRU,3,2024-11-29,2024-12-02,55.0,57.548253536224365
Bi-GRU,3,2024-11-30,2024-12-03,61.0,42.265485525131226
Bi-GRU,3,2024-12-01,2024-12-04,74.0,48.46075922250748
Bi-GRU,3,2024-12-02,2024-12-05,83.0,59.538110345602036
Bi-GRU,3,2024-12-03,2024-12-06,37.0,72.36279234290123
Bi-GRU,3,2024-12-04,2024-12-07,31.0,65.76943047344685
Bi-GRU,3,2024-12-05,2024-12-08,29.0,91.9528816640377
Bi-GRU,3,2024-12-06,2024-12-09,70.0,118.95397931337357
Bi-GRU,3,2024-12-07,2024-12-10,114.0,102.69251152873039
Bi-GRU,3,2024-12-08,2024-12-11,96.0,84.68458145856857
Bi-GRU,3,2024-12-09,2024-12-12,73.0,167.61093974113464
Bi-GRU,3,2024-12-10,2024-12-13,119.0,61.26897796988487
Bi-GRU,3,2024-12-11,2024-12-14,140.0,76.73132419586182
Bi-GRU,3,2024-12-12,2024-12-15,119.0,56.940630823373795
Bi-GRU,3,2024-12-13,2024-12-16,95.0,48.440532088279724
Bi-GRU,3,2024-12-14,2024-12-17,98.0,107.12201431393623
Bi-GRU,3,2024-12-15,2024-12-18,63.0,213.50796461105347
Bi-GRU,3,2024-12-16,2024-12-19,156.0,193.32719504833221
Bi-GRU,3,2024-12-17,2024-12-20,101.99999999999999,132.31258377432823
Bi-GRU,3,2024-12-18,2024-12-21,95.0,97.29767724871635
Bi-GRU,3,2024-12-19,2024-12-22,106.0,45.33843249082565
Bi-GRU,3,2024-12-20,2024-12-23,83.0,53.30796331167221
Bi-GRU,3,2024-12-21,2024-12-24,128.0,55.71244142949581
Bi-GRU,3,2024-12-22,2024-12-25,101.99999999999999,53.44116188585758
Bi-GRU,3,2024-12-23,2024-12-26,75.0,40.42175877839327
Bi-GRU,3,2024-12-24,2024-12-27,62.0,23.152096644043922
Bi-GRU,3,2024-12-25,2024-12-28,47.0,53.365679532289505
Bi-GRU,3,2024-12-26,2024-12-29,58.0,73.78384336829185
Bi-GRU,3,2024-12-27,2024-12-30,150.0,82.96785086393356
Bi-GRU,3,2024-12-28,2024-12-31,95.0,74.18531104922295
Bi-GRU,3,2024-12-29,2025-01-01,78.0,82.40987248718739
Bi-GRU,3,2024-12-30,2025-01-02,59.00000000000001,92.19949096441269
Bi-GRU,3,2024-12-31,2025-01-03,64.0,51.22986987233162
Bi-GRU,3,2025-01-01,2025-01-04,41.0,49.25039619207382
Bi-GRU,3,2025-01-02,2025-01-05,101.99999999999999,57.66330659389496
Bi-GRU,3,2025-01-03,2025-01-06,108.0,82.441516071558
Bi-GRU,3,2025-01-04,2025-01-07,62.0,92.43021607398987
Bi-GRU,3,2025-01-05,2025-01-08,107.0,58.11290107667446
Bi-GRU,3,2025-01-06,2025-01-09,124.0,55.94087526202202
Bi-GRU,3,2025-01-07,2025-01-10,97.0,51.114956587553024
Bi-GRU,3,2025-01-08,2025-01-11,72.0,60.11412441730499
Bi-GRU,3,2025-01-09,2025-01-12,92.0,42.211593091487885
Bi-GRU,3,2025-01-10,2025-01-13,75.0,30.96800208091736
Bi-GRU,3,2025-01-11,2025-01-14,94.0,32.13853016495705
Bi-GRU,3,2025-01-12,2025-01-15,92.99999999999999,43.707462549209595
Bi-GRU,3,2025-01-13,2025-01-16,81.0,49.75757211446762
Bi-GRU,3,2025-01-14,2025-01-17,71.0,48.06975953280926
Bi-GRU,3,2025-01-15,2025-01-18,47.0,40.849091932177544
Bi-GRU,3,2025-01-16,2025-01-19,114.0,37.623383179306984
Bi-GRU,3,2025-01-17,2025-01-20,81.0,46.66352443397045
Bi-GRU,3,2025-01-18,2025-01-21,89.0,56.29749082028866
Bi-GRU,3,2025-01-19,2025-01-22,202.0,58.08829605579376
Bi-GRU,3,2025-01-20,2025-01-23,364.00000000000006,61.77604906260967
Bi-GRU,3,2025-01-21,2025-01-24,140.0,59.74296249449253
Bi-GRU,3,2025-01-22,2025-01-25,71.0,36.83309976011515
Bi-GRU,3,2025-01-23,2025-01-26,69.0,28.011475950479507
Bi-GRU,3,2025-01-24,2025-01-27,74.0,25.855568945407867
Bi-GRU,3,2025-01-25,2025-01-28,96.0,27.87783559411764
Bi-GRU,3,2025-01-26,2025-01-29,109.00000000000001,26.224045231938362
Bi-GRU,3,2025-01-27,2025-01-30,91.00000000000001,45.934533923864365
Bi-GRU,3,2025-01-28,2025-01-31,145.0,48.3279150724411
Bi-GRU,3,2025-01-29,2025-02-01,71.0,36.38210754841566
Bi-GRU,3,2025-01-30,2025-02-02,101.0,29.264589846134186
Bi-GRU,3,2025-01-31,2025-02-03,41.0,24.255893155932426
Bi-GRU,3,2025-02-01,2025-02-04,44.0,36.68724674731493
Bi-GRU,3,2025-02-02,2025-02-05,54.0,29.981901831924915
Bi-GRU,3,2025-02-03,2025-02-06,26.0,24.78073537349701
Bi-GRU,3,2025-02-04,2025-02-07,14.0,33.66136580705643
Bi-GRU,3,2025-02-05,2025-02-08,64.0,49.87473174929619
Bi-GRU,3,2025-02-06,2025-02-09,29.999999999999996,38.01322974264622
Bi-GRU,3,2025-02-07,2025-02-10,38.0,32.899264097213745
Bi-GRU,3,2025-02-08,2025-02-11,92.99999999999999,37.54188060760498
Bi-GRU,3,2025-02-09,2025-02-12,69.0,45.31604886054993
Bi-GRU,3,2025-02-10,2025-02-13,33.0,76.52105584740639
Bi-GRU,3,2025-02-11,2025-02-14,41.0,47.29523301124573
Bi-GRU,3,2025-02-12,2025-02-15,32.0,47.93045088648796
Bi-GRU,3,2025-02-13,2025-02-16,63.0,55.11706382036209
Bi-GRU,3,2025-02-14,2025-02-17,46.0,63.82355220615864
Bi-GRU,3,2025-02-15,2025-02-18,27.0,97.29728788137436
Bi-GRU,3,2025-02-16,2025-02-19,26.0,75.33932596445084
Bi-GRU,3,2025-02-17,2025-02-20,27.0,76.67628362774849
Bi-GRU,3,2025-02-18,2025-02-21,35.0,74.70970898866653
Bi-GRU,3,2025-02-19,2025-02-22,41.0,46.49490840733051
Bi-GRU,3,2025-02-20,2025-02-23,13.0,32.864031344652176
Bi-GRU,3,2025-02-21,2025-02-24,67.0,32.089557237923145
Bi-GRU,3,2025-02-22,2025-02-25,94.0,43.938162699341774
Bi-GRU,3,2025-02-23,2025-02-26,50.00000000000001,51.90021067857742
Bi-GRU,3,2025-02-24,2025-02-27,40.0,75.24329200387001
Bi-GRU,3,2025-02-25,2025-02-28,24.0,82.37500414252281
Bi-GRU,3,2025-02-26,2025-03-01,37.0,77.08734571933746
Bi-GRU,3,2025-02-27,2025-03-02,19.0,49.04182508587837
Bi-GRU,3,2025-02-28,2025-03-03,17.0,51.27491168677807
Bi-GRU,3,2025-03-01,2025-03-04,29.0,53.904773592948914
Bi-GRU,3,2025-03-02,2025-03-05,36.0,62.63816326856613
Bi-GRU,3,2025-03-03,2025-03-06,32.0,91.42335206270218
Bi-GRU,3,2025-03-04,2025-03-07,29.0,92.82978683710098
Bi-GRU,3,2025-03-05,2025-03-08,18.0,73.35421144962311
Bi-GRU,3,2025-03-06,2025-03-09,25.000000000000004,62.216728031635284
Bi-GRU,3,2025-03-07,2025-03-10,24.0,57.34000191092491
Bi-GRU,3,2025-03-08,2025-03-11,53.0,60.20995371043682
Bi-GRU,3,2025-03-09,2025-03-12,73.0,57.008410692214966
Bi-GRU,3,2025-03-10,2025-03-13,106.0,46.445608511567116
Bi-GRU,3,2025-03-11,2025-03-14,290.0,36.04536719620228
Bi-GRU,3,2025-03-12,2025-03-15,92.99999999999999,34.12648506462574
Bi-GRU,3,2025-03-13,2025-03-16,29.999999999999996,30.99661808460951
Bi-GRU,3,2025-03-14,2025-03-17,20.999999999999996,53.277452886104584
Bi-GRU,3,2025-03-15,2025-03-18,41.99999999999999,86.97745591402054
Bi-GRU,3,2025-03-16,2025-03-19,83.99999999999999,86.47760808467865
Bi-GRU,3,2025-03-17,2025-03-20,100.00000000000001,64.18383181095123
Bi-GRU,3,2025-03-18,2025-03-21,73.0,70.50691783428192
Bi-GRU,3,2025-03-19,2025-03-22,56.0,65.00059470534325
Bi-GRU,3,2025-03-20,2025-03-23,91.00000000000001,72.39283353090286
Bi-GRU,3,2025-03-21,2025-03-24,54.0,62.77421720325947
Bi-GRU,3,2025-03-22,2025-03-25,50.99999999999999,49.589455276727676
Bi-GRU,3,2025-03-23,2025-03-26,66.0,42.72397056221962
Bi-GRU,3,2025-03-24,2025-03-27,62.0,105.10709822177887
Bi-GRU,3,2025-03-25,2025-03-28,52.0,89.16752740740776
Bi-GRU,3,2025-03-26,2025-03-29,23.0,83.06830264627934
Bi-GRU,3,2025-03-27,2025-03-30,9.0,77.63903431594372
Bi-GRU,3,2025-03-28,2025-03-31,20.999999999999996,70.04557743668556
Bi-GRU,3,2025-03-29,2025-04-01,22.0,65.51211357116699
Bi-GRU,3,2025-03-30,2025-04-02,35.0,78.94531682133675
Bi-GRU,3,2025-03-31,2025-04-03,29.999999999999996,78.99350851774216
Bi-GRU,3,2025-04-01,2025-04-04,36.0,67.92669028043747
Bi-GRU,3,2025-04-02,2025-04-05,50.99999999999999,64.03696045279503
Bi-GRU,3,2025-04-03,2025-04-06,32.0,57.11527206003666
Bi-GRU,3,2025-04-04,2025-04-07,36.0,56.68437220156193
Bi-GRU,3,2025-04-05,2025-04-08,29.999999999999996,57.65348754823208
Bi-GRU,3,2025-04-06,2025-04-09,71.0,52.326198518276215
Bi-GRU,3,2025-04-07,2025-04-10,57.0,62.7882194519043
Bi-GRU,3,2025-04-08,2025-04-11,65.0,77.18146279454231
Bi-GRU,3,2025-04-09,2025-04-12,63.0,59.33024808764458
Bi-GRU,3,2025-04-10,2025-04-13,41.99999999999999,36.37497663497925
Bi-GRU,3,2025-04-11,2025-04-14,91.00000000000001,29.218165278434753
Bi-GRU,3,2025-04-12,2025-04-15,82.0,31.990008987486362
Bi-GRU,3,2025-04-13,2025-04-16,40.0,32.99052581191063
Bi-GRU,3,2025-04-14,2025-04-17,34.0,44.418876618146896
Bi-GRU,3,2025-04-15,2025-04-18,50.00000000000001,42.05011546611786
Bi-GRU,3,2025-04-16,2025-04-19,45.0,43.98679867386818
Bi-GRU,3,2025-04-17,2025-04-20,25.000000000000004,42.30494640767574
Bi-GRU,3,2025-04-18,2025-04-21,41.99999999999999,39.001518934965134
Bi-GRU,3,2025-04-19,2025-04-22,56.0,45.73877200484276
Bi-GRU,3,2025-04-20,2025-04-23,20.999999999999996,55.30280202627182
Bi-GRU,3,2025-04-21,2025-04-24,50.00000000000001,78.10785755515099
Bi-GRU,3,2025-04-22,2025-04-25,63.0,69.21466752886772
Bi-GRU,3,2025-04-23,2025-04-26,63.0,40.58104995638132
Bi-GRU,3,2025-04-24,2025-04-27,99.0,31.902236603200436
Bi-GRU,3,2025-04-25,2025-04-28,80.0,37.278179079294205
Bi-GRU,3,2025-04-26,2025-04-29,54.0,31.467195972800255
Bi-GRU,3,2025-04-27,2025-04-30,52.0,40.979040786623955
Bi-GRU,3,2025-04-28,2025-05-01,49.0,60.99783852696419
Bi-GRU,3,2025-04-29,2025-05-02,43.0,52.14691981673241
Bi-GRU,3,2025-04-30,2025-05-03,27.0,32.0361190661788
Bi-GRU,3,2025-05-01,2025-05-04,26.0,31.993693001568317
Bi-GRU,3,2025-05-02,2025-05-05,18.0,41.02603442966938
Bi-GRU,3,2025-05-03,2025-05-06,26.0,68.91812935471535
Bi-GRU,3,2025-05-04,2025-05-07,23.0,127.13874042034149
Bi-GRU,3,2025-05-05,2025-05-08,16.0,113.24432656168938
Bi-GRU,3,2025-05-06,2025-05-09,11.0,91.7973344027996
Bi-GRU,3,2025-05-07,2025-05-10,18.0,48.825586438179016
Bi-GRU,3,2025-05-08,2025-05-11,14.0,24.74314644932747
Bi-GRU,3,2025-05-09,2025-05-12,27.0,18.595737479627132
Bi-GRU,3,2025-05-10,2025-05-13,25.000000000000004,18.40951381251216
Bi-GRU,3,2025-05-11,2025-05-14,12.0,18.700100407004356
Bi-GRU,3,2025-05-12,2025-05-15,35.0,17.18012886121869
Bi-GRU,3,2025-05-13,2025-05-16,24.0,17.468704972416162
Bi-GRU,3,2025-05-14,2025-05-17,29.999999999999996,17.547664176672697
Bi-GRU,3,2025-05-15,2025-05-18,29.0,17.10754180327058
Bi-GRU,3,2025-05-16,2025-05-19,20.999999999999996,17.079056836664677
Bi-GRU,3,2025-05-17,2025-05-20,34.0,17.063664346933365
Bi-GRU,3,2025-05-18,2025-05-21,19.0,17.022562380880117
Bi-GRU,3,2025-05-19,2025-05-22,31.0,17.280947547405958
Bi-GRU,3,2025-05-20,2025-05-23,13.0,17.42707761004567
Bi-GRU,3,2025-05-21,2025-05-24,12.0,17.577155008912086
Bi-GRU,3,2025-05-22,2025-05-25,16.0,17.497942466288805
Bi-GRU,3,2025-05-23,2025-05-26,11.0,16.97744319215417
Bi-GRU,3,2025-05-24,2025-05-27,22.0,16.328314170241356
Bi-GRU,3,2025-05-25,2025-05-28,28.0,15.846170075237751
Bi-GRU,3,2025-05-26,2025-05-29,33.0,18.282407838851213
Bi-GRU,3,2025-05-27,2025-05-30,12.0,18.46030253916979
Bi-GRU,3,2025-05-28,2025-05-31,24.0,21.585424728691578
Bi-GRU,7,2024-06-07,2024-06-14,16.0,16.340700294822454
Bi-GRU,7,2024-06-08,2024-06-15,14.0,15.755123011767864
Bi-GRU,7,2024-06-09,2024-06-16,8.0,15.065491050481796
Bi-GRU,7,2024-06-10,2024-06-17,12.0,16.734198424965143
Bi-GRU,7,2024-06-11,2024-06-18,14.999999999999998,18.10920052230358
Bi-GRU,7,2024-06-12,2024-06-19,6.0,19.58226453512907
Bi-GRU,7,2024-06-13,2024-06-20,19.0,20.035893712192774
Bi-GRU,7,2024-06-14,2024-06-21,17.0,20.50821252167225
Bi-GRU,7,2024-06-15,2024-06-22,16.0,16.665549967437983
Bi-GRU,7,2024-06-16,2024-06-23,14.0,15.427168384194374
Bi-GRU,7,2024-06-17,2024-06-24,40.0,17.569764517247677
Bi-GRU,7,2024-06-18,2024-06-25,24.0,18.695389311760664
Bi-GRU,7,2024-06-19,2024-06-26,25.000000000000004,19.914768021553755
Bi-GRU,7,2024-06-20,2024-06-27,13.0,19.182565230876207
Bi-GRU,7,2024-06-21,2024-06-28,20.0,16.61012003198266
Bi-GRU,7,2024-06-22,2024-06-29,22.0,15.564225688576698
Bi-GRU,7,2024-06-23,2024-06-30,7.0,15.854673758149147
Bi-GRU,7,2024-06-24,2024-07-01,18.0,17.287136241793633
Bi-GRU,7,2024-06-25,2024-07-02,20.999999999999996,19.309331756085157
Bi-GRU,7,2024-06-26,2024-07-03,8.0,24.84603177756071
Bi-GRU,7,2024-06-27,2024-07-04,10.0,34.284847751259804
Bi-GRU,7,2024-06-28,2024-07-05,19.0,28.847402706742287
Bi-GRU,7,2024-06-29,2024-07-06,20.999999999999996,24.64989047497511
Bi-GRU,7,2024-06-30,2024-07-07,23.0,18.595321904867887
Bi-GRU,7,2024-07-01,2024-07-08,19.0,19.870747048407793
Bi-GRU,7,2024-07-02,2024-07-09,24.0,21.53285514563322
Bi-GRU,7,2024-07-03,2024-07-10,34.0,20.195469427853823
Bi-GRU,7,2024-07-04,2024-07-11,20.0,19.286631140857935
Bi-GRU,7,2024-07-05,2024-07-12,11.0,18.234677892178297
Bi-GRU,7,2024-07-06,2024-07-13,25.000000000000004,17.989297844469547
Bi-GRU,7,2024-07-07,2024-07-14,18.0,18.59280100092292
Bi-GRU,7,2024-07-08,2024-07-15,14.999999999999998,28.118986263871193
Bi-GRU,7,2024-07-09,2024-07-16,10.0,34.05116744339466
Bi-GRU,7,2024-07-10,2024-07-17,16.0,62.537377029657364
Bi-GRU,7,2024-07-11,2024-07-18,12.0,53.9629939943552
Bi-GRU,7,2024-07-12,2024-07-19,7.0,33.78314793109894
Bi-GRU,7,2024-07-13,2024-07-20,17.0,24.26472879946232
Bi-GRU,7,2024-07-14,2024-07-21,10.0,20.971654504537582
Bi-GRU,7,2024-07-15,2024-07-22,12.0,22.059227377176285
Bi-GRU,7,2024-07-16,2024-07-23,11.0,24.6015315502882
Bi-GRU,7,2024-07-17,2024-07-24,13.0,26.646745912730694
Bi-GRU,7,2024-07-18,2024-07-25,10.0,24.910399690270424
Bi-GRU,7,2024-07-19,2024-07-26,12.0,23.334230706095695
Bi-GRU,7,2024-07-20,2024-07-27,17.0,19.46043998003006
Bi-GRU,7,2024-07-21,2024-07-28,13.0,17.993764337152243
Bi-GRU,7,2024-07-22,2024-07-29,22.0,18.143887910991907
Bi-GRU,7,2024-07-23,2024-07-30,38.0,18.134083840996027
Bi-GRU,7,2024-07-24,2024-07-31,22.0,18.02425978705287
Bi-GRU,7,2024-07-25,2024-08-01,24.0,19.00979595258832
Bi-GRU,7,2024-07-26,2024-08-02,20.999999999999996,20.087146684527397
Bi-GRU,7,2024-07-27,2024-08-03,27.0,16.01220404729247
Bi-GRU,7,2024-07-28,2024-08-04,13.0,16.572028174996376
Bi-GRU,7,2024-07-29,2024-08-05,20.999999999999996,17.165287975221872
Bi-GRU,7,2024-07-30,2024-08-06,14.0,18.67700044065714
Bi-GRU,7,2024-07-31,2024-08-07,14.999999999999998,21.254200413823128
Bi-GRU,7,2024-08-01,2024-08-08,14.0,20.451485943049192
Bi-GRU,7,2024-08-02,2024-08-09,20.0,16.787362042814493
Bi-GRU,7,2024-08-03,2024-08-10,26.0,13.639936093240976
Bi-GRU,7,2024-08-04,2024-08-11,25.000000000000004,14.762815348803997
Bi-GRU,7,2024-08-05,2024-08-12,28.0,17.359152976423502
Bi-GRU,7,2024-08-06,2024-08-13,37.0,19.384623169898987
Bi-GRU,7,2024-08-07,2024-08-14,24.0,20.329638924449682
Bi-GRU,7,2024-08-08,2024-08-15,33.0,23.735209181904793
Bi-GRU,7,2024-08-09,2024-08-16,25.000000000000004,27.380443774163723
Bi-GRU,7,2024-08-10,2024-08-17,13.0,37.56536744534969
Bi-GRU,7,2024-08-11,2024-08-18,13.0,24.76282447576523
Bi-GRU,7,2024-08-12,2024-08-19,7.0,28.27857945114374
Bi-GRU,7,2024-08-13,2024-08-20,24.0,31.376278698444366
Bi-GRU,7,2024-08-14,2024-08-21,19.0,35.985843911767006
Bi-GRU,7,2024-08-15,2024-08-22,19.0,43.096395432949066
Bi-GRU,7,2024-08-16,2024-08-23,27.0,49.58112880587578
Bi-GRU,7,2024-08-17,2024-08-24,27.0,41.57312549650669
Bi-GRU,7,2024-08-18,2024-08-25,25.000000000000004,31.785548701882362
Bi-GRU,7,2024-08-19,2024-08-26,32.0,33.59072059392929
Bi-GRU,7,2024-08-20,2024-08-27,22.0,31.76124818623066
Bi-GRU,7,2024-08-21,2024-08-28,29.999999999999996,22.191919274628162
Bi-GRU,7,2024-08-22,2024-08-29,17.0,18.523396272212267
Bi-GRU,7,2024-08-23,2024-08-30,17.0,18.13556768000126
Bi-GRU,7,2024-08-24,2024-08-31,13.0,19.375725127756596
Bi-GRU,7,2024-08-25,2024-09-01,9.0,24.004713781177998
Bi-GRU,7,2024-08-26,2024-09-02,20.999999999999996,43.02016928792
Bi-GRU,7,2024-08-27,2024-09-03,20.0,46.884854808449745
Bi-GRU,7,2024-08-28,2024-09-04,27.0,44.061597138643265
Bi-GRU,7,2024-08-29,2024-09-05,22.0,32.98401139676571
Bi-GRU,7,2024-08-30,2024-09-06,37.0,23.023298420011997
Bi-GRU,7,2024-08-31,2024-09-07,41.99999999999999,18.720748107880354
Bi-GRU,7,2024-09-01,2024-09-08,34.0,19.221020247787237
Bi-GRU,7,2024-09-02,2024-09-09,9.0,21.7390825599432
Bi-GRU,7,2024-09-03,2024-09-10,19.0,28.735656775534153
Bi-GRU,7,2024-09-04,2024-09-11,26.0,46.631406620144844
Bi-GRU,7,2024-09-05,2024-09-12,34.0,71.05470776557922
Bi-GRU,7,2024-09-06,2024-09-13,14.0,65.71343146264553
Bi-GRU,7,2024-09-07,2024-09-14,18.0,35.87259791791439
Bi-GRU,7,2024-09-08,2024-09-15,19.0,30.873670354485512
Bi-GRU,7,2024-09-09,2024-09-16,29.0,30.833340883255005
Bi-GRU,7,2024-09-10,2024-09-17,24.0,26.662133410573006
Bi-GRU,7,2024-09-11,2024-09-18,34.0,25.704234838485718
Bi-GRU,7,2024-09-12,2024-09-19,26.0,25.643733143806458
Bi-GRU,7,2024-09-13,2024-09-20,28.0,23.691580072045326
Bi-GRU,7,2024-09-14,2024-09-21,14.999999999999998,21.35621465742588
Bi-GRU,7,2024-09-15,2024-09-22,23.0,21.818808019161224
Bi-GRU,7,2024-09-16,2024-09-23,25.000000000000004,31.904882304370403
Bi-GRU,7,2024-09-17,2024-09-24,9.0,51.27647913992405
Bi-GRU,7,2024-09-18,2024-09-25,29.0,48.72412629425526
Bi-GRU,7,2024-09-19,2024-09-26,32.0,34.395914785563946
Bi-GRU,7,2024-09-20,2024-09-27,23.0,25.30320644378662
Bi-GRU,7,2024-09-21,2024-09-28,92.99999999999999,22.046106196939945
Bi-GRU,7,2024-09-22,2024-09-29,49.0,23.50000135600567
Bi-GRU,7,2024-09-23,2024-09-30,38.0,32.83513329923153
Bi-GRU,7,2024-09-24,2024-10-01,25.000000000000004,44.82853099703789
Bi-GRU,7,2024-09-25,2024-10-02,17.0,48.35855029523373
Bi-GRU,7,2024-09-26,2024-10-03,22.0,59.54987123608589
Bi-GRU,7,2024-09-27,2024-10-04,39.0,80.89263774454594
Bi-GRU,7,2024-09-28,2024-10-05,35.0,106.27503052353859
Bi-GRU,7,2024-09-29,2024-10-06,29.0,56.11813224852085
Bi-GRU,7,2024-09-30,2024-10-07,104.0,51.393898352980614
Bi-GRU,7,2024-10-01,2024-10-08,144.0,48.311985954642296
Bi-GRU,7,2024-10-02,2024-10-09,68.0,45.63082240521908
Bi-GRU,7,2024-10-03,2024-10-10,173.0,50.46808265149593
Bi-GRU,7,2024-10-04,2024-10-11,156.0,86.90793886780739
Bi-GRU,7,2024-10-05,2024-10-12,135.0,113.06518763303757
Bi-GRU,7,2024-10-06,2024-10-13,67.0,56.79375447332859
Bi-GRU,7,2024-10-07,2024-10-14,78.0,56.35076925158501
Bi-GRU,7,2024-10-08,2024-10-15,50.99999999999999,63.39098006486893
Bi-GRU,7,2024-10-09,2024-10-16,100.00000000000001,62.887298464775085
Bi-GRU,7,2024-10-10,2024-10-17,137.0,91.81497573852539
Bi-GRU,7,2024-10-11,2024-10-18,149.0,72.75603339076042
Bi-GRU,7,2024-10-12,2024-10-19,140.0,74.43612352013588
Bi-GRU,7,2024-10-13,2024-10-20,85.0,66.80003091692924
Bi-GRU,7,2024-10-14,2024-10-21,59.99999999999999,107.60522916913033
Bi-GRU,7,2024-10-15,2024-10-22,105.0,93.12938004732132
Bi-GRU,7,2024-10-16,2024-10-23,125.0,61.53920888900757
Bi-GRU,7,2024-10-17,2024-10-24,121.0,56.114433258771896
Bi-GRU,7,2024-10-18,2024-10-25,136.0,73.61545696854591
Bi-GRU,7,2024-10-19,2024-10-26,53.0,92.67580702900887
Bi-GRU,7,2024-10-20,2024-10-27,110.0,63.99348609149456
Bi-GRU,7,2024-10-21,2024-10-28,52.0,84.33801457285881
Bi-GRU,7,2024-10-22,2024-10-29,64.0,121.02174952626228
Bi-GRU,7,2024-10-23,2024-10-30,54.0,127.36945554614067
Bi-GRU,7,2024-10-24,2024-10-31,49.0,152.64983907341957
Bi-GRU,7,2024-10-25,2024-11-01,37.0,164.93714421987534
Bi-GRU,7,2024-10-26,2024-11-02,65.0,113.23661908507347
Bi-GRU,7,2024-10-27,2024-11-03,50.00000000000001,99.5272445678711
Bi-GRU,7,2024-10-28,2024-11-04,79.0,111.34985476732254
Bi-GRU,7,2024-10-29,2024-11-05,108.0,107.03002378344536
Bi-GRU,7,2024-10-30,2024-11-06,53.0,78.03934887051582
Bi-GRU,7,2024-10-31,2024-11-07,90.0,66.96924097836018
Bi-GRU,7,2024-11-01,2024-11-08,184.0,85.89208945631981
Bi-GRU,7,2024-11-02,2024-11-09,66.0,62.2563786059618
Bi-GRU,7,2024-11-03,2024-11-10,59.00000000000001,47.45213806629181
Bi-GRU,7,2024-11-04,2024-11-11,126.0,53.2514601200819
Bi-GRU,7,2024-11-05,2024-11-12,73.0,57.64902479946613
Bi-GRU,7,2024-11-06,2024-11-13,94.0,62.47964084148407
Bi-GRU,7,2024-11-07,2024-11-14,71.0,81.30904614925385
Bi-GRU,7,2024-11-08,2024-11-15,79.0,95.21891489624977
Bi-GRU,7,2024-11-09,2024-11-16,68.0,97.21439257264137
Bi-GRU,7,2024-11-10,2024-11-17,36.0,72.95768573880196
Bi-GRU,7,2024-11-11,2024-11-18,89.0,78.3357173204422
Bi-GRU,7,2024-11-12,2024-11-19,104.0,108.91111731529236
Bi-GRU,7,2024-11-13,2024-11-20,68.0,93.59410494565964
Bi-GRU,7,2024-11-14,2024-11-21,167.0,72.72916704416275
Bi-GRU,7,2024-11-15,2024-11-22,187.0,80.9198784828186
Bi-GRU,7,2024-11-16,2024-11-23,135.0,90.63254699110985
Bi-GRU,7,2024-11-17,2024-11-24,80.0,96.79791927337646
Bi-GRU,7,2024-11-18,2024-11-25,57.0,98.00846233963966
Bi-GRU,7,2024-11-19,2024-11-26,53.0,92.79071033000946
Bi-GRU,7,2024-11-20,2024-11-27,47.0,109.82966482639313
Bi-GRU,7,2024-11-21,2024-11-28,70.0,126.05489149689674
Bi-GRU,7,2024-11-22,2024-11-29,62.0,132.3963876068592
Bi-GRU,7,2024-11-23,2024-11-30,48.0,125.40850177407265
Bi-GRU,7,2024-11-24,2024-12-01,53.0,83.10569189488888
Bi-GRU,7,2024-11-25,2024-12-02,55.0,98.28509286046028
Bi-GRU,7,2024-11-26,2024-12-03,61.0,124.83002170920372
Bi-GRU,7,2024-11-27,2024-12-04,74.0,126.2061856687069
Bi-GRU,7,2024-11-28,2024-12-05,83.0,91.07709467411041
Bi-GRU,7,2024-11-29,2024-12-06,37.0,91.83558225631714
Bi-GRU,7,2024-11-30,2024-12-07,31.0,101.53983443975449
Bi-GRU,7,2024-12-01,2024-12-08,29.0,92.746751755476
Bi-GRU,7,2024-12-02,2024-12-09,70.0,84.99054431915283
Bi-GRU,7,2024-12-03,2024-12-10,114.0,48.5161791741848
Bi-GRU,7,2024-12-04,2024-12-11,96.0,43.932257294654846
Bi-GRU,7,2024-12-05,2024-12-12,73.0,74.99642312526703
Bi-GRU,7,2024-12-06,2024-12-13,119.0,80.51044873893261
Bi-GRU,7,2024-12-07,2024-12-14,140.0,63.77044849097729
Bi-GRU,7,2024-12-08,2024-12-15,119.0,57.584973871707916
Bi-GRU,7,2024-12-09,2024-12-16,95.0,70.99308788776398
Bi-GRU,7,2024-12-10,2024-12-17,98.0,89.33917850255966
Bi-GRU,7,2024-12-11,2024-12-18,63.0,162.92472407221794
Bi-GRU,7,2024-12-12,2024-12-19,156.0,119.91145357489586
Bi-GRU,7,2024-12-13,2024-12-20,101.99999999999999,63.57410751283169
Bi-GRU,7,2024-12-14,2024-12-21,95.0,53.75972427427769
Bi-GRU,7,2024-12-15,2024-12-22,106.0,61.42283797264099
Bi-GRU,7,2024-12-16,2024-12-23,83.0,74.11725662648678
Bi-GRU,7,2024-12-17,2024-12-24,128.0,86.67639508843422
Bi-GRU,7,2024-12-18,2024-12-25,101.99999999999999,68.21740791201591
Bi-GRU,7,2024-12-19,2024-12-26,75.0,67.4416683614254
Bi-GRU,7,2024-12-20,2024-12-27,62.0,64.48235675692558
Bi-GRU,7,2024-12-21,2024-12-28,47.0,41.91693186759949
Bi-GRU,7,2024-12-22,2024-12-29,58.0,41.26900963485241
Bi-GRU,7,2024-12-23,2024-12-30,150.0,45.3834493458271
Bi-GRU,7,2024-12-24,2024-12-31,95.0,51.12122640013695
Bi-GRU,7,2024-12-25,2025-01-01,78.0,68.6926057934761
Bi-GRU,7,2024-12-26,2025-01-02,59.00000000000001,57.8154194355011
Bi-GRU,7,2024-12-27,2025-01-03,64.0,67.4820277839899
Bi-GRU,7,2024-12-28,2025-01-04,41.0,61.55680030584335
Bi-GRU,7,2024-12-29,2025-01-05,101.99999999999999,52.74869203567505
Bi-GRU,7,2024-12-30,2025-01-06,108.0,74.88129019737244
Bi-GRU,7,2024-12-31,2025-01-07,62.0,101.0644268989563
Bi-GRU,7,2025-01-01,2025-01-08,107.0,78.18716868758202
Bi-GRU,7,2025-01-02,2025-01-09,124.0,100.107751339674
Bi-GRU,7,2025-01-03,2025-01-10,97.0,80.96046254038811
Bi-GRU,7,2025-01-04,2025-01-11,72.0,58.27513746917248
Bi-GRU,7,2025-01-05,2025-01-12,92.0,56.77024267613888
Bi-GRU,7,2025-01-06,2025-01-13,75.0,51.17196895182133
Bi-GRU,7,2025-01-07,2025-01-14,94.0,50.093341544270515
Bi-GRU,7,2025-01-08,2025-01-15,92.99999999999999,50.958710461854935
Bi-GRU,7,2025-01-09,2025-01-16,81.0,48.47681313753128
Bi-GRU,7,2025-01-10,2025-01-17,71.0,46.21435426175594
Bi-GRU,7,2025-01-11,2025-01-18,47.0,43.646985813975334
Bi-GRU,7,2025-01-12,2025-01-19,114.0,40.88872253894806
Bi-GRU,7,2025-01-13,2025-01-20,81.0,62.96847656369209
Bi-GRU,7,2025-01-14,2025-01-21,89.0,93.07870239019394
Bi-GRU,7,2025-01-15,2025-01-22,202.0,84.89311262965202
Bi-GRU,7,2025-01-16,2025-01-23,364.00000000000006,92.3454138636589
Bi-GRU,7,2025-01-17,2025-01-24,140.0,97.06429645419121
Bi-GRU,7,2025-01-18,2025-01-25,71.0,79.25919681787491
Bi-GRU,7,2025-01-19,2025-01-26,69.0,74.16257798671722
Bi-GRU,7,2025-01-20,2025-01-27,74.0,73.14550057053566
Bi-GRU,7,2025-01-21,2025-01-28,96.0,73.06237563490868
Bi-GRU,7,2025-01-22,2025-01-29,109.00000000000001,76.72986656427383
Bi-GRU,7,2025-01-23,2025-01-30,91.00000000000001,55.16277454793453
Bi-GRU,7,2025-01-24,2025-01-31,145.0,35.45240066945553
Bi-GRU,7,2025-01-25,2025-02-01,71.0,28.07089190930128
Bi-GRU,7,2025-01-26,2025-02-02,101.0,27.15180028229952
Bi-GRU,7,2025-01-27,2025-02-03,41.0,35.861680656671524
Bi-GRU,7,2025-01-28,2025-02-04,44.0,53.10117430984974
Bi-GRU,7,2025-01-29,2025-02-05,54.0,70.35886839032173
Bi-GRU,7,2025-01-30,2025-02-06,26.0,80.00490516424179
Bi-GRU,7,2025-01-31,2025-02-07,14.0,73.06660376489162
Bi-GRU,7,2025-02-01,2025-02-08,64.0,62.6569277793169
Bi-GRU,7,2025-02-02,2025-02-09,29.999999999999996,56.64910450577736
Bi-GRU,7,2025-02-03,2025-02-10,38.0,52.79426299035549
Bi-GRU,7,2025-02-04,2025-02-11,92.99999999999999,47.776466086506844
Bi-GRU,7,2025-02-05,2025-02-12,69.0,48.04597318172455
Bi-GRU,7,2025-02-06,2025-02-13,33.0,50.51007941365242
Bi-GRU,7,2025-02-07,2025-02-14,41.0,33.763669580221176
Bi-GRU,7,2025-02-08,2025-02-15,32.0,23.410097435116768
Bi-GRU,7,2025-02-09,2025-02-16,63.0,30.4004118219018
Bi-GRU,7,2025-02-10,2025-02-17,46.0,38.0552614480257
Bi-GRU,7,2025-02-11,2025-02-18,27.0,46.03037819266319
Bi-GRU,7,2025-02-12,2025-02-19,26.0,37.71847367286682
Bi-GRU,7,2025-02-13,2025-02-20,27.0,32.393740490078926
Bi-GRU,7,2025-02-14,2025-02-21,35.0,34.99728016555309
Bi-GRU,7,2025-02-15,2025-02-22,41.0,45.7679545879364
Bi-GRU,7,2025-02-16,2025-02-23,13.0,41.660343781113625
Bi-GRU,7,2025-02-17,2025-02-24,67.0,55.892828330397606
Bi-GRU,7,2025-02-18,2025-02-25,94.0,71.2285303324461
Bi-GRU,7,2025-02-19,2025-02-26,50.00000000000001,78.6714368313551
Bi-GRU,7,2025-02-20,2025-02-27,40.0,71.78262002766132
Bi-GRU,7,2025-02-21,2025-02-28,24.0,54.09886822104454
Bi-GRU,7,2025-02-22,2025-03-01,37.0,42.582150995731354
Bi-GRU,7,2025-02-23,2025-03-02,19.0,34.34972234070301
Bi-GRU,7,2025-02-24,2025-03-03,17.0,29.987515211105347
Bi-GRU,7,2025-02-25,2025-03-04,29.0,27.93932568281889
Bi-GRU,7,2025-02-26,2025-03-05,36.0,29.938330128788948
Bi-GRU,7,2025-02-27,2025-03-06,32.0,41.59843437373638
Bi-GRU,7,2025-02-28,2025-03-07,29.0,53.947189673781395
Bi-GRU,7,2025-03-01,2025-03-08,18.0,49.78242672979832
Bi-GRU,7,2025-03-02,2025-03-09,25.000000000000004,49.32929299771786
Bi-GRU,7,2025-03-03,2025-03-10,24.0,55.573851615190506
Bi-GRU,7,2025-03-04,2025-03-11,53.0,68.68580684065819
Bi-GRU,7,2025-03-05,2025-03-12,73.0,75.98657429218292
Bi-GRU,7,2025-03-06,2025-03-13,106.0,68.88830780982971
Bi-GRU,7,2025-03-07,2025-03-14,290.0,61.58084623515606
Bi-GRU,7,2025-03-08,2025-03-15,92.99999999999999,53.15495692193508
Bi-GRU,7,2025-03-09,2025-03-16,29.999999999999996,40.850659385323524
Bi-GRU,7,2025-03-10,2025-03-17,20.999999999999996,45.55053785443306
Bi-GRU,7,2025-03-11,2025-03-18,41.99999999999999,60.51267184317112
Bi-GRU,7,2025-03-12,2025-03-19,83.99999999999999,70.81857144832611
Bi-GRU,7,2025-03-13,2025-03-20,100.00000000000001,63.458115980029106
Bi-GRU,7,2025-03-14,2025-03-21,73.0,57.6437833160162
Bi-GRU,7,2025-03-15,2025-03-22,56.0,59.39443379640579
Bi-GRU,7,2025-03-16,2025-03-23,91.00000000000001,57.81764581799507
Bi-GRU,7,2025-03-17,2025-03-24,54.0,52.688504830002785
Bi-GRU,7,2025-03-18,2025-03-25,50.99999999999999,53.967746272683144
Bi-GRU,7,2025-03-19,2025-03-26,66.0,55.01560866832733
Bi-GRU,7,2025-03-20,2025-03-27,62.0,55.48348344862461
Bi-GRU,7,2025-03-21,2025-03-28,52.0,51.601600870490074
Bi-GRU,7,2025-03-22,2025-03-29,23.0,39.97001029551029
Bi-GRU,7,2025-03-23,2025-03-30,9.0,32.028209418058395
Bi-GRU,7,2025-03-24,2025-03-31,20.999999999999996,35.828988775610924
Bi-GRU,7,2025-03-25,2025-04-01,22.0,30.390640199184418
Bi-GRU,7,2025-03-26,2025-04-02,35.0,39.87847402691841
Bi-GRU,7,2025-03-27,2025-04-03,29.999999999999996,47.76875361800194
Bi-GRU,7,2025-03-28,2025-04-04,36.0,41.76729999482632
Bi-GRU,7,2025-03-29,2025-04-05,50.99999999999999,35.343133211135864
Bi-GRU,7,2025-03-30,2025-04-06,32.0,35.411007925868034
Bi-GRU,7,2025-03-31,2025-04-07,36.0,40.688752457499504
Bi-GRU,7,2025-04-01,2025-04-08,29.999999999999996,54.89803470671177
Bi-GRU,7,2025-04-02,2025-04-09,71.0,74.25580650568008
Bi-GRU,7,2025-04-03,2025-04-10,57.0,70.18314890563488
Bi-GRU,7,2025-04-04,2025-04-11,65.0,63.01630385220051
Bi-GRU,7,2025-04-05,2025-04-12,63.0,60.21659791469574
Bi-GRU,7,2025-04-06,2025-04-13,41.99999999999999,58.77046264708042
Bi-GRU,7,2025-04-07,2025-04-14,91.00000000000001,74.49373491108418
Bi-GRU,7,2025-04-08,2025-04-15,82.0,79.48783032596111
Bi-GRU,7,2025-04-09,2025-04-16,40.0,77.94675931334496
Bi-GRU,7,2025-04-10,2025-04-17,34.0,90.95255702733994
Bi-GRU,7,2025-04-11,2025-04-18,50.00000000000001,84.43929001688957
Bi-GRU,7,2025-04-12,2025-04-19,45.0,63.06913800537586
Bi-GRU,7,2025-04-13,2025-04-20,25.000000000000004,42.95600354671478
Bi-GRU,7,2025-04-14,2025-04-21,41.99999999999999,45.29315605759621
Bi-GRU,7,2025-04-15,2025-04-22,56.0,62.37002894282341
Bi-GRU,7,2025-04-16,2025-04-23,20.999999999999996,46.17630608379841
Bi-GRU,7,2025-04-17,2025-04-24,50.00000000000001,45.55857479572296
Bi-GRU,7,2025-04-18,2025-04-25,63.0,24.40450169146061
Bi-GRU,7,2025-04-19,2025-04-26,63.0,18.690441101789474
Bi-GRU,7,2025-04-20,2025-04-27,99.0,19.083589799702168
Bi-GRU,7,2025-04-21,2025-04-28,80.0,21.966869942843914
Bi-GRU,7,2025-04-22,2025-04-29,54.0,24.740251153707504
Bi-GRU,7,2025-04-23,2025-04-30,52.0,32.522321566939354
Bi-GRU,7,2025-04-24,2025-05-01,49.0,48.70198726654053
Bi-GRU,7,2025-04-25,2025-05-02,43.0,58.49188029766083
Bi-GRU,7,2025-04-26,2025-05-03,27.0,44.669988602399826
Bi-GRU,7,2025-04-27,2025-05-04,26.0,33.07573236525059
Bi-GRU,7,2025-04-28,2025-05-05,18.0,35.30249923467636
Bi-GRU,7,2025-04-29,2025-05-06,26.0,31.508254259824753
Bi-GRU,7,2025-04-30,2025-05-07,23.0,36.47603243589401
Bi-GRU,7,2025-05-01,2025-05-08,16.0,41.59793518483639
Bi-GRU,7,2025-05-02,2025-05-09,11.0,48.408529087901115
Bi-GRU,7,2025-05-03,2025-05-10,18.0,55.43035477399826
Bi-GRU,7,2025-05-04,2025-05-11,14.0,74.74691353738308
Bi-GRU,7,2025-05-05,2025-05-12,27.0,94.87727999687195
Bi-GRU,7,2025-05-06,2025-05-13,25.000000000000004,86.75824210047722
Bi-GRU,7,2025-05-07,2025-05-14,12.0,62.717154920101166
Bi-GRU,7,2025-05-08,2025-05-15,35.0,43.37244689464569
Bi-GRU,7,2025-05-09,2025-05-16,24.0,31.97534531354904
Bi-GRU,7,2025-05-10,2025-05-17,29.999999999999996,25.768353156745434
Bi-GRU,7,2025-05-11,2025-05-18,29.0,20.395432021468878
Bi-GRU,7,2025-05-12,2025-05-19,20.999999999999996,20.775857642292976
Bi-GRU,7,2025-05-13,2025-05-20,34.0,25.064868703484535
Bi-GRU,7,2025-05-14,2025-05-21,19.0,31.05711229145527
Bi-GRU,7,2025-05-15,2025-05-22,31.0,30.22679641842842
Bi-GRU,7,2025-05-16,2025-05-23,13.0,21.04714434593916
Bi-GRU,7,2025-05-17,2025-05-24,12.0,17.254847455769777
Bi-GRU,7,2025-05-18,2025-05-25,16.0,16.86599927023053
Bi-GRU,7,2025-05-19,2025-05-26,11.0,18.800997715443373
Bi-GRU,7,2025-05-20,2025-05-27,22.0,21.062042638659477
Bi-GRU,7,2025-05-21,2025-05-28,28.0,27.62673109769821
Bi-GRU,7,2025-05-22,2025-05-29,33.0,30.99818803369999
Bi-GRU,7,2025-05-23,2025-05-30,12.0,26.595756262540817
Bi-GRU,7,2025-05-24,2025-05-31,24.0,19.53083185479045
Bi-GRU,14,2024-05-31,2024-06-14,16.0,16.184544023126364
Bi-GRU,14,2024-06-01,2024-06-15,14.0,15.25246474891901
Bi-GRU,14,2024-06-02,2024-06-16,8.0,14.176616575568914
Bi-GRU,14,2024-06-03,2024-06-17,12.0,15.672487281262875
Bi-GRU,14,2024-06-04,2024-06-18,14.999999999999998,16.274280715733767
Bi-GRU,14,2024-06-05,2024-06-19,6.0,16.273608058691025
Bi-GRU,14,2024-06-06,2024-06-20,19.0,16.788157001137733
Bi-GRU,14,2024-06-07,2024-06-21,17.0,17.611666433513165
Bi-GRU,14,2024-06-08,2024-06-22,16.0,17.235251795500517
Bi-GRU,14,2024-06-09,2024-06-23,14.0,16.87429329380393
Bi-GRU,14,2024-06-10,2024-06-24,40.0,20.65618084743619
Bi-GRU,14,2024-06-11,2024-06-25,24.0,21.657572500407696
Bi-GRU,14,2024-06-12,2024-06-26,25.000000000000004,22.172308638691902
Bi-GRU,14,2024-06-13,2024-06-27,13.0,21.6980117931962
Bi-GRU,14,2024-06-14,2024-06-28,20.0,20.729388147592545
Bi-GRU,14,2024-06-15,2024-06-29,22.0,19.7064964286983
Bi-GRU,14,2024-06-16,2024-06-30,7.0,20.39103167131543
Bi-GRU,14,2024-06-17,2024-07-01,18.0,23.244306817650795
Bi-GRU,14,2024-06-18,2024-07-02,20.999999999999996,22.887663803994656
Bi-GRU,14,2024-06-19,2024-07-03,8.0,21.469667814671993
Bi-GRU,14,2024-06-20,2024-07-04,10.0,19.419315550476313
Bi-GRU,14,2024-06-21,2024-07-05,19.0,18.84142078459263
Bi-GRU,14,2024-06-22,2024-07-06,20.999999999999996,18.40300064533949
Bi-GRU,14,2024-06-23,2024-07-07,23.0,18.247133903205395
Bi-GRU,14,2024-06-24,2024-07-08,19.0,20.834731981158257
Bi-GRU,14,2024-06-25,2024-07-09,24.0,20.462488066405058
Bi-GRU,14,2024-06-26,2024-07-10,34.0,20.431691855192184
Bi-GRU,14,2024-06-27,2024-07-11,20.0,20.979788787662983
Bi-GRU,14,2024-06-28,2024-07-12,11.0,20.245012678205967
Bi-GRU,14,2024-06-29,2024-07-13,25.000000000000004,20.073274224996567
Bi-GRU,14,2024-06-30,2024-07-14,18.0,19.82603469863534
Bi-GRU,14,2024-07-01,2024-07-15,14.999999999999998,20.19076831638813
Bi-GRU,14,2024-07-02,2024-07-16,10.0,19.531855192035437
Bi-GRU,14,2024-07-03,2024-07-17,16.0,18.678348250687122
Bi-GRU,14,2024-07-04,2024-07-18,12.0,18.690353743731976
Bi-GRU,14,2024-07-05,2024-07-19,7.0,18.457364812493324
Bi-GRU,14,2024-07-06,2024-07-20,17.0,18.93058715388179
Bi-GRU,14,2024-07-07,2024-07-21,10.0,19.96011059731245
Bi-GRU,14,2024-07-08,2024-07-22,12.0,22.109031453728676
Bi-GRU,14,2024-07-09,2024-07-23,11.0,21.65151733905077
Bi-GRU,14,2024-07-10,2024-07-24,13.0,23.119180127978325
Bi-GRU,14,2024-07-11,2024-07-25,10.0,23.625557348132133
Bi-GRU,14,2024-07-12,2024-07-26,12.0,24.965332932770252
Bi-GRU,14,2024-07-13,2024-07-27,17.0,26.977216452360153
Bi-GRU,14,2024-07-14,2024-07-28,13.0,28.25991727411747
Bi-GRU,14,2024-07-15,2024-07-29,22.0,27.34868288040161
Bi-GRU,14,2024-07-16,2024-07-30,38.0,23.384254425764084
Bi-GRU,14,2024-07-17,2024-07-31,22.0,21.752458326518536
Bi-GRU,14,2024-07-18,2024-08-01,24.0,19.976130817085505
Bi-GRU,14,2024-07-19,2024-08-02,20.999999999999996,18.934820275753736
Bi-GRU,14,2024-07-20,2024-08-03,27.0,18.674721643328667
Bi-GRU,14,2024-07-21,2024-08-04,13.0,18.62526075914502
Bi-GRU,14,2024-07-22,2024-08-05,20.999999999999996,20.88759358972311
Bi-GRU,14,2024-07-23,2024-08-06,14.0,20.797818209975958
Bi-GRU,14,2024-07-24,2024-08-07,14.999999999999998,22.57582549005747
Bi-GRU,14,2024-07-25,2024-08-08,14.0,22.728287763893604
Bi-GRU,14,2024-07-26,2024-08-09,20.0,22.419005297124386
Bi-GRU,14,2024-07-27,2024-08-10,26.0,22.28625349700451
Bi-GRU,14,2024-07-28,2024-08-11,25.000000000000004,23.00176590681076
Bi-GRU,14,2024-07-29,2024-08-12,28.0,25.05721613764763
Bi-GRU,14,2024-07-30,2024-08-13,37.0,24.8469752445817
Bi-GRU,14,2024-07-31,2024-08-14,24.0,21.198982633650303
Bi-GRU,14,2024-08-01,2024-08-15,33.0,20.09746991097927
Bi-GRU,14,2024-08-02,2024-08-16,25.000000000000004,19.84891127794981
Bi-GRU,14,2024-08-03,2024-08-17,13.0,18.72426863759756
Bi-GRU,14,2024-08-04,2024-08-18,13.0,17.587949968874454
Bi-GRU,14,2024-08-05,2024-08-19,7.0,18.813176676630974
Bi-GRU,14,2024-08-06,2024-08-20,24.0,20.124691929668188
Bi-GRU,14,2024-08-07,2024-08-21,19.0,21.42670761793852
Bi-GRU,14,2024-08-08,2024-08-22,19.0,20.96766099333763
Bi-GRU,14,2024-08-09,2024-08-23,27.0,19.869892187416553
Bi-GRU,14,2024-08-10,2024-08-24,27.0,20.605267323553562
Bi-GRU,14,2024-08-11,2024-08-25,25.000000000000004,21.50416925549507
Bi-GRU,14,2024-08-12,2024-08-26,32.0,25.05214437842369
Bi-GRU,14,2024-08-13,2024-08-27,22.0,26.848642863333225
Bi-GRU,14,2024-08-14,2024-08-28,29.999999999999996,26.49562895298004
Bi-GRU,14,2024-08-15,2024-08-29,17.0,25.759889408946037
Bi-GRU,14,2024-08-16,2024-08-30,17.0,25.860835388302803
Bi-GRU,14,2024-08-17,2024-08-31,13.0,26.665333211421967
Bi-GRU,14,2024-08-18,2024-09-01,9.0,27.330574803054333
Bi-GRU,14,2024-08-19,2024-09-02,20.999999999999996,27.03786291182041
Bi-GRU,14,2024-08-20,2024-09-03,20.0,23.96701004356146
Bi-GRU,14,2024-08-21,2024-09-04,27.0,22.881770879030228
Bi-GRU,14,2024-08-22,2024-09-05,22.0,24.154712557792664
Bi-GRU,14,2024-08-23,2024-09-06,37.0,26.815384402871132
Bi-GRU,14,2024-08-24,2024-09-07,41.99999999999999,30.86141277104616
Bi-GRU,14,2024-08-25,2024-09-08,34.0,32.77452178299427
Bi-GRU,14,2024-08-26,2024-09-09,9.0,34.263512417674065
Bi-GRU,14,2024-08-27,2024-09-10,19.0,34.2198758199811
Bi-GRU,14,2024-08-28,2024-09-11,26.0,50.9780390560627
Bi-GRU,14,2024-08-29,2024-09-12,34.0,55.00649847090244
Bi-GRU,14,2024-08-30,2024-09-13,14.0,47.06691399216652
Bi-GRU,14,2024-08-31,2024-09-14,18.0,31.90436564385891
Bi-GRU,14,2024-09-01,2024-09-15,19.0,22.861596159636974
Bi-GRU,14,2024-09-02,2024-09-16,29.0,24.83393643051386
Bi-GRU,14,2024-09-03,2024-09-17,24.0,25.488672591745853
Bi-GRU,14,2024-09-04,2024-09-18,34.0,26.641564331948757
Bi-GRU,14,2024-09-05,2024-09-19,26.0,27.93938808143139
Bi-GRU,14,2024-09-06,2024-09-20,28.0,30.624050945043564
Bi-GRU,14,2024-09-07,2024-09-21,14.999999999999998,35.59445984661579
Bi-GRU,14,2024-09-08,2024-09-22,23.0,40.088268145918846
Bi-GRU,14,2024-09-09,2024-09-23,25.000000000000004,45.64452514052391
Bi-GRU,14,2024-09-10,2024-09-24,9.0,53.51819671690464
Bi-GRU,14,2024-09-11,2024-09-25,29.0,81.06283120810986
Bi-GRU,14,2024-09-12,2024-09-26,32.0,109.29934650659561
Bi-GRU,14,2024-09-13,2024-09-27,23.0,114.71208170056343
Bi-GRU,14,2024-09-14,2024-09-28,92.99999999999999,95.1347815990448
Bi-GRU,14,2024-09-15,2024-09-29,49.0,51.12693212926388
Bi-GRU,14,2024-09-16,2024-09-30,38.0,45.021702125668526
Bi-GRU,14,2024-09-17,2024-10-01,25.000000000000004,42.71926820278168
Bi-GRU,14,2024-09-18,2024-10-02,17.0,34.174264930188656
Bi-GRU,14,2024-09-19,2024-10-03,22.0,36.812021508812904
Bi-GRU,14,2024-09-20,2024-10-04,39.0,53.3821927011013
Bi-GRU,14,2024-09-21,2024-10-05,35.0,73.42459708452225
Bi-GRU,14,2024-09-22,2024-10-06,29.0,60.75327090919018
Bi-GRU,14,2024-09-23,2024-10-07,104.0,52.41876311600208
Bi-GRU,14,2024-09-24,2024-10-08,144.0,42.00275741517544
Bi-GRU,14,2024-09-25,2024-10-09,68.0,33.39217070490122
Bi-GRU,14,2024-09-26,2024-10-10,173.0,28.686222098767757
Bi-GRU,14,2024-09-27,2024-10-11,156.0,32.75430962443352
Bi-GRU,14,2024-09-28,2024-10-12,135.0,37.83661171793938
Bi-GRU,14,2024-09-29,2024-10-13,67.0,37.58668031543493
Bi-GRU,14,2024-09-30,2024-10-14,78.0,48.52260872721672
Bi-GRU,14,2024-10-01,2024-10-15,50.99999999999999,91.59838765859604
Bi-GRU,14,2024-10-02,2024-10-16,100.00000000000001,109.67148184776306
Bi-GRU,14,2024-10-03,2024-10-17,137.0,104.7447469830513
Bi-GRU,14,2024-10-04,2024-10-18,149.0,93.67705017328262
Bi-GRU,14,2024-10-05,2024-10-19,140.0,61.00916013121605
Bi-GRU,14,2024-10-06,2024-10-20,85.0,41.69189501553774
Bi-GRU,14,2024-10-07,2024-10-21,59.99999999999999,40.6235234439373
Bi-GRU,14,2024-10-08,2024-10-22,105.0,46.45990528166294
Bi-GRU,14,2024-10-09,2024-10-23,125.0,54.31751295924187
Bi-GRU,14,2024-10-10,2024-10-24,121.0,63.23603183031082
Bi-GRU,14,2024-10-11,2024-10-25,136.0,143.12838986516
Bi-GRU,14,2024-10-12,2024-10-26,53.0,133.0355890095234
Bi-GRU,14,2024-10-13,2024-10-27,110.0,40.51981445401907
Bi-GRU,14,2024-10-14,2024-10-28,52.0,84.04265448451042
Bi-GRU,14,2024-10-15,2024-10-29,64.0,75.94158738851547
Bi-GRU,14,2024-10-16,2024-10-30,54.0,52.61008724570274
Bi-GRU,14,2024-10-17,2024-10-31,49.0,55.181469172239304
Bi-GRU,14,2024-10-18,2024-11-01,37.0,87.593674659729
Bi-GRU,14,2024-10-19,2024-11-02,65.0,104.56116527318954
Bi-GRU,14,2024-10-20,2024-11-03,50.00000000000001,94.57493126392365
Bi-GRU,14,2024-10-21,2024-11-04,79.0,84.36924383044243
Bi-GRU,14,2024-10-22,2024-11-05,108.0,85.36322876811028
Bi-GRU,14,2024-10-23,2024-11-06,53.0,115.3855374455452
Bi-GRU,14,2024-10-24,2024-11-07,90.0,96.81057870388031
Bi-GRU,14,2024-10-25,2024-11-08,184.0,92.17307388782501
Bi-GRU,14,2024-10-26,2024-11-09,66.0,83.13283279538155
Bi-GRU,14,2024-10-27,2024-11-10,59.00000000000001,56.96222074329853
Bi-GRU,14,2024-10-28,2024-11-11,126.0,62.69689284265041
Bi-GRU,14,2024-10-29,2024-11-12,73.0,101.52018636465073
Bi-GRU,14,2024-10-30,2024-11-13,94.0,102.92304694652557
Bi-GRU,14,2024-10-31,2024-11-14,71.0,114.05473977327347
Bi-GRU,14,2024-11-01,2024-11-15,79.0,87.88703799247742
Bi-GRU,14,2024-11-02,2024-11-16,68.0,63.0988946557045
Bi-GRU,14,2024-11-03,2024-11-17,36.0,61.10552854835987
Bi-GRU,14,2024-11-04,2024-11-18,89.0,80.21271750330925
Bi-GRU,14,2024-11-05,2024-11-19,104.0,110.8383658528328
Bi-GRU,14,2024-11-06,2024-11-20,68.0,85.17949730157852
Bi-GRU,14,2024-11-07,2024-11-21,167.0,80.82027032971382
Bi-GRU,14,2024-11-08,2024-11-22,187.0,92.48921021819115
Bi-GRU,14,2024-11-09,2024-11-23,135.0,102.93131351470947
Bi-GRU,14,2024-11-10,2024-11-24,80.0,92.3132860660553
Bi-GRU,14,2024-11-11,2024-11-25,57.0,92.15926632285118
Bi-GRU,14,2024-11-12,2024-11-26,53.0,91.4047722518444
Bi-GRU,14,2024-11-13,2024-11-27,47.0,76.31882943212986
Bi-GRU,14,2024-11-14,2024-11-28,70.0,85.50338104367256
Bi-GRU,14,2024-11-15,2024-11-29,62.0,176.18315130472183
Bi-GRU,14,2024-11-16,2024-11-30,48.0,105.25068491697311
Bi-GRU,14,2024-11-17,2024-12-01,53.0,62.57213056087494
Bi-GRU,14,2024-11-18,2024-12-02,55.0,59.02748502790928
Bi-GRU,14,2024-11-19,2024-12-03,61.0,83.29433038830757
Bi-GRU,14,2024-11-20,2024-12-04,74.0,90.17386227846146
Bi-GRU,14,2024-11-21,2024-12-05,83.0,84.22928124666214
Bi-GRU,14,2024-11-22,2024-12-06,37.0,104.55198019742966
Bi-GRU,14,2024-11-23,2024-12-07,31.0,114.83501195907593
Bi-GRU,14,2024-11-24,2024-12-08,29.0,94.68061953783035
Bi-GRU,14,2024-11-25,2024-12-09,70.0,95.22310808300972
Bi-GRU,14,2024-11-26,2024-12-10,114.0,146.27480745315552
Bi-GRU,14,2024-11-27,2024-12-11,96.0,100.63553377985954
Bi-GRU,14,2024-11-28,2024-12-12,73.0,75.07725678384304
Bi-GRU,14,2024-11-29,2024-12-13,119.0,72.08631657063961
Bi-GRU,14,2024-11-30,2024-12-14,140.0,58.957353979349136
Bi-GRU,14,2024-12-01,2024-12-15,119.0,41.92305192351341
Bi-GRU,14,2024-12-02,2024-12-16,95.0,53.701833337545395
Bi-GRU,14,2024-12-03,2024-12-17,98.0,71.19758062064648
Bi-GRU,14,2024-12-04,2024-12-18,63.0,100.64441934227943
Bi-GRU,14,2024-12-05,2024-12-19,156.0,104.39042270183563
Bi-GRU,14,2024-12-06,2024-12-20,101.99999999999999,85.60154154896736
Bi-GRU,14,2024-12-07,2024-12-21,95.0,80.4054343700409
Bi-GRU,14,2024-12-08,2024-12-22,106.0,63.158917129039764
Bi-GRU,14,2024-12-09,2024-12-23,83.0,44.13051515817642
Bi-GRU,14,2024-12-10,2024-12-24,128.0,55.179796889424324
Bi-GRU,14,2024-12-11,2024-12-25,101.99999999999999,77.79153153300285
Bi-GRU,14,2024-12-12,2024-12-26,75.0,82.24984750151634
Bi-GRU,14,2024-12-13,2024-12-27,62.0,85.1810547709465
Bi-GRU,14,2024-12-14,2024-12-28,47.0,73.79204005002975
Bi-GRU,14,2024-12-15,2024-12-29,58.0,48.915625140070915
Bi-GRU,14,2024-12-16,2024-12-30,150.0,41.8665811792016
Bi-GRU,14,2024-12-17,2024-12-31,95.0,40.23701146245003
Bi-GRU,14,2024-12-18,2025-01-01,78.0,46.72173984348774
Bi-GRU,14,2024-12-19,2025-01-02,59.00000000000001,50.52206993103027
Bi-GRU,14,2024-12-20,2025-01-03,64.0,49.99749727547169
Bi-GRU,14,2024-12-21,2025-01-04,41.0,54.68722723424435
Bi-GRU,14,2024-12-22,2025-01-05,101.99999999999999,57.397004291415215
Bi-GRU,14,2024-12-23,2025-01-06,108.0,70.89675441384315
Bi-GRU,14,2024-12-24,2025-01-07,62.0,71.92945145070553
Bi-GRU,14,2024-12-25,2025-01-08,107.0,72.28872269392014
Bi-GRU,14,2024-12-26,2025-01-09,124.0,79.09879244863987
Bi-GRU,14,2024-12-27,2025-01-10,97.0,82.41174444556236
Bi-GRU,14,2024-12-28,2025-01-11,72.0,98.68985518813133
Bi-GRU,14,2024-12-29,2025-01-12,92.0,91.86070144176483
Bi-GRU,14,2024-12-30,2025-01-13,75.0,73.20596233010292
Bi-GRU,14,2024-12-31,2025-01-14,94.0,58.10807891190052
Bi-GRU,14,2025-01-01,2025-01-15,92.99999999999999,51.689692735672
Bi-GRU,14,2025-01-02,2025-01-16,81.0,66.51673123240471
Bi-GRU,14,2025-01-03,2025-01-17,71.0,74.2710117995739
Bi-GRU,14,2025-01-04,2025-01-18,47.0,72.59127110242844
Bi-GRU,14,2025-01-05,2025-01-19,114.0,79.05687056481838
Bi-GRU,14,2025-01-06,2025-01-20,81.0,105.0311216711998
Bi-GRU,14,2025-01-07,2025-01-21,89.0,127.55164951086044
Bi-GRU,14,2025-01-08,2025-01-22,202.0,95.31233310699463
Bi-GRU,14,2025-01-09,2025-01-23,364.00000000000006,71.43772043287754
Bi-GRU,14,2025-01-10,2025-01-24,140.0,75.14916494488716
Bi-GRU,14,2025-01-11,2025-01-25,71.0,92.52942487597466
Bi-GRU,14,2025-01-12,2025-01-26,69.0,88.80372852087021
Bi-GRU,14,2025-01-13,2025-01-27,74.0,77.35292419791222
Bi-GRU,14,2025-01-14,2025-01-28,96.0,56.480922773480415
Bi-GRU,14,2025-01-15,2025-01-29,109.00000000000001,38.12614377588034
Bi-GRU,14,2025-01-16,2025-01-30,91.00000000000001,36.74272909760475
Bi-GRU,14,2025-01-17,2025-01-31,145.0,44.89209771156311
Bi-GRU,14,2025-01-18,2025-02-01,71.0,50.17070583999157
Bi-GRU,14,2025-01-19,2025-02-02,101.0,49.6856340020895
Bi-GRU,14,2025-01-20,2025-02-03,41.0,56.92883498966694
Bi-GRU,14,2025-01-21,2025-02-04,44.0,55.28903439640999
Bi-GRU,14,2025-01-22,2025-02-05,54.0,56.08741715550423
Bi-GRU,14,2025-01-23,2025-02-06,26.0,56.923623457551
Bi-GRU,14,2025-01-24,2025-02-07,14.0,66.7796140909195
Bi-GRU,14,2025-01-25,2025-02-08,64.0,72.43539437651634
Bi-GRU,14,2025-01-26,2025-02-09,29.999999999999996,84.66159880161285
Bi-GRU,14,2025-01-27,2025-02-10,38.0,107.05275684595108
Bi-GRU,14,2025-01-28,2025-02-11,92.99999999999999,114.63124305009842
Bi-GRU,14,2025-01-29,2025-02-12,69.0,132.84217327833176
Bi-GRU,14,2025-01-30,2025-02-13,33.0,88.29066216945648
Bi-GRU,14,2025-01-31,2025-02-14,41.0,55.413651913404465
Bi-GRU,14,2025-02-01,2025-02-15,32.0,44.78845611214638
Bi-GRU,14,2025-02-02,2025-02-16,63.0,39.28738944232464
Bi-GRU,14,2025-02-03,2025-02-17,46.0,48.86428356170654
Bi-GRU,14,2025-02-04,2025-02-18,27.0,78.20699647068977
Bi-GRU,14,2025-02-05,2025-02-19,26.0,58.124137818813324
Bi-GRU,14,2025-02-06,2025-02-20,27.0,45.19492067396641
Bi-GRU,14,2025-02-07,2025-02-21,35.0,42.96994090080261
Bi-GRU,14,2025-02-08,2025-02-22,41.0,41.55832454562187
Bi-GRU,14,2025-02-09,2025-02-23,13.0,35.19543319940567
Bi-GRU,14,2025-02-10,2025-02-24,67.0,46.56329229474068
Bi-GRU,14,2025-02-11,2025-02-25,94.0,83.11002984642982
Bi-GRU,14,2025-02-12,2025-02-26,50.00000000000001,69.32611644268036
Bi-GRU,14,2025-02-13,2025-02-27,40.0,64.72697928547859
Bi-GRU,14,2025-02-14,2025-02-28,24.0,71.6124914586544
Bi-GRU,14,2025-02-15,2025-03-01,37.0,84.68717724084854
Bi-GRU,14,2025-02-16,2025-03-02,19.0,59.05205011367798
Bi-GRU,14,2025-02-17,2025-03-03,17.0,50.24664245545864
Bi-GRU,14,2025-02-18,2025-03-04,29.0,39.42783623933792
Bi-GRU,14,2025-02-19,2025-03-05,36.0,42.56532832980156
Bi-GRU,14,2025-02-20,2025-03-06,32.0,43.59640300273895
Bi-GRU,14,2025-02-21,2025-03-07,29.0,43.45934569835663
Bi-GRU,14,2025-02-22,2025-03-08,18.0,41.60594217479229
Bi-GRU,14,2025-02-23,2025-03-09,25.000000000000004,50.8226764947176
Bi-GRU,14,2025-02-24,2025-03-10,24.0,57.36892990767956
Bi-GRU,14,2025-02-25,2025-03-11,53.0,57.987025603652
Bi-GRU,14,2025-02-26,2025-03-12,73.0,66.5663506090641
Bi-GRU,14,2025-02-27,2025-03-13,106.0,70.43797984719276
Bi-GRU,14,2025-02-28,2025-03-14,290.0,59.23677995800972
Bi-GRU,14,2025-03-01,2025-03-15,92.99999999999999,49.375248327851295
Bi-GRU,14,2025-03-02,2025-03-16,29.999999999999996,49.405539110302925
Bi-GRU,14,2025-03-03,2025-03-17,20.999999999999996,50.93930698931217
Bi-GRU,14,2025-03-04,2025-03-18,41.99999999999999,48.16169515252113
Bi-GRU,14,2025-03-05,2025-03-19,83.99999999999999,41.45634274929762
Bi-GRU,14,2025-03-06,2025-03-20,100.00000000000001,39.12524290382862
Bi-GRU,14,2025-03-07,2025-03-21,73.0,36.92174073308706
Bi-GRU,14,2025-03-08,2025-03-22,56.0,38.48570205271244
Bi-GRU,14,2025-03-09,2025-03-23,91.00000000000001,39.923116490244865
Bi-GRU,14,2025-03-10,2025-03-24,54.0,44.890001118183136
Bi-GRU,14,2025-03-11,2025-03-25,50.99999999999999,53.07343937456608
Bi-GRU,14,2025-03-12,2025-03-26,66.0,52.60194048285484
Bi-GRU,14,2025-03-13,2025-03-27,62.0,56.3922019302845
Bi-GRU,14,2025-03-14,2025-03-28,52.0,60.0643752515316
Bi-GRU,14,2025-03-15,2025-03-29,23.0,53.02983023226261
Bi-GRU,14,2025-03-16,2025-03-30,9.0,33.22520948946476
Bi-GRU,14,2025-03-17,2025-03-31,20.999999999999996,40.00969581305981
Bi-GRU,14,2025-03-18,2025-04-01,22.0,50.71066349744797
Bi-GRU,14,2025-03-19,2025-04-02,35.0,60.72863094508648
Bi-GRU,14,2025-03-20,2025-04-03,29.999999999999996,74.19069729745388
Bi-GRU,14,2025-03-21,2025-04-04,36.0,42.961629405617714
Bi-GRU,14,2025-03-22,2025-04-05,50.99999999999999,34.50531203299761
Bi-GRU,14,2025-03-23,2025-04-06,32.0,35.05496144294739
Bi-GRU,14,2025-03-24,2025-04-07,36.0,42.18433238565922
Bi-GRU,14,2025-03-25,2025-04-08,29.999999999999996,46.60477489233017
Bi-GRU,14,2025-03-26,2025-04-09,71.0,48.07751193642616
Bi-GRU,14,2025-03-27,2025-04-10,57.0,38.97470749914646
Bi-GRU,14,2025-03-28,2025-04-11,65.0,38.94438426941633
Bi-GRU,14,2025-03-29,2025-04-12,63.0,44.28926222026348
Bi-GRU,14,2025-03-30,2025-04-13,41.99999999999999,44.81187306344509
Bi-GRU,14,2025-03-31,2025-04-14,91.00000000000001,48.213041722774506
Bi-GRU,14,2025-04-01,2025-04-15,82.0,60.60582049190998
Bi-GRU,14,2025-04-02,2025-04-16,40.0,64.4643060863018
Bi-GRU,14,2025-04-03,2025-04-17,34.0,62.7389744669199
Bi-GRU,14,2025-04-04,2025-04-18,50.00000000000001,57.567901611328125
Bi-GRU,14,2025-04-05,2025-04-19,45.0,52.06723928451538
Bi-GRU,14,2025-04-06,2025-04-20,25.000000000000004,40.72836808860302
Bi-GRU,14,2025-04-07,2025-04-21,41.99999999999999,45.085513442754745
Bi-GRU,14,2025-04-08,2025-04-22,56.0,44.28870312869549
Bi-GRU,14,2025-04-09,2025-04-23,20.999999999999996,50.74617579579353
Bi-GRU,14,2025-04-10,2025-04-24,50.00000000000001,41.26651369035244
Bi-GRU,14,2025-04-11,2025-04-25,63.0,31.111471466720104
Bi-GRU,14,2025-04-12,2025-04-26,63.0,29.04671385884285
Bi-GRU,14,2025-04-13,2025-04-27,99.0,30.92528149485588
Bi-GRU,14,2025-04-14,2025-04-28,80.0,36.19625952094793
Bi-GRU,14,2025-04-15,2025-04-29,54.0,38.56491833925247
Bi-GRU,14,2025-04-16,2025-04-30,52.0,38.84790603071451
Bi-GRU,14,2025-04-17,2025-05-01,49.0,38.203245997428894
Bi-GRU,14,2025-04-18,2025-05-02,43.0,36.24578405171633
Bi-GRU,14,2025-04-19,2025-05-03,27.0,34.27526332437992
Bi-GRU,14,2025-04-20,2025-05-04,26.0,38.44232253730297
Bi-GRU,14,2025-04-21,2025-05-05,18.0,45.368503630161285
Bi-GRU,14,2025-04-22,2025-05-06,26.0,44.66298997402191
Bi-GRU,14,2025-04-23,2025-05-07,23.0,47.75810591876507
Bi-GRU,14,2025-04-24,2025-05-08,16.0,45.6865568459034
Bi-GRU,14,2025-04-25,2025-05-09,11.0,38.52321360260248
Bi-GRU,14,2025-04-26,2025-05-10,18.0,34.22687944024801
Bi-GRU,14,2025-04-27,2025-05-11,14.0,39.39030222594738
Bi-GRU,14,2025-04-28,2025-05-12,27.0,46.118480041623116
Bi-GRU,14,2025-04-29,2025-05-13,25.000000000000004,48.86938028037548
Bi-GRU,14,2025-04-30,2025-05-14,12.0,60.126294642686844
Bi-GRU,14,2025-05-01,2025-05-15,35.0,74.1565977036953
Bi-GRU,14,2025-05-02,2025-05-16,24.0,63.95342618227005
Bi-GRU,14,2025-05-03,2025-05-17,29.999999999999996,41.54302939772606
Bi-GRU,14,2025-05-04,2025-05-18,29.0,25.71054458618164
Bi-GRU,14,2025-05-05,2025-05-19,20.999999999999996,24.979742020368576
Bi-GRU,14,2025-05-06,2025-05-20,34.0,24.54589195549488
Bi-GRU,14,2025-05-07,2025-05-21,19.0,25.82433968782425
Bi-GRU,14,2025-05-08,2025-05-22,31.0,26.52105014771223
Bi-GRU,14,2025-05-09,2025-05-23,13.0,28.812110051512718
Bi-GRU,14,2025-05-10,2025-05-24,12.0,23.602389991283417
Bi-GRU,14,2025-05-11,2025-05-25,16.0,22.13575303554535
Bi-GRU,14,2025-05-12,2025-05-26,11.0,20.9620725736022
Bi-GRU,14,2025-05-13,2025-05-27,22.0,23.74032836407423
Bi-GRU,14,2025-05-14,2025-05-28,28.0,25.47245644032955
Bi-GRU,14,2025-05-15,2025-05-29,33.0,23.57526406645775
Bi-GRU,14,2025-05-16,2025-05-30,12.0,21.284443773329258
Bi-GRU,14,2025-05-17,2025-05-31,24.0,19.83084937557578
