mean_fit_time,std_fit_time,mean_score_time,std_score_time,param_colsample_bytree,param_gamma,param_learning_rate,param_max_depth,param_min_child_weight,param_n_estimators,param_subsample,params,split0_test_score,split1_test_score,split2_test_score,split3_test_score,split4_test_score,mean_test_score,std_test_score,rank_test_score
0.6357181549072266,0.028296880167853467,0.003203010559082031,0.0002470596164446724,0.7,0.0,0.03,4,1,300,0.7,"{'colsample_bytree': 0.7, 'gamma': 0, 'learning_rate': 0.03, 'max_depth': 4, 'min_child_weight': 1, 'n_estimators': 300, 'subsample': 0.7}",-5.708337364196777,-5.684010801315307,-18.252637279828388,-19.524199491077,-20.803611299726697,-13.994559247228835,6.823459946074756,23
0.45574126243591306,0.1997922065556621,0.002904033660888672,0.0007341448843556747,0.7,0.0,0.03,4,1,300,0.8,"{'colsample_bytree': 0.7, 'gamma': 0, 'learning_rate': 0.03, 'max_depth': 4, 'min_child_weight': 1, 'n_estimators': 300, 'subsample': 0.8}",-5.642507032818265,-5.685013748274909,-18.033117332988315,-19.39045067893134,-20.874418487548827,-13.92510145611233,6.8049872827079145,5
0.30619468688964846,0.04634858823818142,0.003303861618041992,0.0005094727025281433,0.7,0.0,0.03,4,1,500,0.7,"{'colsample_bytree': 0.7, 'gamma': 0, 'learning_rate': 0.03, 'max_depth': 4, 'min_child_weight': 1, 'n_estimators': 500, 'subsample': 0.7}",-5.780917611122131,-5.719019812742869,-18.409267726474337,-19.5939206483629,-21.19068143632677,-14.1387614470058,6.9061011302134165,123
0.30908918380737305,0.038516864494382914,0.003101158142089844,0.0002023935528635083,0.7,0.0,0.03,4,1,500,0.8,"{'colsample_bytree': 0.7, 'gamma': 0, 'learning_rate': 0.03, 'max_depth': 4, 'min_child_weight': 1, 'n_estimators': 500, 'subsample': 0.8}",-5.733307693004608,-5.7488351866934035,-18.070146613650852,-19.408973846435547,-21.094078414705063,-14.011068350897895,6.82009310808803,35
0.17910280227661132,0.02444343029701995,0.0026044368743896483,0.00019779969764364527,0.7,0.0,0.03,4,3,300,0.7,"{'colsample_bytree': 0.7, 'gamma': 0, 'learning_rate': 0.03, 'max_depth': 4, 'min_child_weight': 3, 'n_estimators': 300, 'subsample': 0.7}",-5.64426786687639,-5.701296281814575,-18.062894957330492,-19.592117297914292,-20.827881406148276,-13.965691562016806,6.827586884727486,15
0.177294921875,0.02194191743690846,0.002401590347290039,0.00037448866979108465,0.7,0.0,0.03,4,3,300,0.8,"{'colsample_bytree': 0.7, 'gamma': 0, 'learning_rate': 0.03, 'max_depth': 4, 'min_child_weight': 3, 'n_estimators': 300, 'subsample': 0.8}",-5.747748747666677,-5.673651968373193,-17.764707101186115,-19.359981757269964,-20.661650942696465,-13.841548103438484,6.701972911555366,2
0.2927509307861328,0.033790043961858016,0.0029018878936767577,0.00019853432178541837,0.7,0.0,0.03,4,3,500,0.7,"{'colsample_bytree': 0.7, 'gamma': 0, 'learning_rate': 0.03, 'max_depth': 4, 'min_child_weight': 3, 'n_estimators': 500, 'subsample': 0.7}",-5.750124921268887,-5.748683873547448,-18.196844976213242,-19.631475415759617,-21.085290558073257,-14.08248394897249,6.864969104506262,78
0.29642715454101565,0.0466362140993624,0.0033997058868408202,0.0004901944106310344,0.7,0.0,0.03,4,3,500,0.8,"{'colsample_bytree': 0.7, 'gamma': 0, 'learning_rate': 0.03, 'max_depth': 4, 'min_child_weight': 3, 'n_estimators': 500, 'subsample': 0.8}",-5.820582215256161,-5.710842219988505,-17.854812330669827,-19.37845390955607,-20.843286770714656,-13.921595489237044,6.726071573376399,3
0.4700671672821045,0.0603842875885835,0.003505563735961914,2.1142768170733796e-06,0.7,0.0,0.03,6,1,300,0.7,"{'colsample_bytree': 0.7, 'gamma': 0, 'learning_rate': 0.03, 'max_depth': 6, 'min_child_weight': 1, 'n_estimators': 300, 'subsample': 0.7}",-5.704673236476051,-5.85460074239307,-18.001010791460672,-19.457411783006457,-20.81499515639411,-13.966538341946073,6.743737338761338,17
0.5398414611816407,0.10213116183686616,0.003801584243774414,0.0009302170887178283,0.7,0.0,0.03,6,1,300,0.8,"{'colsample_bytree': 0.7, 'gamma': 0, 'learning_rate': 0.03, 'max_depth': 6, 'min_child_weight': 1, 'n_estimators': 300, 'subsample': 0.8}",-5.7389445024066505,-5.7591182465023465,-18.358652205997043,-19.60373830689324,-20.7754168065389,-14.047174013667638,6.818387610556262,55
0.9046495914459228,0.17109528504833818,0.005502462387084961,0.000950274977487466,0.7,0.0,0.03,6,1,500,0.7,"{'colsample_bytree': 0.7, 'gamma': 0, 'learning_rate': 0.03, 'max_depth': 6, 'min_child_weight': 1, 'n_estimators': 500, 'subsample': 0.7}",-5.748913757006327,-5.890256712171767,-18.034594436221653,-19.511798832151626,-20.90380895614624,-14.017874538739523,6.755253061462354,39
0.9315144538879394,0.21041636789467272,0.006409168243408203,0.0017432394691448165,0.7,0.0,0.03,6,1,500,0.8,"{'colsample_bytree': 0.7, 'gamma': 0, 'learning_rate': 0.03, 'max_depth': 6, 'min_child_weight': 1, 'n_estimators': 500, 'subsample': 0.8}",-5.77584482245975,-5.7901243601904975,-18.390862398147583,-19.685973903867932,-20.915305265850492,-14.11162215010325,6.847012598765453,106
0.43464274406433107,0.09464191515475814,0.003977727890014648,0.0008943070719567455,0.7,0.0,0.03,6,3,300,0.7,"{'colsample_bytree': 0.7, 'gamma': 0, 'learning_rate': 0.03, 'max_depth': 6, 'min_child_weight': 3, 'n_estimators': 300, 'subsample': 0.7}",-5.684542739126417,-5.778103416230944,-17.933053872320386,-19.63159944428338,-20.754953316582572,-13.95645055770874,6.775694052931054,12
0.47142701148986815,0.10214760146450814,0.0036998271942138674,0.000601241161062434,0.7,0.0,0.03,6,3,300,0.8,"{'colsample_bytree': 0.7, 'gamma': 0, 'learning_rate': 0.03, 'max_depth': 6, 'min_child_weight': 3, 'n_estimators': 300, 'subsample': 0.8}",-5.76703289826711,-5.769969210359785,-18.35189062807295,-19.645136546028986,-21.017266989813912,-14.110259254508549,6.862986569256439,105
0.7220392227172852,0.17179791495512844,0.005090141296386718,0.0010214321475629422,0.7,0.0,0.03,6,3,500,0.7,"{'colsample_bytree': 0.7, 'gamma': 0, 'learning_rate': 0.03, 'max_depth': 6, 'min_child_weight': 3, 'n_estimators': 500, 'subsample': 0.7}",-5.727967703607347,-5.841144327322642,-17.875588823954264,-19.698683230082192,-20.913018792470297,-14.011280575487348,6.786424921229921,36
0.733846378326416,0.08134384585161004,0.004904747009277344,0.0005865926993970268,0.7,0.0,0.03,6,3,500,0.8,"{'colsample_bytree': 0.7, 'gamma': 0, 'learning_rate': 0.03, 'max_depth': 6, 'min_child_weight': 3, 'n_estimators': 500, 'subsample': 0.8}",-5.797074658870697,-5.813576546510061,-18.34678599993388,-19.704985904693604,-21.059788646698,-14.14444235134125,6.862699521117129,125
1.2027956008911134,0.2431750780984088,0.005320024490356445,0.0007660044615765897,0.7,0.0,0.03,8,1,300,0.7,"{'colsample_bytree': 0.7, 'gamma': 0, 'learning_rate': 0.03, 'max_depth': 8, 'min_child_weight': 1, 'n_estimators': 300, 'subsample': 0.7}",-5.716845748159621,-5.8546623531977335,-18.176909057299294,-19.681161754396225,-20.6739343240526,-14.020702647421095,6.770798981752081,43
1.2218034267425537,0.1517903796963149,0.00522160530090332,0.0009500640602210636,0.7,0.0,0.03,8,1,300,0.8,"{'colsample_bytree': 0.7, 'gamma': 0, 'learning_rate': 0.03, 'max_depth': 8, 'min_child_weight': 1, 'n_estimators': 300, 'subsample': 0.8}",-5.8023694398668075,-5.880972152551015,-18.149943308300443,-19.784305483500162,-20.839820709228515,-14.09148221868939,6.790306056862961,86
1.8269105911254884,0.3600274191144285,0.0070019721984863285,0.00044383880248677517,0.7,0.0,0.03,8,1,500,0.7,"{'colsample_bytree': 0.7, 'gamma': 0, 'learning_rate': 0.03, 'max_depth': 8, 'min_child_weight': 1, 'n_estimators': 500, 'subsample': 0.7}",-5.730778906080458,-5.878580887847477,-18.162352935473123,-19.73681610743205,-20.750729240841334,-14.05185161553489,6.7842849179302025,59
1.9237297534942628,0.36651438095514943,0.006455373764038086,0.0005518349390802862,0.7,0.0,0.03,8,1,500,0.8,"{'colsample_bytree': 0.7, 'gamma': 0, 'learning_rate': 0.03, 'max_depth': 8, 'min_child_weight': 1, 'n_estimators': 500, 'subsample': 0.8}",-5.813724205493927,-5.890812301105923,-18.141595408651565,-19.80852904425727,-20.890631275177,-14.109058446937137,6.798340817475404,102
0.7342594146728516,0.13511462243812183,0.00420074462890625,0.00040099633222696315,0.7,0.0,0.03,8,3,300,0.7,"{'colsample_bytree': 0.7, 'gamma': 0, 'learning_rate': 0.03, 'max_depth': 8, 'min_child_weight': 3, 'n_estimators': 300, 'subsample': 0.7}",-5.73252455552419,-5.87432945171992,-17.984546293152704,-19.883626537322996,-20.787403781678943,-14.052486123879751,6.795975553321468,61
0.7859181880950927,0.13956297433340464,0.004504156112670898,0.000551514676650347,0.7,0.0,0.03,8,3,300,0.8,"{'colsample_bytree': 0.7, 'gamma': 0, 'learning_rate': 0.03, 'max_depth': 8, 'min_child_weight': 3, 'n_estimators': 300, 'subsample': 0.8}",-5.748527562353346,-5.85775433116489,-18.293469783994887,-19.735815211402045,-20.8625367058648,-14.099620718955993,6.822920334394208,94
1.1173306941986083,0.20315725466817006,0.006195259094238281,0.0008914728395603808,0.7,0.0,0.03,8,3,500,0.7,"{'colsample_bytree': 0.7, 'gamma': 0, 'learning_rate': 0.03, 'max_depth': 8, 'min_child_weight': 3, 'n_estimators': 500, 'subsample': 0.7}",-5.763097400665283,-5.900461361143324,-17.97117660045624,-19.90690171559652,-20.880978356467352,-14.084523086865744,6.80327809874171,80
1.1767521858215333,0.2064219366560347,0.006005573272705078,0.0008959354692480969,0.7,0.0,0.03,8,3,500,0.8,"{'colsample_bytree': 0.7, 'gamma': 0, 'learning_rate': 0.03, 'max_depth': 8, 'min_child_weight': 3, 'n_estimators': 500, 'subsample': 0.8}",-5.762320419947306,-5.8742403051588274,-18.255680870480006,-19.798689080344307,-20.945932320488822,-14.127372599283854,6.837950089162187,115
0.19087667465209962,0.02546187406257828,0.003315305709838867,0.0004261597111037914,0.7,0.0,0.05,4,1,300,0.7,"{'colsample_bytree': 0.7, 'gamma': 0, 'learning_rate': 0.05, 'max_depth': 4, 'min_child_weight': 1, 'n_estimators': 300, 'subsample': 0.7}",-5.844824102189806,-5.657769084771474,-18.25122465160158,-19.6056522570716,-21.063133959240382,-14.08452081097497,6.86218771707028,79
0.19092245101928712,0.02554273728964531,0.0030009269714355467,1.3266017668956333e-06,0.7,0.0,0.05,4,1,300,0.8,"{'colsample_bytree': 0.7, 'gamma': 0, 'learning_rate': 0.05, 'max_depth': 4, 'min_child_weight': 1, 'n_estimators': 300, 'subsample': 0.8}",-5.7283013587527805,-5.727566712167528,-17.901061664157442,-19.74186839527554,-20.94628524992201,-14.00901667605506,6.830694810347208,32
0.3101958751678467,0.04897651281325153,0.0031009674072265624,0.00020213141197241097,0.7,0.0,0.05,4,1,500,0.7,"{'colsample_bytree': 0.7, 'gamma': 0, 'learning_rate': 0.05, 'max_depth': 4, 'min_child_weight': 1, 'n_estimators': 500, 'subsample': 0.7}",-5.926361662016975,-5.742457802957959,-18.196486110687257,-19.709801969528197,-21.395674505233764,-14.194156410084833,6.900586803836004,156
0.3065826416015625,0.04222019499691611,0.0030022144317626955,0.000548603552307813,0.7,0.0,0.05,4,1,500,0.8,"{'colsample_bytree': 0.7, 'gamma': 0, 'learning_rate': 0.05, 'max_depth': 4, 'min_child_weight': 1, 'n_estimators': 500, 'subsample': 0.8}",-5.800143444140752,-5.812003697024451,-18.037875277731153,-19.88242715411716,-21.124045447243585,-14.131299004051419,6.868102261444337,117
0.17540402412414552,0.024148362264705577,0.002700948715209961,0.00040017791393542364,0.7,0.0,0.05,4,3,300,0.7,"{'colsample_bytree': 0.7, 'gamma': 0, 'learning_rate': 0.05, 'max_depth': 4, 'min_child_weight': 3, 'n_estimators': 300, 'subsample': 0.7}",-5.8002877056598665,-5.707803794807858,-18.199846575525072,-19.491962798436482,-21.302907802793715,-14.100561735444597,6.8858995827073,96
0.17670178413391113,0.02454593624435796,0.0027019500732421873,0.00039974085166626685,0.7,0.0,0.05,4,3,300,0.8,"{'colsample_bytree': 0.7, 'gamma': 0, 'learning_rate': 0.05, 'max_depth': 4, 'min_child_weight': 3, 'n_estimators': 300, 'subsample': 0.8}",-5.791630588902367,-5.685361058447096,-17.99328114138709,-19.579275533888076,-20.878933849334718,-13.985696434391869,6.795643704877538,20
0.28545045852661133,0.04040103722919417,0.0030007362365722656,6.03156597169567e-07,0.7,0.0,0.05,4,3,500,0.7,"{'colsample_bytree': 0.7, 'gamma': 0, 'learning_rate': 0.05, 'max_depth': 4, 'min_child_weight': 3, 'n_estimators': 500, 'subsample': 0.7}",-5.850308255321449,-5.762900379631255,-18.2687685918808,-19.59664997153812,-21.502602807150947,-14.196246001104516,6.926884556584265,159
0.29438343048095705,0.03978617485813786,0.003503847122192383,0.0003162960973668333,0.7,0.0,0.05,4,3,500,0.8,"{'colsample_bytree': 0.7, 'gamma': 0, 'learning_rate': 0.05, 'max_depth': 4, 'min_child_weight': 3, 'n_estimators': 500, 'subsample': 0.8}",-5.8624671861860485,-5.766574835909737,-18.039674830966526,-19.669745451609295,-21.096153627501593,-14.08692318643464,6.823361848208939,82
0.4951528549194336,0.07969309552144353,0.0034069061279296876,0.00037015977006263487,0.7,0.0,0.05,6,1,300,0.7,"{'colsample_bytree': 0.7, 'gamma': 0, 'learning_rate': 0.05, 'max_depth': 6, 'min_child_weight': 1, 'n_estimators': 300, 'subsample': 0.7}",-5.707951932483249,-5.852657788727019,-18.33192018614875,-19.665610557132297,-21.004120620091758,-14.112452216916614,6.855602087361809,107
0.5014714241027832,0.07118142313871281,0.0036041736602783203,0.0004909588415688949,0.7,0.0,0.05,6,1,300,0.8,"{'colsample_bytree': 0.7, 'gamma': 0, 'learning_rate': 0.05, 'max_depth': 6, 'min_child_weight': 1, 'n_estimators': 300, 'subsample': 0.8}",-5.778990066051483,-5.870787514050802,-18.510032787323,-19.891437333424886,-21.586634207831487,-14.327576381736332,7.010549432765953,250
0.8098510265350342,0.12391300261739867,0.004507923126220703,0.0004411059342509577,0.7,0.0,0.05,6,1,500,0.7,"{'colsample_bytree': 0.7, 'gamma': 0, 'learning_rate': 0.05, 'max_depth': 6, 'min_child_weight': 1, 'n_estimators': 500, 'subsample': 0.7}",-5.723920277489556,-5.869837065140406,-18.32980725447337,-19.756138484742905,-21.127583865059748,-14.161457389381198,6.886879051466971,136
0.820050048828125,0.12770839161656056,0.004702472686767578,0.0006029181448501312,0.7,0.0,0.05,6,1,500,0.8,"{'colsample_bytree': 0.7, 'gamma': 0, 'learning_rate': 0.05, 'max_depth': 6, 'min_child_weight': 1, 'n_estimators': 500, 'subsample': 0.8}",-5.786381367842356,-5.8870116772916585,-18.52970532046424,-19.9270320447286,-21.67019630220201,-14.360065342505774,7.030159681946851,262
0.3767417907714844,0.060265926624298284,0.0035999774932861327,0.0004897651903225716,0.7,0.0,0.05,6,3,300,0.7,"{'colsample_bytree': 0.7, 'gamma': 0, 'learning_rate': 0.05, 'max_depth': 6, 'min_child_weight': 3, 'n_estimators': 300, 'subsample': 0.7}",-5.78954931696256,-5.83838951031367,-18.350435387293498,-19.939525124231974,-21.224305707083808,-14.2284410091771,6.930473280236794,184
0.38881626129150393,0.06283468683787041,0.0033026218414306642,0.000399859600031983,0.7,0.0,0.05,6,3,300,0.8,"{'colsample_bytree': 0.7, 'gamma': 0, 'learning_rate': 0.05, 'max_depth': 6, 'min_child_weight': 3, 'n_estimators': 300, 'subsample': 0.8}",-5.851502709918552,-5.866348508728875,-17.97892415099674,-19.842750782436795,-21.51596933470832,-14.211099097357856,6.910728610916824,169
0.6286942958831787,0.11461544525603176,0.0045016765594482425,0.00031613741160549494,0.7,0.0,0.05,6,3,500,0.7,"{'colsample_bytree': 0.7, 'gamma': 0, 'learning_rate': 0.05, 'max_depth': 6, 'min_child_weight': 3, 'n_estimators': 500, 'subsample': 0.7}",-5.807356650829315,-5.855822826888826,-18.26460917154948,-20.019398040771485,-21.32863895204332,-14.255165128416484,6.946228814380519,201
0.6619426250457764,0.12032540854093789,0.0045105934143066405,0.0004567324526757009,0.7,0.0,0.05,6,3,500,0.8,"{'colsample_bytree': 0.7, 'gamma': 0, 'learning_rate': 0.05, 'max_depth': 6, 'min_child_weight': 3, 'n_estimators': 500, 'subsample': 0.8}",-5.859519335163964,-5.891124848127365,-18.014231372939214,-19.89447228431702,-21.647317845026652,-14.261333137114843,6.942911981141478,204
1.0651292324066162,0.2150689504548179,0.005171394348144532,0.0008652976255231437,0.7,0.0,0.05,8,1,300,0.7,"{'colsample_bytree': 0.7, 'gamma': 0, 'learning_rate': 0.05, 'max_depth': 8, 'min_child_weight': 1, 'n_estimators': 300, 'subsample': 0.7}",-5.761564700073666,-5.9842112769020925,-18.085254672898188,-19.640948915481566,-21.07460799323188,-14.109317511717478,6.791533289618552,103
1.1865837097167968,0.231933853330063,0.0051880359649658205,0.0006187691379118704,0.7,0.0,0.05,8,1,300,0.8,"{'colsample_bytree': 0.7, 'gamma': 0, 'learning_rate': 0.05, 'max_depth': 8, 'min_child_weight': 1, 'n_estimators': 300, 'subsample': 0.8}",-5.822021257347531,-5.904642879433102,-18.383930612140233,-19.804903566572403,-20.68086578157213,-14.119272819413078,6.780748245115456,113
1.9436829090118408,0.40511837439030085,0.006349039077758789,0.0006948669857717745,0.7,0.0,0.05,8,1,500,0.7,"{'colsample_bytree': 0.7, 'gamma': 0, 'learning_rate': 0.05, 'max_depth': 8, 'min_child_weight': 1, 'n_estimators': 500, 'subsample': 0.7}",-5.763600964546203,-5.985518622133467,-18.079593625598484,-19.663785174687703,-21.09723802778456,-14.117947282950084,6.798425660367029,110
1.9927749633789062,0.40918813571089424,0.006506109237670898,0.0003182580518690527,0.7,0.0,0.05,8,1,500,0.8,"{'colsample_bytree': 0.7, 'gamma': 0, 'learning_rate': 0.05, 'max_depth': 8, 'min_child_weight': 1, 'n_estimators': 500, 'subsample': 0.8}",-5.82299470504125,-5.907272221247355,-18.387893374231126,-19.81087065908644,-20.715386367373995,-14.128883465396035,6.788060752525442,116
0.6715860366821289,0.12180467590645365,0.004507827758789063,0.00032278069845152247,0.7,0.0,0.05,8,3,300,0.7,"{'colsample_bytree': 0.7, 'gamma': 0, 'learning_rate': 0.05, 'max_depth': 8, 'min_child_weight': 3, 'n_estimators': 300, 'subsample': 0.7}",-5.936458628707462,-5.942999211152395,-18.206556568145754,-20.18597023540073,-21.131957080629135,-14.280788344807096,6.875578643275776,215
0.7266302585601807,0.1268135455093922,0.00490422248840332,0.000584914888568186,0.7,0.0,0.05,8,3,300,0.8,"{'colsample_bytree': 0.7, 'gamma': 0, 'learning_rate': 0.05, 'max_depth': 8, 'min_child_weight': 3, 'n_estimators': 300, 'subsample': 0.8}",-5.853673488034143,-5.941584750811259,-18.116918553246393,-19.880769315825567,-21.238411411709254,-14.206271503925322,6.855873659664974,167
1.0460402488708496,0.22019431051592867,0.00583500862121582,0.0002715231283452762,0.7,0.0,0.05,8,3,500,0.7,"{'colsample_bytree': 0.7, 'gamma': 0, 'learning_rate': 0.05, 'max_depth': 8, 'min_child_weight': 3, 'n_estimators': 500, 'subsample': 0.7}",-5.948015093273587,-5.95134375890096,-18.174465838538275,-20.260200782352022,-21.216478519439697,-14.310100798500907,6.896787031558919,245
1.1304977893829347,0.2243575172613537,0.005002737045288086,0.0005494692667560807,0.7,0.0,0.05,8,3,500,0.8,"{'colsample_bytree': 0.7, 'gamma': 0, 'learning_rate': 0.05, 'max_depth': 8, 'min_child_weight': 3, 'n_estimators': 500, 'subsample': 0.8}",-5.858237744437323,-5.948014803065194,-18.105414473745558,-19.91270467016432,-21.32027814441257,-14.228929967164992,6.874033607974553,185
0.19481077194213867,0.027549851408697916,0.002901124954223633,0.0004912577974689925,0.7,0.0,0.1,4,1,300,0.7,"{'colsample_bytree': 0.7, 'gamma': 0, 'learning_rate': 0.1, 'max_depth': 4, 'min_child_weight': 1, 'n_estimators': 300, 'subsample': 0.7}",-5.632069059146775,-5.980001699527104,-18.112503359847597,-20.023660871187847,-21.309323615498013,-14.211511721041466,6.93890972446971,170
0.18779478073120118,0.027908791336485467,0.002901792526245117,0.0004907607244601967,0.7,0.0,0.1,4,1,300,0.8,"{'colsample_bytree': 0.7, 'gamma': 0, 'learning_rate': 0.1, 'max_depth': 4, 'min_child_weight': 1, 'n_estimators': 300, 'subsample': 0.8}",-5.812022059493595,-5.891157908505863,-18.270802451239692,-19.724268668492634,-21.678620199627346,-14.275374257471828,6.962547830318183,214
0.3086512088775635,0.04439360844020827,0.003402519226074219,0.0003757096588435891,0.7,0.0,0.1,4,1,500,0.7,"{'colsample_bytree': 0.7, 'gamma': 0, 'learning_rate': 0.1, 'max_depth': 4, 'min_child_weight': 1, 'n_estimators': 500, 'subsample': 0.7}",-5.659904116657045,-6.0179903329991635,-18.18978392789761,-20.15966505792406,-21.446735329031945,-14.294815752901963,6.982617361356491,230
0.31395440101623534,0.042201052360895934,0.0033040523529052736,0.00050898888846595,0.7,0.0,0.1,4,1,500,0.8,"{'colsample_bytree': 0.7, 'gamma': 0, 'learning_rate': 0.1, 'max_depth': 4, 'min_child_weight': 1, 'n_estimators': 500, 'subsample': 0.8}",-5.824086641338137,-5.9505947398808265,-18.35151951207055,-19.7975437312656,-21.893338854047986,-14.36341669572062,7.011849391722965,264
0.17635321617126465,0.022320308549581273,0.002201366424560547,0.00039932945249620205,0.7,0.0,0.1,4,3,300,0.7,"{'colsample_bytree': 0.7, 'gamma': 0, 'learning_rate': 0.1, 'max_depth': 4, 'min_child_weight': 3, 'n_estimators': 300, 'subsample': 0.7}",-5.886402097543081,-5.922289529989163,-18.19873141421212,-20.220881564882067,-20.898110353681776,-14.225282992061642,6.851842885123209,181
0.17518324851989747,0.02437396878961264,0.0028020858764648436,0.00018535509843252909,0.7,0.0,0.1,4,3,300,0.8,"{'colsample_bytree': 0.7, 'gamma': 0, 'learning_rate': 0.1, 'max_depth': 4, 'min_child_weight': 3, 'n_estimators': 300, 'subsample': 0.8}",-6.065175792111291,-5.794472567008602,-18.41026970863342,-19.60339678870307,-21.673056474261813,-14.30927426614364,6.921534409896784,244
0.29344024658203127,0.03805248670991096,0.003201198577880859,0.0002468803560858934,0.7,0.0,0.1,4,3,500,0.7,"{'colsample_bytree': 0.7, 'gamma': 0, 'learning_rate': 0.1, 'max_depth': 4, 'min_child_weight': 3, 'n_estimators': 500, 'subsample': 0.7}",-5.911999600728353,-5.9868587535619735,-18.293646883302266,-20.365811772346497,-21.0159496890174,-14.314853339791298,6.889311040798723,247
0.29126248359680174,0.049070610260536086,0.003701925277709961,0.0006010164005955744,0.7,0.0,0.1,4,3,500,0.8,"{'colsample_bytree': 0.7, 'gamma': 0, 'learning_rate': 0.1, 'max_depth': 4, 'min_child_weight': 3, 'n_estimators': 500, 'subsample': 0.8}",-6.088701103329658,-5.858536911573675,-18.50624850961897,-19.732819985283747,-21.871020594702827,-14.411465420901777,6.973521611152063,274
0.4768230438232422,0.061862448490498385,0.0030014514923095703,0.0005498666457897715,0.7,0.0,0.1,6,1,300,0.7,"{'colsample_bytree': 0.7, 'gamma': 0, 'learning_rate': 0.1, 'max_depth': 6, 'min_child_weight': 1, 'n_estimators': 300, 'subsample': 0.7}",-5.798487364716,-5.80985864551531,-17.83417262978024,-20.177637033462524,-21.26468967013889,-14.176969068722594,6.9256975061336155,147
0.4932835578918457,0.07758006045269045,0.003201150894165039,0.00024672453111551065,0.7,0.0,0.1,6,1,300,0.8,"{'colsample_bytree': 0.7, 'gamma': 0, 'learning_rate': 0.1, 'max_depth': 6, 'min_child_weight': 1, 'n_estimators': 300, 'subsample': 0.8}",-5.807860828770531,-5.8671099315749276,-18.35841824054718,-19.759911710951062,-21.646941589779324,-14.288048460324603,6.978370778962449,222
0.7952932834625244,0.12347031311808784,0.004985666275024414,2.9748142584799908e-05,0.7,0.0,0.1,6,1,500,0.7,"{'colsample_bytree': 0.7, 'gamma': 0, 'learning_rate': 0.1, 'max_depth': 6, 'min_child_weight': 1, 'n_estimators': 500, 'subsample': 0.7}",-5.798360450002882,-5.81383627390696,-17.852823873096042,-20.206964772542317,-21.30705815103319,-14.195808704116278,6.940493136985304,158
0.8179334163665771,0.15545520007014207,0.004303503036499024,0.0005083296889455219,0.7,0.0,0.1,6,1,500,0.8,"{'colsample_bytree': 0.7, 'gamma': 0, 'learning_rate': 0.1, 'max_depth': 6, 'min_child_weight': 1, 'n_estimators': 500, 'subsample': 0.8}",-5.8083806792895,-5.86874655061298,-18.363686823315092,-19.77047465960185,-21.676994041866728,-14.297656550937228,6.986462490416229,232
0.38824968338012694,0.07416192480641194,0.0034996986389160155,0.0004471822851513474,0.7,0.0,0.1,6,3,300,0.7,"{'colsample_bytree': 0.7, 'gamma': 0, 'learning_rate': 0.1, 'max_depth': 6, 'min_child_weight': 3, 'n_estimators': 300, 'subsample': 0.7}",-5.883709207375844,-5.938094160556793,-18.24534564336141,-20.375149523417154,-21.594479025734795,-14.4073555120892,7.019692474434992,273
0.3974177837371826,0.07873084983849263,0.0034019947052001953,0.0005855254117123948,0.7,0.0,0.1,6,3,300,0.8,"{'colsample_bytree': 0.7, 'gamma': 0, 'learning_rate': 0.1, 'max_depth': 6, 'min_child_weight': 3, 'n_estimators': 300, 'subsample': 0.8}",-5.948044355312983,-6.103116547730234,-18.174365077018738,-19.865462866359287,-21.34091583357917,-14.286380936000082,6.819130611284469,221
0.6525920391082763,0.12906585757259437,0.004227256774902344,0.00038985867788112665,0.7,0.0,0.1,6,3,500,0.7,"{'colsample_bytree': 0.7, 'gamma': 0, 'learning_rate': 0.1, 'max_depth': 6, 'min_child_weight': 3, 'n_estimators': 500, 'subsample': 0.7}",-5.883583254814148,-5.94156918115086,-18.24519390741984,-20.398880189789665,-21.648037928475276,-14.423452892329959,7.033886399905409,276
0.682282829284668,0.1572879995923409,0.004305076599121094,0.0005109574684454395,0.7,0.0,0.1,6,3,500,0.8,"{'colsample_bytree': 0.7, 'gamma': 0, 'learning_rate': 0.1, 'max_depth': 6, 'min_child_weight': 3, 'n_estimators': 500, 'subsample': 0.8}",-5.948565185599857,-6.106070363256666,-18.194423024654387,-19.899328656461503,-21.348958254920113,-14.299469096978504,6.827792754901412,234
1.1123790740966797,0.2707687812041237,0.004860782623291015,0.0008022389125825444,0.7,0.0,0.1,8,1,300,0.7,"{'colsample_bytree': 0.7, 'gamma': 0, 'learning_rate': 0.1, 'max_depth': 8, 'min_child_weight': 1, 'n_estimators': 300, 'subsample': 0.7}",-5.842305943701002,-5.880544857978821,-18.119880823029412,-20.180991872151694,-21.053567570580377,-14.215458213488262,6.887268063651746,175
1.2358272075653076,0.28993725411942917,0.0051709175109863285,0.000617859888874388,0.7,0.0,0.1,8,1,300,0.8,"{'colsample_bytree': 0.7, 'gamma': 0, 'learning_rate': 0.1, 'max_depth': 8, 'min_child_weight': 1, 'n_estimators': 300, 'subsample': 0.8}",-5.706171826786465,-5.783805414703157,-18.80401252746582,-19.468529351552327,-20.924138250350953,-14.137331474171745,6.886598285134276,120
1.8265645980834961,0.6525240401916204,0.006104898452758789,0.0005806719887151205,0.7,0.0,0.1,8,1,500,0.7,"{'colsample_bytree': 0.7, 'gamma': 0, 'learning_rate': 0.1, 'max_depth': 8, 'min_child_weight': 1, 'n_estimators': 500, 'subsample': 0.7}",-5.842272583908505,-5.880582024521298,-18.12009305212233,-20.181861487494576,-21.051675936381024,-14.215297016885547,6.887066320993706,174
1.7768681526184082,0.6254342461118889,0.0060023307800292965,0.0003160722431765115,0.7,0.0,0.1,8,1,500,0.8,"{'colsample_bytree': 0.7, 'gamma': 0, 'learning_rate': 0.1, 'max_depth': 8, 'min_child_weight': 1, 'n_estimators': 500, 'subsample': 0.8}",-5.706170100371043,-5.783840406603283,-18.805110099050733,-19.47018993695577,-20.923859039942425,-14.13783391658465,6.8869410762791174,121
0.6513415336608886,0.1497606495805107,0.004401874542236328,0.0005855994876304948,0.7,0.0,0.1,8,3,300,0.7,"{'colsample_bytree': 0.7, 'gamma': 0, 'learning_rate': 0.1, 'max_depth': 8, 'min_child_weight': 3, 'n_estimators': 300, 'subsample': 0.7}",-5.838126468658447,-5.893931069647272,-18.960131227705215,-20.7429697227478,-21.401461305618287,-14.567323958875406,7.149369519198012,287
0.718333101272583,0.22273664036107027,0.004303646087646484,0.0002482626642467948,0.7,0.0,0.1,8,3,300,0.8,"{'colsample_bytree': 0.7, 'gamma': 0, 'learning_rate': 0.1, 'max_depth': 8, 'min_child_weight': 3, 'n_estimators': 300, 'subsample': 0.8}",-6.055134850343069,-5.997187847031487,-18.22206840409173,-19.975667757458158,-22.014568650987414,-14.452925501982373,6.984381926383304,281
1.0464186668395996,0.3178915272340214,0.005416727066040039,0.00020927608772923126,0.7,0.0,0.1,8,3,500,0.7,"{'colsample_bytree': 0.7, 'gamma': 0, 'learning_rate': 0.1, 'max_depth': 8, 'min_child_weight': 3, 'n_estimators': 500, 'subsample': 0.7}",-5.838700073295169,-5.895951808885568,-18.97908918539683,-20.752142758369445,-21.434797676934135,-14.580136300576228,7.159030666002038,288
1.1935162544250488,0.37561423107119274,0.005404233932495117,0.0006646593619749805,0.7,0.0,0.1,8,3,500,0.8,"{'colsample_bytree': 0.7, 'gamma': 0, 'learning_rate': 0.1, 'max_depth': 8, 'min_child_weight': 3, 'n_estimators': 500, 'subsample': 0.8}",-6.055693776342604,-5.998823624187046,-18.234128680759007,-19.978611130184596,-22.027022986941866,-14.458856039683024,6.988316180746651,282
0.19179983139038087,0.024948607199220155,0.003549480438232422,0.0009840111880781313,0.7,0.1,0.03,4,1,300,0.7,"{'colsample_bytree': 0.7, 'gamma': 0.1, 'learning_rate': 0.03, 'max_depth': 4, 'min_child_weight': 1, 'n_estimators': 300, 'subsample': 0.7}",-5.721723459561666,-5.6651720820532905,-18.260989707310994,-19.524126545588175,-20.803611299726697,-13.995124618848166,6.825836712818432,24
0.19240183830261232,0.024431626076037608,0.003402376174926758,0.0005865284986508642,0.7,0.1,0.03,4,1,300,0.8,"{'colsample_bytree': 0.7, 'gamma': 0.1, 'learning_rate': 0.03, 'max_depth': 4, 'min_child_weight': 1, 'n_estimators': 300, 'subsample': 0.8}",-5.635965191523234,-5.6853969176610315,-18.029071899520027,-19.39045067893134,-20.874393244849312,-13.92305558649699,6.805993856281802,4
0.31244840621948244,0.04414712850868245,0.0033075809478759766,0.000413324390621579,0.7,0.1,0.03,4,1,500,0.7,"{'colsample_bytree': 0.7, 'gamma': 0.1, 'learning_rate': 0.03, 'max_depth': 4, 'min_child_weight': 1, 'n_estimators': 500, 'subsample': 0.7}",-5.810339771906535,-5.715563734372457,-18.357786297268337,-19.593852144877115,-21.19068143632677,-14.133644676950244,6.89348238762696,119
0.3078603744506836,0.03803300248591741,0.003002452850341797,0.00031794611381189155,0.7,0.1,0.03,4,1,500,0.8,"{'colsample_bytree': 0.7, 'gamma': 0.1, 'learning_rate': 0.03, 'max_depth': 4, 'min_child_weight': 1, 'n_estimators': 500, 'subsample': 0.8}",-5.708722095489502,-5.741205141809251,-18.03860614935557,-19.408899717330932,-21.094053322474164,-13.998297285291883,6.824149699811355,25
0.17781834602355956,0.021980761376617218,0.0027004241943359374,0.0003991315750618141,0.7,0.1,0.03,4,3,300,0.7,"{'colsample_bytree': 0.7, 'gamma': 0.1, 'learning_rate': 0.03, 'max_depth': 4, 'min_child_weight': 3, 'n_estimators': 300, 'subsample': 0.7}",-5.640185732841491,-5.701296281814575,-18.062894957330492,-19.592117297914292,-20.827638811535305,-13.964826616287231,6.828533300756752,14
0.17769427299499513,0.022981599612810752,0.002502298355102539,0.00031598338818488125,0.7,0.1,0.03,4,3,300,0.8,"{'colsample_bytree': 0.7, 'gamma': 0.1, 'learning_rate': 0.03, 'max_depth': 4, 'min_child_weight': 3, 'n_estimators': 300, 'subsample': 0.8}",-5.747748747666677,-5.673651968373193,-17.764707101186115,-19.35955615679423,-20.661650942696465,-13.841462983343337,6.701902825094398,1
0.28894314765930174,0.03561880797738082,0.003202009201049805,0.0005089911220429663,0.7,0.1,0.03,4,3,500,0.7,"{'colsample_bytree': 0.7, 'gamma': 0.1, 'learning_rate': 0.03, 'max_depth': 4, 'min_child_weight': 3, 'n_estimators': 500, 'subsample': 0.7}",-5.748137841754489,-5.754087332089742,-18.196846664216782,-19.631475415759617,-21.06702473640442,-14.07951439804501,6.860416430716277,76
0.2919314384460449,0.037253548847672735,0.0031012535095214845,0.00020163258691058075,0.7,0.1,0.03,4,3,500,0.8,"{'colsample_bytree': 0.7, 'gamma': 0.1, 'learning_rate': 0.03, 'max_depth': 4, 'min_child_weight': 3, 'n_estimators': 500, 'subsample': 0.8}",-5.817743651602004,-5.716629605823093,-17.854812330669827,-19.437656522327,-20.843286770714656,-13.934025776227315,6.734983911380063,8
0.4612147808074951,0.05460466946128218,0.003301572799682617,0.00040010645305325914,0.7,0.1,0.03,6,1,300,0.7,"{'colsample_bytree': 0.7, 'gamma': 0.1, 'learning_rate': 0.03, 'max_depth': 6, 'min_child_weight': 1, 'n_estimators': 300, 'subsample': 0.7}",-5.705079873667823,-5.888087994787428,-17.979880619049073,-19.479129871792264,-20.883077210320366,-13.98705111392339,6.750482111543881,21
0.48849663734436033,0.06838129431772647,0.004003477096557617,0.0008958828456855291,0.7,0.1,0.03,6,1,300,0.8,"{'colsample_bytree': 0.7, 'gamma': 0.1, 'learning_rate': 0.03, 'max_depth': 6, 'min_child_weight': 1, 'n_estimators': 300, 'subsample': 0.8}",-5.746033504803975,-5.746488620969984,-18.33276616361406,-19.690709017647638,-20.772567830615575,-14.057713027530246,6.830175192368743,66
0.7616324424743652,0.11960700593118186,0.004301643371582032,0.00040000014728791046,0.7,0.1,0.03,6,1,500,0.7,"{'colsample_bytree': 0.7, 'gamma': 0.1, 'learning_rate': 0.03, 'max_depth': 6, 'min_child_weight': 1, 'n_estimators': 500, 'subsample': 0.7}",-5.7451800378163655,-5.926540319389767,-18.004084596104093,-19.529890217251246,-21.006110112931992,-14.042361056698692,6.767743932936861,52
0.798924732208252,0.12211276370808305,0.004956722259521484,0.000871174310655682,0.7,0.1,0.03,6,1,500,0.8,"{'colsample_bytree': 0.7, 'gamma': 0.1, 'learning_rate': 0.03, 'max_depth': 6, 'min_child_weight': 1, 'n_estimators': 500, 'subsample': 0.8}",-5.771678398450216,-5.778088541825612,-18.37289847744836,-19.789924847284954,-20.910190503862168,-14.124556153774261,6.864746708485604,114
0.3763416290283203,0.050936010313826344,0.0035335063934326173,0.0004860541891700534,0.7,0.1,0.03,6,3,300,0.7,"{'colsample_bytree': 0.7, 'gamma': 0.1, 'learning_rate': 0.03, 'max_depth': 6, 'min_child_weight': 3, 'n_estimators': 300, 'subsample': 0.7}",-5.654148723814223,-5.781625747945574,-17.89139737447103,-19.63797076013353,-20.762456033494736,-13.945519727971817,6.779978875984079,9
0.4040205001831055,0.06527038454950797,0.0042035579681396484,0.0008149563592896872,0.7,0.1,0.03,6,3,300,0.8,"{'colsample_bytree': 0.7, 'gamma': 0.1, 'learning_rate': 0.03, 'max_depth': 6, 'min_child_weight': 3, 'n_estimators': 300, 'subsample': 0.8}",-5.733470949331919,-5.777561419804891,-18.336869432661267,-19.597381727430555,-21.00554118262397,-14.09016494237052,6.857405866746149,85
0.6147447109222413,0.0944684073054963,0.004203939437866211,0.0005104508838609643,0.7,0.1,0.03,6,3,500,0.7,"{'colsample_bytree': 0.7, 'gamma': 0.1, 'learning_rate': 0.03, 'max_depth': 6, 'min_child_weight': 3, 'n_estimators': 500, 'subsample': 0.7}",-5.709888974560632,-5.839360650645362,-17.87210265106625,-19.706128230624728,-20.90648098203871,-14.006792297787138,6.790792333856038,30
0.6562877178192139,0.11914841538482382,0.005002641677856445,0.0008384857125365679,0.7,0.1,0.03,6,3,500,0.8,"{'colsample_bytree': 0.7, 'gamma': 0.1, 'learning_rate': 0.03, 'max_depth': 6, 'min_child_weight': 3, 'n_estimators': 500, 'subsample': 0.8}",-5.752011939154731,-5.804416578610738,-18.317341270976595,-19.6460784901513,-21.074108073976305,-14.118791270573933,6.865667933250159,112
0.9847894191741944,0.18237800948196348,0.004602289199829102,0.00037319789273457883,0.7,0.1,0.03,8,1,300,0.7,"{'colsample_bytree': 0.7, 'gamma': 0.1, 'learning_rate': 0.03, 'max_depth': 8, 'min_child_weight': 1, 'n_estimators': 300, 'subsample': 0.7}",-5.722325331899855,-5.885676655504438,-18.139951213200888,-19.684210839801363,-20.57532222641839,-14.001497253364988,6.738641426004574,28
1.12747163772583,0.1990544421960909,0.004804229736328125,0.0006781023519441062,0.7,0.1,0.03,8,1,300,0.8,"{'colsample_bytree': 0.7, 'gamma': 0.1, 'learning_rate': 0.03, 'max_depth': 8, 'min_child_weight': 1, 'n_estimators': 300, 'subsample': 0.8}",-5.745050728585985,-5.806252605120341,-18.110280765427483,-19.8926121351454,-20.80583331320021,-14.072005909495882,6.829237328174735,72
1.638691520690918,0.41333003481449876,0.005904102325439453,0.0006638926300992167,0.7,0.1,0.03,8,1,500,0.7,"{'colsample_bytree': 0.7, 'gamma': 0.1, 'learning_rate': 0.03, 'max_depth': 8, 'min_child_weight': 1, 'n_estimators': 500, 'subsample': 0.7}",-5.738395827346378,-5.904355744785732,-18.15637497054206,-19.718852895100913,-20.659948563045926,-14.035585600164202,6.754596567255018,50
1.7052079677581786,0.5006793381569508,0.006001853942871093,0.00031486047532669763,0.7,0.1,0.03,8,1,500,0.8,"{'colsample_bytree': 0.7, 'gamma': 0.1, 'learning_rate': 0.03, 'max_depth': 8, 'min_child_weight': 1, 'n_estimators': 500, 'subsample': 0.8}",-5.750746585528056,-5.813228195773231,-18.116092708905537,-19.923494867748683,-20.83822393205431,-14.088357258001963,6.838504173091099,83
0.7159078121185303,0.11578155924047741,0.004334306716918946,0.00021635450779760958,0.7,0.1,0.03,8,3,300,0.7,"{'colsample_bytree': 0.7, 'gamma': 0.1, 'learning_rate': 0.03, 'max_depth': 8, 'min_child_weight': 3, 'n_estimators': 300, 'subsample': 0.7}",-5.738589068518745,-5.855765242576599,-17.872008022732206,-19.87678318977356,-20.766161685519748,-14.021861441824171,6.780664443724247,44
0.7696747779846191,0.1311111253229434,0.004902315139770508,0.0006617040638216842,0.7,0.1,0.03,8,3,300,0.8,"{'colsample_bytree': 0.7, 'gamma': 0.1, 'learning_rate': 0.03, 'max_depth': 8, 'min_child_weight': 3, 'n_estimators': 300, 'subsample': 0.8}",-5.75734742641449,-5.839864110946655,-18.156511357095507,-19.678459536234538,-20.790203069051106,-14.044477099948457,6.784505806612906,53
1.0993885040283202,0.21038304443528327,0.0053828716278076175,0.0004853130580136596,0.7,0.1,0.03,8,3,500,0.7,"{'colsample_bytree': 0.7, 'gamma': 0.1, 'learning_rate': 0.03, 'max_depth': 8, 'min_child_weight': 3, 'n_estimators': 500, 'subsample': 0.7}",-5.766457323498196,-5.870170766777463,-17.871894083023072,-19.92418815612793,-20.890520689222548,-14.064646203729842,6.803400578781354,69
1.1188071250915528,0.22411385424120447,0.005203771591186524,0.0005988163369994019,0.7,0.1,0.03,8,3,500,0.8,"{'colsample_bytree': 0.7, 'gamma': 0.1, 'learning_rate': 0.03, 'max_depth': 8, 'min_child_weight': 3, 'n_estimators': 500, 'subsample': 0.8}",-5.771845443513659,-5.85507204744551,-18.136861174371507,-19.7515084944831,-20.867135331895618,-14.07648449834188,6.80241350360297,73
0.19113564491271973,0.023805848568789038,0.003200531005859375,0.00024586900219767755,0.7,0.1,0.05,4,1,300,0.7,"{'colsample_bytree': 0.7, 'gamma': 0.1, 'learning_rate': 0.05, 'max_depth': 4, 'min_child_weight': 1, 'n_estimators': 300, 'subsample': 0.7}",-5.834759396182166,-5.6292101776599885,-18.410921568340726,-19.569716245863173,-21.063133959240382,-14.101548269457288,6.885572533646537,99
0.1898247241973877,0.028289022257422237,0.002799844741821289,0.0003999966798256076,0.7,0.1,0.05,4,1,300,0.8,"{'colsample_bytree': 0.7, 'gamma': 0.1, 'learning_rate': 0.05, 'max_depth': 4, 'min_child_weight': 1, 'n_estimators': 300, 'subsample': 0.8}",-5.7380000297228495,-5.691173461145825,-17.90111546622382,-19.742365516026815,-20.94629286236233,-14.003789467096329,6.837274578243778,29
0.3133739948272705,0.04014380796544941,0.0033011436462402344,0.0004000104471790057,0.7,0.1,0.05,4,1,500,0.7,"{'colsample_bytree': 0.7, 'gamma': 0.1, 'learning_rate': 0.05, 'max_depth': 4, 'min_child_weight': 1, 'n_estimators': 500, 'subsample': 0.7}",-5.907961577574412,-5.7316851698027715,-18.40230518632465,-19.712781132592095,-21.39515677769979,-14.229977968798744,6.932332502409383,187
0.31435379981994627,0.044664697695365574,0.003601360321044922,0.00037377492541714786,0.7,0.1,0.05,4,1,500,0.8,"{'colsample_bytree': 0.7, 'gamma': 0.1, 'learning_rate': 0.05, 'max_depth': 4, 'min_child_weight': 1, 'n_estimators': 500, 'subsample': 0.8}",-5.786804556581709,-5.779065802229775,-17.914359347555372,-19.89424477259318,-21.1416007815467,-14.103215052101348,6.871009591100541,100
0.17418322563171387,0.021592961470799744,0.002702665328979492,0.000511178850151269,0.7,0.1,0.05,4,3,300,0.7,"{'colsample_bytree': 0.7, 'gamma': 0.1, 'learning_rate': 0.05, 'max_depth': 4, 'min_child_weight': 3, 'n_estimators': 300, 'subsample': 0.7}",-5.8002877056598665,-5.711336707936393,-18.199846575525072,-19.491962798436482,-21.302907802793715,-14.101268318070305,6.885038468031921,98
0.17648544311523437,0.020366883725327876,0.00260162353515625,0.0003734085876692565,0.7,0.1,0.05,4,3,300,0.8,"{'colsample_bytree': 0.7, 'gamma': 0.1, 'learning_rate': 0.05, 'max_depth': 4, 'min_child_weight': 3, 'n_estimators': 300, 'subsample': 0.8}",-5.800164855851067,-5.688001488844554,-17.995260174539354,-19.591940818362765,-20.878933849334718,-13.99086023738649,6.795260625556932,22
0.2866394519805908,0.03671299153939309,0.003000164031982422,0.000632409702918353,0.7,0.1,0.05,4,3,500,0.7,"{'colsample_bytree': 0.7, 'gamma': 0.1, 'learning_rate': 0.05, 'max_depth': 4, 'min_child_weight': 3, 'n_estimators': 500, 'subsample': 0.7}",-5.854809664438168,-5.817255480289459,-18.237942690849305,-19.596940098338656,-21.500978411568536,-14.201585269096825,6.9086731608888545,162
0.2890912055969238,0.04288305032213635,0.003701925277709961,0.00040013317850782137,0.7,0.1,0.05,4,3,500,0.8,"{'colsample_bytree': 0.7, 'gamma': 0.1, 'learning_rate': 0.05, 'max_depth': 4, 'min_child_weight': 3, 'n_estimators': 500, 'subsample': 0.8}",-5.869093613094754,-5.770282900465859,-18.043655679490833,-19.681359229617648,-21.096153627501593,-14.092109010034136,6.823222876583733,88
0.4675290107727051,0.06898605358275188,0.0038824558258056642,0.0006619317920750345,0.7,0.1,0.05,6,1,300,0.7,"{'colsample_bytree': 0.7, 'gamma': 0.1, 'learning_rate': 0.05, 'max_depth': 6, 'min_child_weight': 1, 'n_estimators': 300, 'subsample': 0.7}",-5.707805591689215,-5.837360208564334,-18.256614056693184,-19.681124893824258,-20.90676090028551,-14.077933130211301,6.833097365420857,75
0.49616456031799316,0.08813008247052008,0.0036189079284667967,0.0005051689550657621,0.7,0.1,0.05,6,1,300,0.8,"{'colsample_bytree': 0.7, 'gamma': 0.1, 'learning_rate': 0.05, 'max_depth': 6, 'min_child_weight': 1, 'n_estimators': 300, 'subsample': 0.8}",-5.789636545711094,-5.8983696390522855,-18.50408067703247,-19.85298009024726,-21.61122764163547,-14.331258918735717,6.999610347663458,253
0.7887295246124267,0.19466653442621243,0.004835319519042969,0.00042270669802873026,0.7,0.1,0.05,6,1,500,0.7,"{'colsample_bytree': 0.7, 'gamma': 0.1, 'learning_rate': 0.05, 'max_depth': 6, 'min_child_weight': 1, 'n_estimators': 500, 'subsample': 0.7}",-5.717291610770755,-5.867100774049759,-18.274813470840453,-19.726981111102635,-20.960835863749185,-14.109404566102558,6.844165983734063,104
0.7793691635131836,0.20132087324966544,0.004604053497314453,0.00019875344967987287,0.7,0.1,0.05,6,1,500,0.8,"{'colsample_bytree': 0.7, 'gamma': 0.1, 'learning_rate': 0.05, 'max_depth': 6, 'min_child_weight': 1, 'n_estimators': 500, 'subsample': 0.8}",-5.791641429000431,-5.9074893971284235,-18.510632348590427,-19.890306525760227,-21.66932522667779,-14.353878985431459,7.015693710391885,260
0.38260583877563475,0.06516250680186651,0.0035010814666748048,0.0006307526805143098,0.7,0.1,0.05,6,3,300,0.7,"{'colsample_bytree': 0.7, 'gamma': 0.1, 'learning_rate': 0.05, 'max_depth': 6, 'min_child_weight': 3, 'n_estimators': 300, 'subsample': 0.7}",-5.780365895430247,-5.845386453469595,-18.387487115330167,-19.95314986228943,-21.099754054811267,-14.21322867626614,6.91273200222931,173
0.3836981296539307,0.059057105000059285,0.0035004615783691406,0.0004469685696124409,0.7,0.1,0.05,6,3,300,0.8,"{'colsample_bytree': 0.7, 'gamma': 0.1, 'learning_rate': 0.05, 'max_depth': 6, 'min_child_weight': 3, 'n_estimators': 300, 'subsample': 0.8}",-5.910365378856659,-5.914414353370667,-18.038377737998964,-19.89841863208347,-21.484812920888263,-14.249277804639604,6.893916854849941,195
0.6135450839996338,0.12693576248025745,0.004401493072509766,0.00037469044679078444,0.7,0.1,0.05,6,3,500,0.7,"{'colsample_bytree': 0.7, 'gamma': 0.1, 'learning_rate': 0.05, 'max_depth': 6, 'min_child_weight': 3, 'n_estimators': 500, 'subsample': 0.7}",-5.801804686652289,-5.863295027944777,-18.31602339108785,-20.048283423317802,-21.227113711039227,-14.251304048008388,6.936015692727736,198
0.6382320404052735,0.15723835030898953,0.004581880569458008,0.00035574983854381564,0.7,0.1,0.05,6,3,500,0.8,"{'colsample_bytree': 0.7, 'gamma': 0.1, 'learning_rate': 0.05, 'max_depth': 6, 'min_child_weight': 3, 'n_estimators': 500, 'subsample': 0.8}",-5.916823759873708,-5.940621186892192,-18.09922271092733,-19.972408757739597,-21.590294795566134,-14.303874242199791,6.926983405403194,242
0.9852495193481445,0.24406311177821788,0.00430145263671875,0.00040002285558080053,0.7,0.1,0.05,8,1,300,0.7,"{'colsample_bytree': 0.7, 'gamma': 0.1, 'learning_rate': 0.05, 'max_depth': 8, 'min_child_weight': 1, 'n_estimators': 300, 'subsample': 0.7}",-5.724199382729,-5.8544950755437215,-17.961573345926073,-19.588973920610215,-21.076695543924966,-14.041187453746796,6.809404628618487,51
1.069150161743164,0.31989769575216614,0.004881620407104492,0.0007476702787933383,0.7,0.1,0.05,8,1,300,0.8,"{'colsample_bytree': 0.7, 'gamma': 0.1, 'learning_rate': 0.05, 'max_depth': 8, 'min_child_weight': 1, 'n_estimators': 300, 'subsample': 0.8}",-5.75816487259335,-5.922580882443322,-18.394985597928365,-19.86239042599996,-20.872062360975477,-14.162036827988095,6.8403220275933165,138
1.4823632717132569,0.5615726715628394,0.005908060073852539,0.0004929001238418807,0.7,0.1,0.05,8,1,500,0.7,"{'colsample_bytree': 0.7, 'gamma': 0.1, 'learning_rate': 0.05, 'max_depth': 8, 'min_child_weight': 1, 'n_estimators': 500, 'subsample': 0.7}",-5.725404036045075,-5.854794413778517,-17.967453265719943,-19.60795585208469,-21.10447474797567,-14.05201646312078,6.81855115908888,60
1.4452186107635498,0.572867181823055,0.006111335754394531,0.0010787520279795368,0.7,0.1,0.05,8,1,500,0.8,"{'colsample_bytree': 0.7, 'gamma': 0.1, 'learning_rate': 0.05, 'max_depth': 8, 'min_child_weight': 1, 'n_estimators': 500, 'subsample': 0.8}",-5.758893339369032,-5.922907564375135,-18.391626194847955,-19.866946800020006,-20.89369036356608,-14.16681285243564,6.844655444726191,142
0.6531636238098144,0.11544394986102377,0.004806947708129883,0.0008721684203942181,0.7,0.1,0.05,8,3,300,0.7,"{'colsample_bytree': 0.7, 'gamma': 0.1, 'learning_rate': 0.05, 'max_depth': 8, 'min_child_weight': 3, 'n_estimators': 300, 'subsample': 0.7}",-5.9283716864056055,-5.961598331663343,-18.051802094247606,-20.185934117635092,-21.181140732235377,-14.261769392437406,6.865509919519338,205
0.6939950466156006,0.14991434091856828,0.004773235321044922,0.00039022133084469713,0.7,0.1,0.05,8,3,300,0.8,"{'colsample_bytree': 0.7, 'gamma': 0.1, 'learning_rate': 0.05, 'max_depth': 8, 'min_child_weight': 3, 'n_estimators': 300, 'subsample': 0.8}",-5.840114685694377,-5.954993958473206,-18.079793688986037,-19.903987890879314,-21.280465666453043,-14.211871178097194,6.864231544040791,171
0.9607043266296387,0.2956363325399762,0.005500507354736328,0.00044718203092197864,0.7,0.1,0.05,8,3,500,0.7,"{'colsample_bytree': 0.7, 'gamma': 0.1, 'learning_rate': 0.05, 'max_depth': 8, 'min_child_weight': 3, 'n_estimators': 500, 'subsample': 0.7}",-5.933083969751994,-5.971055352687836,-18.049207575586106,-20.24336608144972,-21.229009447097777,-14.285144485314685,6.881378191969363,220
1.0143581867218017,0.3543256040493731,0.005074691772460937,0.0005935474154443598,0.7,0.1,0.05,8,3,500,0.8,"{'colsample_bytree': 0.7, 'gamma': 0.1, 'learning_rate': 0.05, 'max_depth': 8, 'min_child_weight': 3, 'n_estimators': 500, 'subsample': 0.8}",-5.8425839217503865,-5.957794437673357,-18.07821260134379,-19.917447431352404,-21.37285028245714,-14.233777734915416,6.8841000958120695,188
0.18932137489318848,0.0301084831733392,0.0030008792877197266,1.5421830776973944e-06,0.7,0.1,0.1,4,1,300,0.7,"{'colsample_bytree': 0.7, 'gamma': 0.1, 'learning_rate': 0.1, 'max_depth': 4, 'min_child_weight': 1, 'n_estimators': 300, 'subsample': 0.7}",-5.5659998060597315,-5.969081829388936,-18.099149116542605,-19.92861858844757,-21.303437141842313,-14.173257296456232,6.939303299501164,145
0.19037528038024903,0.028157254694431345,0.003002500534057617,0.0003175765759091695,0.7,0.1,0.1,4,1,300,0.8,"{'colsample_bytree': 0.7, 'gamma': 0.1, 'learning_rate': 0.1, 'max_depth': 4, 'min_child_weight': 1, 'n_estimators': 300, 'subsample': 0.8}",-5.816494999329249,-5.91653199089898,-18.270501833756764,-19.73467924224006,-21.613640535142686,-14.27036972027355,6.943168791608418,210
0.3067159175872803,0.05166599353219397,0.0033017635345458985,0.0004001443045901096,0.7,0.1,0.1,4,1,500,0.7,"{'colsample_bytree': 0.7, 'gamma': 0.1, 'learning_rate': 0.1, 'max_depth': 4, 'min_child_weight': 1, 'n_estimators': 500, 'subsample': 0.7}",-5.594303412603008,-6.009062182969517,-18.11877888262272,-20.01634107801649,-21.48482375833723,-14.244661862909794,6.977031049429978,193
0.30818948745727537,0.05407362269050187,0.0031009197235107424,0.00020085201853459048,0.7,0.1,0.1,4,1,500,0.8,"{'colsample_bytree': 0.7, 'gamma': 0.1, 'learning_rate': 0.1, 'max_depth': 4, 'min_child_weight': 1, 'n_estimators': 500, 'subsample': 0.8}",-5.8280514530340835,-5.970537421639181,-18.370773173040813,-19.818384516504075,-21.752350163989597,-14.348019345641552,6.981455644835515,258
0.1788715362548828,0.02448800080362431,0.00279998779296875,0.00040006953000631376,0.7,0.1,0.1,4,3,300,0.7,"{'colsample_bytree': 0.7, 'gamma': 0.1, 'learning_rate': 0.1, 'max_depth': 4, 'min_child_weight': 3, 'n_estimators': 300, 'subsample': 0.7}",-5.895186056163576,-5.922289529989163,-18.20862531211641,-20.220881564882067,-20.898110353681776,-14.229018563366598,6.850853799393821,186
0.17679252624511718,0.02759818399181613,0.0029473304748535156,0.00010741163165660978,0.7,0.1,0.1,4,3,300,0.8,"{'colsample_bytree': 0.7, 'gamma': 0.1, 'learning_rate': 0.1, 'max_depth': 4, 'min_child_weight': 3, 'n_estimators': 300, 'subsample': 0.8}",-6.058856950203578,-5.826212345858415,-18.385844344562955,-19.576378495958117,-21.673056474261813,-14.304069722168975,6.908222477233314,243
0.2866968631744385,0.05377559288849685,0.003402423858642578,0.0005859242479060047,0.7,0.1,0.1,4,3,500,0.7,"{'colsample_bytree': 0.7, 'gamma': 0.1, 'learning_rate': 0.1, 'max_depth': 4, 'min_child_weight': 3, 'n_estimators': 500, 'subsample': 0.7}",-5.919530675543679,-5.9808923701445265,-18.189165619214375,-20.353951046201917,-21.0159496890174,-14.29189788002438,6.874873123810123,226
0.28554410934448243,0.04878747256854448,0.0027015209197998047,0.0006008964248519822,0.7,0.1,0.1,4,3,500,0.8,"{'colsample_bytree': 0.7, 'gamma': 0.1, 'learning_rate': 0.1, 'max_depth': 4, 'min_child_weight': 3, 'n_estimators': 500, 'subsample': 0.8}",-6.074982449677256,-5.891403824053705,-18.471765547858343,-19.67910282452901,-21.85321229616801,-14.394093388457264,6.952704890884358,267
0.453355073928833,0.12096645195351473,0.0036047935485839845,0.0006640988086723423,0.7,0.1,0.1,6,1,300,0.7,"{'colsample_bytree': 0.7, 'gamma': 0.1, 'learning_rate': 0.1, 'max_depth': 6, 'min_child_weight': 1, 'n_estimators': 300, 'subsample': 0.7}",-5.745606337918176,-5.748377219438553,-18.016044783592225,-20.257538905673556,-21.421083936691286,-14.23773023666276,7.0185413095519005,190
0.446771240234375,0.1349678379356345,0.003301668167114258,0.00024727256932794903,0.7,0.1,0.1,6,1,300,0.8,"{'colsample_bytree': 0.7, 'gamma': 0.1, 'learning_rate': 0.1, 'max_depth': 6, 'min_child_weight': 1, 'n_estimators': 300, 'subsample': 0.8}",-5.800006524854236,-5.959166985352834,-18.237084928088716,-19.672377241452534,-21.79209481769138,-14.29214609948794,6.961517589573711,227
0.6378891944885254,0.2749497772708509,0.003703594207763672,0.0006797551937336746,0.7,0.1,0.1,6,1,500,0.7,"{'colsample_bytree': 0.7, 'gamma': 0.1, 'learning_rate': 0.1, 'max_depth': 6, 'min_child_weight': 1, 'n_estimators': 500, 'subsample': 0.7}",-5.746470003657871,-5.75008478336864,-18.028550468550787,-20.26869563844469,-21.453586271074084,-14.249477433019214,7.027835736834719,196
0.6055346488952636,0.255716603411441,0.0041004657745361325,0.0007996682062040283,0.7,0.1,0.1,6,1,500,0.8,"{'colsample_bytree': 0.7, 'gamma': 0.1, 'learning_rate': 0.1, 'max_depth': 6, 'min_child_weight': 1, 'n_estimators': 500, 'subsample': 0.8}",-5.800630134079191,-5.96066011428833,-18.25378435505761,-19.680325563218858,-21.813037394417655,-14.301687512212329,6.968642742903377,238
0.37497854232788086,0.09631154524251566,0.0033020973205566406,0.0005999432592484999,0.7,0.1,0.1,6,3,300,0.7,"{'colsample_bytree': 0.7, 'gamma': 0.1, 'learning_rate': 0.1, 'max_depth': 6, 'min_child_weight': 3, 'n_estimators': 300, 'subsample': 0.7}",-5.828000624709659,-5.886763928929965,-18.35124737050798,-20.4851612467236,-21.58717451731364,-14.42766953763697,7.074567893505245,277
0.3805872917175293,0.10269731184489653,0.00360107421875,0.0004888147460847348,0.7,0.1,0.1,6,3,300,0.8,"{'colsample_bytree': 0.7, 'gamma': 0.1, 'learning_rate': 0.1, 'max_depth': 6, 'min_child_weight': 3, 'n_estimators': 300, 'subsample': 0.8}",-5.951433589723375,-6.09718004822731,-18.136482333607145,-19.936910691261293,-21.330214762157865,-14.290444284995397,6.824978214601875,224
0.5474823951721192,0.2101427712599453,0.004103279113769532,0.0003737041166838074,0.7,0.1,0.1,6,3,500,0.7,"{'colsample_bytree': 0.7, 'gamma': 0.1, 'learning_rate': 0.1, 'max_depth': 6, 'min_child_weight': 3, 'n_estimators': 500, 'subsample': 0.7}",-5.829325559006797,-5.888240134716034,-18.346366113026935,-20.510173293219673,-21.630678644180296,-14.440956748829947,7.086449970584802,279
0.5497371673583984,0.2325006701232262,0.004203510284423828,0.0007481512314999939,0.7,0.1,0.1,6,3,500,0.8,"{'colsample_bytree': 0.7, 'gamma': 0.1, 'learning_rate': 0.1, 'max_depth': 6, 'min_child_weight': 3, 'n_estimators': 500, 'subsample': 0.8}",-5.952186082204183,-6.10027269396517,-18.143998964627585,-19.948425398402744,-21.35418310801188,-14.299813249442312,6.831750314053336,235
0.7517343521118164,0.3240480483376458,0.004102134704589843,0.00020330396106956996,0.7,0.1,0.1,8,1,300,0.7,"{'colsample_bytree': 0.7, 'gamma': 0.1, 'learning_rate': 0.1, 'max_depth': 8, 'min_child_weight': 1, 'n_estimators': 300, 'subsample': 0.7}",-5.8441154403156705,-5.813505787981881,-18.253199283281962,-20.245998097525703,-21.161630983352662,-14.263689918491576,6.950980265948893,209
0.7521003723144531,0.35284628574475363,0.004203271865844726,0.0002467851076240539,0.7,0.1,0.1,8,1,300,0.8,"{'colsample_bytree': 0.7, 'gamma': 0.1, 'learning_rate': 0.1, 'max_depth': 8, 'min_child_weight': 1, 'n_estimators': 300, 'subsample': 0.8}",-5.838531499438815,-5.915588602092531,-18.321871121724445,-19.504388538996377,-21.00762806362576,-14.117601565175585,6.782062213733454,109
0.8198062419891358,0.35719948622529696,0.004301977157592773,0.00040117864500434483,0.7,0.1,0.1,8,1,500,0.7,"{'colsample_bytree': 0.7, 'gamma': 0.1, 'learning_rate': 0.1, 'max_depth': 8, 'min_child_weight': 1, 'n_estimators': 500, 'subsample': 0.7}",-5.844041941695743,-5.8126962372991775,-18.253722807036507,-20.24597276687622,-21.161671424441867,-14.263621035469901,6.951258671854633,208
0.7879130363464355,0.35546117156293316,0.004430341720581055,0.0005246120373658511,0.7,0.1,0.1,8,1,500,0.8,"{'colsample_bytree': 0.7, 'gamma': 0.1, 'learning_rate': 0.1, 'max_depth': 8, 'min_child_weight': 1, 'n_estimators': 500, 'subsample': 0.8}",-5.839836994542016,-5.916146456533008,-18.32118858708276,-19.50489967558119,-21.010173544353908,-14.118449051618574,6.78212240915821,111
0.5822477817535401,0.19770814187782712,0.004031610488891601,0.0005528033123844623,0.7,0.1,0.1,8,3,300,0.7,"{'colsample_bytree': 0.7, 'gamma': 0.1, 'learning_rate': 0.1, 'max_depth': 8, 'min_child_weight': 3, 'n_estimators': 300, 'subsample': 0.7}",-5.933183080090417,-5.8665535214212206,-18.926279270913867,-20.688158587879606,-21.319415371153088,-14.546717966291638,7.103597937567276,285
0.6076870918273926,0.251992997826806,0.004505300521850586,0.0012275053987563973,0.7,0.1,0.1,8,3,300,0.8,"{'colsample_bytree': 0.7, 'gamma': 0.1, 'learning_rate': 0.1, 'max_depth': 8, 'min_child_weight': 3, 'n_estimators': 300, 'subsample': 0.8}",-5.969769777721829,-5.959163840346866,-18.199971415731643,-19.972365015877617,-21.87196759965685,-14.394647529866962,6.9805112688242765,269
0.7158955574035645,0.3052620130470863,0.004433059692382812,0.0006716290322496539,0.7,0.1,0.1,8,3,500,0.7,"{'colsample_bytree': 0.7, 'gamma': 0.1, 'learning_rate': 0.1, 'max_depth': 8, 'min_child_weight': 3, 'n_estimators': 500, 'subsample': 0.7}",-5.933740883270899,-5.86820447868771,-18.91401347955068,-20.69429796854655,-21.336942632463245,-14.549439888503818,7.105956579436768,286
0.6599133968353271,0.27628534690009465,0.0039010047912597656,0.0006628988218245467,0.7,0.1,0.1,8,3,500,0.8,"{'colsample_bytree': 0.7, 'gamma': 0.1, 'learning_rate': 0.1, 'max_depth': 8, 'min_child_weight': 3, 'n_estimators': 500, 'subsample': 0.8}",-5.970214672618442,-5.958876905176375,-18.203203391498988,-19.974420185089112,-21.876804294586183,-14.396703889793821,6.982190262984394,270
0.2068089008331299,0.028552385458128555,0.0027047157287597655,0.0005117853611990371,0.8,0.0,0.03,4,1,300,0.7,"{'colsample_bytree': 0.8, 'gamma': 0, 'learning_rate': 0.03, 'max_depth': 4, 'min_child_weight': 1, 'n_estimators': 300, 'subsample': 0.7}",-5.792714640299479,-5.698830496205224,-17.877369429270427,-19.57582977718777,-21.115268568462795,-14.01200258228514,6.826699729634352,38
0.213639497756958,0.02821480344216991,0.0027005672454833984,0.0003997694500429903,0.8,0.0,0.03,4,1,300,0.8,"{'colsample_bytree': 0.8, 'gamma': 0, 'learning_rate': 0.03, 'max_depth': 4, 'min_child_weight': 1, 'n_estimators': 300, 'subsample': 0.8}",-5.8316585297054715,-5.682258662117852,-18.109798041449654,-19.73151921590169,-20.74308440738254,-14.019663771311443,6.798744440094438,40
0.33522562980651854,0.04700097146143167,0.004101848602294922,0.00020249285037750246,0.8,0.0,0.03,4,1,500,0.7,"{'colsample_bytree': 0.8, 'gamma': 0, 'learning_rate': 0.03, 'max_depth': 4, 'min_child_weight': 1, 'n_estimators': 500, 'subsample': 0.7}",-5.853717816670736,-5.7626231389575535,-18.04506581041548,-19.611387571758694,-21.389355159335665,-14.132429899427626,6.8786830154010445,118
0.3400771141052246,0.040442070143504684,0.003300905227661133,0.00040048794705725634,0.8,0.0,0.03,4,1,500,0.8,"{'colsample_bytree': 0.8, 'gamma': 0, 'learning_rate': 0.03, 'max_depth': 4, 'min_child_weight': 1, 'n_estimators': 500, 'subsample': 0.8}",-5.899262804190318,-5.708963918156094,-18.178970855077107,-19.74778274959988,-20.937055638631186,-14.094407193130916,6.825572557860394,92
0.19709978103637696,0.022663681650052708,0.0027036666870117188,0.0005113938580890272,0.8,0.0,0.03,4,3,300,0.7,"{'colsample_bytree': 0.8, 'gamma': 0, 'learning_rate': 0.03, 'max_depth': 4, 'min_child_weight': 3, 'n_estimators': 300, 'subsample': 0.7}",-5.744930435021718,-5.692707588937547,-17.802612003750273,-19.57227527724372,-20.95046195771959,-13.95259745253457,6.796544371372116,11
0.19774575233459474,0.02508229513322744,0.0024021148681640627,0.00037495192993486153,0.8,0.0,0.03,4,3,300,0.8,"{'colsample_bytree': 0.8, 'gamma': 0, 'learning_rate': 0.03, 'max_depth': 4, 'min_child_weight': 3, 'n_estimators': 300, 'subsample': 0.8}",-5.7992501544952395,-5.647227128611671,-17.929149566226535,-19.603470691045125,-20.665581795374553,-13.928935867150624,6.756669932513612,7
0.3128496170043945,0.04147188300819084,0.0032018184661865234,0.000245791937810022,0.8,0.0,0.03,4,3,500,0.7,"{'colsample_bytree': 0.8, 'gamma': 0, 'learning_rate': 0.03, 'max_depth': 4, 'min_child_weight': 3, 'n_estimators': 500, 'subsample': 0.7}",-5.848318617343903,-5.752715113692814,-17.973743187586468,-19.67172080569797,-21.078503125508625,-14.065000169965959,6.81924850062362,70
0.3150057315826416,0.0369616192361721,0.0031025886535644533,0.00020204088381837028,0.8,0.0,0.03,4,3,500,0.8,"{'colsample_bytree': 0.8, 'gamma': 0, 'learning_rate': 0.03, 'max_depth': 4, 'min_child_weight': 3, 'n_estimators': 500, 'subsample': 0.8}",-5.8761580544047884,-5.662306263181899,-18.055123234324984,-19.71481208377414,-20.840814190970526,-14.029842765331267,6.803077718894176,48
0.5228441238403321,0.06500841093719967,0.003802061080932617,0.00024187778121323848,0.8,0.0,0.03,6,1,300,0.7,"{'colsample_bytree': 0.8, 'gamma': 0, 'learning_rate': 0.03, 'max_depth': 6, 'min_child_weight': 1, 'n_estimators': 300, 'subsample': 0.7}",-5.716996357705858,-5.684841458532546,-18.105155119895937,-19.728863705529108,-20.7659705013699,-14.00036542860667,6.829356411561064,26
0.5489514350891114,0.0717138974260316,0.0039052963256835938,0.0008056844017638558,0.8,0.0,0.03,6,1,300,0.8,"{'colsample_bytree': 0.8, 'gamma': 0, 'learning_rate': 0.03, 'max_depth': 6, 'min_child_weight': 1, 'n_estimators': 300, 'subsample': 0.8}",-5.8216477998097735,-5.7636685374048024,-18.21654015805986,-19.67167719523112,-21.107547097735935,-14.1162161576483,6.857396423622744,108
0.8624967575073242,0.1012874538156889,0.0045320987701416016,0.0004853792632305144,0.8,0.0,0.03,6,1,500,0.7,"{'colsample_bytree': 0.8, 'gamma': 0, 'learning_rate': 0.03, 'max_depth': 6, 'min_child_weight': 1, 'n_estimators': 500, 'subsample': 0.7}",-5.744696764945984,-5.7263690808084275,-18.148895842764112,-19.779827238718667,-20.878966450161403,-14.05575107547972,6.848757233594955,64
0.9056436538696289,0.13881333072683666,0.005003929138183594,0.0006352771555703365,0.8,0.0,0.03,6,1,500,0.8,"{'colsample_bytree': 0.8, 'gamma': 0, 'learning_rate': 0.03, 'max_depth': 6, 'min_child_weight': 1, 'n_estimators': 500, 'subsample': 0.8}",-5.840235864056481,-5.796679251988729,-18.213453103701273,-19.705809089872574,-21.199959025912815,-14.151227267106375,6.868926088107016,132
0.41698341369628905,0.05490937900596507,0.0037004947662353516,0.00039959079041205266,0.8,0.0,0.03,6,3,300,0.7,"{'colsample_bytree': 0.8, 'gamma': 0, 'learning_rate': 0.03, 'max_depth': 6, 'min_child_weight': 3, 'n_estimators': 300, 'subsample': 0.7}",-5.737357894844479,-5.782229234907362,-18.114089044994778,-19.806098177168103,-21.018464901182387,-14.09164785061942,6.865222043678911,87
0.44153919219970705,0.06104147618095447,0.0033010005950927734,0.000400416337082095,0.8,0.0,0.03,6,3,300,0.8,"{'colsample_bytree': 0.8, 'gamma': 0, 'learning_rate': 0.03, 'max_depth': 6, 'min_child_weight': 3, 'n_estimators': 300, 'subsample': 0.8}",-5.855680500666301,-5.777876355383131,-18.174252372317845,-19.773544517093235,-21.212279993693034,-14.158726747830709,6.878698544031329,134
0.6865662097930908,0.11286190334062496,0.004802322387695313,0.0005104507725017194,0.8,0.0,0.03,6,3,500,0.7,"{'colsample_bytree': 0.8, 'gamma': 0, 'learning_rate': 0.03, 'max_depth': 6, 'min_child_weight': 3, 'n_estimators': 500, 'subsample': 0.7}",-5.796137153307597,-5.848680757019255,-18.175420427852206,-19.908085655636256,-21.178820012410483,-14.181428801245158,6.8914128826093055,149
0.7142122268676758,0.11616382748115373,0.004402303695678711,0.00049289484656836,0.8,0.0,0.03,6,3,500,0.8,"{'colsample_bytree': 0.8, 'gamma': 0, 'learning_rate': 0.03, 'max_depth': 6, 'min_child_weight': 3, 'n_estimators': 500, 'subsample': 0.8}",-5.885333697266049,-5.824668851428561,-18.17132086171044,-19.821669527689615,-21.26962570402357,-14.194523728423647,6.879445659157428,157
1.1166372776031495,0.19350445854685897,0.00490264892578125,0.0008023509960680708,0.8,0.0,0.03,8,1,300,0.7,"{'colsample_bytree': 0.8, 'gamma': 0, 'learning_rate': 0.03, 'max_depth': 8, 'min_child_weight': 1, 'n_estimators': 300, 'subsample': 0.7}",-5.726320045524173,-5.857567859755622,-17.812639231681825,-19.869131846957735,-20.737298338148328,-14.000591464413537,6.769447464063491,27
1.2137297153472901,0.2281635524020502,0.004851245880126953,0.0009179674924164323,0.8,0.0,0.03,8,1,300,0.8,"{'colsample_bytree': 0.8, 'gamma': 0, 'learning_rate': 0.03, 'max_depth': 8, 'min_child_weight': 1, 'n_estimators': 300, 'subsample': 0.8}",-5.774662572542827,-5.876511784394582,-18.285603931215075,-20.032797277238632,-20.901789294348823,-14.174272971947989,6.868640633312271,146
1.9233579158782959,0.38468137424746285,0.006532001495361328,0.0003616529106806914,0.8,0.0,0.03,8,1,500,0.7,"{'colsample_bytree': 0.8, 'gamma': 0, 'learning_rate': 0.03, 'max_depth': 8, 'min_child_weight': 1, 'n_estimators': 500, 'subsample': 0.7}",-5.743578547106849,-5.872186337841882,-17.82408948421478,-19.89937625779046,-20.804638555314806,-14.028773836453757,6.781668186353232,47
2.072293519973755,0.37533709658170944,0.006712865829467773,0.0003940686654262238,0.8,0.0,0.03,8,1,500,0.8,"{'colsample_bytree': 0.8, 'gamma': 0, 'learning_rate': 0.03, 'max_depth': 8, 'min_child_weight': 1, 'n_estimators': 500, 'subsample': 0.8}",-5.79025842083825,-5.882039068539937,-18.268809706370035,-20.05505144543118,-20.94130394405789,-14.18749251704746,6.873041015757088,152
0.7865192890167236,0.1174329140854458,0.00434260368347168,0.00038103109414067317,0.8,0.0,0.03,8,3,300,0.7,"{'colsample_bytree': 0.8, 'gamma': 0, 'learning_rate': 0.03, 'max_depth': 8, 'min_child_weight': 3, 'n_estimators': 300, 'subsample': 0.7}",-5.857839670711093,-5.844711487558153,-17.570872701009115,-19.92579618030124,-21.04158456378513,-14.048160920672945,6.785897340276134,57
0.8427040576934814,0.1494661944096356,0.004201459884643555,0.00039921091664661364,0.8,0.0,0.03,8,3,300,0.8,"{'colsample_bytree': 0.8, 'gamma': 0, 'learning_rate': 0.03, 'max_depth': 8, 'min_child_weight': 3, 'n_estimators': 300, 'subsample': 0.8}",-5.769689960744646,-5.819958249462975,-17.785985210206775,-19.866685405307347,-20.875298144022622,-14.023523393948873,6.792197374317585,45
1.1629119396209717,0.18593946879553322,0.005301141738891601,0.0004006798999167023,0.8,0.0,0.03,8,3,500,0.7,"{'colsample_bytree': 0.8, 'gamma': 0, 'learning_rate': 0.03, 'max_depth': 8, 'min_child_weight': 3, 'n_estimators': 500, 'subsample': 0.7}",-5.884021378623115,-5.87047971089681,-17.50833759413825,-19.988476209640503,-21.086460083855524,-14.06755499543084,6.787099339695868,71
1.236872148513794,0.2243833527059028,0.005144166946411133,0.0005676264283795648,0.8,0.0,0.03,8,3,500,0.8,"{'colsample_bytree': 0.8, 'gamma': 0, 'learning_rate': 0.03, 'max_depth': 8, 'min_child_weight': 3, 'n_estimators': 500, 'subsample': 0.8}",-5.787992257277171,-5.835547440316942,-17.821045802434284,-19.942894080479938,-20.919289315541587,-14.061353779209984,6.809867561751995,67
0.2061389923095703,0.025477904944478918,0.0038025379180908203,0.0008126076501627631,0.8,0.0,0.05,4,1,300,0.7,"{'colsample_bytree': 0.8, 'gamma': 0, 'learning_rate': 0.05, 'max_depth': 4, 'min_child_weight': 1, 'n_estimators': 300, 'subsample': 0.7}",-5.819948142369588,-5.66487963464525,-18.06202263461219,-19.521396701600818,-21.030743169784547,-14.019798056602479,6.823528691568173,41
0.20710978507995606,0.027045831178197893,0.002800178527832031,0.00040016182839471806,0.8,0.0,0.05,4,1,300,0.8,"{'colsample_bytree': 0.8, 'gamma': 0, 'learning_rate': 0.05, 'max_depth': 4, 'min_child_weight': 1, 'n_estimators': 300, 'subsample': 0.8}",-5.781840673552619,-5.750567633046044,-17.883817919095357,-19.53027706358168,-20.973502584033543,-13.984001174661847,6.780674621274006,19
0.35530776977539064,0.04891989548498651,0.0034014225006103516,0.0005851382720828719,0.8,0.0,0.05,4,1,500,0.7,"{'colsample_bytree': 0.8, 'gamma': 0, 'learning_rate': 0.05, 'max_depth': 4, 'min_child_weight': 1, 'n_estimators': 500, 'subsample': 0.7}",-5.86019520521164,-5.780862216154734,-18.129557475778793,-19.611248321533203,-21.12399855401781,-14.101172354539235,6.827154265867953,97
0.3447879791259766,0.04438484623888717,0.0035024166107177736,0.0006320730126559004,0.8,0.0,0.05,4,1,500,0.8,"{'colsample_bytree': 0.8, 'gamma': 0, 'learning_rate': 0.05, 'max_depth': 4, 'min_child_weight': 1, 'n_estimators': 500, 'subsample': 0.8}",-5.820605577362908,-5.796883845329285,-17.984076659149594,-19.665808637407093,-21.16602274470859,-14.086679492791495,6.833479017529968,81
0.19191532135009765,0.023578349070484426,0.002600574493408203,0.000490777625667733,0.8,0.0,0.05,4,3,300,0.7,"{'colsample_bytree': 0.8, 'gamma': 0, 'learning_rate': 0.05, 'max_depth': 4, 'min_child_weight': 3, 'n_estimators': 300, 'subsample': 0.7}",-5.791296310689714,-5.779183129602008,-17.848152838812933,-19.684722639189825,-21.1512682639228,-14.050924636443458,6.829592509374229,58
0.19550299644470215,0.02424570874415543,0.0024024009704589843,0.0003740082395338845,0.8,0.0,0.05,4,3,300,0.8,"{'colsample_bytree': 0.8, 'gamma': 0, 'learning_rate': 0.05, 'max_depth': 4, 'min_child_weight': 3, 'n_estimators': 300, 'subsample': 0.8}",-5.757243126498328,-5.622081376976437,-18.014759766260784,-19.562841525607638,-20.862371487087675,-13.963859456486173,6.8158884216489595,13
0.3273918151855469,0.046833608840299044,0.004303503036499024,0.001120020320979693,0.8,0.0,0.05,4,3,500,0.7,"{'colsample_bytree': 0.8, 'gamma': 0, 'learning_rate': 0.05, 'max_depth': 4, 'min_child_weight': 3, 'n_estimators': 500, 'subsample': 0.7}",-5.852763084173202,-5.842346764405568,-17.937379947768317,-19.724635314941406,-21.438989894655016,-14.159223001188701,6.876205303060974,135
0.34784321784973143,0.05859562852501389,0.004007911682128907,0.0004484659075289872,0.8,0.0,0.05,4,3,500,0.8,"{'colsample_bytree': 0.8, 'gamma': 0, 'learning_rate': 0.05, 'max_depth': 4, 'min_child_weight': 3, 'n_estimators': 500, 'subsample': 0.8}",-5.818887685139974,-5.681334134075377,-18.133883425394693,-19.633511423534816,-20.99904148631626,-14.053331630892222,6.840008831047107,62
0.571470832824707,0.09882229574117309,0.0038026809692382813,0.0005123944114438017,0.8,0.0,0.05,6,1,300,0.7,"{'colsample_bytree': 0.8, 'gamma': 0, 'learning_rate': 0.05, 'max_depth': 6, 'min_child_weight': 1, 'n_estimators': 300, 'subsample': 0.7}",-5.865534749295977,-5.785285379091898,-18.33784959634145,-19.916076854599847,-21.158948863347373,-14.21273908853531,6.906406083006599,172
0.5713699340820313,0.08553792473820332,0.0035018444061279295,0.0004481458945781861,0.8,0.0,0.05,6,1,300,0.8,"{'colsample_bytree': 0.8, 'gamma': 0, 'learning_rate': 0.05, 'max_depth': 6, 'min_child_weight': 1, 'n_estimators': 300, 'subsample': 0.8}",-5.831524261368646,-5.88519657029046,-18.295030872556897,-19.97370328585307,-21.13210980097453,-14.22351295820872,6.889465171401685,180
0.9081485748291016,0.13530000393365207,0.004504871368408203,0.0005497842773076949,0.8,0.0,0.05,6,1,500,0.7,"{'colsample_bytree': 0.8, 'gamma': 0, 'learning_rate': 0.05, 'max_depth': 6, 'min_child_weight': 1, 'n_estimators': 500, 'subsample': 0.7}",-5.8781701029671565,-5.78822033100658,-18.35686801486545,-19.988761063681707,-21.2401107067532,-14.25042604385482,6.933262453046131,197
0.9263423442840576,0.14464227493529894,0.0046230792999267575,0.0006007279151554094,0.8,0.0,0.05,6,1,500,0.8,"{'colsample_bytree': 0.8, 'gamma': 0, 'learning_rate': 0.05, 'max_depth': 6, 'min_child_weight': 1, 'n_estimators': 500, 'subsample': 0.8}",-5.839275520907508,-5.907633154127333,-18.275950015385945,-20.038194811079237,-21.21776257197062,-14.25576321469413,6.907914196598687,202
0.4127217769622803,0.06391744607315464,0.003702592849731445,0.00039950746066567857,0.8,0.0,0.05,6,3,300,0.7,"{'colsample_bytree': 0.8, 'gamma': 0, 'learning_rate': 0.05, 'max_depth': 6, 'min_child_weight': 3, 'n_estimators': 300, 'subsample': 0.7}",-5.834795690907372,-5.720857268969218,-18.241929200490315,-19.650803511937458,-21.296173091464574,-14.148911752753786,6.903094634619642,128
0.4287464141845703,0.07752541353715152,0.0034018039703369142,0.00037539053054081405,0.8,0.0,0.05,6,3,300,0.8,"{'colsample_bytree': 0.8, 'gamma': 0, 'learning_rate': 0.05, 'max_depth': 6, 'min_child_weight': 3, 'n_estimators': 300, 'subsample': 0.8}",-5.861980876922607,-5.976044427023994,-18.062264679802787,-19.745598820580376,-21.189675475226508,-14.167112855911256,6.807009891670693,143
0.7003721237182617,0.127888296865711,0.004333066940307617,0.0002788330469837241,0.8,0.0,0.05,6,3,500,0.7,"{'colsample_bytree': 0.8, 'gamma': 0, 'learning_rate': 0.05, 'max_depth': 6, 'min_child_weight': 3, 'n_estimators': 500, 'subsample': 0.7}",-5.848969076739417,-5.743091588815053,-18.196517293718127,-19.724428044425117,-21.399260090721977,-14.18245321888394,6.922113542259597,150
0.7303945541381835,0.13959915349591095,0.0049057483673095705,0.0003712641191496801,0.8,0.0,0.05,6,3,500,0.8,"{'colsample_bytree': 0.8, 'gamma': 0, 'learning_rate': 0.05, 'max_depth': 6, 'min_child_weight': 3, 'n_estimators': 500, 'subsample': 0.8}",-5.874079035123189,-5.992852625846862,-18.062017862002055,-19.81282532056173,-21.271413247850205,-14.202637618276807,6.827914301113134,163
1.1622102737426758,0.24819968880106694,0.0049035072326660155,0.0005847829388908697,0.8,0.0,0.05,8,1,300,0.7,"{'colsample_bytree': 0.8, 'gamma': 0, 'learning_rate': 0.05, 'max_depth': 8, 'min_child_weight': 1, 'n_estimators': 300, 'subsample': 0.7}",-5.778233395682441,-5.775341370105743,-18.377914341290793,-19.961548036999172,-21.128896373112998,-14.204386703438228,6.936294955192805,165
1.2771803379058837,0.2632826019993497,0.005103588104248047,0.0008635087926573182,0.8,0.0,0.05,8,1,300,0.8,"{'colsample_bytree': 0.8, 'gamma': 0, 'learning_rate': 0.05, 'max_depth': 8, 'min_child_weight': 1, 'n_estimators': 300, 'subsample': 0.8}",-5.737632306416829,-5.88524883614646,-18.35060111416711,-19.76789049042596,-20.954564832051595,-14.139187515841593,6.849544558578265,124
2.070510196685791,0.45678841020580363,0.006476354598999023,0.0007872520454627686,0.8,0.0,0.05,8,1,500,0.7,"{'colsample_bytree': 0.8, 'gamma': 0, 'learning_rate': 0.05, 'max_depth': 8, 'min_child_weight': 1, 'n_estimators': 500, 'subsample': 0.7}",-5.780969460805257,-5.778646810849508,-18.384241275257533,-19.98205216301812,-21.16714633199904,-14.21861120838589,6.946634626174604,177
2.166649055480957,0.46380739772153773,0.006807518005371094,0.0002437519261209036,0.8,0.0,0.05,8,1,500,0.8,"{'colsample_bytree': 0.8, 'gamma': 0, 'learning_rate': 0.05, 'max_depth': 8, 'min_child_weight': 1, 'n_estimators': 500, 'subsample': 0.8}",-5.739236415757073,-5.887584325737423,-18.35054988914066,-19.775549045138888,-20.986854123009575,-14.147954759756724,6.856273501823337,127
0.7123878002166748,0.11266076901905182,0.0044036865234375,0.0005863622464531432,0.8,0.0,0.05,8,3,300,0.7,"{'colsample_bytree': 0.8, 'gamma': 0, 'learning_rate': 0.05, 'max_depth': 8, 'min_child_weight': 3, 'n_estimators': 300, 'subsample': 0.7}",-5.882813050746917,-5.791283328268263,-17.967030594613817,-20.592778069178262,-21.126306805080837,-14.272042369577623,6.969763571310658,211
0.7802183628082275,0.13628280544610133,0.004605531692504883,0.000583582508942216,0.8,0.0,0.05,8,3,300,0.8,"{'colsample_bytree': 0.8, 'gamma': 0, 'learning_rate': 0.05, 'max_depth': 8, 'min_child_weight': 3, 'n_estimators': 300, 'subsample': 0.8}",-5.855522156026629,-6.003511831230587,-17.879916625022886,-20.162500435511273,-21.38876319249471,-14.258042848057219,6.89300221930394,203
1.1073896884918213,0.22881667661639582,0.005504226684570313,0.0005486844114428465,0.8,0.0,0.05,8,3,500,0.7,"{'colsample_bytree': 0.8, 'gamma': 0, 'learning_rate': 0.05, 'max_depth': 8, 'min_child_weight': 3, 'n_estimators': 500, 'subsample': 0.7}",-5.889671291775174,-5.798232692877452,-17.936518539322748,-20.689589929580688,-21.19880730311076,-14.302563951333363,6.995117042853645,239
1.233737850189209,0.2721925884604256,0.0052051544189453125,0.0005995444271316181,0.8,0.0,0.05,8,3,500,0.8,"{'colsample_bytree': 0.8, 'gamma': 0, 'learning_rate': 0.05, 'max_depth': 8, 'min_child_weight': 3, 'n_estimators': 500, 'subsample': 0.8}",-5.858140417204963,-6.011452321211497,-17.841783266067505,-20.222624242570664,-21.429682557847766,-14.27273656098048,6.905293322688081,213
0.2084301471710205,0.027747583459139143,0.003201198577880859,0.00040104554670203476,0.8,0.0,0.1,4,1,300,0.7,"{'colsample_bytree': 0.8, 'gamma': 0, 'learning_rate': 0.1, 'max_depth': 4, 'min_child_weight': 1, 'n_estimators': 300, 'subsample': 0.7}",-5.802870064841376,-5.95993338810073,-18.05380201180776,-20.48561264567905,-20.898030030330023,-14.24004962815179,6.893863816726226,191
0.20971221923828126,0.028234967442220062,0.0027024269104003905,0.0003985494252994141,0.8,0.0,0.1,4,1,300,0.8,"{'colsample_bytree': 0.8, 'gamma': 0, 'learning_rate': 0.1, 'max_depth': 4, 'min_child_weight': 1, 'n_estimators': 300, 'subsample': 0.8}",-5.900250916745928,-6.027242021647592,-18.753923742903602,-19.923694020377265,-21.602696475982665,-14.441561435531412,6.981215624697887,280
0.3444550037384033,0.04826568938946398,0.003013753890991211,0.00043493374530514977,0.8,0.0,0.1,4,1,500,0.7,"{'colsample_bytree': 0.8, 'gamma': 0, 'learning_rate': 0.1, 'max_depth': 4, 'min_child_weight': 1, 'n_estimators': 500, 'subsample': 0.7}",-5.828100241820017,-6.025386204984453,-17.98663404756122,-20.595191593170167,-21.038061386744182,-14.294674694856008,6.911792187585332,229
0.3484938621520996,0.051574762217406436,0.0036016464233398437,0.00037382487099653453,0.8,0.0,0.1,4,1,500,0.8,"{'colsample_bytree': 0.8, 'gamma': 0, 'learning_rate': 0.1, 'max_depth': 4, 'min_child_weight': 1, 'n_estimators': 500, 'subsample': 0.8}",-5.917997307048903,-6.064309843472309,-18.871097580591837,-20.060965827306113,-21.74607278505961,-14.532088668695755,7.033390306578591,284
0.19347767829895018,0.026406442032977706,0.0025014877319335938,0.00044777357732503657,0.8,0.0,0.1,4,3,300,0.7,"{'colsample_bytree': 0.8, 'gamma': 0, 'learning_rate': 0.1, 'max_depth': 4, 'min_child_weight': 3, 'n_estimators': 300, 'subsample': 0.7}",-5.951709575984213,-5.820504394968351,-18.082235983742606,-20.430812713834975,-20.97527876853943,-14.252108287413915,6.899794936740422,199
0.19405088424682618,0.02904744385687069,0.0025025367736816405,0.0003167441781897154,0.8,0.0,0.1,4,3,300,0.8,"{'colsample_bytree': 0.8, 'gamma': 0, 'learning_rate': 0.1, 'max_depth': 4, 'min_child_weight': 3, 'n_estimators': 300, 'subsample': 0.8}",-5.97710006263521,-5.93317415813605,-18.116081003083124,-19.866098659303454,-20.84126149283515,-14.1467430751986,6.7452061500788965,126
0.31866726875305174,0.04351361250145586,0.003203296661376953,0.00024760375408054366,0.8,0.0,0.1,4,3,500,0.7,"{'colsample_bytree': 0.8, 'gamma': 0, 'learning_rate': 0.1, 'max_depth': 4, 'min_child_weight': 3, 'n_estimators': 500, 'subsample': 0.7}",-5.96368032588313,-5.866668180161052,-18.102419455316333,-20.579031590885585,-21.14916074011061,-14.332192058471344,6.9484640594423865,254
0.31997385025024416,0.04726039394383215,0.0032012939453125,0.0005104367365879689,0.8,0.0,0.1,4,3,500,0.8,"{'colsample_bytree': 0.8, 'gamma': 0, 'learning_rate': 0.1, 'max_depth': 4, 'min_child_weight': 3, 'n_estimators': 500, 'subsample': 0.8}",-5.99328670197063,-5.9866863785187405,-18.164313886960347,-20.03484467718336,-20.94732205073039,-14.225290739072694,6.7837013134559765,182
0.5390256881713867,0.08164315169755954,0.0037039756774902345,0.00024292953742647522,0.8,0.0,0.1,6,1,300,0.7,"{'colsample_bytree': 0.8, 'gamma': 0, 'learning_rate': 0.1, 'max_depth': 6, 'min_child_weight': 1, 'n_estimators': 300, 'subsample': 0.7}",-5.849613939921062,-5.884690917597877,-18.38835313240687,-20.12248195913103,-21.16983976152208,-14.282995942115784,6.9287175101236524,216
0.5470282554626464,0.06685150819036555,0.0037033557891845703,0.0005087303214201664,0.8,0.0,0.1,6,1,300,0.8,"{'colsample_bytree': 0.8, 'gamma': 0, 'learning_rate': 0.1, 'max_depth': 6, 'min_child_weight': 1, 'n_estimators': 300, 'subsample': 0.8}",-5.792601566712062,-5.989620470868217,-19.03526913801829,-19.797679015265572,-21.288278618918525,-14.380689761956535,6.969777159314255,266
0.9263400077819824,0.14552870476327084,0.005103588104248047,0.0003747420420549629,0.8,0.0,0.1,6,1,500,0.7,"{'colsample_bytree': 0.8, 'gamma': 0, 'learning_rate': 0.1, 'max_depth': 6, 'min_child_weight': 1, 'n_estimators': 500, 'subsample': 0.7}",-5.849923716386159,-5.888239634434382,-18.380154770745172,-20.13181221061283,-21.200936337576973,-14.290213333951105,6.934574849272445,223
0.900043249130249,0.1633209959434862,0.004602241516113281,0.0003735863299549211,0.8,0.0,0.1,6,1,500,0.8,"{'colsample_bytree': 0.8, 'gamma': 0, 'learning_rate': 0.1, 'max_depth': 6, 'min_child_weight': 1, 'n_estimators': 500, 'subsample': 0.8}",-5.792943499088287,-5.990742801162932,-19.049983506732517,-19.810389205084906,-21.328071717156305,-14.394426145844989,6.9812564569463245,268
0.43073239326477053,0.0770721248895279,0.003403186798095703,0.0003758309364061243,0.8,0.0,0.1,6,3,300,0.7,"{'colsample_bytree': 0.8, 'gamma': 0, 'learning_rate': 0.1, 'max_depth': 6, 'min_child_weight': 3, 'n_estimators': 300, 'subsample': 0.7}",-5.990313647323185,-5.8915797711743245,-17.991393054326377,-20.259159667756823,-21.731649940278796,-14.372819216171902,6.987035026323586,265
0.44811396598815917,0.0810508440478294,0.0037017822265625,0.0007489767870684681,0.8,0.0,0.1,6,3,300,0.8,"{'colsample_bytree': 0.8, 'gamma': 0, 'learning_rate': 0.1, 'max_depth': 6, 'min_child_weight': 3, 'n_estimators': 300, 'subsample': 0.8}",-5.958752920097775,-6.053511303928163,-18.21834353817834,-19.77477581606971,-21.501824372609455,-14.301441590176688,6.852354761464471,236
0.7262829780578614,0.1379959706663566,0.004450225830078125,0.00024161854974274623,0.8,0.0,0.1,6,3,500,0.7,"{'colsample_bytree': 0.8, 'gamma': 0, 'learning_rate': 0.1, 'max_depth': 6, 'min_child_weight': 3, 'n_estimators': 500, 'subsample': 0.7}",-5.990826809141371,-5.8957695930533935,-18.01461627033022,-20.297154045104982,-21.809939971499972,-14.401661337825988,7.0112081949224825,272
0.7604571342468261,0.14852015786201456,0.005013895034790039,0.00044747706855137004,0.8,0.0,0.1,6,3,500,0.8,"{'colsample_bytree': 0.8, 'gamma': 0, 'learning_rate': 0.1, 'max_depth': 6, 'min_child_weight': 3, 'n_estimators': 500, 'subsample': 0.8}",-5.959793938265906,-6.056484090354708,-18.2303261507882,-19.799265410635208,-21.540011259714763,-14.317176169951756,6.864696109073804,248
1.2319448947906495,0.3018485767744521,0.005808115005493164,0.0016344559451055075,0.8,0.0,0.1,8,1,300,0.7,"{'colsample_bytree': 0.8, 'gamma': 0, 'learning_rate': 0.1, 'max_depth': 8, 'min_child_weight': 1, 'n_estimators': 300, 'subsample': 0.7}",-5.8351690091027155,-5.845951092243195,-17.714451959927878,-20.29531336201562,-21.117206025653417,-14.161618289788567,6.886292495127078,137
1.3328200340270997,0.2803715057877679,0.004901361465454101,0.0004915814473167501,0.8,0.0,0.1,8,1,300,0.8,"{'colsample_bytree': 0.8, 'gamma': 0, 'learning_rate': 0.1, 'max_depth': 8, 'min_child_weight': 1, 'n_estimators': 300, 'subsample': 0.8}",-5.871675381925371,-5.76128989537557,-18.65031809118059,-19.642894212934706,-21.728041416803997,-14.330843799644049,7.022664092399631,252
1.9869426250457765,0.7018225095046056,0.00654292106628418,0.0008147296812662523,0.8,0.0,0.1,8,1,500,0.7,"{'colsample_bytree': 0.8, 'gamma': 0, 'learning_rate': 0.1, 'max_depth': 8, 'min_child_weight': 1, 'n_estimators': 500, 'subsample': 0.7}",-5.835199315812853,-5.845917525423897,-17.7158469025294,-20.297333784103394,-21.121307838228013,-14.16312107321951,6.8876257899265365,139
1.9512728214263917,0.6998885236803986,0.005901718139648437,0.0008012566584275356,0.8,0.0,0.1,8,1,500,0.8,"{'colsample_bytree': 0.8, 'gamma': 0, 'learning_rate': 0.1, 'max_depth': 8, 'min_child_weight': 1, 'n_estimators': 500, 'subsample': 0.8}",-5.871675100856357,-5.7612675235006545,-18.651191100014582,-19.643295939763387,-21.724704921510483,-14.330426917129092,7.022135039780415,251
0.717970895767212,0.15543246174879122,0.004801797866821289,0.0010283134929567218,0.8,0.0,0.1,8,3,300,0.7,"{'colsample_bytree': 0.8, 'gamma': 0, 'learning_rate': 0.1, 'max_depth': 8, 'min_child_weight': 3, 'n_estimators': 300, 'subsample': 0.7}",-5.883817416032155,-5.831222027805117,-17.864167014227974,-20.51597716437446,-21.320841743681164,-14.283205073224172,6.974020313769403,217
0.8000930309295654,0.2075925705276444,0.004101085662841797,0.0002025129937102321,0.8,0.0,0.1,8,3,300,0.8,"{'colsample_bytree': 0.8, 'gamma': 0, 'learning_rate': 0.1, 'max_depth': 8, 'min_child_weight': 3, 'n_estimators': 300, 'subsample': 0.8}",-5.927900282144546,-6.000888394514719,-17.994466078546314,-20.198139932420517,-21.35608591609531,-14.29549612074428,6.887563987719251,231
1.174377679824829,0.33395553845524867,0.00570211410522461,0.0003975910601501019,0.8,0.0,0.1,8,3,500,0.7,"{'colsample_bytree': 0.8, 'gamma': 0, 'learning_rate': 0.1, 'max_depth': 8, 'min_child_weight': 3, 'n_estimators': 500, 'subsample': 0.7}",-5.883802417119344,-5.832157107194265,-17.853256883091397,-20.53012322107951,-21.353675510618423,-14.29060302782059,6.981843761243368,225
1.3023855209350585,0.4207036631951415,0.005602788925170898,0.000733196099553702,0.8,0.0,0.1,8,3,500,0.8,"{'colsample_bytree': 0.8, 'gamma': 0, 'learning_rate': 0.1, 'max_depth': 8, 'min_child_weight': 3, 'n_estimators': 500, 'subsample': 0.8}",-5.928355940580368,-6.001688928604126,-18.002331468264263,-20.200569593641493,-21.358449413511487,-14.298279068920346,6.8890066633826885,233
0.21180219650268556,0.0263157882167211,0.0029999256134033204,2.431401974483864e-07,0.8,0.1,0.03,4,1,300,0.7,"{'colsample_bytree': 0.8, 'gamma': 0.1, 'learning_rate': 0.03, 'max_depth': 4, 'min_child_weight': 1, 'n_estimators': 300, 'subsample': 0.7}",-5.797602461973826,-5.694325819545322,-17.877369429270427,-19.57582977718777,-21.11486545032925,-14.011998587661319,6.826536616830873,37
0.21222476959228515,0.028863422134751758,0.0027302265167236327,0.00038837570137356084,0.8,0.1,0.03,4,1,300,0.8,"{'colsample_bytree': 0.8, 'gamma': 0.1, 'learning_rate': 0.03, 'max_depth': 4, 'min_child_weight': 1, 'n_estimators': 300, 'subsample': 0.8}",-5.797578863037957,-5.668282981183793,-18.113670257462395,-19.73119516266717,-20.743131534788343,-14.010771759827932,6.810805307903488,34
0.3409724712371826,0.04666586350299031,0.0038018226623535156,0.00039911512262482725,0.8,0.1,0.03,4,1,500,0.7,"{'colsample_bytree': 0.8, 'gamma': 0.1, 'learning_rate': 0.03, 'max_depth': 4, 'min_child_weight': 1, 'n_estimators': 500, 'subsample': 0.7}",-5.887646027141147,-5.760495145585802,-18.058847767512002,-19.611387570699055,-21.432401680416532,-14.150155638270908,6.881707695853446,130
0.3414603710174561,0.04731910516948979,0.00360260009765625,0.00037427217371015643,0.8,0.1,0.03,4,1,500,0.8,"{'colsample_bytree': 0.8, 'gamma': 0.1, 'learning_rate': 0.03, 'max_depth': 4, 'min_child_weight': 1, 'n_estimators': 500, 'subsample': 0.8}",-5.872057492203183,-5.6944868122206795,-18.133214566442703,-19.8098455397288,-20.93711595747206,-14.089344073613486,6.8405618564581605,84
0.1941917896270752,0.02415941055416886,0.002400922775268555,0.0004895517697054764,0.8,0.1,0.03,4,3,300,0.7,"{'colsample_bytree': 0.8, 'gamma': 0.1, 'learning_rate': 0.03, 'max_depth': 4, 'min_child_weight': 3, 'n_estimators': 300, 'subsample': 0.7}",-5.740318422847324,-5.692707588937547,-17.802612003750273,-19.57227527724372,-20.95046195771959,-13.951675050099691,6.797658445333823,10
0.1970362663269043,0.025148689426389457,0.002801513671875,0.0005089985642508469,0.8,0.1,0.03,4,3,300,0.8,"{'colsample_bytree': 0.8, 'gamma': 0.1, 'learning_rate': 0.03, 'max_depth': 4, 'min_child_weight': 3, 'n_estimators': 300, 'subsample': 0.8}",-5.799232136673398,-5.647227128611671,-17.929149566226535,-19.603470691045125,-20.665581795374553,-13.928932263586256,6.756674268356954,6
0.31696581840515137,0.03170954083043097,0.0033086299896240234,0.0005884714696505342,0.8,0.1,0.03,4,3,500,0.7,"{'colsample_bytree': 0.8, 'gamma': 0.1, 'learning_rate': 0.03, 'max_depth': 4, 'min_child_weight': 3, 'n_estimators': 500, 'subsample': 0.7}",-5.839168702496423,-5.74460693359375,-17.973743187586468,-19.671720435884264,-21.078503125508625,-14.061548477013906,6.8234301519634695,68
0.3272446632385254,0.04250963093428216,0.0030309200286865235,0.0004200710632686875,0.8,0.1,0.03,4,3,500,0.8,"{'colsample_bytree': 0.8, 'gamma': 0.1, 'learning_rate': 0.03, 'max_depth': 4, 'min_child_weight': 3, 'n_estimators': 500, 'subsample': 0.8}",-5.887142898771498,-5.662173535294003,-18.0539014810986,-19.71481208377414,-20.840814190970526,-14.031768837981753,6.800333629637004,49
0.5167235851287841,0.06832008827841997,0.003603553771972656,0.0003735712418567022,0.8,0.1,0.03,6,1,300,0.7,"{'colsample_bytree': 0.8, 'gamma': 0.1, 'learning_rate': 0.03, 'max_depth': 6, 'min_child_weight': 1, 'n_estimators': 300, 'subsample': 0.7}",-5.74186843474706,-5.702378620041741,-18.070757896105448,-19.8155922041999,-20.796509275436403,-14.02542128610611,6.835623558543572,46
0.541560173034668,0.06767436614000831,0.003501129150390625,0.0004472936745559456,0.8,0.1,0.03,6,1,300,0.8,"{'colsample_bytree': 0.8, 'gamma': 0.1, 'learning_rate': 0.03, 'max_depth': 6, 'min_child_weight': 1, 'n_estimators': 300, 'subsample': 0.8}",-5.827130045890808,-5.722907504240672,-18.291197446717156,-19.80911645465427,-21.100873115327623,-14.150244913366105,6.896025004458782,131
0.8709704875946045,0.13369875508066517,0.004700469970703125,0.00039992441902906916,0.8,0.1,0.03,6,1,500,0.7,"{'colsample_bytree': 0.8, 'gamma': 0.1, 'learning_rate': 0.03, 'max_depth': 6, 'min_child_weight': 1, 'n_estimators': 500, 'subsample': 0.7}",-5.770515371163686,-5.742014197508494,-18.097809603479174,-19.870878801345825,-20.90815949757894,-14.077875494215224,6.8537632421591015,74
0.9006185531616211,0.13558727018789635,0.0049019336700439455,0.0001983943100319266,0.8,0.1,0.03,6,1,500,0.8,"{'colsample_bytree': 0.8, 'gamma': 0.1, 'learning_rate': 0.03, 'max_depth': 6, 'min_child_weight': 1, 'n_estimators': 500, 'subsample': 0.8}",-5.8469202799267235,-5.7562222419844735,-18.272989378505283,-19.9081974612342,-21.23340195126004,-14.203546262582142,6.9240561017168485,164
0.43058018684387206,0.05985695793344892,0.0037193775177001955,0.0004898281339868214,0.8,0.1,0.03,6,3,300,0.7,"{'colsample_bytree': 0.8, 'gamma': 0.1, 'learning_rate': 0.03, 'max_depth': 6, 'min_child_weight': 3, 'n_estimators': 300, 'subsample': 0.7}",-5.764336397382948,-5.783497092723846,-18.07696805212233,-19.828767888810898,-21.018464901182387,-14.094406866444482,6.85780671771052,91
0.4418858528137207,0.0637815098406212,0.0036025047302246094,0.0005820930504288872,0.8,0.1,0.03,6,3,300,0.8,"{'colsample_bytree': 0.8, 'gamma': 0.1, 'learning_rate': 0.03, 'max_depth': 6, 'min_child_weight': 3, 'n_estimators': 300, 'subsample': 0.8}",-5.8460129406717085,-5.790394700898064,-18.204575556119284,-19.77363857375251,-21.212278770870633,-14.165380108462438,6.881550614295452,141
0.6882284164428711,0.1079034776895391,0.004405546188354492,0.00020304129342537855,0.8,0.1,0.03,6,3,500,0.7,"{'colsample_bytree': 0.8, 'gamma': 0.1, 'learning_rate': 0.03, 'max_depth': 6, 'min_child_weight': 3, 'n_estimators': 500, 'subsample': 0.7}",-5.815762418111166,-5.850409177409278,-18.048699171808032,-19.920955874125163,-21.187840851677787,-14.164733498626285,6.875705480905834,140
0.7163396835327148,0.11887203055867653,0.005084991455078125,0.0004566859682177777,0.8,0.1,0.03,6,3,500,0.8,"{'colsample_bytree': 0.8, 'gamma': 0.1, 'learning_rate': 0.03, 'max_depth': 6, 'min_child_weight': 3, 'n_estimators': 500, 'subsample': 0.8}",-5.8816258626514015,-5.840945411258273,-18.202671135266623,-19.84835831642151,-21.25199046028985,-14.205118237177533,6.880768972498915,166
1.0878265380859375,0.19413479969677724,0.004501199722290039,0.0004472982800198981,0.8,0.1,0.03,8,1,300,0.7,"{'colsample_bytree': 0.8, 'gamma': 0.1, 'learning_rate': 0.03, 'max_depth': 8, 'min_child_weight': 1, 'n_estimators': 300, 'subsample': 0.7}",-5.7652461036046345,-5.7989840012126495,-17.75671272860633,-19.834521170722113,-20.72999654981825,-13.977092110792796,6.76036378706158,18
1.1811785221099853,0.22714383657268933,0.005092763900756836,0.0005936811359882908,0.8,0.1,0.03,8,1,300,0.8,"{'colsample_bytree': 0.8, 'gamma': 0.1, 'learning_rate': 0.03, 'max_depth': 8, 'min_child_weight': 1, 'n_estimators': 300, 'subsample': 0.8}",-5.737911262512207,-5.821673007806142,-18.278531068166096,-20.057146266301473,-20.942136171129015,-14.167479555182984,6.9021011192459065,144
1.8087791442871093,0.4759555465682409,0.0062047004699707035,0.00040211484452395453,0.8,0.1,0.03,8,1,500,0.7,"{'colsample_bytree': 0.8, 'gamma': 0.1, 'learning_rate': 0.03, 'max_depth': 8, 'min_child_weight': 1, 'n_estimators': 500, 'subsample': 0.7}",-5.774912545151181,-5.813619538678063,-17.745156398879157,-19.87474379963345,-20.82634165022108,-14.006954786512585,6.779474881450452,31
1.8352445602416991,0.5100515475005085,0.006111812591552734,0.0001978971524890458,0.8,0.1,0.03,8,1,500,0.8,"{'colsample_bytree': 0.8, 'gamma': 0.1, 'learning_rate': 0.03, 'max_depth': 8, 'min_child_weight': 1, 'n_estimators': 500, 'subsample': 0.8}",-5.746493561002943,-5.831589321295421,-18.273821584383647,-20.096186434427896,-20.967673371632895,-14.183152854548561,6.908734890066384,151
0.7933157920837403,0.12362760092173967,0.004905033111572266,0.0003726669979194191,0.8,0.1,0.03,8,3,300,0.7,"{'colsample_bytree': 0.8, 'gamma': 0.1, 'learning_rate': 0.03, 'max_depth': 8, 'min_child_weight': 3, 'n_estimators': 300, 'subsample': 0.7}",-5.835949164496528,-5.866059922642178,-17.537072548336454,-19.909347525702582,-21.083037987815008,-14.04629342979855,6.788264717099256,54
0.8380693435668946,0.14364153947635744,0.004549074172973633,0.0006046549072710575,0.8,0.1,0.03,8,3,300,0.8,"{'colsample_bytree': 0.8, 'gamma': 0.1, 'learning_rate': 0.03, 'max_depth': 8, 'min_child_weight': 3, 'n_estimators': 300, 'subsample': 0.8}",-5.8382081731160484,-5.824189408620199,-17.901417387326557,-19.87286524772644,-20.85032606760661,-14.05740125687917,6.783521522198759,65
1.1531235218048095,0.1999800548241711,0.005303478240966797,0.000927333121027898,0.8,0.1,0.03,8,3,500,0.7,"{'colsample_bytree': 0.8, 'gamma': 0.1, 'learning_rate': 0.03, 'max_depth': 8, 'min_child_weight': 3, 'n_estimators': 500, 'subsample': 0.7}",-5.863006025420295,-5.883280696868897,-17.479721823268466,-19.994074924257067,-21.180041946834987,-14.080025083329943,6.80661712808361,77
1.2053022861480713,0.24258468015767476,0.005003547668457032,0.0003162382307615833,0.8,0.1,0.03,8,3,500,0.8,"{'colsample_bytree': 0.8, 'gamma': 0.1, 'learning_rate': 0.03, 'max_depth': 8, 'min_child_weight': 3, 'n_estimators': 500, 'subsample': 0.8}",-5.856570495764415,-5.841601984235975,-17.92618689060211,-19.929216576682197,-20.90844855838352,-14.092404901133643,6.79896202581364,90
0.21015686988830568,0.03097023542093455,0.002602386474609375,0.0003750497307152417,0.8,0.1,0.05,4,1,300,0.7,"{'colsample_bytree': 0.8, 'gamma': 0.1, 'learning_rate': 0.05, 'max_depth': 4, 'min_child_weight': 1, 'n_estimators': 300, 'subsample': 0.7}",-5.8239582101504,-5.6860581631130644,-17.9839680896865,-19.521410632663304,-21.03383112695482,-14.009845244513619,6.808840738465756,33
0.2109983444213867,0.03261051527330819,0.003173542022705078,0.00021777881257652285,0.8,0.1,0.05,4,1,300,0.8,"{'colsample_bytree': 0.8, 'gamma': 0.1, 'learning_rate': 0.05, 'max_depth': 4, 'min_child_weight': 1, 'n_estimators': 300, 'subsample': 0.8}",-5.805643921163347,-5.751957320637173,-18.041477115419177,-19.53034375720554,-20.973505504396226,-14.020585523764293,6.792990197778565,42
0.3424290657043457,0.04798938696444316,0.003901100158691406,0.0003740682685555346,0.8,0.1,0.05,4,1,500,0.7,"{'colsample_bytree': 0.8, 'gamma': 0.1, 'learning_rate': 0.05, 'max_depth': 4, 'min_child_weight': 1, 'n_estimators': 500, 'subsample': 0.7}",-5.895440543227726,-5.784342497984568,-18.01345109065374,-19.575063574049206,-21.192497759395174,-14.092159093062083,6.812629348750361,89
0.34424629211425783,0.0459935044338201,0.0033012866973876954,0.0004002021461414502,0.8,0.1,0.05,4,1,500,0.8,"{'colsample_bytree': 0.8, 'gamma': 0.1, 'learning_rate': 0.05, 'max_depth': 4, 'min_child_weight': 1, 'n_estimators': 500, 'subsample': 0.8}",-5.852387704584333,-5.831274006631639,-18.01842451731364,-19.662830336888632,-21.166026810540092,-14.106188675191666,6.820888704158112,101
0.1916217803955078,0.023268354316611218,0.002699756622314453,0.00039922538884697135,0.8,0.1,0.05,4,3,300,0.7,"{'colsample_bytree': 0.8, 'gamma': 0.1, 'learning_rate': 0.05, 'max_depth': 4, 'min_child_weight': 3, 'n_estimators': 300, 'subsample': 0.7}",-5.791296310689714,-5.76266388575236,-17.848152838812933,-19.684722639189825,-21.15122755792406,-14.047612646473777,6.8335875649333335,56
0.1937025547027588,0.024748897402830348,0.0025013446807861327,0.0004471324076663785,0.8,0.1,0.05,4,3,300,0.8,"{'colsample_bytree': 0.8, 'gamma': 0.1, 'learning_rate': 0.05, 'max_depth': 4, 'min_child_weight': 3, 'n_estimators': 300, 'subsample': 0.8}",-5.769887720478906,-5.622081376976437,-18.014759766260784,-19.562841525607638,-20.862371487087675,-13.966388375282287,6.812844694069476,16
0.31639795303344725,0.03992190132535255,0.003402423858642578,0.0005809797202750754,0.8,0.1,0.05,4,3,500,0.7,"{'colsample_bytree': 0.8, 'gamma': 0.1, 'learning_rate': 0.05, 'max_depth': 4, 'min_child_weight': 3, 'n_estimators': 500, 'subsample': 0.7}",-5.839623959594303,-5.829481676552031,-17.914146790504457,-19.724635314941406,-21.38453827328152,-14.138485202974744,6.86842945852488,122
0.3156076431274414,0.043933383915203336,0.0032011032104492187,0.00039954300725588364,0.8,0.1,0.05,4,3,500,0.8,"{'colsample_bytree': 0.8, 'gamma': 0.1, 'learning_rate': 0.05, 'max_depth': 4, 'min_child_weight': 3, 'n_estimators': 500, 'subsample': 0.8}",-5.819162752628326,-5.681322645346324,-18.145273326237998,-19.633511423534816,-20.99904148631626,-14.055662326812746,6.84130576953222,63
0.5319154739379883,0.08347569786102933,0.0036010265350341795,0.0003730947250599392,0.8,0.1,0.05,6,1,300,0.7,"{'colsample_bytree': 0.8, 'gamma': 0.1, 'learning_rate': 0.05, 'max_depth': 6, 'min_child_weight': 1, 'n_estimators': 300, 'subsample': 0.7}",-5.882708120875888,-5.7202064151234095,-18.306368867556255,-20.01759446779887,-21.123665386835736,-14.210108651638032,6.92426957270635,168
0.5289052963256836,0.08254236698939547,0.0036029815673828125,0.0005855660678425683,0.8,0.1,0.05,6,1,300,0.8,"{'colsample_bytree': 0.8, 'gamma': 0.1, 'learning_rate': 0.05, 'max_depth': 6, 'min_child_weight': 1, 'n_estimators': 300, 'subsample': 0.8}",-5.823310560915205,-5.830821889241537,-18.29276286760966,-20.05764171918233,-21.090399267408582,-14.218987260871463,6.910145325435506,178
0.8656799793243408,0.20222714661599883,0.0048653602600097655,0.0007517249765918112,0.8,0.1,0.05,6,1,500,0.7,"{'colsample_bytree': 0.8, 'gamma': 0.1, 'learning_rate': 0.05, 'max_depth': 6, 'min_child_weight': 1, 'n_estimators': 500, 'subsample': 0.7}",-5.893814509709676,-5.729636314842436,-18.30601964685652,-20.09685930305057,-21.245994254218207,-14.25446480573548,6.957058693060571,200
0.8402219295501709,0.21103532171554107,0.004267597198486328,0.0006193098450330923,0.8,0.1,0.05,6,1,500,0.8,"{'colsample_bytree': 0.8, 'gamma': 0.1, 'learning_rate': 0.05, 'max_depth': 6, 'min_child_weight': 1, 'n_estimators': 500, 'subsample': 0.8}",-5.828722618156009,-5.847147936026255,-18.32676022529602,-20.103345552020603,-21.203960073259143,-14.261987280951606,6.939226266131683,206
0.41965575218200685,0.05928572535247036,0.0031999588012695313,0.00039999491766111466,0.8,0.1,0.05,6,3,300,0.7,"{'colsample_bytree': 0.8, 'gamma': 0.1, 'learning_rate': 0.05, 'max_depth': 6, 'min_child_weight': 3, 'n_estimators': 300, 'subsample': 0.7}",-5.864602988031176,-5.718852757347955,-18.22297833919525,-19.64893166012234,-21.31266988012526,-14.153607124964395,6.897292572921228,133
0.43513970375061034,0.07651000017870271,0.0034014225006103516,0.0003745899482133022,0.8,0.1,0.05,6,3,300,0.8,"{'colsample_bytree': 0.8, 'gamma': 0.1, 'learning_rate': 0.05, 'max_depth': 6, 'min_child_weight': 3, 'n_estimators': 300, 'subsample': 0.8}",-5.917515143553416,-5.96565271668964,-18.065908614794413,-19.773629336886934,-21.227841217252944,-14.190109405835468,6.808886649637087,153
0.6742283344268799,0.15358460441889488,0.0043999671936035155,0.0004899209169248171,0.8,0.1,0.05,6,3,500,0.7,"{'colsample_bytree': 0.8, 'gamma': 0.1, 'learning_rate': 0.05, 'max_depth': 6, 'min_child_weight': 3, 'n_estimators': 500, 'subsample': 0.7}",-5.876124329302046,-5.739439054860009,-18.183272806273568,-19.7229097143809,-21.447829690509373,-14.193915119065178,6.9248515037337235,155
0.7068831920623779,0.1763352810106633,0.004700326919555664,0.0006008906657164957,0.8,0.1,0.05,6,3,500,0.8,"{'colsample_bytree': 0.8, 'gamma': 0.1, 'learning_rate': 0.05, 'max_depth': 6, 'min_child_weight': 3, 'n_estimators': 500, 'subsample': 0.8}",-5.925559569729699,-5.986267735295826,-18.06627781814999,-19.799175026151868,-21.33103200170729,-14.221662430206933,6.827589595104507,179
1.0573133945465087,0.2754434372486668,0.004803895950317383,0.0005129437513437461,0.8,0.1,0.05,8,1,300,0.7,"{'colsample_bytree': 0.8, 'gamma': 0.1, 'learning_rate': 0.05, 'max_depth': 8, 'min_child_weight': 1, 'n_estimators': 300, 'subsample': 0.7}",-5.823769355350071,-5.805985688368479,-18.25483411312103,-19.96524111747742,-21.054592516157363,-14.180884558094874,6.888889786689783,148
1.109502124786377,0.29267738529471515,0.004906845092773437,0.0004930483165037492,0.8,0.1,0.05,8,1,300,0.8,"{'colsample_bytree': 0.8, 'gamma': 0.1, 'learning_rate': 0.05, 'max_depth': 8, 'min_child_weight': 1, 'n_estimators': 300, 'subsample': 0.8}",-5.741604839695825,-5.924437851376004,-18.275863863097296,-19.64271909713745,-20.905568222469753,-14.098038774755263,6.799674987723628,93
1.546864652633667,0.6314451497650639,0.005906534194946289,0.00037430567025180557,0.8,0.1,0.05,8,1,500,0.7,"{'colsample_bytree': 0.8, 'gamma': 0.1, 'learning_rate': 0.05, 'max_depth': 8, 'min_child_weight': 1, 'n_estimators': 500, 'subsample': 0.7}",-5.8243103043238325,-5.807550817065769,-18.24155477205912,-19.986952571868898,-21.1052522638109,-14.193124145825703,6.900588940822598,154
1.49733567237854,0.6418993856672226,0.005303812026977539,0.0006804813658166643,0.8,0.1,0.05,8,1,500,0.8,"{'colsample_bytree': 0.8, 'gamma': 0.1, 'learning_rate': 0.05, 'max_depth': 8, 'min_child_weight': 1, 'n_estimators': 500, 'subsample': 0.8}",-5.7427059221267704,-5.924029772016738,-18.27669001420339,-19.654351360532974,-20.90463032404582,-14.100481478585138,6.801314647503675,95
0.7078148365020752,0.13054795836553817,0.004842567443847656,0.000429491423925942,0.8,0.1,0.05,8,3,300,0.7,"{'colsample_bytree': 0.8, 'gamma': 0.1, 'learning_rate': 0.05, 'max_depth': 8, 'min_child_weight': 3, 'n_estimators': 300, 'subsample': 0.7}",-5.8781829354498125,-5.75026948928833,-17.736493825912476,-20.60413253678216,-21.17144279691908,-14.228104316870372,6.968032039198163,183
0.7630131721496582,0.15419533238680808,0.004700756072998047,0.00039972399199871906,0.8,0.1,0.05,8,3,300,0.8,"{'colsample_bytree': 0.8, 'gamma': 0.1, 'learning_rate': 0.05, 'max_depth': 8, 'min_child_weight': 3, 'n_estimators': 300, 'subsample': 0.8}",-5.850932089752621,-6.042956848012077,-17.863115950690375,-20.168468899726868,-21.31173218621148,-14.247441194878684,6.868053709488059,194
1.0066686630249024,0.2760729600827491,0.0056059837341308595,0.0004919232806673628,0.8,0.1,0.05,8,3,500,0.7,"{'colsample_bytree': 0.8, 'gamma': 0.1, 'learning_rate': 0.05, 'max_depth': 8, 'min_child_weight': 3, 'n_estimators': 500, 'subsample': 0.7}",-5.881203865475125,-5.75419000837538,-17.748521728515627,-20.672966020902,-21.259397127363417,-14.263255750126309,6.997720378239164,207
1.0832112312316895,0.3694789924311802,0.004901313781738281,0.0004912290589033482,0.8,0.1,0.05,8,3,500,0.8,"{'colsample_bytree': 0.8, 'gamma': 0.1, 'learning_rate': 0.05, 'max_depth': 8, 'min_child_weight': 3, 'n_estimators': 500, 'subsample': 0.8}",-5.854652455912696,-6.043241393566132,-17.87119141260783,-20.216126620504593,-21.375798581441245,-14.272202092806499,6.8893393306988795,212
0.2070263385772705,0.02832002379077828,0.003002500534057617,0.0003172645483191375,0.8,0.1,0.1,4,1,300,0.7,"{'colsample_bytree': 0.8, 'gamma': 0.1, 'learning_rate': 0.1, 'max_depth': 4, 'min_child_weight': 1, 'n_estimators': 300, 'subsample': 0.7}",-5.840335224668185,-5.938355327182346,-18.099805540773605,-20.41080653137631,-20.915221035612955,-14.24090473192268,6.884870317638894,192
0.21552319526672364,0.03095649524821187,0.0031021595001220702,0.0002016585214993983,0.8,0.1,0.1,4,1,300,0.8,"{'colsample_bytree': 0.8, 'gamma': 0.1, 'learning_rate': 0.1, 'max_depth': 4, 'min_child_weight': 1, 'n_estimators': 300, 'subsample': 0.8}",-5.8562648752000594,-6.037776115950611,-18.704532237052916,-19.944506565729778,-21.602687487072416,-14.429153456201158,6.9866616695435,278
0.3421010971069336,0.05587874442385499,0.0035887241363525392,0.00036082562356792034,0.8,0.1,0.1,4,1,500,0.7,"{'colsample_bytree': 0.8, 'gamma': 0.1, 'learning_rate': 0.1, 'max_depth': 4, 'min_child_weight': 1, 'n_estimators': 500, 'subsample': 0.7}",-5.864875817795594,-6.001575433280733,-18.056329140928057,-20.47750836743249,-21.107980154885187,-14.301653782864411,6.908478394230452,237
0.3417539596557617,0.063190557944386,0.0032567977905273438,0.000225176320021835,0.8,0.1,0.1,4,1,500,0.8,"{'colsample_bytree': 0.8, 'gamma': 0.1, 'learning_rate': 0.1, 'max_depth': 4, 'min_child_weight': 1, 'n_estimators': 500, 'subsample': 0.8}",-5.866979460451338,-6.083898906442855,-18.863247786627877,-20.07997013092041,-21.70492256588406,-14.519803770065309,7.034809839598527,283
0.1968388080596924,0.027766399621062896,0.0027017593383789062,0.0006003419400267238,0.8,0.1,0.1,4,3,300,0.7,"{'colsample_bytree': 0.8, 'gamma': 0.1, 'learning_rate': 0.1, 'max_depth': 4, 'min_child_weight': 3, 'n_estimators': 300, 'subsample': 0.7}",-5.9399711037344405,-5.858722264878452,-17.980943915579054,-20.430812713834975,-20.97527876853943,-14.237145753313268,6.882166213419921,189
0.1946547031402588,0.0279447151161261,0.002300548553466797,0.00040081092992890334,0.8,0.1,0.1,4,3,300,0.8,"{'colsample_bytree': 0.8, 'gamma': 0.1, 'learning_rate': 0.1, 'max_depth': 4, 'min_child_weight': 3, 'n_estimators': 300, 'subsample': 0.8}",-5.98377358118693,-5.9321395826339725,-18.116081003083124,-19.87185436301761,-20.84126149283515,-14.149022004551359,6.744818384810007,129
0.318469762802124,0.06249776073518087,0.0031024456024169923,0.0008024427393239647,0.8,0.1,0.1,4,3,500,0.7,"{'colsample_bytree': 0.8, 'gamma': 0.1, 'learning_rate': 0.1, 'max_depth': 4, 'min_child_weight': 3, 'n_estimators': 500, 'subsample': 0.7}",-5.954911083446609,-5.90466270595789,-18.07699244181315,-20.53610254711575,-21.14916074011061,-14.3243659036888,6.930871208544182,249
0.31137824058532715,0.057682897761885135,0.003000354766845703,1.8869742333802582e-06,0.8,0.1,0.1,4,3,500,0.8,"{'colsample_bytree': 0.8, 'gamma': 0.1, 'learning_rate': 0.1, 'max_depth': 4, 'min_child_weight': 3, 'n_estimators': 500, 'subsample': 0.8}",-5.990889770057466,-5.975448944237497,-18.16240118715498,-20.000271020465426,-20.958909978866576,-14.217584180156388,6.783182379981726,176
0.49994120597839353,0.136944307839859,0.00371551513671875,0.00041077474575237547,0.8,0.1,0.1,6,1,300,0.7,"{'colsample_bytree': 0.8, 'gamma': 0.1, 'learning_rate': 0.1, 'max_depth': 6, 'min_child_weight': 1, 'n_estimators': 300, 'subsample': 0.7}",-5.83891364812851,-5.7901171609428195,-18.52704337755839,-20.31786044968499,-21.251767449908787,-14.345140417244698,7.02007849937898,257
0.47854981422424314,0.13997136096223722,0.0033018112182617186,0.0004003452027301812,0.8,0.1,0.1,6,1,300,0.8,"{'colsample_bytree': 0.8, 'gamma': 0.1, 'learning_rate': 0.1, 'max_depth': 6, 'min_child_weight': 1, 'n_estimators': 300, 'subsample': 0.8}",-5.8029450543721515,-5.966048485835393,-18.857518979178536,-19.67794501516554,-21.446101115544636,-14.35011173001925,6.96278920616361,259
0.6968229293823243,0.28647936282642167,0.004002571105957031,0.0003154644508699761,0.8,0.1,0.1,6,1,500,0.7,"{'colsample_bytree': 0.8, 'gamma': 0.1, 'learning_rate': 0.1, 'max_depth': 6, 'min_child_weight': 1, 'n_estimators': 500, 'subsample': 0.7}",-5.838744663397471,-5.790788433286878,-18.535534641477796,-20.344535754521686,-21.274393047756618,-14.35679930808809,7.029960414151961,261
0.6592619895935059,0.27923103336421323,0.003805685043334961,0.0004000411520134435,0.8,0.1,0.1,6,1,500,0.8,"{'colsample_bytree': 0.8, 'gamma': 0.1, 'learning_rate': 0.1, 'max_depth': 6, 'min_child_weight': 1, 'n_estimators': 500, 'subsample': 0.8}",-5.804005296495226,-5.966412632200453,-18.869879239400227,-19.69285955641005,-21.47490186055501,-14.361611717012192,6.9721958028561355,263
0.4150578498840332,0.10206787306474283,0.0033997058868408202,0.0004902916458558319,0.8,0.1,0.1,6,3,300,0.7,"{'colsample_bytree': 0.8, 'gamma': 0.1, 'learning_rate': 0.1, 'max_depth': 6, 'min_child_weight': 3, 'n_estimators': 300, 'subsample': 0.7}",-6.018652964697944,-5.88153871761428,-18.036986288759444,-20.293988086912368,-21.756843146218195,-14.397601840840446,6.998586112939972,271
0.41065325736999514,0.11620694014766612,0.0036015033721923826,0.00037462453917752294,0.8,0.1,0.1,6,3,300,0.8,"{'colsample_bytree': 0.8, 'gamma': 0.1, 'learning_rate': 0.1, 'max_depth': 6, 'min_child_weight': 3, 'n_estimators': 300, 'subsample': 0.8}",-5.900289567311605,-6.036781208250257,-18.190665584140355,-19.851059897740683,-21.48806079864502,-14.293371411217583,6.876851942325506,228
0.607822847366333,0.2389944614973295,0.004201745986938477,0.0008151891747262132,0.8,0.1,0.1,6,3,500,0.7,"{'colsample_bytree': 0.8, 'gamma': 0.1, 'learning_rate': 0.1, 'max_depth': 6, 'min_child_weight': 3, 'n_estimators': 500, 'subsample': 0.7}",-6.020966965489917,-5.880505156781938,-18.048574398358664,-20.338759270773995,-21.791282093260023,-14.416017576932907,7.0142813168832205,275
0.6016991615295411,0.2610471165245672,0.004521608352661133,0.0008480854165665282,0.8,0.1,0.1,6,3,500,0.8,"{'colsample_bytree': 0.8, 'gamma': 0.1, 'learning_rate': 0.1, 'max_depth': 6, 'min_child_weight': 3, 'n_estimators': 500, 'subsample': 0.8}",-5.90106440199746,-6.037854147752126,-18.202336054907903,-19.86495007885827,-21.560444060431585,-14.31332974878947,6.8951465375649885,246
0.8337678432464599,0.36523447142170595,0.0038000106811523437,0.0007482263583218452,0.8,0.1,0.1,8,1,300,0.7,"{'colsample_bytree': 0.8, 'gamma': 0.1, 'learning_rate': 0.1, 'max_depth': 8, 'min_child_weight': 1, 'n_estimators': 300, 'subsample': 0.7}",-5.87515818476677,-5.787872599230872,-17.918243294821846,-20.176329972479078,-21.24267740673489,-14.20005629160669,6.91676278087309,161
0.8066894054412842,0.3732566797976667,0.004002237319946289,0.0005500380507826932,0.8,0.1,0.1,8,1,300,0.8,"{'colsample_bytree': 0.8, 'gamma': 0.1, 'learning_rate': 0.1, 'max_depth': 8, 'min_child_weight': 1, 'n_estimators': 300, 'subsample': 0.8}",-5.893938383526272,-5.752196946409014,-18.55391190846761,-19.74776732656691,-21.568896786371866,-14.303342270268335,6.990530007795107,240
0.9044439315795898,0.4063648513218765,0.0044039726257324215,0.0005865301462038231,0.8,0.1,0.1,8,1,500,0.7,"{'colsample_bytree': 0.8, 'gamma': 0.1, 'learning_rate': 0.1, 'max_depth': 8, 'min_child_weight': 1, 'n_estimators': 500, 'subsample': 0.7}",-5.876396219597923,-5.7883070029152766,-17.91864074812995,-20.17697930600908,-21.238325780232746,-14.199729811376994,6.9156280847385165,160
0.8390367031097412,0.3703413155830117,0.004103946685791016,0.0005859287493829668,0.8,0.1,0.1,8,1,500,0.8,"{'colsample_bytree': 0.8, 'gamma': 0.1, 'learning_rate': 0.1, 'max_depth': 8, 'min_child_weight': 1, 'n_estimators': 500, 'subsample': 0.8}",-5.8947033908632065,-5.75246346394221,-18.553476414680482,-19.747547433641223,-21.568664161894056,-14.303370973004235,6.99014518384177,241
0.6402735233306884,0.24107021694887917,0.004100942611694336,0.0004886905018668589,0.8,0.1,0.1,8,3,300,0.7,"{'colsample_bytree': 0.8, 'gamma': 0.1, 'learning_rate': 0.1, 'max_depth': 8, 'min_child_weight': 3, 'n_estimators': 300, 'subsample': 0.7}",-5.854052307340834,-5.8738791569074,-18.162566016780005,-20.509011895391676,-21.2984984503852,-14.339601565361022,6.996798253212424,255
0.660555076599121,0.27753736604494134,0.004103612899780273,0.0008617181593626199,0.8,0.1,0.1,8,3,300,0.8,"{'colsample_bytree': 0.8, 'gamma': 0.1, 'learning_rate': 0.1, 'max_depth': 8, 'min_child_weight': 3, 'n_estimators': 300, 'subsample': 0.8}",-5.932745164765252,-6.048968199888865,-17.945958126386007,-20.236161762343514,-21.256426581276788,-14.284051966932086,6.855831174324154,218
0.7725483417510987,0.34031607617320575,0.0046051025390625,0.0010210704518879624,0.8,0.1,0.1,8,3,500,0.7,"{'colsample_bytree': 0.8, 'gamma': 0.1, 'learning_rate': 0.1, 'max_depth': 8, 'min_child_weight': 3, 'n_estimators': 500, 'subsample': 0.7}",-5.853833084636264,-5.873114000161489,-18.163813405036926,-20.51958241727617,-21.30444541083442,-14.342957663589052,7.000220445096674,256
0.7185081481933594,0.30775212945840486,0.003945016860961914,0.0006078093940568952,0.8,0.1,0.1,8,3,500,0.8,"{'colsample_bytree': 0.8, 'gamma': 0.1, 'learning_rate': 0.1, 'max_depth': 8, 'min_child_weight': 3, 'n_estimators': 500, 'subsample': 0.8}",-5.933921553028954,-6.0479808863004045,-17.952727137141757,-20.236340262624953,-21.253222337298922,-14.284838435279,6.855884928913256,219
