data,temperatura_media,precipitacao_total_mm,vento_velocidade_media_ms,vento_velocidade_max_ms,vento_rajada_max_ms,vento_direcao_media_circular_gr,vento_dir_sin,vento_dir_cos,n_registros
2017-01-01,22.870833333333334,0.0,1.2791666666666666,2.8,8.1,111.68403658678085,0.9292355521379777,-0.36948787347195516,24
2017-01-02,23.5,0.0,1.1833333333333333,2.2,5.1,5.790849354464182,0.10089740459784825,0.9948968357299254,24
2017-01-03,23.837500000000002,10.4,1.7041666666666666,7.3,17.8,57.911598267523104,0.847229473953282,0.5312270874728104,24
2017-01-04,21.65416666666667,9.4,2.0416666666666665,5.6,11.5,281.0562915800732,-0.9814392449530738,0.19177332574146133,24
2017-01-05,22.445833333333336,1.2,2.095833333333333,3.7,7.8,110.62519343111101,0.9359047375523915,-0.35225320754677214,24
2017-01-06,24.349999999999998,0.0,2.3875,4.5,11.8,127.32029438483443,0.7952587875438349,-0.6062701220036409,24
2017-01-07,24.979166666666668,0.0,2.3666666666666667,4.1,8.3,106.11990632484648,0.9606827484900502,-0.2776484409349404,24
2017-01-08,25.45,0.0,2.7375000000000003,4.1,8.3,78.47770056991584,0.9798470367092241,0.19974930450980918,24
2017-01-09,24.6875,0.0,1.4124999999999999,2.7,6.0,42.88870273336906,0.6805764169481943,0.7326771053431094,24
2017-01-10,24.3625,0.0,1.9708333333333332,3.9,8.5,176.60849945179018,0.05915829061555321,-0.9982486146504016,24
2017-01-11,22.933333333333334,0.0,2.4625,3.8,8.7,189.18865678737023,-0.1596857548677607,-0.9871678984308158,24
2017-01-12,21.683333333333334,14.4,1.6333333333333335,2.5,13.2,326.8513550162003,-0.5468129999732322,0.8372547659226993,24
2017-01-13,20.462500000000002,15.8,1.4208333333333334,3.2,9.5,338.68590005677976,-0.3634804997694455,0.9316018067218172,24
2017-01-14,21.125,0.8,2.275,4.6,13.6,308.45795671419074,-0.7830647434719,0.6219401961051301,24
2017-01-15,21.133333333333333,3.6,2.3416666666666663,4.0,10.1,328.0270326746851,-0.5295190883911086,0.8482980225306724,24
2017-01-16,20.958333333333332,2.4000000000000004,1.8416666666666668,4.3,11.5,87.09533747189344,0.9987152368026515,0.05067421216184571,24
2017-01-17,19.912499999999998,12.2,1.825,3.4,11.5,49.14056580458559,0.7563168406677192,0.654205500223286,24
2017-01-18,20.7625,2.0,1.825,4.7,10.5,16.16292792064929,0.2783697090082843,0.9604740002241827,24
2017-01-19,19.404166666666665,2.4000000000000004,0.8250000000000001,2.0,6.5,122.98309179233514,0.8388312565249845,-0.5443915163526301,24
2017-01-20,22.308333333333334,0.4,1.8958333333333333,4.0,9.2,103.2865420793341,0.9732328811694996,-0.2298211456992474,24
2017-01-21,22.545833333333334,0.0,2.5625,3.6,7.5,133.80512005786943,0.7216983740098784,-0.6922076689487756,24
2017-01-22,20.825,1.4,2.0,3.4,8.6,138.91551323445626,0.6571711891230603,-0.7537413536396839,24
2017-01-23,20.537499999999998,36.6,1.875,4.1,8.1,104.16209136335772,0.9696074405479004,-0.24466591759816045,24
2017-01-24,20.679166666666667,6.4,1.3708333333333333,3.3,7.1,34.014868690832245,0.5594080261985879,0.8288924298270556,24
2017-01-25,21.8125,9.999999999999998,1.6166666666666665,4.1,7.5,12.943849814906502,0.223996058348682,0.9745900501463443,24
2017-01-26,21.295833333333334,14.399999999999999,1.3333333333333333,2.6,8.8,202.28621298777,-0.3792335164805871,-0.9253009996632275,24
2017-01-27,21.708333333333332,0.0,1.2958333333333334,2.6,6.5,239.07598875566623,-0.8578496179420739,-0.5139008007355483,24
2017-01-28,23.858333333333334,0.0,2.8041666666666667,6.2,10.2,115.68704794778787,0.9011750295170963,-0.43345537968153147,24
2017-01-29,23.65833333333333,0.0,2.7708333333333335,4.1,10.0,102.66379878104556,0.9756732547444803,-0.21922978806793675,24
2017-01-30,23.454166666666666,0.0,2.7291666666666665,4.6,9.0,107.66348007807957,0.9528550762300755,-0.30342577956162015,24
2017-01-31,23.400000000000002,0.0,2.2041666666666666,3.8,7.7,76.44737922546496,0.9721551127765434,0.23433829542442686,24
2017-02-01,21.895833333333332,0.0,2.316666666666667,4.1,8.3,137.0431146733823,0.6814478284794129,-0.7318666935041468,24
2017-02-02,20.833333333333332,7.6000000000000005,1.9375,3.7,7.6,40.335432812549094,0.6472613045710142,0.7622681966375279,24
2017-02-03,21.7,4.800000000000001,2.033333333333333,3.8,7.9,324.306316474138,-0.5834516810660543,0.8121478534486165,24
2017-02-04,20.7,24.8,1.2249999999999999,2.9,7.1,44.036050511216786,0.6951108416111008,0.7189025788482798,24
2017-02-05,20.8625,2.4,1.6708333333333334,3.8,8.4,344.09401422272504,-0.2740596917753412,0.9617126833644261,24
2017-02-06,20.883333333333333,53.4,1.8499999999999999,4.3,13.2,338.57325688153,-0.3653113199702031,0.9308854062136908,24
2017-02-07,22.054166666666664,1.0,1.8875,3.8,7.9,305.5837795500572,-0.8132655276243779,0.5818927577980689,24
2017-02-08,20.941666666666666,36.8,2.091666666666667,3.6,7.4,314.04456198912726,-0.7187993098973132,0.6952176293011753,24
2017-02-09,21.770833333333332,7.8,1.7583333333333335,3.9,9.0,86.77849841198919,0.9984197455453212,0.05619618941899745,24
2017-02-10,20.845833333333335,11.8,2.025,5.0,10.7,356.3234890017134,-0.06412319693762313,0.9979419901048852,24
2017-02-11,20.083333333333332,9.8,2.3333333333333335,4.0,7.8,9.319729560865438,0.16194363113390123,0.9868000103035908,24
2017-02-12,20.304166666666667,1.4000000000000001,2.8874999999999997,5.2,10.1,50.439874047244686,0.7709566608023561,0.6368876095234391,24
2017-02-13,20.129166666666666,0.4,3.095833333333333,5.0,10.0,45.49829263742256,0.7132295623732987,0.7009305182090395,24
2017-02-14,21.154166666666665,2.0,3.016666666666666,6.3,12.2,58.181518500040134,0.8497226723200193,0.5272299120358451,24
2017-02-15,22.03333333333333,0.0,3.3833333333333333,4.8,9.8,98.48613511700107,0.9890516024870114,-0.14757007697319555,24
2017-02-16,21.087500000000002,0.8,2.8083333333333336,4.2,8.5,93.7373067049607,0.9978733881466916,-0.06518206216929867,24
2017-02-17,21.795833333333334,0.0,1.7208333333333332,3.8,6.8,92.18681500960143,0.9992717238120988,-0.038157856197596894,24
2017-02-18,23.037499999999998,0.0,1.7666666666666666,3.5,7.0,101.93894627195267,0.978368593681249,-0.20686927006729447,24
2017-02-19,22.754166666666666,0.0,2.2791666666666663,4.1,8.3,98.41802826263688,0.9892263185954926,-0.14639429837944198,24
2017-02-20,22.712500000000002,1.6,2.829166666666667,4.7,11.4,101.50629428603648,0.979902796940966,-0.19947558383740072,24
2017-02-21,21.916666666666668,0.2,3.370833333333333,4.5,8.1,100.14345289943755,0.9843698994089521,-0.17611331902388705,24
2017-02-22,22.599999999999998,0.0,3.0833333333333335,4.3,8.6,84.2731010413434,0.9950088321256277,0.09978689288676292,24
2017-02-23,22.870833333333334,0.0,2.716666666666667,5.0,10.3,82.02544138955807,0.9903297689839791,0.13873337256817012,24
2017-02-24,21.358333333333334,1.6,1.4041666666666668,2.9,6.6,23.272333652901096,0.3951019673201324,0.9186372708636206,24
2017-02-25,20.425,36.4,1.7125000000000001,3.6,14.8,65.40510222934061,0.9092731755383269,0.41619982249689547,24
2017-02-26,19.0625,34.4,1.3,2.0,5.2,94.31085068811974,0.9971709161544255,-0.0751675726343731,24
2017-02-27,20.5,3.0,1.4083333333333332,3.5,7.3,123.13622016327247,0.83737332483669,-0.5466314250497744,24
2017-02-28,20.57916666666667,0.8,2.154166666666667,4.2,9.3,62.90211884190951,0.8902296504027739,0.4555119861691402,24
2017-03-01,20.55,0.8,2.1875,4.0,8.4,320.54906000614744,-0.6354172769638967,0.7721689479225299,24
2017-03-02,21.158333333333335,14.0,1.9124999999999999,4.4,8.8,8.948555441635127,0.15554757953118614,0.9878284013440741,24
2017-03-03,21.974999999999998,5.2,1.9291666666666665,7.3,14.0,93.98215757058549,0.997585724693248,-0.06944581980398187,24
2017-03-04,22.625,0.4,1.5458333333333334,3.2,5.9,106.46338772381287,0.9590010262587275,-0.28340259637961546,24
2017-03-05,21.370833333333334,0.0,1.3458333333333332,2.4,6.9,181.8511909785203,-0.032303756680726464,-0.9994780974610261,24
2017-03-06,23.162499999999998,0.0,1.5541666666666665,2.8,5.7,142.42392689014588,0.6098142481665008,-0.7925443727218845,24
2017-03-07,24.625,0.0,1.8375000000000001,3.8,7.7,133.67995622298665,0.7232087929930724,-0.6906294532797622,24
2017-03-08,24.087500000000002,0.0,1.9625000000000001,3.8,7.5,102.62123364540784,0.9758358516871521,-0.21850489825633285,24
2017-03-09,24.616666666666664,0.0,2.775,4.6,8.7,72.1834261161832,0.9520409247809543,0.3059707135368114,24
2017-03-10,23.8,0.0,2.245833333333333,4.0,8.8,106.73828091054577,0.9576302874868537,-0.2880004036244499,24
2017-03-11,23.787499999999998,0.0,2.4916666666666667,4.2,9.2,84.42191936365161,0.9952646589606101,0.09720215339189066,24
2017-03-12,23.925,0.0,2.6,4.4,8.5,90.16795272830748,0.9999957036608712,-0.002931323898678384,24
2017-03-13,22.666666666666668,0.0,2.0833333333333335,3.6,7.9,34.69714266540739,0.5692385224847488,0.8221724299192841,24
2017-03-14,20.941666666666666,19.6,1.9583333333333333,4.4,12.7,141.57150006626318,0.6215375264003095,-0.7833843904981671,24
2017-03-15,20.9875,4.3999999999999995,2.15,4.9,9.2,53.8703406767235,0.8076847764846651,0.5896145366550223,24
2017-03-16,21.329166666666666,0.0,1.7375,3.9,10.7,91.33937014871539,0.9997267839594888,-0.023374290021683147,24
2017-03-17,22.270833333333332,0.0,1.75,3.5,8.0,66.22273635137299,0.9151197323424279,0.40318218645858245,24
2017-03-18,21.708333333333332,8.8,1.9375,3.2,8.4,302.28437445665725,-0.8454075288522003,0.5341218120990906,24
2017-03-19,20.079166666666666,1.6,1.5666666666666667,2.7,6.5,127.9380095191378,0.788676399800916,-0.6148085363729636,24
2017-03-20,20.320833333333333,18.8,1.1166666666666667,2.5,7.9,160.2987136478101,0.33711639536963517,-0.9414629764217942,24
2017-03-21,20.833333333333332,0.0,1.4958333333333333,4.1,9.1,145.3227514460834,0.5689530153177538,-0.8223700300721299,24
2017-03-22,21.6375,0.0,2.091666666666667,4.9,12.0,102.53495194417142,0.9761637915710706,-0.21703514007089136,24
2017-03-23,23.1875,0.0,2.504166666666667,5.3,9.1,86.3689726843286,0.9979925792168123,0.06333097052923252,24
2017-03-24,22.958333333333332,9.0,1.9666666666666668,3.7,7.6,101.14584104730154,0.9811383174969772,-0.19330701471804082,24
2017-03-25,22.566666666666666,0.0,1.2874999999999999,2.9,5.8,185.48831466719028,-0.09564274193055758,-0.9954157251701445,24
2017-03-26,22.679166666666664,18.0,1.6041666666666667,3.8,7.1,6.467004251684764,0.11263101244909346,0.9936368828876534,24
2017-03-27,21.929166666666664,5.0,1.675,3.8,8.4,205.38271418450452,-0.4286625826925285,-0.9034646590760322,24
2017-03-28,21.358333333333334,7.0,1.3499999999999999,3.7,8.1,259.6480165485899,-0.9837224089078367,-0.17969480296481316,24
2017-03-29,20.3875,22.599999999999998,1.3916666666666666,2.5,7.3,230.97208639179914,-0.7768392741840957,-0.6296989297157234,24
2017-03-30,20.004166666666666,41.8,1.6291666666666667,3.1,6.6,128.48648245524967,0.7827550022488834,-0.6223299819664407,24
2017-03-31,21.766666666666666,0.8,1.3208333333333333,2.8,5.7,39.885578144890346,0.6412565089882665,0.7673265860637054,24
2017-04-01,21.9375,18.0,1.9541666666666666,3.6,7.8,70.75661774954382,0.9441270938655422,0.32958159934833375,24
2017-04-02,21.162499999999998,0.8,2.8625000000000003,3.8,8.0,84.34817870322308,0.9951387338556424,0.09848299538594867,24
2017-04-03,21.704166666666666,0.0,2.4499999999999997,4.7,8.4,69.18118898578335,0.934709039380859,0.3554138597462285,24
2017-04-04,21.795833333333334,4.0,2.475,4.7,9.5,54.291393415546224,0.8119958621164654,0.5836631904666751,24
2017-04-05,22.433333333333334,0.2,2.65,4.6,9.2,24.306695815688588,0.41162086605454573,0.9113551791856487,24
2017-04-06,22.479166666666668,0.0,1.6708333333333334,3.5,6.6,357.2944617459779,-0.04720300395138671,0.9988853169498316,24
2017-04-07,22.916666666666668,0.0,1.6833333333333333,3.7,8.2,97.77502651364784,0.9908069006444952,-0.13528372272838093,24
2017-04-08,22.849999999999998,0.0,2.245833333333333,4.7,9.2,91.83474379936627,0.9994873293147548,-0.0320168477408177,24
2017-04-09,23.241666666666664,0.0,2.9333333333333336,4.3,8.5,85.08650589126682,0.996325151452784,0.08565157664974406,24
2017-04-10,22.379166666666666,0.0,2.191666666666667,4.0,8.6,102.39302737077321,0.9766984033900836,-0.21461646911470136,24
2017-04-11,22.258333333333336,0.0,1.8291666666666666,3.8,6.3,125.41041600911537,0.8150224726185801,-0.5794293478299972,24
2017-04-12,22.7375,0.0,1.45,2.9,6.5,123.96222640337318,0.8294060534973404,-0.5586462193749878,24
2017-04-13,23.6375,0.0,2.0875,3.5,7.5,133.58418591810437,0.724362174222448,-0.689419640390182,24
2017-04-14,23.25,0.0,3.0708333333333333,4.5,7.9,103.28354516396988,0.9732449008723063,-0.22977023942637698,24
2017-04-15,22.5125,0.0,3.1291666666666664,4.3,8.3,99.00316423610592,0.9876796997862456,-0.15648901121213504,24
2017-04-16,22.795833333333334,0.0,2.5124999999999997,3.3,8.0,89.91863411504094,0.9999989916544845,0.0014201021140165593,24
2017-04-17,22.8875,0.0,1.3541666666666667,3.2,6.5,131.09038172267174,0.7536737356652379,-0.6572487353874523,24
2017-04-18,23.125,0.0,1.4000000000000001,3.1,7.4,62.286708941064546,0.8852857712504875,0.46504742040079067,24
2017-04-19,22.9875,0.0,2.6333333333333333,4.6,9.3,83.16196696828493,0.9928866925989128,0.11906307429254463,24
2017-04-20,22.895833333333332,0.0,2.9791666666666665,4.0,8.3,71.31173993583191,0.9472759516346777,0.3204188999647424,24
2017-04-21,21.095833333333335,0.4,2.0083333333333333,3.9,8.8,26.464062390555373,0.4456363960450221,0.8952140540228378,24
2017-04-22,22.025000000000002,0.0,1.7125000000000001,2.8,8.4,281.7014029215594,-0.9792178449595504,0.2028112721541232,24
2017-04-23,21.52916666666667,0.0,1.9124999999999999,3.5,5.9,181.85846546455156,-0.0324306538899622,-0.9994739879998226,24
2017-04-24,21.941666666666666,0.0,1.8041666666666665,3.8,7.1,117.17868894335582,0.8895863284720559,-0.4567670787125618,24
2017-04-25,22.575,0.0,2.2583333333333333,3.7,7.7,52.37627054233878,0.7920368794213469,0.6104732439972246,24
2017-04-26,21.8875,2.0,1.6916666666666667,3.9,8.1,350.2933373634099,-0.1686040008996175,0.9856838696461668,24
2017-04-27,22.0,0.0,1.7833333333333332,3.7,7.0,95.78247186502142,0.9949115777862354,-0.10075193490401797,24
2017-04-28,21.787499999999998,0.0,2.3625000000000003,3.4,7.0,162.13184823512879,0.30682762034844696,-0.9517651030539569,24
2017-04-29,22.691666666666666,0.0,2.85,4.4,8.7,107.14323989382983,0.9555708367222356,-0.29476155788359903,24
2017-04-30,21.933333333333334,0.0,3.4,5.2,8.8,108.5292328607684,0.9481616398782148,-0.3177884589840458,24
2017-05-01,20.129166666666666,0.0,3.6,4.8,9.4,109.71276831037105,0.9413954000750602,-0.3373050558730441,24
2017-05-02,19.8875,0.0,3.4166666666666665,5.8,10.6,98.07711435122606,0.9900798589069262,-0.14050577563517155,24
2017-05-03,19.599999999999998,0.0,3.091666666666667,5.4,8.9,99.72334911073624,0.9856347246422267,-0.16889105831701684,24
2017-05-04,20.966666666666665,0.0,3.0500000000000003,4.9,8.5,91.53053810582922,0.9996432309208501,-0.02670975241599959,24
2017-05-05,21.058333333333334,0.0,2.4291666666666667,3.6,7.2,97.02262557937952,0.9924979491650946,-0.12226128129167203,24
2017-05-06,20.775000000000002,1.6,1.1875,2.5,6.4,107.80008822535694,0.9521289220243598,-0.30569677107344534,24
2017-05-07,21.3875,0.4,2.0375,3.4,6.3,118.0643147518179,0.882420052915643,-0.4704623791679349,24
2017-05-08,21.3625,0.0,1.375,4.0,7.0,89.57360588574382,0.9999723085856764,0.007441912511773562,24
2017-05-09,21.666666666666668,0.0,1.8375000000000001,3.6,6.8,163.85540953259982,0.2780622960751742,-0.9605630429604307,24
2017-05-10,20.858333333333334,0.0,1.7541666666666667,2.9,6.0,154.74822772739887,0.42659671629682966,-0.9044419504007774,24
2017-05-11,20.666666666666668,0.0,1.7,3.6,8.1,124.18433796498134,0.8272341911557748,-0.5618572710064818,24
2017-05-12,21.479166666666668,0.0,2.858333333333333,5.5,9.6,102.25083873184991,0.977228000367044,-0.21219197746057353,24
2017-05-13,21.287499999999998,0.0,1.6291666666666667,3.0,7.9,51.72227891848737,0.7850173063762032,0.6194738321267901,24
2017-05-14,21.041666666666668,0.0,1.5374999999999999,3.3,6.6,285.4584557585305,-0.9638239700959137,0.26653959305992647,24
2017-05-15,21.158333333333335,0.0,1.5416666666666667,2.9,7.5,279.8353753270123,-0.9853026206139504,0.1708178732196425,24
2017-05-16,21.78333333333333,2.2,1.0333333333333334,2.9,6.3,129.59459684544518,0.7705733502401931,-0.6373513253297624,24
2017-05-17,21.383333333333336,28.400000000000002,1.7083333333333333,3.4,6.6,141.87746077999233,0.6173453947212894,-0.7866922292843724,24
2017-05-18,20.858333333333334,7.2,1.6500000000000001,3.5,8.0,76.78943690504353,0.97353678738202,0.22853035600089452,24
2017-05-19,21.204166666666666,0.2,2.183333333333333,4.4,9.2,9.751018668416675,0.16936702613958696,0.9855530480175242,24
2017-05-20,19.354166666666668,23.2,1.8833333333333335,3.8,11.4,339.82830727470645,-0.3448344895681151,0.9386635045660918,24
2017-05-21,19.691666666666666,0.2,1.8875000000000002,3.6,6.9,87.01168924086663,0.9986401913306607,0.052132219011482545,24
2017-05-22,21.97083333333333,0.8,1.8041666666666665,3.4,6.8,85.10075822426428,0.9963464264693599,0.08540373798456719,24
2017-05-23,22.087500000000002,0.0,1.7125000000000001,3.6,6.7,107.30399524474616,0.9547400611795663,-0.29744144899263436,24
2017-05-24,22.066666666666666,0.0,2.6,5.0,7.9,107.38601197730732,0.9543133070152049,-0.2988078179260096,24
2017-05-25,21.179166666666667,0.0,2.6416666666666666,4.1,7.8,102.70990178634021,0.9754965358268408,-0.22001479175235703,24
2017-05-26,20.775000000000002,0.0,2.2583333333333333,3.4,6.8,110.43010421488637,0.9370987142131354,-0.34906446370274963,24
2017-05-27,20.254166666666666,0.0,2.2708333333333335,3.4,7.6,104.63512294144289,0.9675544673854956,-0.25266252718274207,24
2017-05-28,20.095833333333335,0.0,1.9916666666666665,3.4,7.5,118.34196480811927,0.8801298837599807,-0.4747329646365869,24
2017-05-29,20.645833333333332,0.0,2.3666666666666667,3.6,6.7,111.71165257343033,0.929057354786861,-0.3699357126805153,24
2017-05-30,21.14166666666667,0.0,2.025,3.2,6.0,111.47481280946822,0.9305785917972115,-0.366092180316268,24
2017-05-31,20.908333333333335,0.0,2.0416666666666665,3.5,8.1,6.72303164071836,0.11706996037667308,0.993123670233171,24
2017-06-01,21.1375,0.0,1.4583333333333333,3.5,6.9,305.8127321471733,-0.8109338109052077,0.5851378934326138,24
2017-06-02,21.412499999999998,0.0,1.4291666666666665,2.2,5.1,162.9055014729503,0.2939485497626925,-0.9558212437963545,24
2017-06-03,21.8625,0.0,2.408333333333333,3.7,7.3,125.53996373697369,0.8137102807438296,-0.5812706589978529,24
2017-06-04,22.391666666666666,0.0,2.904166666666667,4.4,9.0,94.2994713487609,0.997185825289242,-0.074969526090361,24
2017-06-05,21.8,0.0,2.4208333333333334,3.6,7.6,85.20338060305359,0.9964977947297862,0.08361904746331933,24
2017-06-06,21.570833333333336,0.0,2.1625,3.4,7.2,98.10148641524249,0.990020002005279,-0.14092691591554574,24
2017-06-07,20.791666666666668,0.0,2.3125,4.2,8.8,108.88365063667156,0.946177750215677,-0.32364743934843676,24
2017-06-08,20.904166666666665,0.0,2.0625,3.7,8.4,27.058628701074745,0.4549019966848486,0.8905415057211753,24
2017-06-09,20.445833333333333,0.0,1.2958333333333334,2.6,6.1,253.77693954047032,-0.9601813192963179,-0.2793775833426552,24
2017-06-10,19.675,0.0,1.8541666666666667,3.7,7.5,165.03213353347786,0.2582772784892597,-0.9660708293992638,24
2017-06-11,19.920833333333334,0.0,1.7208333333333332,4.0,6.9,112.05834546173911,0.9268019043586933,-0.3755505692674419,24
2017-06-12,21.087500000000002,0.0,1.5583333333333333,3.5,7.1,150.6580935481165,0.49002015711075814,-0.8717111021577894,24
2017-06-13,20.954166666666666,0.0,2.2958333333333334,4.4,8.0,97.27714700149383,0.9919450446871767,-0.12666897141982006,24
2017-06-14,21.004166666666666,0.0,2.5375,3.7,8.1,114.88792324693878,0.9071327396932473,-0.42084461809155094,24
2017-06-15,20.208333333333332,0.0,2.75,5.6,9.8,114.39969455324629,0.9106858630742438,-0.41309957491713745,24
2017-06-16,19.566666666666666,0.0,2.795833333333333,4.3,8.2,86.28443196988866,0.9978980471434366,0.0648034528965516,24
2017-06-17,18.979166666666668,0.0,2.308333333333333,4.4,9.6,85.82450761618058,0.9973457127925024,0.07281160054836913,24
2017-06-18,19.004166666666666,0.0,1.8375000000000001,3.9,7.9,98.36627078454163,0.9893581585552101,-0.14550063264550975,24
2017-06-19,18.804166666666667,0.0,1.7750000000000001,3.3,7.5,118.6804582218716,0.8773099017297704,-0.47992430270502073,24
2017-06-20,19.75,0.0,1.6833333333333333,3.4,7.1,129.0806838803793,0.7762589826242555,-0.630414143159206,24
2017-06-21,19.454166666666666,0.0,2.920833333333333,4.5,8.6,118.8348739654035,0.8760132908873519,-0.4822869624909134,24
2017-06-22,17.675,0.0,3.85,5.8,10.5,112.5623737882543,0.9234623852549071,-0.38368896650714057,24
2017-06-23,17.712500000000002,0.0,4.054166666666666,6.1,12.0,104.87784267699146,0.9664754449987949,-0.25675905868027604,24
2017-06-24,17.733333333333334,0.0,3.3499999999999996,6.1,10.9,105.34170346387181,0.9643650996062662,-0.2645750454245381,24
2017-06-25,17.620833333333334,0.0,3.0041666666666664,5.7,10.4,118.80328164195905,0.8762790859446532,-0.48180386417711835,24
2017-06-26,17.220833333333335,0.0,4.033333333333333,5.6,11.7,106.07998721880925,0.9608759584837079,-0.27697904687541935,24
2017-06-27,18.166666666666668,0.0,3.8708333333333336,5.5,12.9,96.23082593505237,0.994092714920064,-0.10853420724755919,24
2017-06-28,18.474999999999998,0.0,3.5833333333333335,5.7,10.0,104.66925219342016,0.967403792804171,-0.2532388233824046,24
2017-06-29,18.029166666666665,0.0,3.1291666666666664,5.3,11.2,95.87246323333416,0.9947521050731691,-0.10231446355476224,24
2017-06-30,18.425,0.0,2.0625,3.9,7.3,114.03155668350021,0.9133213015551565,-0.4072397329897895,24
2017-07-01,19.745833333333334,0.0,2.5458333333333334,3.9,8.2,119.83672546487482,0.8674467246181635,-0.49753007944165545,24
2017-07-02,18.158333333333335,0.0,2.6625,5.2,9.1,125.70662993665455,0.8120159974368072,-0.5836351770641546,24
2017-07-03,16.525000000000002,0.0,3.6458333333333335,7.3,13.4,115.43144911727641,0.9030997183149584,-0.42943090105329285,24
2017-07-04,15.2875,0.0,4.358333333333333,6.5,11.5,99.61948512199102,0.9859392654167102,-0.16710405413860538,24
2017-07-05,14.720833333333333,0.0,3.966666666666667,6.0,11.4,98.76432825789429,0.9883234372654196,-0.15237054620846574,24
2017-07-06,15.429166666666667,0.0,3.275,5.1,9.5,101.56800224182696,0.9796873920655633,-0.20053083011790274,24
2017-07-07,17.25,0.0,3.4333333333333336,4.9,9.2,94.9097547181802,0.9963307393533665,-0.08558655162801113,24
2017-07-08,17.216666666666665,0.0,3.875,6.1,11.6,94.30833279135061,0.9971742184747904,-0.07512375129871345,24
2017-07-09,16.870833333333334,0.0,3.8166666666666664,5.9,10.5,93.14865709758553,0.9984903851023713,-0.05492677724132684,24
2017-07-10,16.900000000000002,0.0,3.5416666666666665,4.9,9.8,98.61196692556882,0.9887251271920928,-0.14974185406552118,24
2017-07-11,17.904166666666665,0.0,3.2583333333333333,5.7,9.7,104.17737587999672,0.9695421377105341,-0.24492456635398546,24
2017-07-12,18.891666666666666,0.0,2.9291666666666667,4.6,8.9,105.18071047910145,0.9651047098718083,-0.26186427588209255,24
2017-07-13,18.691666666666666,0.0,3.4791666666666665,5.6,10.4,98.74709016148788,0.9883692349714039,-0.15207319080640588,24
2017-07-14,17.925,0.0,3.654166666666667,6.4,10.9,97.29748111733396,0.9919000277469631,-0.127021002025547,24
2017-07-15,17.7,0.0,3.3666666666666667,5.0,10.3,82.51888943241826,0.9914878397317507,0.13019932282491423,24
2017-07-16,17.8625,0.0,2.841666666666667,4.9,8.6,95.10487819068824,0.9960334932967673,-0.08897909996756871,24
2017-07-17,18.016666666666666,0.0,2.2375000000000003,3.5,7.0,115.84706366406245,0.8999609619656059,-0.43597048860896664,24
2017-07-18,17.379166666666666,0.0,1.8166666666666667,4.2,8.5,136.90749749904222,0.6831782216841582,-0.7302516808720616,24
2017-07-19,17.087500000000002,0.0,2.2291666666666665,4.6,8.2,124.93831185358395,0.8197691169206153,-0.5726941548009676,24
2017-07-20,19.933333333333334,0.0,2.1,3.4,7.9,95.55923962352036,0.9952965688823008,-0.09687486759278414,24
2017-07-21,19.266666666666666,0.0,1.6875,3.9,7.2,105.19716059834563,0.9650294865722346,-0.26214135508562825,24
2017-07-22,19.716666666666665,0.0,2.0083333333333333,4.2,7.9,109.86751154704444,0.9404809814150298,-0.33984632350022936,24
2017-07-23,19.866666666666667,0.0,3.2624999999999997,4.9,10.5,95.31563914860146,0.9956994481120337,-0.0926423716740432,24
2017-07-24,17.679166666666667,0.0,3.5416666666666665,5.8,11.1,99.66365118805624,0.9858101614716425,-0.16786400906464177,24
2017-07-25,18.208333333333332,0.0,3.3000000000000003,5.4,9.0,96.20382220517475,0.9941437571161815,-0.10806567534107482,24
2017-07-26,17.304166666666667,0.0,3.9625,6.7,12.7,98.11483391133496,0.9899871451239534,-0.14115754492525165,24
2017-07-27,16.583333333333332,0.0,4.245833333333334,6.2,10.9,94.76859295765219,0.9965385780732182,-0.08313159695211242,24
2017-07-28,17.3875,0.0,4.458333333333333,7.7,13.9,92.66135378234065,0.9989214212117062,-0.046432685086960426,24
2017-07-29,18.254166666666666,0.0,4.7375,6.3,11.8,89.80101654866432,0.9999939694319604,0.003472909401567222,24
2017-07-30,16.675,0.0,4.141666666666667,5.8,11.0,99.48623973312739,0.9863252112504665,-0.1648107328171403,24
2017-07-31,16.054166666666667,0.0,3.0708333333333333,5.1,10.5,104.00951767868219,0.9702555260743474,-0.24208307277088006,24
2017-08-01,18.041666666666668,0.0,2.6750000000000003,4.2,9.5,87.9849173648358,0.9993816053913582,0.03516257677405784,24
2017-08-02,18.579166666666666,0.0,1.9666666666666668,4.4,10.0,79.11549268438668,0.9820098078939865,0.1888299160620892,24
2017-08-03,19.491666666666667,0.0,1.4875,2.9,6.5,336.3285305741363,-0.4014917704046217,0.9158626306916133,24
2017-08-04,20.154166666666665,0.0,1.8041666666666665,3.1,6.8,206.9439668238985,-0.453118910995696,-0.8914500841315091,24
2017-08-05,20.158333333333335,0.0,1.9041666666666668,3.5,6.5,152.23586194733107,0.4658328817756001,-0.8848727175456591,24
2017-08-06,20.166666666666668,0.0,2.0208333333333335,4.1,8.5,115.0921954400432,0.9056265730477467,-0.4240760665137733,24
2017-08-07,21.083333333333332,0.0,2.7125,3.6,8.2,89.8968017050086,0.9999983779297231,0.0018011490561803812,24
2017-08-08,21.454166666666666,0.0,1.7958333333333334,3.3,6.0,93.18352153616524,0.9984567773457718,-0.055534347680476485,24
2017-08-09,22.40833333333333,0.0,1.4000000000000001,3.9,6.6,123.46230016005477,0.8342488085210481,-0.5513881803967252,24
2017-08-10,22.462500000000002,0.0,1.7541666666666667,3.6,10.0,121.28443509966563,0.8545999305191815,-0.5192869714874524,24
2017-08-11,22.925,0.0,2.4250000000000003,3.9,11.2,74.94260033190704,0.9656660532813459,0.25978659230227574,24
2017-08-12,22.804166666666664,0.0,2.8791666666666664,4.6,7.9,82.55073963485589,0.9915600631546118,0.12964814366901756,24
2017-08-13,22.52916666666667,0.0,2.4583333333333335,4.1,8.9,87.91747863748736,0.9993395258004578,0.036338852113350334,24
2017-08-14,21.983333333333334,0.0,1.6333333333333335,2.9,6.5,101.94925385240121,0.9783313618158787,-0.2070452764191648,24
2017-08-15,23.066666666666666,0.0,2.6916666666666664,4.8,8.8,93.88783410039008,0.9976986983716837,-0.06780344583757014,24
2017-08-16,22.508333333333336,0.0,3.1125000000000003,5.0,8.7,99.6030845238904,0.9859870576299136,-0.16682182766744133,24
2017-08-17,22.295833333333334,0.0,1.8708333333333333,3.2,7.1,90.76700165137967,0.9999103994136103,-0.01338630436357244,24
2017-08-18,22.808333333333334,0.0,1.7958333333333334,3.3,7.1,93.73203505525464,0.9978793811709772,-0.06509024991369666,24
2017-08-19,24.016666666666666,0.0,2.5791666666666666,4.1,9.7,62.034567837914935,0.8832306749438473,0.46893877514899096,24
2017-08-20,24.45,0.0,2.2041666666666666,3.1,7.2,49.793963599920865,0.7637280221647584,0.6455381539152478,24
2017-08-21,23.349999999999998,0.0,2.8958333333333335,4.9,11.1,138.86269873104578,0.6578656987924402,-0.7531352616577811,24
2017-08-22,22.224999999999998,0.0,4.029166666666667,6.3,11.9,104.44525854570782,0.968386416183823,-0.24945490364122241,24
2017-08-23,20.258333333333333,0.0,4.995833333333334,6.7,12.0,91.37548584714975,0.9997118516521447,-0.024004450967274247,24
2017-08-24,19.945833333333333,0.0,4.0874999999999995,5.5,10.0,89.38346897708985,0.9999421064184112,0.01076028863511271,24
2017-08-25,20.3125,0.0,3.3125,4.6,9.9,79.51170455994682,0.9832921146869404,0.18203465932202242,24
2017-08-26,21.0125,0.0,2.495833333333333,3.9,7.1,107.96415273901276,0.9512496674679074,-0.308421902825003,24
2017-08-27,22.454166666666666,0.0,2.5,3.5,14.0,95.2523617258258,0.9958011550418763,-0.09154266555691512,24
2017-08-28,22.354166666666668,0.0,1.9333333333333333,3.2,7.7,126.32665898844228,0.8056527389108219,-0.5923881027548502,24
2017-08-29,22.7375,0.0,2.2916666666666665,3.6,7.5,123.07698800685374,0.837937982735284,-0.5457654597805938,24
2017-08-30,23.349999999999998,0.0,2.1333333333333333,3.7,8.2,131.03543698335886,0.7543036686132519,-0.6565256853441375,24
2017-08-31,23.420833333333334,0.0,1.9791666666666667,4.1,8.2,113.54635702113404,0.9167371533063674,-0.39949091572617507,24
2017-09-01,23.670833333333334,0.0,3.420833333333333,5.7,12.2,99.66728480726916,0.9857995137855846,-0.1679265274460976,24
2017-09-02,21.270833333333332,0.0,3.9125,5.2,11.4,95.78336241225686,0.9949100116806074,-0.10076739878399853,24
2017-09-03,20.341666666666665,0.0,4.258333333333334,5.5,11.4,94.41504129475652,0.997032577582043,-0.07698077188563003,24
2017-09-04,19.445833333333333,0.0,3.8958333333333335,6.0,11.1,88.79354702660738,0.9997783184806949,0.021055020681878974,24
2017-09-05,20.275000000000002,0.0,2.904166666666667,4.7,9.5,82.21239478715614,0.9907771766172865,0.13550124093261373,24
2017-09-06,21.900000000000002,0.0,2.725,4.8,9.9,89.03433352248378,0.999857973701076,0.01685326159467416,24
2017-09-07,23.004166666666666,0.0,2.7583333333333333,4.7,9.8,108.40773371314998,0.9488333970857835,-0.31577711217669296,24
2017-09-08,23.370833333333334,0.0,2.841666666666667,4.5,8.0,108.21269064844616,0.9499028480373003,-0.31254532357823817,24
2017-09-09,22.545833333333334,0.0,3.475,4.7,9.9,103.07786244445566,0.9740634665755513,-0.22627497228553572,24
2017-09-10,22.84583333333333,0.0,3.3375,5.6,10.3,82.37021750264317,0.9911466591234133,0.13277160881941685,24
2017-09-11,23.383333333333336,0.0,2.920833333333333,4.5,9.5,97.63326350411731,0.9911385907511931,-0.1328318257186085,24
2017-09-12,22.825,0.0,4.241666666666666,5.8,10.7,92.18124654433102,0.9992754275805337,-0.03806073874403284,24
2017-09-13,21.95,0.0,3.670833333333333,5.3,10.5,73.09969504164653,0.9568120367736784,0.2907072862606043,24
2017-09-14,22.34166666666667,0.0,3.716666666666667,6.0,10.2,90.40803311909414,0.9999746420737503,-0.007121461189601847,24
2017-09-15,22.599999999999998,0.0,3.25,5.0,9.2,96.76455395421317,0.9930385687233403,-0.11778964737148961,24
2017-09-16,22.09166666666667,0.0,3.8125,6.8,13.4,96.03762977772321,0.9944530304042417,-0.10518160637592584,24
2017-09-17,21.629166666666666,0.0,3.6666666666666665,4.9,9.9,89.61389257763467,0.999977294064659,0.00673879478265387,24
2017-09-18,22.462500000000002,0.0,2.983333333333333,4.9,10.5,93.21090931941804,0.9984301174712285,-0.056011610639124895,24
2017-09-19,22.745833333333334,0.0,3.033333333333333,6.0,10.2,108.86490904355277,0.946283565483941,-0.32333792492530133,24
2017-09-20,23.150000000000002,0.0,3.095833333333333,4.9,11.0,100.32535286021167,0.9838058232641786,-0.1792375577592254,24
2017-09-21,21.829166666666666,0.0,3.845833333333333,5.5,10.6,89.88442516225312,0.9999979655305299,0.0020171600831900365,24
2017-09-22,19.883333333333333,0.0,3.0541666666666667,5.4,9.7,93.99646465648033,0.9975683525713331,-0.06969492053310854,24
2017-09-23,22.366666666666664,0.0,2.7583333333333333,4.1,7.3,87.87059124369382,0.9993094536708499,0.037156638761700826,24
2017-09-24,22.787499999999998,0.0,3.391666666666667,5.0,8.2,99.60674584392245,0.9859763953534262,-0.16688483396002263,24
2017-09-25,22.95,0.0,3.5041666666666664,4.5,9.1,100.83829176375453,0.9821618011853226,-0.18803775230629294,24
2017-09-26,22.616666666666664,0.0,3.154166666666667,5.7,9.9,102.87163096099165,0.9748716132321539,-0.22276745209778234,24
2017-09-27,19.7625,7.4,2.8375,4.2,7.9,118.56825209572644,0.8782480864018278,-0.4782052893178071,24
2017-09-28,18.9375,2.6,1.6708333333333334,3.0,6.9,71.78111671600708,0.949869062003076,0.3126479890378261,24
2017-09-29,22.8125,0.0,1.7874999999999999,3.4,8.5,94.93164598720301,0.9962979661735271,-0.08596721816188695,24
2017-09-30,20.883333333333333,0.0,3.1041666666666665,5.2,12.2,156.10771364667605,0.4050184984409557,-0.9143084905657574,24
2017-10-01,21.958333333333332,0.0,1.8333333333333333,3.2,10.0,38.548333264164775,0.6231746034242291,0.782082740921352,24
2017-10-02,22.208333333333332,3.0,2.370833333333333,4.2,8.3,335.40198744154986,-0.41624925297451043,0.9092505481978892,24
2017-10-03,16.904166666666665,8.6,2.529166666666667,4.1,10.8,216.46926941410658,-0.5943915526645654,-0.8041757781237924,24
2017-10-04,20.183333333333334,0.0,2.275,4.3,8.1,123.23926470750084,0.8363888727868404,-0.5481365281372501,24
2017-10-05,23.483333333333334,0.0,3.595833333333333,6.0,9.9,92.71147748235909,0.9988804185628141,-0.04730654724007621,24
2017-10-06,24.72083333333333,0.0,3.1041666666666665,4.8,10.8,98.41363774788421,0.9892375337307727,-0.14631849458717877,24
2017-10-07,24.53333333333333,0.0,2.6916666666666664,4.7,8.7,88.13510087990888,0.9994703401102212,0.03254288309229269,24
2017-10-08,25.712500000000002,0.0,2.4208333333333334,3.9,8.1,88.05499230473704,0.9994238631142368,0.03394026867623905,24
2017-10-09,26.495833333333334,0.0,2.5500000000000003,3.4,7.2,92.72536265088605,0.9988689248720839,-0.04754861643504759,24
2017-10-10,26.304166666666664,0.0,2.966666666666667,4.7,10.1,92.3421634462427,0.999164591944132,-0.040867079723369115,24
2017-10-11,25.866666666666664,0.0,2.8249999999999997,4.5,12.3,80.98757738028657,0.9876543999454195,0.15664860761734645,24
2017-10-12,25.8875,0.0,2.4833333333333334,5.0,10.1,82.72725153311931,0.9919547660031967,0.1265928205055228,24
2017-10-13,26.079166666666666,0.0,2.0749999999999997,3.5,7.6,107.26032953810788,0.9549664671024127,-0.29671374540107903,24
2017-10-14,26.59166666666667,0.0,1.9583333333333333,3.4,7.4,96.15772836722752,0.9942303730731511,-0.10726586250444535,24
2017-10-15,28.474999999999998,0.0,2.1333333333333333,3.7,8.4,110.51259203572542,0.9365952006826876,-0.3504132275730412,24
2017-10-16,27.704166666666666,0.0,3.5833333333333335,5.4,11.7,87.40565051275186,0.9989750386330019,0.04526446937933009,24
2017-10-17,25.808333333333334,0.0,4.1875,6.2,11.3,89.88772287946338,0.9999980799738977,0.001959604173857806,24
2017-10-18,24.78333333333333,0.0,3.766666666666667,5.2,11.1,91.77652433678774,0.9995193463239007,-0.031001231011721288,24
2017-10-19,25.133333333333336,0.0,3.15,5.5,9.0,103.27088215242435,0.9732956589089552,-0.22955513574952524,24
2017-10-20,25.45,0.0,1.9416666666666667,4.0,8.4,48.50665215867831,0.7490326473010672,0.6625330884394793,24
2017-10-21,26.808333333333334,0.0,2.475,5.3,11.3,33.1801175365016,0.5472728212206304,0.8369542754256124,24
2017-10-22,26.545833333333334,0.0,2.404166666666667,5.6,13.9,1.0742531394278025,0.01874815580047414,0.9998242378808793,24
2017-10-23,24.208333333333332,0.0,2.908333333333333,4.4,10.7,148.98963858615215,0.5151930772965477,-0.8570741467957795,24
2017-10-24,25.6125,0.0,3.2708333333333335,5.2,10.2,124.76828471703705,0.8214649938852987,-0.5702589445339952,24
2017-10-25,25.920833333333334,0.0,3.5666666666666664,5.3,10.1,103.55316363499573,0.9721528924472942,-0.23434750629430606,24
2017-10-26,26.05,3.0,2.6833333333333336,4.7,9.8,72.72131208646287,0.9548713468164626,0.29701971488255596,24
2017-10-27,24.141666666666666,4.8,2.0416666666666665,5.5,11.3,282.8245403295562,-0.9750543735259638,0.221966143066663,24
2017-10-28,22.541666666666668,4.6,2.1958333333333333,3.9,9.1,319.2405645883547,-0.6528844986546842,0.757457478289324,24
2017-10-29,21.77916666666667,3.1999999999999997,1.8041666666666665,3.1,6.7,247.03534512604645,-0.9207457159536295,-0.3901632050219986,24
2017-10-30,22.09583333333333,6.0,1.7208333333333332,3.8,9.3,86.32251640439277,0.9979409014682002,0.06414013701915428,24
2017-10-31,22.008333333333336,2.8,2.7416666666666667,5.0,11.0,326.99400978813657,-0.5447267141403235,0.838613621939142,24
2017-11-01,20.329166666666666,6.8,2.0500000000000003,3.9,8.3,100.26880137496005,0.9839822532223842,-0.17826644480495932,24
2017-11-02,20.925,11.600000000000001,2.5875,4.5,9.1,94.95405552883645,0.9962642664471064,-0.08635688392137081,24
2017-11-03,22.295833333333334,0.8,3.1,5.0,8.8,83.3293256227818,0.9932302348746413,0.11616238862413623,24
2017-11-04,23.0625,4.8,2.0875,3.3,7.4,37.03764667953717,0.6023396434632905,0.7982399099973116,24
2017-11-05,21.245833333333334,2.0,2.308333333333333,4.9,8.4,135.80878064121373,0.697055227329271,-0.7170174405500456,24
2017-11-06,22.570833333333336,0.0,1.7291666666666667,3.4,6.0,102.9795936826592,0.9744501209734875,-0.22460401094983917,24
2017-11-07,22.15833333333333,10.2,2.25,3.4,7.9,137.7339627797364,0.672573969847345,-0.7400299014795163,24
2017-11-08,19.458333333333332,32.6,3.345833333333333,5.3,14.3,79.07414760693663,0.9818732911035969,0.18953849270634035,24
2017-11-09,19.545833333333334,12.4,2.9166666666666665,4.2,8.8,51.22374495974653,0.7795975799923677,0.6262807783015889,24
2017-11-10,19.8,48.800000000000004,2.1625,4.1,10.1,70.12677428564689,0.9404470835128531,0.3399401169502779,24
2017-11-11,19.849999999999998,13.2,2.8958333333333335,5.5,12.3,322.6701788145807,-0.6064023445116122,0.7951579695700849,24
2017-11-12,20.645833333333332,21.8,2.725,3.9,8.5,299.560155406909,-0.8698382159563093,0.4933370836070862,24
2017-11-13,22.7625,2.8000000000000003,1.5041666666666667,3.1,7.7,193.94522772796893,-0.24099422470783116,-0.9705265496922129,24
2017-11-14,23.712500000000002,0.0,1.7458333333333333,2.8,6.8,108.13346644477784,0.9503341034993326,-0.31123157250851013,24
2017-11-15,22.383333333333336,0.4,3.158333333333333,5.4,9.4,54.36756739447801,0.8127711167428597,0.5825831372332747,24
2017-11-16,23.0125,0.0,3.1166666666666667,4.3,10.0,41.73738503724587,0.66571738844434,0.7462039658986326,24
2017-11-17,20.570833333333333,22.0,1.8333333333333333,4.8,10.2,10.42024050778047,0.180866593882655,0.9835076386166438,24
2017-11-18,20.6625,0.2,2.316666666666667,4.9,11.1,343.1578107204745,-0.28973663292153795,0.9571064118180852,24
2017-11-19,21.162499999999998,0.0,2.5375,4.9,11.3,316.5040562319326,-0.688303221378601,0.7254231009830336,24
2017-11-20,22.566666666666666,0.0,2.1625,4.1,9.8,356.27112622492405,-0.0650351920715618,0.9978829709901934,24
2017-11-21,21.78333333333333,5.8,1.7416666666666665,4.0,7.9,335.63459964106863,-0.4125544130198969,0.91093295927736,24
2017-11-22,22.337500000000002,0.0,2.558333333333333,4.6,9.4,301.11986421196127,-0.8560879531547159,0.516830162106827,24
2017-11-23,23.054166666666664,0.0,1.8499999999999999,3.6,8.8,298.22163759392646,-0.881124931724829,0.47288355299472573,24
2017-11-24,21.662499999999998,0.0,2.0875,4.3,8.2,13.342477676016404,0.23077116468375525,0.9730080521509074,24
2017-11-25,22.729166666666668,0.0,2.433333333333333,3.8,10.3,44.64448708399888,0.7027056911263008,0.7114806474238833,24
2017-11-26,20.400000000000002,64.0,1.9000000000000001,9.1,16.1,116.32176039774369,0.8963180914647648,-0.4434116359692894,24
2017-11-27,21.104166666666668,0.8,1.4166666666666667,3.8,9.6,156.75483694887055,0.39466628999572584,-0.9188245314209943,24
2017-11-28,22.254166666666666,4.2,2.404166666666667,4.4,8.3,141.15881931994946,0.6271637896340958,-0.7788873994177847,24
2017-11-29,21.379166666666666,7.4,1.8416666666666668,3.7,8.0,64.88686219654453,0.9054715071575267,0.4244070566400578,24
2017-11-30,19.4375,61.2,2.495833333333333,4.6,11.7,17.39991493021352,0.2990393754494637,0.9542407725154038,24
2017-12-01,19.504166666666666,0.4,3.5,5.9,12.4,332.55984638154604,-0.4608218641510742,0.887492653220481,24
2017-12-02,19.629166666666666,5.800000000000001,2.9499999999999997,4.7,10.8,327.9747074771226,-0.5302935730752266,0.8478140871412253,24
2017-12-03,20.983333333333334,2.8,2.8125,4.3,8.9,318.21145587869745,-0.6663834043672348,0.7456092531506932,24
2017-12-04,23.179166666666664,0.0,2.3625000000000003,5.2,9.6,313.81359410606296,-0.7215959885736085,0.6923144005973563,24
2017-12-05,21.879166666666666,4.0,1.2583333333333333,2.9,8.0,298.2221995629235,-0.8811202935415879,0.4728921952297224,24
2017-12-06,21.900000000000002,5.2,1.7874999999999999,3.5,6.9,166.1730878769205,0.23898957802770113,-0.9710221323915028,24
2017-12-07,21.625,18.2,1.7375,3.9,8.9,279.07266537048423,-0.9874891483156883,0.15768697460080983,24
2017-12-08,21.925,0.4,2.841666666666667,4.7,10.9,311.9516294821231,-0.7437094572357729,0.6685029866934569,24
2017-12-09,21.575,0.0,2.7583333333333333,4.2,9.0,308.4035782061488,-0.7836546642002749,0.6211967218821702,24
2017-12-10,20.058333333333334,23.6,2.2624999999999997,3.5,7.2,311.7298508066464,-0.7462914993732368,0.6656192590086665,24
2017-12-11,19.9375,3.6,2.3000000000000003,4.6,9.5,341.44510812707375,-0.31821304635483777,0.9480192282488652,24
2017-12-12,19.45,25.2,1.6708333333333334,3.3,6.5,344.4063778234071,-0.26881260545454155,0.9631924953760493,24
2017-12-13,20.1875,10.6,1.5708333333333335,3.7,10.0,345.13944887171067,-0.2564673700591823,0.9665528894452319,24
2017-12-14,19.5125,33.0,2.3208333333333333,5.4,10.3,53.01157699941959,0.7987570945356628,0.6016536411665322,24
2017-12-15,19.304166666666667,55.199999999999996,3.0500000000000003,5.0,9.2,352.0325243389763,-0.13861094616189173,0.9903469117456293,24
2017-12-16,18.979166666666668,2.8000000000000003,1.6541666666666668,3.4,7.0,15.665027596283968,0.27001278435745446,0.9628567371543572,24
2017-12-17,19.908333333333335,0.8,2.533333333333333,5.9,10.3,42.7646980650133,0.6789890986760935,0.7341483527728072,24
2017-12-18,20.829166666666666,0.6000000000000001,2.0541666666666667,4.1,7.4,84.42676534170077,0.9952728765910063,0.09711797527885117,24
2017-12-19,22.316666666666666,0.0,2.1708333333333334,4.7,8.2,89.03854101577322,0.9998592086178486,0.016779837367787914,24
2017-12-20,23.75,0.0,2.6999999999999997,4.2,8.0,73.76623529314682,0.960129108001719,0.27955696372622074,24
2017-12-21,23.7625,0.0,2.033333333333333,3.9,7.9,49.889742932626085,0.7648060779091467,0.6442605553603513,24
2017-12-22,22.291666666666668,17.6,1.6083333333333334,4.0,9.7,17.058828431921953,0.2933534361852813,0.9560040593419508,24
2017-12-23,21.229166666666668,5.8,1.9541666666666666,4.4,10.4,5.726825269227942,0.09978561318278266,0.9950089604630382,24
2017-12-24,21.295833333333334,4.4,1.5374999999999999,3.9,12.8,339.8060935467191,-0.34519838601047165,0.9385297407625213,24
2017-12-25,21.7,25.8,1.325,4.1,12.8,226.19717992169197,-0.7217261601782149,-0.6921786978190024,24
2017-12-26,22.745833333333334,0.2,1.7583333333333335,3.1,6.5,48.72900516804898,0.7515981536191609,0.6596212666949636,24
2017-12-27,24.3625,0.0,2.466666666666667,4.8,9.1,139.17221316723192,0.6537876483287993,-0.7566780761279517,24
2017-12-28,24.541666666666668,0.0,1.9166666666666667,3.4,7.4,101.85799297097122,0.9786599029613868,-0.2054867254486501,24
2017-12-29,23.21666666666667,0.4,1.7041666666666666,5.2,12.3,318.90207923396537,-0.6573478989386344,0.7535872476103632,24
2017-12-30,20.849999999999998,11.6,1.6666666666666667,4.3,11.9,311.59873495757074,-0.7478127492463936,0.663909701740041,24
2017-12-31,22.150000000000002,0.2,1.7083333333333333,3.6,7.7,312.5784256396842,-0.7363519082588582,0.6765987490407723,24
2018-01-01,21.570833333333336,16.2,1.4291666666666665,4.1,6.4,114.56603920107159,0.9094826904940512,-0.4157417896864615,24
2018-01-02,21.066666666666666,0.6000000000000001,1.6277777777777778,4.6,8.0,299.92321486320844,-0.8666947026150842,0.498838944408865,18
2018-01-03,,,,,,,,,0
2018-01-04,24.842857142857145,0.0,2.766666666666667,3.7,7.8,323.86806681786584,-0.5896465902302526,0.8076613762152036,6
2018-01-05,20.179166666666667,11.4,1.7625000000000002,4.7,8.2,346.4147583970715,-0.23489174504241211,0.9720215368555012,24
2018-01-06,19.425,30.4,1.8083333333333333,4.7,8.6,312.29038671267506,-0.7397440049729556,0.6728884061317835,24
2018-01-07,20.395833333333332,1.4,2.0625,5.6,12.3,342.60021542853275,-0.29903720437026493,0.9542414528841306,24
2018-01-08,20.295833333333334,23.0,1.6291666666666667,3.5,10.1,44.123279567810144,0.6962045175243659,0.7178434855723529,24
2018-01-09,21.712500000000002,0.2,2.275,4.3,9.1,88.37126157125937,0.9995959843574087,0.028423019835041606,24
2018-01-10,22.891666666666666,0.0,3.4333333333333336,5.3,9.4,103.59062445472995,0.9719994648417731,-0.2349830639584619,24
2018-01-11,22.8875,0.0,3.5208333333333335,5.4,9.5,94.11456235525421,0.9974225788496409,-0.07175095261341023,24
2018-01-12,21.474999999999998,0.0,2.529166666666667,4.5,10.3,82.02235270073348,0.9903222887355557,0.138786758855341,24
2018-01-13,20.1875,7.2,1.5083333333333335,4.3,11.0,13.041294670512832,0.22565325161074345,0.9742076832162115,24
2018-01-14,19.204166666666666,1.2,1.9666666666666668,5.9,10.1,27.58121086172883,0.46300539541229246,0.8863554613241275,24
2018-01-15,20.095833333333335,0.0,1.6125,3.8,10.5,132.77101211755667,0.7340735230333595,-0.6790699984400664,24
2018-01-16,22.3,0.2,2.091666666666667,3.6,8.3,109.9127489741756,0.9402123653435274,-0.34058876677766337,24
2018-01-17,23.179166666666664,0.0,2.5,4.3,11.2,110.3346375752443,0.9376790268542036,-0.34750257926777134,24
2018-01-18,23.03333333333333,0.0,2.3874999999999997,4.5,8.8,88.73114331261772,0.9997547934110544,0.02214391680845767,24
2018-01-19,22.90833333333333,0.0,2.379166666666667,4.5,8.4,104.71529486656222,0.9671999787004176,-0.25401614358522917,24
2018-01-20,24.212500000000002,0.0,2.370833333333333,4.1,9.1,98.75906705641556,0.9883374245680373,-0.15227979248153412,24
2018-01-21,24.075,0.0,1.8125,3.5,8.1,83.83433699405425,0.994215508765224,0.10740354803593177,24
2018-01-22,24.425,0.0,2.254166666666667,4.4,9.0,57.22129138817437,0.8407678468392741,0.541395814281244,24
2018-01-23,24.5625,0.0,2.1999999999999997,4.0,8.1,86.21443287364445,0.997818131107289,0.06602255094705976,24
2018-01-24,24.662499999999998,0.0,2.525,4.3,9.1,99.77936730378372,0.9854691284737028,-0.16985463439447446,24
2018-01-25,21.416666666666668,11.2,1.8499999999999999,3.8,9.9,236.28535726270857,-0.8318122967147108,-0.5550570268307555,24
2018-01-26,21.0625,13.200000000000001,1.5374999999999999,3.3,9.5,30.379337338527897,0.5057226816451215,0.8626961048188795,24
2018-01-27,20.916666666666668,32.400000000000006,1.7375,2.9,10.2,333.7865375172124,-0.4417166646013043,0.8971546066389554,24
2018-01-28,21.308333333333334,0.2,2.308333333333333,4.8,10.9,3.4684907024538054,0.06049961509454087,0.9981682205787822,24
2018-01-29,21.741666666666664,0.7999999999999999,2.1708333333333334,3.3,9.2,333.19217686142224,-0.45099940973077246,0.8925242475263598,24
2018-01-30,22.21666666666667,0.2,2.2666666666666666,5.7,9.7,318.9941200594504,-0.6561364770949346,0.7546422486353705,24
2018-01-31,22.2625,9.0,2.3125,4.4,11.4,302.458912449719,-0.8437765334746794,0.536694663246667,24
2018-02-01,21.216666666666665,16.400000000000002,3.1666666666666665,4.7,11.3,327.26426343066163,-0.5407650831361318,0.8411736591577106,24
2018-02-02,21.325,24.599999999999998,3.079166666666667,5.4,10.3,326.904039437122,-0.5460428992498659,0.8377572155337133,24
2018-02-03,20.683333333333334,37.400000000000006,3.0708333333333333,4.4,9.2,316.4677190026744,-0.6887631493686706,0.7249864302673191,24
2018-02-04,17.979166666666668,16.2,2.0083333333333333,5.0,9.6,113.0785431793219,0.9199683599957267,-0.39199262315351424,24
2018-02-05,19.150000000000002,0.2,2.3916666666666666,3.9,9.0,349.01496033694696,-0.19055267901166564,0.9816769715754146,24
2018-02-06,20.466666666666665,0.0,3.1916666666666664,4.6,10.5,307.2336003875238,-0.7961752215494248,0.6050661258000851,24
2018-02-07,20.179166666666667,75.8,2.0124999999999997,3.3,8.5,325.67902890648065,-0.5638283752452755,0.8258919803874311,24
2018-02-08,21.145833333333332,0.2,1.8833333333333335,3.5,8.3,341.4284296033734,-0.3184889966710691,0.9479265578089137,24
2018-02-09,22.383333333333336,0.2,1.9666666666666668,5.1,8.9,22.634967117867532,0.38485867825585107,0.9229755130940144,24
2018-02-10,21.0125,3.5999999999999996,2.2708333333333335,4.0,9.8,358.53284484738464,-0.025603889747702443,0.9996721666775501,24
2018-02-11,22.229166666666668,0.0,1.8291666666666666,3.4,8.7,110.89678135133705,0.9342245129667471,-0.3566855188706772,24
2018-02-12,23.266666666666666,0.0,2.058333333333333,3.4,7.8,87.65916270765014,0.9991655375757775,0.04084395329675403,24
2018-02-13,23.695833333333336,0.0,2.345833333333333,3.5,7.1,87.26033367059011,0.9988570234103513,0.04779797886744839,24
2018-02-14,23.491666666666664,0.0,2.829166666666667,6.2,10.5,100.97882862254328,0.9816976223098436,-0.1904462610585981,24
2018-02-15,22.708333333333332,0.0,3.25,5.2,10.5,97.13475866101155,0.9922567720708064,-0.12420345518391858,24
2018-02-16,22.541666666666668,0.0,3.1333333333333333,4.6,8.9,104.39597031252993,0.9686006494196588,-0.24862176482322554,24
2018-02-17,23.34166666666667,0.0,3.1750000000000003,4.2,10.4,80.0682160170418,0.9850137994697068,0.17247554856921676,24
2018-02-18,21.90833333333333,0.4,2.6791666666666667,5.5,10.3,13.891194043744969,0.24007884737989857,0.970753391464969,24
2018-02-19,20.708333333333332,19.0,1.1708333333333334,4.8,8.4,144.2286616243349,0.5845518754817673,-0.8113563365567243,24
2018-02-20,21.445833333333336,1.2,1.5791666666666666,2.8,6.0,282.3759900094091,-0.9767621781435318,0.21432603049630605,24
2018-02-21,20.9375,21.4,1.6166666666666665,2.9,9.0,357.9270895194734,-0.036171220857178145,0.9993456072759319,24
2018-02-22,19.741666666666667,1.8,2.670833333333333,7.1,15.9,328.18209155704443,-0.5272214133114339,0.8497279454895514,24
2018-02-23,21.441666666666666,0.2,2.35,4.2,11.4,329.57698151995385,-0.5063802366451646,0.8623103014200788,24
2018-02-24,21.358333333333334,20.6,1.75,3.9,11.4,13.512614149147415,0.2336594336365354,0.9723185018668798,24
2018-02-25,21.483333333333334,2.2,2.5208333333333335,4.3,10.3,117.72037199993619,0.8852282912628819,-0.4651568255414492,24
2018-02-26,20.883333333333333,6.199999999999999,1.7708333333333333,3.9,9.4,90.9652538842577,0.9998580950373563,-0.0168460615061516,24
2018-02-27,22.354166666666668,8.4,1.5166666666666666,3.0,5.5,37.22697217329312,0.6049740168883507,0.7962452127893602,24
2018-02-28,22.837500000000002,1.7999999999999998,1.5875000000000001,3.3,7.1,14.081637142379302,0.24330416274217526,0.9699500422147159,24
2018-03-01,22.6125,0.0,1.8541666666666667,3.7,7.2,85.39685458075711,0.9967744741999084,0.08025364529724482,24
2018-03-02,21.729166666666668,0.2,1.6333333333333335,5.3,9.2,231.81056340897675,-0.785970893466015,-0.6182634993465441,24
2018-03-03,22.083333333333332,0.0,1.3291666666666668,4.1,10.1,46.13556814185465,0.7209814236216263,0.6929543901242946,24
2018-03-04,23.150000000000002,40.4,1.3333333333333333,3.5,13.2,275.1819591341401,-0.9959128869551098,0.0903189990906603,24
2018-03-05,22.708333333333332,19.400000000000002,2.1750000000000003,5.3,10.0,210.18226549755352,-0.5027524074836547,-0.8644304580296723,24
2018-03-06,22.8125,2.4000000000000004,1.675,4.5,10.3,274.17994701917314,-0.9973400488179066,0.07288914201645931,24
2018-03-07,22.337500000000002,23.6,1.6500000000000001,4.3,8.1,219.3658759977669,-0.6342701789366813,-0.7731114668090432,24
2018-03-08,21.2625,10.0,1.9708333333333332,3.4,9.8,214.0194215851176,-0.5594738907080138,-0.8288479749725142,24
2018-03-09,20.849999999999998,33.6,1.4208333333333334,3.5,10.8,289.51344393250974,-0.9425631404062585,0.33402803227796873,24
2018-03-10,21.170833333333334,6.8,2.5083333333333333,4.9,10.6,328.31729577025226,-0.5252147943695055,0.8509696938054834,24
2018-03-11,20.4375,2.0,2.7416666666666667,3.9,8.4,308.572840302799,-0.7818161198406683,0.6235090654972721,24
2018-03-12,22.0125,2.8000000000000003,1.5916666666666668,2.8,6.2,303.2770356877163,-0.8360273441446597,0.5486877799280997,24
2018-03-13,22.78333333333333,27.4,1.4833333333333334,3.2,11.0,317.25995217294656,-0.6786731848059464,0.7344404048153628,24
2018-03-14,21.525000000000002,2.6,1.9416666666666667,4.4,11.1,352.4317031601691,-0.13170790616757874,0.9912885692133004,24
2018-03-15,22.03333333333333,0.0,1.9875,4.7,8.5,4.053365013947369,0.07068556971988722,0.9974986467326034,24
2018-03-16,23.3,0.0,1.2750000000000001,2.3,6.8,313.8041371161805,-0.7217102491199812,0.6921952877007865,24
2018-03-17,22.204166666666666,0.0,2.15,4.8,8.6,89.64296948658567,0.9999805851516285,0.00623131766215673,24
2018-03-18,22.325,0.0,1.6291666666666667,3.6,6.7,73.9397073754302,0.960971109251249,0.2766487433270285,24
2018-03-19,23.254166666666666,0.0,2.1666666666666665,3.6,7.7,46.82426163233687,0.7292584303584756,0.684238366178843,24
2018-03-20,22.129166666666666,6.8,2.0541666666666667,4.1,9.4,347.16648884237856,-0.2221188050828639,0.9750196082277324,24
2018-03-21,21.84583333333333,15.2,1.6041666666666667,3.6,7.7,293.0645254590421,-0.9200642355630785,0.39176753622234695,24
2018-03-22,21.5,0.4,1.5416666666666667,3.8,10.1,340.5234188904563,-0.33342153914529554,0.9427778514761482,24
2018-03-23,21.641666666666666,0.0,1.7833333333333332,3.6,7.6,81.78548789621242,0.9897400735339538,0.1428796236032405,24
2018-03-24,20.466666666666665,24.400000000000002,1.9625000000000001,5.5,9.3,61.81340520034262,0.881413988227251,0.4723445578783896,24
2018-03-25,21.858333333333334,6.800000000000001,2.441666666666667,4.0,8.0,73.50903164830612,0.9588644928624708,0.28386420050368566,24
2018-03-26,21.929166666666664,0.0,2.6458333333333335,3.8,8.6,60.556830771794516,0.8708436948090506,0.4915600260510625,24
2018-03-27,21.920833333333334,0.0,2.9458333333333333,4.8,11.8,78.848567459431,0.9811194479996166,0.19340276305401558,24
2018-03-28,22.03333333333333,0.0,2.908333333333333,4.3,9.3,92.00045986189464,0.9993905468799102,-0.03490751791625683,24
2018-03-29,21.941666666666666,0.0,2.9875000000000003,5.0,9.5,94.1213310152758,0.9974140955619332,-0.07186878303109669,24
2018-03-30,22.233333333333334,0.0,2.65,4.2,8.1,78.30734976837802,0.9792488156442717,0.20266168128013504,24
2018-03-31,22.125,3.1999999999999997,1.9916666666666665,3.4,8.1,56.91431097009777,0.8378550923117383,0.5458927040062804,24
2018-04-01,21.337500000000002,0.6000000000000001,1.7041666666666666,3.8,7.8,48.57582209173729,0.7498319397564855,0.6616283413828539,24
2018-04-02,20.391666666666666,15.0,1.2833333333333334,3.2,5.6,152.57116074855122,0.46064659936864305,-0.8875836357719226,24
2018-04-03,21.620833333333334,46.599999999999994,1.6458333333333333,6.1,9.3,320.81606319397287,-0.631812017784088,0.7751216512158586,24
2018-04-04,20.758333333333333,9.4,1.2416666666666667,2.6,7.4,174.05920936552155,0.10350067032503431,-0.9946293838622849,24
2018-04-05,21.2375,0.6,1.5374999999999999,3.9,6.4,134.4721467230376,0.713591098857003,-0.7005624480601677,24
2018-04-06,20.825,16.0,2.3958333333333335,3.6,7.4,137.2459558510232,0.6788525750527729,-0.7342745953280826,24
2018-04-07,20.654166666666665,19.6,2.004166666666667,3.8,9.2,60.35187550425188,0.869079745809302,0.4946720079244823,24
2018-04-08,19.666666666666668,2.2,1.9166666666666667,4.9,10.2,64.83471696734458,0.9050848768304066,0.4252309557556781,24
2018-04-09,20.020833333333332,6.6,2.308333333333333,4.0,7.8,79.03170624207013,0.9817326227024654,0.19026575498953763,24
2018-04-10,20.608333333333334,0.2,2.954166666666667,4.2,8.5,90.95743344521048,0.9998603850831215,-0.016709588308277783,24
2018-04-11,20.787499999999998,0.0,3.608333333333333,5.1,9.5,93.48354031714854,0.9981522949944007,-0.06076179718713666,24
2018-04-12,19.633333333333333,0.0,2.9250000000000003,4.1,9.8,77.85805922744419,0.9776295330627793,0.21033424847953786,24
2018-04-13,20.383333333333333,0.0,2.908333333333333,4.3,9.6,102.3890621106266,0.9767132539798481,-0.21454887438552736,24
2018-04-14,19.804166666666667,6.6000000000000005,2.6666666666666665,5.0,11.1,96.65434755398648,0.9932632958139256,-0.11587935618072025,24
2018-04-15,20.587500000000002,0.0,3.1041666666666665,5.0,8.7,116.81134985908896,0.8924964855209231,-0.4510543463184905,24
2018-04-16,20.516666666666666,51.400000000000006,2.495833333333333,4.3,8.1,118.8001569873633,0.876305360061342,-0.481756075133217,24
2018-04-17,19.483333333333334,0.0,3.6791666666666667,5.3,10.0,102.65700388095884,0.9756992470846082,-0.21911407813860057,24
2018-04-18,18.333333333333332,0.0,3.533333333333333,5.4,10.6,96.85821524588634,0.9928446915003267,-0.11941280735172842,24
2018-04-19,19.587500000000002,0.0,2.7291666666666665,4.3,7.3,93.31849912974911,0.9983231788390329,-0.057886359297578585,24
2018-04-20,20.108333333333334,0.0,2.0124999999999997,3.5,5.8,107.65903194689959,0.9528786296777628,-0.3033518041868694,24
2018-04-21,19.979166666666668,0.0,1.2750000000000001,2.6,5.1,124.65843229026117,0.8225568331661498,-0.568682913592166,24
2018-04-22,20.608333333333334,0.0,1.7541666666666667,3.9,7.1,102.11342614125151,0.9777340899181178,-0.20984768145488247,24
2018-04-23,20.5625,19.799999999999997,2.466666666666667,3.6,9.1,93.42185511738663,0.9982171332567574,-0.05968714160236587,24
2018-04-24,21.14166666666667,0.2,2.7624999999999997,4.0,8.0,105.6302151688699,0.9630206168836,-0.26942771100451135,24
2018-04-25,21.150000000000002,0.0,2.7916666666666665,4.8,8.3,96.78196928445809,0.9930027201162308,-0.11809148081790916,24
2018-04-26,21.058333333333334,0.0,1.9708333333333332,4.4,7.6,104.95186404690305,0.9661429272482518,-0.25800744975325646,24
2018-04-27,20.8,18.8,2.154166666666667,3.4,6.8,95.71051601124815,0.9950373241517432,-0.0995023795943534,24
2018-04-28,21.650000000000002,0.0,2.345833333333333,4.0,8.1,105.8143552440016,0.9621497445280942,-0.27252131862392565,24
2018-04-29,21.224999999999998,0.0,2.3958333333333335,3.8,7.3,109.02078825554142,0.9454003895885548,-0.3259111893841768,24
2018-04-30,20.879166666666666,0.0,2.029166666666667,3.1,6.9,100.19048972633027,0.9842249879260158,-0.17692137559389007,24
2018-05-01,20.754166666666666,0.0,1.9375,3.1,7.3,109.19716832254935,0.9443926223627485,-0.3288199732784054,24
2018-05-02,20.041666666666668,0.0,2.1666666666666665,4.0,9.3,101.21416016466625,0.9809071220236952,-0.19447678001034358,24
2018-05-03,21.629166666666666,0.0,2.3583333333333334,4.2,8.2,93.58232391008552,0.998046052183904,-0.0624826193442943,24
2018-05-04,21.6125,0.0,2.595833333333333,4.4,8.2,110.3827382244391,0.9373869629336065,-0.3482896520456923,24
2018-05-05,21.125,0.0,2.3874999999999997,4.4,9.2,108.3802129792607,0.9489849640304254,-0.31532132507043065,24
2018-05-06,21.008333333333333,0.0,2.845833333333333,4.3,8.6,105.67771115430327,0.9627969408735226,-0.2702259251896209,24
2018-05-07,20.754166666666666,0.0,2.4791666666666665,3.8,7.0,112.54506773067044,0.9235782354923523,-0.3834100193328717,24
2018-05-08,20.462500000000002,0.0,2.3666666666666667,3.5,6.6,113.98470835546806,0.9136539788630346,-0.40649281286112,24
2018-05-09,19.945833333333333,0.0,3.016666666666667,4.8,8.6,110.16623478436028,0.9386963489095118,-0.34474507181967406,24
2018-05-10,19.67391304347826,0.0,3.0173913043478255,4.6,8.8,92.22537774320713,0.9992458154650402,-0.0388304040103479,23
2018-05-11,19.908333333333335,0.0,1.7874999999999999,3.1,6.2,99.86163447159926,0.9852242298482252,-0.1712694278614002,24
2018-05-12,19.979166666666668,0.0,1.4583333333333333,2.4,5.4,118.17974650078028,0.8814704390860477,-0.47223920317721413,24
2018-05-13,20.020833333333332,0.0,1.5166666666666666,2.7,6.2,125.84238428569248,0.810630877400262,-0.58555749555896,24
2018-05-14,20.366666666666667,0.0,2.1041666666666665,5.3,8.1,98.98476891963645,0.9877298910612834,-0.15617189985418364,24
2018-05-15,20.758333333333333,0.0,2.591666666666667,4.4,9.5,100.10132535600665,0.9844991231584347,-0.17538949940139892,24
2018-05-16,19.908333333333335,0.0,1.6375,3.5,6.4,123.61163401888435,0.8328088563154039,-0.5535606641034287,24
2018-05-17,19.858333333333334,0.0,1.2791666666666666,3.6,8.0,84.69659627903256,0.9957192090477472,0.09242973944206742,24
2018-05-18,21.145833333333332,0.0,2.0083333333333333,3.8,7.3,85.95454450622232,0.9975083951707002,0.07054786718232009,24
2018-05-19,20.291666666666668,6.6,2.120833333333333,5.4,11.9,348.8302829384326,-0.1937158530362005,0.9810576783668008,24
2018-05-20,17.070833333333333,3.0,1.9625000000000001,2.8,11.2,215.5933716084803,-0.5820289008660631,-0.8131680998149413,24
2018-05-21,17.308333333333334,0.0,1.7583333333333335,2.7,5.8,130.19856655226644,0.7638121767029903,-0.6454385785806732,24
2018-05-22,18.712500000000002,0.0,1.5666666666666667,2.9,5.9,122.60548543949913,0.8424008117807805,-0.5388514380709047,24
2018-05-23,19.537499999999998,0.0,1.925,3.4,7.5,117.45725708179286,0.8873550529400822,-0.46108677059931347,24
2018-05-24,20.258333333333333,0.0,2.4041666666666663,4.5,8.4,116.92481339546359,0.8916015076160125,-0.4528208824876051,24
2018-05-25,19.4,0.0,3.154166666666667,4.2,8.0,101.86494815729318,0.9786349515319742,-0.20560552434215004,24
2018-05-26,18.808333333333334,0.0,3.0666666666666664,5.0,8.7,107.57805423735357,0.9533064133432471,-0.3020047719467925,24
2018-05-27,18.125,0.0,3.15,4.3,9.1,114.89722373449642,0.907064414506007,-0.42099186207915534,24
2018-05-28,17.579166666666666,0.0,3.2083333333333335,4.6,8.9,106.165816303795,0.960459965886769,-0.27841812787386266,24
2018-05-29,17.720833333333335,0.0,2.7416666666666667,3.9,9.0,104.28245354313997,0.9690913277944811,-0.2467022464298399,24
2018-05-30,17.958333333333332,0.0,2.7541666666666664,3.6,7.4,102.97223650373435,0.9744789536661802,-0.224478882885822,24
2018-05-31,17.883333333333333,0.0,2.095833333333333,3.7,6.9,109.20023404103162,0.9443750268795349,-0.3288705043117694,24
2018-06-01,17.883333333333333,0.0,1.5208333333333333,3.1,6.2,94.52802332946634,0.9968788402002587,-0.07894667796042373,24
2018-06-02,18.383333333333333,0.0,1.7541666666666667,4.2,7.6,112.32434611546303,0.9250483964002988,-0.37984926525825435,24
2018-06-03,18.925,0.0,2.058333333333333,4.3,8.4,134.67157593230215,0.7111483359795944,-0.7030419932219227,24
2018-06-04,19.366666666666667,0.0,2.4125,5.6,9.2,119.46953629580997,0.870617390542595,-0.49196072941323526,24
2018-06-05,20.058333333333334,0.0,2.245833333333333,3.5,7.3,100.15333200230698,0.9843395188123165,-0.17628304429053057,24
2018-06-06,19.408333333333335,0.0,1.5333333333333332,3.7,7.5,6.543643966691642,0.11396001525366914,0.993485337044983,24
2018-06-07,20.695833333333333,0.0,1.5416666666666667,3.2,8.1,331.9790604478636,-0.4697942170991393,0.8827759588820975,24
2018-06-08,21.47083333333333,0.0,1.6333333333333335,2.4,5.7,137.20563892641948,0.6793690888683187,-0.7337967300896281,24
2018-06-09,20.916666666666668,0.0,1.9875,5.0,7.9,117.18754481562365,0.8895157180404242,-0.456904571392133,24
2018-06-10,21.724999999999998,0.0,2.6750000000000003,3.8,8.1,88.51908011655723,0.9996659867542351,0.025844050121478664,24
2018-06-11,20.708333333333332,0.0,2.345833333333333,3.6,8.6,75.94252896335583,0.9700525763066975,0.24289503741480356,24
2018-06-12,20.545833333333334,0.0,1.6541666666666668,2.9,6.2,66.18539764201569,0.9148567908945132,0.40377846915628485,24
2018-06-13,20.666666666666668,0.0,1.5833333333333333,3.4,6.7,97.43304542647195,0.9915967143985,-0.12936752294954026,24
2018-06-14,20.220833333333335,0.0,2.0500000000000003,3.9,7.4,115.59909592579936,0.9018393442047623,-0.43207151866829224,24
2018-06-15,19.566666666666666,0.0,1.7958333333333334,3.3,7.2,120.05373387746633,0.8655561064643323,-0.5008119672714555,24
2018-06-16,18.837500000000002,0.0,2.2916666666666665,4.3,7.9,118.43462701842672,0.8793609661422783,-0.4761557426150806,24
2018-06-17,17.745833333333334,0.0,2.1666666666666665,4.4,8.0,116.84463558671513,0.8922342969166598,-0.451572762028041,24
2018-06-18,18.166666666666668,0.0,2.5375,3.9,8.6,109.4895802550965,0.9427021812374939,-0.3336354260117937,24
2018-06-19,17.912499999999998,0.0,2.891666666666667,4.7,8.7,104.66356489219217,0.9674289250637383,-0.2531427955720247,24
2018-06-20,18.95416666666667,0.0,3.0833333333333335,4.5,9.3,98.14230344214815,0.9899193556569001,-0.14163216194010367,24
2018-06-21,19.3,0.0,2.9499999999999997,4.3,10.1,90.78586471455682,0.9999059381514153,-0.013715496693090072,24
2018-06-22,19.004166666666666,0.0,2.066666666666667,3.9,7.7,91.94500985374178,0.9994238618356193,-0.03394030632709694,24
2018-06-23,19.595833333333335,0.0,2.2083333333333335,4.0,8.6,71.51018781111075,0.9483800604243274,0.31713602915712524,24
2018-06-24,18.333333333333332,0.0,1.7375,3.6,6.7,109.30256554603297,0.9437861511196179,-0.33055665316979754,24
2018-06-25,19.025000000000002,0.0,2.379166666666667,3.9,8.5,92.18914322877266,0.999270172439165,-0.03819846166276008,24
2018-06-26,20.133333333333333,0.0,1.9124999999999999,3.5,7.1,87.7992102321249,0.9992623871762211,0.0384015829736226,24
2018-06-27,19.745833333333334,0.0,1.9500000000000002,3.7,7.8,77.9286683513979,0.9778879984977353,0.20912929587719906,24
2018-06-28,19.495833333333334,0.0,2.720833333333333,4.6,10.1,94.8221219422896,0.9964604768984463,-0.08406258370595641,24
2018-06-29,18.370833333333334,0.0,2.5541666666666667,4.5,7.8,107.52987241068845,0.9535600415708717,-0.3012029998511921,24
2018-06-30,17.870833333333334,0.0,1.8125,3.6,7.1,96.53920619882241,0.9934941606853417,-0.11388306583565636,24
2018-07-01,18.6125,0.0,1.7291666666666667,4.0,6.7,92.5973932347804,0.9989726326201622,-0.04531753828202284,24
2018-07-02,20.0125,0.0,1.9041666666666668,3.3,8.3,89.94501785218498,0.9999995395652341,0.0009596193619095468,24
2018-07-03,19.054166666666667,0.0,1.8125,3.7,7.7,123.91828380158051,0.8298342593802189,-0.5580099479031567,24
2018-07-04,18.745833333333334,0.0,2.1875,4.7,9.7,114.94490809130855,0.9067137303445896,-0.42174661967181065,24
2018-07-05,18.883333333333333,0.0,2.629166666666667,4.1,8.6,102.19520658265301,0.9774335704913961,-0.21124302420776137,24
2018-07-06,18.3,0.0,2.5166666666666666,3.9,10.5,102.91936519670254,0.9746856830042613,-0.22357955932176965,24
2018-07-07,19.650000000000002,0.0,2.345833333333333,4.3,8.1,84.26087159170002,0.9949875105305501,0.09999926943842348,24
2018-07-08,19.591666666666665,0.0,1.1916666666666667,2.8,5.4,156.2676769976269,0.4024642771406836,-0.9154356916931015,24
2018-07-09,20.508333333333333,0.0,1.4083333333333332,2.5,6.2,145.13804428074957,0.5716011681849092,-0.820531598739285,24
2018-07-10,20.133333333333333,0.0,1.9416666666666667,3.4,6.9,145.31647316282763,0.5690431245075884,-0.8223076811331883,24
2018-07-11,18.779166666666665,0.0,1.8791666666666667,3.5,7.1,157.51257718851127,0.38248061925537413,-0.9239635143738227,24
2018-07-12,19.037499999999998,0.0,1.4833333333333334,3.9,6.6,126.55217044209122,0.8033149139543524,-0.5955544887065426,24
2018-07-13,19.845833333333335,0.0,1.9291666666666665,3.4,7.1,131.2841679744453,0.7514464771236476,-0.6597940527304405,24
2018-07-14,19.916666666666668,0.0,2.404166666666667,4.2,7.7,96.76159559164009,0.993044649252202,-0.1177383734878778,24
2018-07-15,19.583333333333332,0.0,2.3874999999999997,3.9,8.0,99.94765308181559,0.9849659914775378,-0.17274835927635013,24
2018-07-16,19.504166666666666,0.0,2.670833333333333,4.9,9.7,108.06403980022067,0.9507105323533336,-0.31007980210333136,24
2018-07-17,19.091666666666665,0.0,2.9166666666666665,5.4,9.0,106.56214913918359,0.958511097397419,-0.2850552159950691,24
2018-07-18,18.9375,0.0,3.079166666666667,4.5,8.9,90.48270113681501,0.999964512221477,-0.008424624482057535,24
2018-07-19,19.108333333333334,0.0,3.016666666666667,4.4,8.1,95.45487223482829,0.9954713804150297,-0.09506172086910256,24
2018-07-20,19.379166666666666,0.0,2.8000000000000003,5.2,8.6,97.83901213124973,0.9906552034226903,-0.13639013135688377,24
2018-07-21,18.970833333333335,0.0,2.0749999999999997,4.1,9.2,118.24484431275991,0.8809333257022507,-0.4732403994453266,24
2018-07-22,19.320833333333333,0.0,2.5166666666666666,5.2,10.5,94.40004047161847,0.997052698035189,-0.07671973240796842,24
2018-07-23,18.866666666666667,0.0,3.454166666666667,5.7,10.2,104.27191295637766,0.9691366967002418,-0.24652396051691067,24
2018-07-24,18.204166666666666,0.0,3.0500000000000003,5.6,9.7,103.14368990732079,0.973802855092831,-0.2273939300268383,24
2018-07-25,18.675,0.0,3.2375000000000003,4.7,9.9,96.10337463899674,0.9943316836075617,-0.10632263622649542,24
2018-07-26,18.708333333333332,0.0,2.433333333333333,4.6,8.7,100.82842954342368,0.9821941532382649,-0.1878686917625391,24
2018-07-27,18.916666666666668,0.0,2.3833333333333333,5.3,8.3,107.92040755274542,0.9514848695514836,-0.3076955362279346,24
2018-07-28,20.0,0.0,2.2083333333333335,3.8,7.0,95.34959926807353,0.9956443626079765,-0.09323252225997257,24
2018-07-29,19.945833333333333,0.0,1.9791666666666667,3.6,7.4,101.73511737615628,0.9790983355608673,-0.20338743644074792,24
2018-07-30,20.816666666666666,0.0,1.8416666666666668,3.0,7.4,59.73386896864512,0.8636936386420389,0.5040171609868808,24
2018-07-31,20.295833333333334,0.0,1.2458333333333333,2.6,6.1,341.80210227856776,-0.3123000622288105,0.9499835109789438,24
2018-08-01,21.337500000000002,0.0,1.0833333333333333,2.6,6.1,35.75895377778589,0.5843764855249172,0.8114826696643288,24
2018-08-02,22.25,0.0,1.5374999999999999,2.7,5.9,297.51575990627333,-0.8868837900100742,0.46199257896352225,24
2018-08-03,21.77916666666667,0.0,2.2875,4.3,8.2,52.92887277990508,0.7978877991725316,0.6028059886328385,24
2018-08-04,22.145833333333332,0.0,1.5208333333333333,2.5,7.7,322.5916833257914,-0.6074911452660079,0.7943264495302885,24
2018-08-05,22.229166666666668,0.0,1.3166666666666667,2.4,5.5,119.85144314389665,0.8673188944758495,-0.4977528857627953,24
2018-08-06,22.3875,0.0,1.2958333333333334,2.6,5.1,170.63278560006546,0.16276140249792884,-0.9866654579222418,24
2018-08-07,21.97083333333333,0.0,2.5791666666666666,4.0,8.9,148.7903203517481,0.5181715086998292,-0.8552767315739058,24
2018-08-08,22.304166666666664,0.0,2.6333333333333333,4.7,8.5,105.19537463351082,0.9650376573028558,-0.2621112740562981,24
2018-08-09,21.241666666666667,2.2,1.7041666666666666,3.2,7.4,103.72269139780545,0.9714552465221565,-0.23722289941018762,24
2018-08-10,21.329166666666666,0.0,1.2708333333333333,3.4,6.7,297.28372592342294,-0.8887474698931985,0.4583971365076773,24
2018-08-11,22.420833333333334,0.0,1.9000000000000001,3.7,12.1,211.81557480325867,-0.527186803713009,-0.8497494183527644,24
2018-08-12,21.095833333333335,0.0,1.7833333333333332,2.9,9.8,177.01915856841669,0.05200203148078809,-0.9986469790280603,24
2018-08-13,21.416666666666668,0.0,1.7458333333333333,3.7,6.3,130.34926348265458,0.7621119315510357,-0.647445290188715,24
2018-08-14,22.275000000000002,0.0,1.8708333333333333,3.9,6.7,122.17283090344391,0.8464457556845831,-0.5324749596774996,24
2018-08-15,22.520833333333332,0.0,1.7708333333333333,3.5,9.1,65.01008974613423,0.9063821957596712,0.42245865503014274,24
2018-08-16,19.933333333333334,12.0,2.2041666666666666,3.7,7.4,334.19618842117285,-0.435290991755571,0.9002898158351296,24
2018-08-17,18.129166666666666,0.0,2.9125,4.8,8.4,81.03473638217218,0.9877829996957059,0.1558356362073613,24
2018-08-18,18.995833333333334,0.8,2.9291666666666667,4.8,9.4,86.08966967706253,0.9976719995886535,0.06819517018658862,24
2018-08-19,20.099999999999998,3.4,2.316666666666667,3.2,7.7,96.59248215917276,0.9933878380763108,-0.11480680799531583,24
2018-08-20,21.029166666666665,0.0,2.7375000000000003,4.2,8.8,101.85291787415848,0.9786781005504706,-0.20540003773836843,24
2018-08-21,21.2,0.0,2.3666666666666667,4.2,9.2,107.58764077536921,0.9532558695722392,-0.30216427175639743,24
2018-08-22,22.025000000000002,0.0,2.4291666666666667,5.2,8.1,112.14538911830904,0.9262302992417534,-0.3769581313176996,24
2018-08-23,22.90416666666667,0.0,2.591666666666667,3.8,7.6,99.72165691579141,0.9856397123039272,-0.16886194813939429,24
2018-08-24,23.766666666666666,0.0,2.9291666666666667,4.5,8.2,80.91960506453795,0.9874678663541936,0.15782019173064213,24
2018-08-25,22.933333333333334,1.0,1.8499999999999999,3.4,11.2,8.476657774510965,0.14740647510786503,0.9890759986453389,24
2018-08-26,22.662499999999998,3.6,2.725,4.2,8.0,140.1878128995205,0.6402731027730009,-0.7681473516620585,24
2018-08-27,22.212500000000002,0.0,3.4,5.6,10.4,120.38186879782003,0.8626737599858643,-0.5057607970492091,24
2018-08-28,21.05,0.0,4.75,6.3,11.8,93.25127417550488,0.9983904095446363,-0.056714990340237866,24
2018-08-29,20.816666666666666,0.0,3.3708333333333336,4.8,9.7,87.44268631889749,0.9990040887369924,0.044618725741232754,24
2018-08-30,21.4875,0.0,3.283333333333333,4.9,9.9,85.00410035134942,0.9962009328093524,0.08708445021802803,24
2018-08-31,21.90416666666667,0.0,2.6916666666666664,4.5,8.3,87.99287033507473,0.9993864765234266,0.035023856756365296,24
2018-09-01,23.054166666666664,0.0,2.2624999999999997,3.8,9.3,74.3685387567157,0.9630147571147155,0.2694486548106808,24
2018-09-02,23.616666666666664,0.0,2.1,4.0,7.7,71.06499548931569,0.9458872868838443,0.3244953628505655,24
2018-09-03,23.47083333333333,0.0,2.0541666666666667,4.6,11.2,316.3318275620969,-0.690480699324804,0.7233508165889699,24
2018-09-04,21.412499999999998,0.0,2.658333333333333,4.6,11.8,237.02622478097624,-0.8389197661519011,-0.5442551111010712,24
2018-09-05,19.6375,0.0,2.470833333333333,4.3,9.4,189.1332919699227,-0.15873178174872588,-0.987321741613581,24
2018-09-06,22.204166666666666,0.0,2.1999999999999997,3.8,8.1,121.45446908638134,0.8530551060773666,-0.5218208370651106,24
2018-09-07,23.508333333333336,0.0,3.0583333333333336,4.3,8.8,114.00711257512896,0.9134949591896335,-0.40685004551447423,24
2018-09-08,22.166666666666668,0.0,3.0500000000000003,4.7,9.6,115.60842797775828,0.9017689585802412,-0.43221840004921946,24
2018-09-09,22.349999999999998,0.0,2.970833333333333,4.4,9.1,100.80423627088192,0.982273393654971,-0.18745394132305235,24
2018-09-10,22.5,0.0,2.2958333333333334,3.4,8.2,87.17798764922262,0.9987872961345754,0.049233495510515944,24
2018-09-11,22.84583333333333,0.0,1.9749999999999999,3.4,7.9,118.3419634656228,0.8801298948834408,-0.4747329440142779,24
2018-09-12,24.84166666666667,0.0,1.9000000000000001,3.1,7.0,75.464534348457,0.9679924715970459,0.25097923207198275,24
2018-09-13,25.245833333333334,0.0,2.8000000000000003,4.3,8.4,61.965734819319884,0.8826666721041633,0.4699995169748174,24
2018-09-14,24.016666666666666,0.0,2.4166666666666665,4.6,9.7,14.718893475558291,0.254076890569829,0.9671840226546171,24
2018-09-15,21.425,0.8,2.0416666666666665,3.8,7.6,113.46931565166716,0.9172734901012896,-0.398257886748523,24
2018-09-16,23.333333333333332,0.2,1.4833333333333334,3.1,8.0,47.79995098853247,0.7408040216889759,0.6717212230155003,24
2018-09-17,20.591666666666665,11.200000000000001,2.3333333333333335,4.5,8.4,145.01502651616127,0.573361584025177,-0.8193024435238428,24
2018-09-18,20.462500000000002,10.2,1.4791666666666667,2.7,10.1,82.4786820648012,0.9913962281097047,0.1308950682411302,24
2018-09-19,21.6875,7.8,2.6458333333333335,4.0,9.9,78.27168619290661,0.9791224798342874,0.20327117228755204,24
2018-09-20,22.400000000000002,2.2,1.8166666666666667,3.5,7.7,103.24577388454188,0.9733961615484795,-0.22912859420571322,24
2018-09-21,21.358333333333334,7.2,1.7583333333333335,3.1,8.0,112.29926356362381,0.9252145955502536,-0.3794442675555668,24
2018-09-22,23.6125,0.0,1.7,3.7,7.4,149.89757290795995,0.5015473851702272,-0.8651301754238536,24
2018-09-23,24.304166666666664,0.0,1.9541666666666666,4.2,8.4,123.58720560817501,0.8330447946344793,-0.5532055405836047,24
2018-09-24,25.8125,0.0,2.4458333333333333,4.1,8.0,89.98876854759088,0.9999999807869382,0.0001960258230648331,24
2018-09-25,25.541666666666668,0.0,1.8541666666666667,3.2,8.0,53.061713866563316,0.7992832677262788,0.6009544557891237,24
2018-09-26,25.625,0.0,2.091666666666667,3.3,8.4,85.6892914688188,0.9971711026501192,0.0751650985467683,24
2018-09-27,25.1875,0.0,1.8958333333333333,3.5,6.9,57.18363141351419,0.840411810891348,0.541948326055469,24
2018-09-28,25.545833333333334,0.0,1.6291666666666667,2.8,6.5,91.00119318983154,0.999847331491627,-0.01747322835289695,24
2018-09-29,26.65833333333333,0.0,1.7458333333333333,2.8,6.8,126.65917784903364,0.8022012372331621,-0.5970537454715312,24
2018-09-30,25.675,0.0,2.058333333333333,3.9,9.1,358.78673365933076,-0.021173909863443512,0.9997758076394402,24
2018-10-01,23.291666666666668,0.0,2.5500000000000003,3.8,8.9,185.4835093838158,-0.09555925805194777,-0.9954237430363821,24
2018-10-02,22.245833333333334,3.8,2.379166666666667,3.8,8.6,138.53955809901524,0.6621027970135118,-0.7494130277669881,24
2018-10-03,24.525000000000002,0.0,1.8666666666666665,3.6,8.8,81.78439607250003,0.9897373506517712,0.14289848398360597,24
2018-10-04,25.09166666666667,0.0,2.129166666666667,4.3,8.7,173.05571397718077,0.1209041416645334,-0.9926641871893849,24
2018-10-05,25.125,7.6,1.8499999999999999,3.5,7.1,134.34684411203358,0.7151214814114067,-0.6990001908611722,24
2018-10-06,23.837500000000002,1.6,2.1666666666666665,4.5,10.8,80.32193460647268,0.9857678998301351,0.1681120092809693,24
2018-10-07,22.479166666666668,0.4,1.6791666666666665,3.5,7.4,100.82433504812735,0.9822075762824117,-0.1877985013077327,24
2018-10-08,24.870833333333334,0.0,2.3666666666666667,5.2,9.3,63.03930151488797,0.8913177251709079,0.4533792152229276,24
2018-10-09,23.004166666666666,0.0,1.75,4.1,9.0,274.40395758779823,-0.9970474506397837,0.07678789730620296,24
2018-10-10,23.09583333333333,0.0,1.8791666666666667,3.9,8.5,236.12734384427011,-0.8302783689028927,-0.5573489303227845,24
2018-10-11,25.337500000000002,0.0,2.025,4.7,8.4,139.88965547668616,0.6442617227550874,-0.7648050945127438,24
2018-10-12,26.8125,0.0,2.0,3.9,9.3,53.31914957870422,0.8019753396470835,0.5973571415811024,24
2018-10-13,27.008333333333336,0.0,1.8833333333333335,4.2,8.4,45.85507474679103,0.7175804163060243,0.6964756608339395,24
2018-10-14,25.204166666666666,4.8,2.8625000000000003,4.6,11.6,188.59997151233145,-0.14953485183044662,-0.9887564553963966,24
2018-10-15,22.375,5.8,1.3666666666666665,3.2,6.7,36.0931051648635,0.5890991215446014,0.8080607805081118,24
2018-10-16,23.575,0.0,2.3291666666666666,4.7,9.7,71.35038653045567,0.9474918619850152,0.3197798797175471,24
2018-10-17,22.579166666666666,0.0,1.8708333333333333,4.0,9.8,14.234166600843796,0.24588544156903558,0.9692988959162185,24
2018-10-18,23.304166666666664,0.0,1.7750000000000001,3.5,8.8,8.81196199250239,0.15319215146942003,0.9881964201150347,24
2018-10-19,20.870833333333334,46.599999999999994,2.033333333333333,4.6,9.8,225.96833762373342,-0.718955813473908,-0.6950557806910688,24
2018-10-20,21.733333333333334,51.2,1.6166666666666665,3.5,10.0,140.64002758690768,0.6341905164912577,-0.7731768159952495,24
2018-10-21,20.712500000000002,20.2,2.1999999999999997,3.7,7.8,97.81009402319403,0.9907239155494714,-0.13589011427739722,24
2018-10-22,20.295833333333334,5.2,2.5625,4.3,7.7,77.77705557967278,0.9773311897018343,0.21171619124667151,24
2018-10-23,20.770833333333332,17.2,2.1958333333333333,3.8,10.2,101.42225719818468,0.9801943184157856,-0.1980381229597306,24
2018-10-24,21.733333333333334,10.0,1.8916666666666666,3.2,7.6,34.11184720597065,0.5608102028906432,0.8279443920540531,24
2018-10-25,20.391666666666666,18.0,2.1708333333333334,3.8,8.3,152.73136567123268,0.4581630262885298,-0.8888681799581623,24
2018-10-26,22.34166666666667,6.8,1.6500000000000001,2.8,7.9,168.27853894038526,0.2031540648418126,-0.9791467846744166,24
2018-10-27,23.866666666666664,14.6,2.2375,4.3,10.7,263.9248110802648,-0.9943838669695182,-0.10583347821340577,24
2018-10-28,23.6125,0.0,2.220833333333333,4.2,10.5,239.42175130918088,-0.8609352133653604,-0.5087146138922505,24
2018-10-29,21.133333333333333,49.599999999999994,1.9041666666666668,3.5,17.9,317.27539034280363,-0.6784752674856879,0.7346232445343834,24
2018-10-30,22.162499999999998,0.2,1.9666666666666668,3.7,7.2,84.465166092939,0.9953377434158603,0.09645090218252485,24
2018-10-31,23.070833333333336,9.8,2.1416666666666666,6.3,15.8,41.070633857450936,0.6569889311935984,0.7539002217064891,24
2018-11-01,20.920833333333334,10.4,1.4708333333333332,3.4,7.2,156.0297949800829,0.4062615257336738,-0.9137568455057108,24
2018-11-02,20.825,1.0,1.2791666666666666,2.6,6.3,236.26634889954516,-0.8316281060427232,-0.5553329570985259,24
2018-11-03,20.366666666666667,37.2,2.0124999999999997,3.7,7.6,358.61444232767985,-0.02418018645380596,0.999707616547488,24
2018-11-04,21.26666666666667,0.0,2.2958333333333334,4.4,10.5,324.16591076306815,-0.5854401295977427,0.8107156435252612,24
2018-11-05,21.90833333333333,0.0,1.6666666666666667,3.4,7.5,341.0238863944169,-0.3251739430476801,0.9456542215645337,24
2018-11-06,19.808333333333334,11.600000000000001,1.8375000000000001,4.6,10.6,27.244362289521355,0.45778643662748825,0.8890621904230923,24
2018-11-07,19.841666666666665,14.6,2.1791666666666667,3.2,8.6,50.54427361975697,0.7721158636115487,0.6354817803520352,24
2018-11-08,19.895833333333332,27.4,2.0208333333333335,4.2,11.7,5.949931728257967,0.10365935435098261,0.9946128584808952,24
2018-11-09,19.379166666666666,12.0,1.6375,3.9,7.4,351.2902769706857,-0.1514285643687725,0.9884682037846299,24
2018-11-10,18.8625,13.8,1.9916666666666665,3.3,8.4,25.43605135071257,0.42950344036380983,0.9030652217396323,24
2018-11-11,20.916666666666668,4.8,1.6916666666666667,3.1,8.4,304.00044387702167,-0.829033240398152,0.5591993261037963,24
2018-11-12,22.15416666666667,17.8,1.8458333333333332,3.4,7.1,27.82734849601905,0.46680881653604367,0.8843582581760733,24
2018-11-13,21.554166666666664,19.2,2.125,3.6,10.4,21.861000590814726,0.37235614768335795,0.9280899198258805,24
2018-11-14,22.45,0.0,1.6583333333333332,4.0,7.9,30.246781997080646,0.5037254591490009,0.8638637981795095,24
2018-11-15,22.22083333333333,21.0,1.7,3.2,9.0,307.6236369065209,-0.7920378655312514,0.6104719646017327,24
2018-11-16,20.958333333333332,49.800000000000004,1.7083333333333333,3.0,11.1,33.888991020036514,0.557585617677957,0.8301194365624089,24
2018-11-17,21.395833333333332,0.4,2.3333333333333335,4.4,9.0,51.70930346303224,0.7848769974652778,0.6196515947287559,24
2018-11-18,22.745833333333334,2.2,2.0875,3.5,7.1,53.05524367365473,0.7992153991453324,0.6010447119549152,24
2018-11-19,22.066666666666666,1.4000000000000001,1.5958333333333332,3.2,5.6,147.548091350599,0.5365915165204698,-0.8438421323910429,24
2018-11-20,20.404166666666665,3.4,1.9333333333333333,3.1,7.5,137.17644488930392,0.6797428936288052,-0.733450474511496,24
2018-11-21,20.849999999999998,0.8,2.0708333333333333,4.1,8.4,118.80249034902683,0.8762857398938195,-0.481791762132502,24
2018-11-22,20.083333333333332,4.2,2.6041666666666665,4.5,9.1,85.78342307396126,0.9972932460663414,0.07352673901690299,24
2018-11-23,21.508333333333336,0.8,1.9625000000000001,3.7,8.0,49.37874540012069,0.7590298421048076,0.6510558338532503,24
2018-11-24,19.375,19.6,2.6333333333333333,4.6,10.1,347.759214214112,-0.21202051269559963,0.9772652158939736,24
2018-11-25,18.4375,25.0,2.2708333333333335,3.7,7.8,345.82996202669756,-0.24480039447134203,0.9695734974032011,24
2018-11-26,19.829166666666666,0.4,2.35,4.0,9.0,96.66556400051842,0.9932405917841148,-0.11607379907774726,24
2018-11-27,20.883333333333333,0.0,3.3208333333333333,4.3,8.9,86.01893869557043,0.9975870532490371,0.0694267325307976,24
2018-11-28,21.4875,0.0,3.8208333333333333,5.0,9.5,94.17507093354764,0.9973462483454382,-0.07280426437565012,24
2018-11-29,22.599999999999998,0.0,2.375,4.0,7.5,77.27308472073908,0.975431161305565,0.22030444742237273,24
2018-11-30,21.645833333333332,0.0,1.6416666666666666,4.3,9.5,11.68473799176813,0.20252645033877933,0.979276792798223,24
2018-12-01,20.241666666666667,0.0,3.4958333333333336,5.5,11.3,322.2146386930748,-0.6127051542662557,0.7903115802868915,24
2018-12-02,20.2375,2.4,3.4499999999999997,4.9,10.6,322.36137011361825,-0.6106792016826337,0.7918780920269616,24
2018-12-03,19.650000000000002,9.2,3.2708333333333335,4.9,13.1,313.45427211094795,-0.7259235172518744,0.6877754336268981,24
2018-12-04,20.304166666666667,4.6000000000000005,2.1958333333333333,2.9,8.0,324.7997932239445,-0.5764352651790434,0.8171428180299732,24
2018-12-05,21.820833333333336,0.0,1.7583333333333335,3.5,6.3,315.18165113674536,-0.7048614124909135,0.7093450424027183,24
2018-12-06,22.599999999999998,2.0,1.8958333333333333,4.0,9.6,57.23311571606883,0.8408795586582831,0.5412222905892282,24
2018-12-07,22.108333333333334,1.6,1.9291666666666665,5.4,13.5,20.268665712895448,0.3464226809403325,0.9380785287651096,24
2018-12-08,20.025000000000002,61.199999999999996,1.9583333333333333,3.0,10.2,320.5348584274618,-0.6356086505641607,0.7720114269413418,24
2018-12-09,19.395833333333332,10.4,3.1291666666666664,4.8,9.6,72.22294041948898,0.9522517124965856,0.3053140613324583,24
2018-12-10,19.120833333333334,0.0,3.045833333333333,4.4,7.7,67.31934885060646,0.9226683577638097,0.3855944781521574,24
2018-12-11,21.204166666666666,0.0,3.2541666666666664,4.4,8.6,79.48101899633515,0.9831944824415559,0.18256124916444072,24
2018-12-12,21.854166666666668,0.0,2.529166666666667,4.0,8.3,57.15955502152198,0.8401840033395502,0.5423014295872053,24
2018-12-13,20.991666666666667,0.0,2.245833333333333,3.8,8.4,63.58605743178233,0.8956035345409231,0.4448531318511827,24
2018-12-14,22.566666666666666,0.0,2.0458333333333334,3.5,8.4,65.94927666106022,0.9131850201132404,0.40754523557610217,24
2018-12-15,22.258333333333336,0.4,2.033333333333333,4.6,10.6,118.48792045967211,0.8789176914384625,-0.47697347062125334,24
2018-12-16,22.8125,0.0,2.1666666666666665,3.9,8.3,81.50195080631622,0.9890208954024876,0.14777573703846578,24
2018-12-17,23.516666666666666,0.0,2.504166666666667,4.5,8.3,68.22907038038467,0.9286741296930273,0.3708966983391716,24
2018-12-18,23.65416666666667,0.0,2.1166666666666667,3.3,6.4,76.31375202360013,0.9716059374518755,0.2366049498811515,24
2018-12-19,24.1125,0.0,1.6416666666666666,3.3,7.3,97.29459242247856,0.9919064305341818,-0.12697099300603384,24
2018-12-20,24.412499999999998,0.0,1.875,3.7,7.0,62.76296198893123,0.8891207032689983,0.4576727816010497,24
2018-12-21,24.45,0.0,1.625,2.6,8.1,76.26407580431243,0.9714004325872232,0.23744725639466865,24
2018-12-22,22.770833333333332,11.2,2.0,3.9,9.8,205.19168168320454,-0.4256479224624008,-0.9048888584259627,24
2018-12-23,21.191666666666666,23.2,2.1333333333333333,3.5,9.3,169.0153590700678,0.1905458473149819,-0.9816782976469509,24
2018-12-24,20.712500000000002,8.0,1.6833333333333333,2.8,9.9,304.9729223220742,-0.8194230219476435,0.5731892454523129,24
2018-12-25,21.1875,0.0,1.7083333333333333,4.4,8.3,289.3001476694637,-0.9438000997392867,0.33051682518763303,24
2018-12-26,22.166666666666668,1.0,1.3041666666666667,2.7,6.8,291.09252410364957,-0.9330004989093291,0.3598750742062347,24
2018-12-27,21.379166666666666,24.799999999999997,1.7249999999999999,5.3,12.8,346.80222219734037,-0.22831311001197305,0.9735877586518129,24
2018-12-28,20.866666666666667,1.4,1.4833333333333334,3.1,7.5,304.73412155709843,-0.8218048702230076,0.5697690367839812,24
2018-12-29,21.099999999999998,5.0,2.8541666666666665,5.1,10.6,315.0972440844134,-0.7059056408672787,0.7083058846231313,24
2018-12-30,22.504166666666666,0.0,2.5749999999999997,4.4,9.3,313.6602698103126,-0.723446045550572,0.690380923242553,24
2018-12-31,21.358333333333334,33.0,1.9625000000000001,3.7,9.3,321.3101909756094,-0.6251038343502445,0.7805416044520765,24
2019-01-01,20.520833333333332,1.4,1.5916666666666668,3.3,6.7,45.447259766859744,0.7126049666046903,0.7015655076828737,24
2019-01-02,22.71666666666667,0.0,2.0708333333333333,4.2,8.3,99.74471363618373,0.985571679802686,-0.16925857133661362,24
2019-01-03,24.34166666666667,0.0,2.1083333333333334,3.4,7.0,65.47316339332552,0.9097669340824154,0.4151194113147229,24
2019-01-04,23.425,0.0,1.8333333333333333,3.5,7.9,34.28564414196084,0.5633190465490995,0.8262394639540124,24
2019-01-05,20.866666666666667,1.0,1.25,2.8,12.0,134.87561974280285,0.7086401330664276,-0.7055700970191379,24
2019-01-06,22.22083333333333,0.0,2.1958333333333333,3.9,7.5,15.812848097202188,0.27249600949431374,0.962156912779654,24
2019-01-07,22.670833333333334,9.6,1.9333333333333333,5.7,10.8,29.010508247695014,0.484970020425435,0.8745307766388516,24
2019-01-08,23.425,0.0,2.475,4.5,8.6,82.4614062204917,0.9913567155154859,0.13119398843829733,24
2019-01-09,22.7625,0.0,3.2125,6.6,10.8,79.70402062638574,0.9838975826290277,0.17873317234569427,24
2019-01-10,21.2,2.6,2.4291666666666667,4.4,9.4,84.5275119970736,0.9954421063399431,0.0953677771865174,24
2019-01-11,19.933333333333334,6.0,1.9000000000000001,3.7,6.5,104.42768388975355,0.9684628873288272,-0.24915785331133197,24
2019-01-12,21.333333333333332,0.6000000000000001,1.7874999999999999,4.0,7.6,162.64213436326915,0.29833897899442174,-0.9544599801000385,24
2019-01-13,22.34166666666667,0.0,2.2583333333333333,4.1,7.5,99.65879505844768,0.9858243853205718,-0.16778045567740255,24
2019-01-14,23.454166666666666,0.0,2.3125,4.2,8.8,91.28508014463982,0.9997484832223958,-0.022426999231257173,24
2019-01-15,23.504166666666666,0.0,1.8541666666666667,3.9,7.3,74.23306166144064,0.9623749485171365,0.27172496842697214,24
2019-01-16,24.02916666666667,0.0,1.9124999999999999,3.7,8.3,75.5303589897901,0.9682801718981208,0.2498669820303308,24
2019-01-17,23.425,0.0,2.183333333333333,4.3,8.4,115.90721130592298,0.8995027955066354,-0.43691500417787016,24
2019-01-18,22.491666666666664,0.0,2.091666666666667,3.6,8.9,144.59618063152794,0.5793355079269926,-0.8150891787129636,24
2019-01-19,23.308333333333334,7.2,2.029166666666667,3.9,8.8,117.22978680151769,0.8891786180629644,-0.4575602530592414,24
2019-01-20,23.820833333333336,0.2,1.4791666666666667,3.2,6.8,104.57771553804827,0.9678071364445093,-0.2516929610598574,24
2019-01-21,24.454166666666666,0.0,2.029166666666667,3.8,8.5,129.93459129261257,0.7667777483899453,-0.641912676751321,24
2019-01-22,25.212500000000002,0.0,2.4833333333333334,4.1,8.5,113.84080906950686,0.9146720095952054,-0.4041968763648085,24
2019-01-23,25.65833333333333,0.0,2.5749999999999997,4.0,8.3,98.72022303316409,0.9884404364423925,-0.15160970815080593,24
2019-01-24,25.045833333333334,0.0,2.3333333333333335,3.6,7.5,95.94935738853326,0.9946138975246508,-0.10364938422790235,24
2019-01-25,22.495833333333334,0.0,2.2333333333333334,4.8,11.0,331.733756165603,-0.47356938807741766,0.8807565127071046,24
2019-01-26,20.354166666666668,15.0,1.9541666666666666,3.4,7.6,90.54457148705796,0.9999548319577221,-0.009504422360340773,24
2019-01-27,19.8625,1.0,2.425,3.9,8.3,107.00072103670685,0.9563010765459541,-0.2923837392828971,24
2019-01-28,22.945833333333336,0.0,3.079166666666667,5.4,11.3,101.22981766333862,0.9808539397742134,-0.19474483004537932,24
2019-01-29,23.754166666666666,0.0,2.8375,4.7,9.4,106.30819027559426,0.9597651616275912,-0.2808039076045126,24
2019-01-30,23.958333333333332,0.0,2.6958333333333333,4.4,8.5,109.66049248749417,0.9417027603520329,-0.33644600034085925,24
2019-01-31,24.854166666666668,0.0,2.829166666666667,4.3,9.9,103.99194763205661,0.9703297164772597,-0.24178552752627827,24
2019-02-01,24.6125,0.0,2.1708333333333334,4.1,9.0,105.31198989349234,0.9645021784414101,-0.2640748904795273,24
2019-02-02,25.445833333333336,0.0,1.9708333333333332,3.0,8.1,99.61455269741772,0.9859536472581861,-0.16701917691774323,24
2019-02-03,25.662499999999998,0.0,2.2333333333333334,3.8,8.4,145.48091457614524,0.5666807248019673,-0.8239374710121619,24
2019-02-04,23.075,8.0,2.3958333333333335,3.8,11.2,223.7313728615063,-0.6912781751808562,-0.7225887381620513,24
2019-02-05,21.2375,0.8,2.1333333333333333,5.3,9.4,112.29969625562109,0.9252117299987067,-0.3794512546728502,24
2019-02-06,20.8875,14.4,1.5833333333333333,3.4,11.1,17.723311259999075,0.30442063392431123,0.9525377040522441,24
2019-02-07,21.23333333333333,4.6000000000000005,1.3666666666666665,3.5,6.7,60.7415922383744,0.8724242958721036,0.488749269024583,24
2019-02-08,21.45,10.799999999999999,1.4333333333333333,4.0,8.2,24.896838068391578,0.42098575648902276,0.9070672482420281,24
2019-02-09,21.775000000000002,11.799999999999999,1.8624999999999998,7.1,12.1,102.23644581521157,0.9772812729610447,-0.2119464873963235,24
2019-02-10,20.974999999999998,18.0,1.8333333333333333,4.2,8.1,7.8193345039129705,0.1360498933051146,0.9907019867405471,24
2019-02-11,22.254166666666666,19.2,1.7833333333333332,3.9,8.2,54.5983976017585,0.8151115945806786,0.5793039688972822,24
2019-02-12,23.229166666666668,0.2,1.3583333333333334,2.9,6.9,133.33542937093532,0.727348536474977,-0.6862682467429985,24
2019-02-13,23.45,0.0,1.3916666666666666,2.2,5.6,174.02062741399723,0.10417041241781519,-0.9945594628661991,24
2019-02-14,23.875,2.2,1.9166666666666667,3.7,7.5,175.26084011178142,0.08261966018135927,-0.9965811516136137,24
2019-02-15,22.3625,0.2,2.0208333333333335,3.6,8.3,293.9981623717443,-0.9135585023002191,0.4067073430305636,24
2019-02-16,21.791666666666668,9.2,2.7458333333333336,4.4,13.1,317.7552211702641,-0.6722993510730378,0.7402793949224657,24
2019-02-17,19.804166666666667,2.6,3.4458333333333333,5.0,10.2,324.1654510505767,-0.5854466343530991,0.8107109462222826,24
2019-02-18,19.395833333333332,13.0,2.9416666666666664,4.8,11.1,333.06719490509647,-0.45294523996957314,0.8915383388216717,24
2019-02-19,20.808333333333334,4.4,1.9000000000000001,3.7,9.0,319.6410925623473,-0.6475735587577719,0.7620029435624214,24
2019-02-20,22.195833333333336,0.0,1.9666666666666668,4.2,10.8,321.82460173451534,-0.6180709061304398,0.7861223537052594,24
2019-02-21,21.78333333333333,0.0,1.7833333333333332,3.9,9.0,356.819298297057,-0.055485208189434955,0.9984595092802586,24
2019-02-22,23.287499999999998,16.599999999999998,2.2083333333333335,4.8,12.6,89.39981914051766,0.9999451363053652,0.010474940536565829,24
2019-02-23,22.683333333333334,0.4,2.2416666666666667,4.3,8.3,22.06830422484245,0.3757116540036797,0.9267366147109001,24
2019-02-24,22.912499999999998,0.0,1.9875,4.5,9.1,349.3760752668924,-0.18436177432205764,0.9828584517461416,24
2019-02-25,21.745833333333334,12.6,1.3583333333333334,3.2,8.5,252.06599377848025,-0.9514118138194679,-0.3079213544474467,24
2019-02-26,22.558333333333334,0.0,2.220833333333333,3.8,8.4,305.4152004879687,-0.8149740845820791,0.5794974041871132,24
2019-02-27,22.333333333333332,0.0,1.6041666666666667,3.6,8.5,307.5674664416147,-0.7926359668432447,0.6096951894729651,24
2019-02-28,20.875,26.0,1.6208333333333333,4.2,9.7,307.0491509265995,-0.7981189519439504,0.6024999075086154,24
2019-03-01,21.308333333333334,0.2,2.1375,4.7,11.1,6.979812862996809,0.12151963007018124,0.9925890285045499,24
2019-03-02,20.683333333333334,27.0,2.025,4.5,12.8,311.3253008922854,-0.7509726141726817,0.660333349727733,24
2019-03-03,19.991666666666667,9.6,1.5625,3.1,10.0,36.87330803502533,0.6000476169530835,0.799964285070856,24
2019-03-04,19.716666666666665,13.6,1.5999999999999999,3.9,6.7,20.176826755434817,0.3449185978120538,0.9386326016516615,24
2019-03-05,20.083333333333332,26.799999999999997,2.0,5.7,13.1,124.44683952495319,0.8246513598669457,-0.5656413480904638,24
2019-03-06,20.1875,2.4,2.1666666666666665,5.1,9.4,81.8064388065635,0.9897922530655799,0.1425177033612416,24
2019-03-07,21.420833333333334,1.6,1.6291666666666667,3.4,7.4,63.515143585462624,0.8950522628452438,0.4459612615189899,24
2019-03-08,22.266666666666666,0.2,1.7833333333333332,3.3,8.8,131.87773888742632,0.7445709628345446,-0.6675433179229939,24
2019-03-09,23.441666666666666,0.0,2.470833333333333,5.0,8.8,121.21670871956262,0.8552131556303924,-0.5182764305240075,24
2019-03-10,22.733333333333334,0.0,1.675,3.8,9.6,94.88485995692552,0.9963678322812152,-0.08515364228987672,24
2019-03-11,21.283333333333335,0.0,2.066666666666667,4.1,10.3,67.77843686652818,0.9257283197422546,0.3781892092950062,24
2019-03-12,22.6125,0.0,1.9333333333333333,4.1,9.2,71.02762685340582,0.9456754479855414,0.32511220690301,24
2019-03-13,22.037499999999998,7.0,1.4041666666666668,3.6,7.7,286.9022451018856,-0.956802192326222,0.2907396855603569,24
2019-03-14,22.683333333333334,0.2,1.7583333333333335,3.1,6.1,140.4816120374088,0.6363258253722407,-0.771420406759075,24
2019-03-15,23.8125,0.0,1.5,3.2,6.1,101.96356217533285,0.9782796264429132,-0.207289586054665,24
2019-03-16,23.304166666666664,0.0,1.7874999999999999,3.9,7.8,149.70447699501113,0.5044601580112594,-0.8634349709035738,24
2019-03-17,20.504166666666666,14.4,1.4791666666666667,4.3,8.2,341.2164424710723,-0.32199401704911035,0.946741703414705,24
2019-03-18,22.145833333333332,0.0,1.1958333333333333,2.9,5.8,224.29288656214595,-0.6983264247118024,-0.7157794384789433,24
2019-03-19,22.28333333333333,2.2,1.3458333333333332,2.5,8.5,261.8141954682661,-0.9898115379401641,-0.14238370468746442,24
2019-03-20,22.78333333333333,16.6,1.4958333333333333,3.1,9.5,181.98708703240382,-0.03467425930894993,-0.9993986670700414,24
2019-03-21,21.008333333333333,14.600000000000001,2.0,3.8,11.0,250.14052137019968,-0.9405286189166316,-0.33971446392341526,24
2019-03-22,21.254166666666666,0.2,1.2541666666666667,3.0,6.9,285.9207626446598,-0.9616419700192668,0.274307713157074,24
2019-03-23,21.116666666666667,22.4,2.2583333333333333,3.1,7.9,103.98496840329965,0.9703591612994987,-0.24166732936442473,24
2019-03-24,21.6875,0.0,2.9416666666666664,3.8,7.6,104.38600074418821,0.9686438953892118,-0.24845322281108284,24
2019-03-25,21.358333333333334,3.8,2.845833333333333,5.0,10.4,107.81387002940222,0.9520553628343672,-0.3059257852785891,24
2019-03-26,21.025000000000002,20.0,2.9916666666666667,4.1,8.9,89.19067364929211,0.9999002380614062,0.014124939813799137,24
2019-03-27,21.0,30.799999999999997,2.4541666666666666,3.8,8.9,92.37494195523692,0.9991410486705835,-0.04143868797931087,24
2019-03-28,20.991666666666667,28.0,3.0875,4.4,9.2,98.63567036565179,0.9886630939183352,-0.15015087986363995,24
2019-03-29,22.054166666666664,0.0,3.2125,5.4,9.7,106.83741114776812,0.9571305708247166,-0.28965681485639516,24
2019-03-30,22.46666666666667,0.0,2.6333333333333333,4.1,7.2,104.23941889558267,0.9692763515653459,-0.24597429600706683,24
2019-03-31,22.445833333333336,0.0,1.9083333333333332,3.4,7.0,84.49494624530156,0.9953877404531428,0.09593355072958959,24
2019-04-01,21.84583333333333,0.0,1.625,3.7,7.6,61.60726769076011,0.8797088964057725,0.4755126261042265,24
2019-04-02,22.395833333333332,0.0,1.4916666666666665,3.6,7.3,43.362277181854644,0.6866089943278965,0.7270268832086161,24
2019-04-03,22.28333333333333,3.0,1.3666666666666665,2.6,8.0,318.9092530631423,-0.6572535394337046,0.7536695462215968,24
2019-04-04,21.833333333333332,3.2,1.7166666666666668,4.4,8.8,322.4185778627932,-0.6098882359766795,0.7924874381447657,24
2019-04-05,22.150000000000002,7.6,2.058333333333333,3.5,6.9,327.2624736391188,-0.5407913592492576,0.8411567664599391,24
2019-04-06,21.0,5.2,1.3166666666666667,3.0,6.1,63.03024925420451,0.8912460838696464,0.45352003041433464,24
2019-04-07,20.833333333333332,3.6000000000000005,1.2249999999999999,3.1,8.0,68.20874493514388,0.9285424971630277,0.37122611837295183,24
2019-04-08,19.670833333333334,7.8,1.0708333333333333,3.0,9.5,209.1321254642391,-0.48682522377655935,-0.8734993998251532,24
2019-04-09,20.791666666666668,1.4000000000000001,1.0791666666666666,2.9,6.5,241.8794716756164,-0.8819580520387729,-0.4713279054373644,24
2019-04-10,21.59583333333333,0.0,1.1916666666666667,2.9,6.8,137.7815608248564,0.6719589634672058,-0.7405883819073036,24
2019-04-11,20.845833333333335,58.0,1.5833333333333333,3.4,14.2,211.3597352103043,-0.5204096677226554,-0.8539167276384714,24
2019-04-12,21.858333333333334,50.4,1.4916666666666665,3.1,9.1,108.2353087103338,0.9497793937437073,-0.31292028253188675,24
2019-04-13,20.683333333333334,46.400000000000006,1.4583333333333333,3.2,7.6,52.71112543249837,0.7955911339147184,0.6058339274391066,24
2019-04-14,21.349999999999998,0.2,1.3583333333333334,2.9,6.0,53.96093373711195,0.8086160338436159,0.5883367316520534,24
2019-04-15,21.958333333333332,45.6,1.7583333333333335,3.0,8.8,106.5778328012735,0.9584330328843775,-0.2853175800332917,24
2019-04-16,21.570833333333336,2.8,1.9208333333333334,3.6,6.3,48.19427005825745,0.7454093384760437,0.6666070192495027,24
2019-04-17,21.629166666666666,7.8,1.175,3.4,10.5,105.74230783604708,0.962491669634088,-0.2713112343508568,24
2019-04-18,21.504166666666666,9.0,1.0041666666666667,2.8,9.3,224.46578498219017,-0.7004832113502794,-0.7136688802353652,24
2019-04-19,21.620833333333334,19.8,1.5333333333333332,5.3,12.3,136.29976167428867,0.6908854183021432,-0.7229642721306998,24
2019-04-20,21.962500000000002,2.0,1.3375000000000001,3.0,6.1,127.77272085907747,0.7904467344916052,-0.6125307828440607,24
2019-04-21,21.708333333333332,27.2,1.4916666666666665,4.5,9.7,18.049081113610992,0.309831581617278,0.950791455069163,24
2019-04-22,21.662499999999998,0.2,1.325,2.7,5.7,42.01588418852827,0.6693366037145183,0.7429592929144327,24
2019-04-23,20.679166666666667,16.8,1.7249999999999999,4.6,8.6,127.7994748234823,0.7901606302849505,-0.61289981101946,24
2019-04-24,21.183333333333334,1.4,2.1625,3.7,7.7,112.89398802418253,0.9212262307929627,-0.389027289144336,24
2019-04-25,21.724999999999998,0.0,2.6666666666666665,4.4,8.7,101.47957041121774,0.9799957296729329,-0.1990185162813146,24
2019-04-26,21.570833333333336,0.0,2.8958333333333335,4.8,9.0,101.09507980469145,0.9813091929299432,-0.19243769867461893,24
2019-04-27,22.087500000000002,0.0,2.2291666666666665,4.2,8.6,85.706337742927,0.9971934211575083,0.07486842325162263,24
2019-04-28,22.733333333333334,0.0,1.6416666666666666,3.1,6.0,22.284812873736406,0.3792109051571461,0.9253102665646252,24
2019-04-29,22.320833333333336,0.0,1.3,3.2,11.2,256.31895968597587,-0.9716274386646978,-0.23651663880978638,24
2019-04-30,22.045833333333334,0.8,1.8916666666666666,3.6,6.9,124.03426946668526,0.8287029626060686,-0.5596886632476353,24
2019-05-01,20.670833333333334,6.6,1.4791666666666667,3.6,6.8,103.83613030705868,0.9709836693499629,-0.23914580041406078,24
2019-05-02,21.4875,38.8,1.7708333333333333,4.6,9.5,305.07332260417326,-0.8184173560029223,0.5746242523538193,24
2019-05-03,21.283333333333335,20.8,1.6458333333333333,3.1,6.5,64.09807753980557,0.8995431223247814,0.4368319712179767,24
2019-05-04,22.058333333333334,0.0,2.470833333333333,3.9,6.9,120.09147426020377,0.8652260369076583,-0.5013819951464825,24
2019-05-05,22.066666666666666,0.0,2.5833333333333335,3.4,7.1,104.45431592096074,0.9683469699986386,-0.2496079840358794,24
2019-05-06,22.145833333333332,0.0,2.129166666666667,3.2,6.7,112.65897995722771,0.9228141365707966,-0.38524546635242224,24
2019-05-07,22.537499999999998,0.0,1.5333333333333332,2.6,5.2,113.08459107430004,0.9199269778226952,-0.39208972885552906,24
2019-05-08,23.34166666666667,0.0,1.9458333333333335,2.9,6.4,94.8682133899618,0.9963925305462344,-0.08486415657785959,24
2019-05-09,22.320833333333336,0.0,2.1708333333333334,3.9,8.7,79.77277319137717,0.9841113466325473,0.1775524075564009,24
2019-05-10,22.304166666666664,0.0,2.0,3.2,6.5,91.59849611843376,0.999610847574393,-0.027895401262640382,24
2019-05-11,22.21666666666667,0.0,2.1666666666666665,3.6,7.0,92.87869852181412,0.998738097652037,-0.050221631777453625,24
2019-05-12,21.8875,0.0,2.2583333333333333,3.1,7.0,118.14489485120914,0.8817575277863952,-0.47170293850263917,24
2019-05-13,21.5,0.0,1.8083333333333333,3.3,7.6,118.00228693926634,0.882928853376561,-0.4695068049295464,24
2019-05-14,21.195833333333333,0.0,1.6666666666666667,3.2,6.7,131.86517182435833,0.7447173616235453,-0.6673799901828534,24
2019-05-15,21.133333333333333,0.0,1.7916666666666667,3.2,7.3,143.7625224726042,0.591133379018017,-0.806573820682733,24
2019-05-16,18.95,1.4000000000000001,2.225,3.7,8.2,92.09885951256979,0.9993291229832557,-0.03662381680706018,24
2019-05-17,19.208333333333332,0.0,1.7625,3.4,6.3,101.25165601043253,0.9807796413302813,-0.19511866940927233,24
2019-05-18,19.291666666666668,0.0,1.6208333333333333,2.8,6.1,104.3052099691639,0.9689932675049251,-0.24708712538319064,24
2019-05-19,19.683333333333334,0.0,1.6958333333333335,3.1,6.0,129.95003251102895,0.7666047250146024,-0.6421193001189778,24
2019-05-20,20.070833333333333,0.0,1.925,3.3,6.5,122.79889571285503,0.8405770439238087,-0.5416920095666091,24
2019-05-21,20.675,0.0,1.8708333333333333,3.5,7.8,106.35668601589238,0.9595271425317868,-0.28161616208020435,24
2019-05-22,20.833333333333332,0.0,1.5999999999999999,3.0,7.5,110.5396512706771,0.9364296056228603,-0.3508555168627315,24
2019-05-23,21.212500000000002,0.0,1.5625,3.4,6.8,80.72111753260215,0.9869152117730625,0.16124008425615285,24
2019-05-24,21.0125,0.0,1.4708333333333334,3.0,6.6,232.14441417883666,-0.7895600254129291,-0.6136733384056494,24
2019-05-25,20.033333333333335,0.0,1.2750000000000001,3.0,6.1,150.15274319884762,0.4976895133763112,-0.8673552607065057,24
2019-05-26,20.75,0.0,1.4375,2.4,5.1,128.3166398910191,0.7845963406647093,-0.6200069211029401,24
2019-05-27,21.7375,0.0,2.2583333333333333,4.5,8.3,125.06157084414815,0.8185351981892954,-0.5744563772169398,24
2019-05-28,21.204166666666666,0.0,1.7208333333333332,3.4,7.1,78.26016815992843,0.9790815969346923,0.20346799881999358,24
2019-05-29,21.058333333333334,0.0,2.0124999999999997,3.7,8.0,118.2593460873286,0.8808135185840512,-0.4734633517808776,24
2019-05-30,20.525000000000002,0.0,1.8166666666666667,3.8,7.8,101.03804120523243,0.981500280553971,-0.19146069902848492,24
2019-05-31,21.279166666666665,0.0,1.7041666666666666,4.2,7.5,33.437270255060675,0.5510236826538359,0.8344896051806785,24
2019-06-01,21.370833333333334,0.0,0.9208333333333334,2.0,5.3,136.7528369678982,0.6851469246126126,-0.7284048954351411,24
2019-06-02,22.34583333333333,0.0,1.8166666666666667,3.7,6.4,105.894898943521,0.961765696390109,-0.2738735935559482,24
2019-06-03,21.0125,8.0,1.6416666666666666,3.9,9.1,102.37986489471997,0.9767476811460704,-0.2143920879504986,24
2019-06-04,20.075,0.0,2.125,3.2,6.4,157.4037356078852,0.38423512977662017,-0.9232352706897327,24
2019-06-05,18.4875,0.0,2.8375,4.6,8.0,133.68569923937216,0.7231395644312021,-0.6907019403145263,24
2019-06-06,18.400000000000002,0.0,2.8208333333333333,4.4,8.4,107.54646596739776,0.953472769518869,-0.3014791498362996,24
2019-06-07,17.841666666666665,0.0,2.6791666666666667,4.8,8.7,112.48208594738716,0.9239991368480537,-0.38239455422907315,24
2019-06-08,18.2375,0.0,1.9625000000000001,3.5,7.6,114.62428929959981,0.9090595541624023,-0.4166662057163439,24
2019-06-09,19.054166666666667,0.0,2.216666666666667,4.5,7.6,111.1525704155427,0.9326228354319335,-0.36085266637632146,24
2019-06-10,19.295833333333334,0.0,2.966666666666667,5.0,9.1,103.47808629265353,0.9724591342710772,-0.23307344802174942,24
2019-06-11,18.483333333333334,0.0,2.4625,4.3,8.3,109.17220872746104,0.9445357756451302,-0.3284085390583691,24
2019-06-12,19.333333333333332,0.0,3.0625,5.0,10.3,102.3714811363651,0.9767790414374647,-0.21424916384552706,24
2019-06-13,19.720833333333335,0.0,3.1791666666666667,5.7,10.1,91.09689978688095,0.9998167494110242,-0.01914334341679151,24
2019-06-14,20.116666666666667,0.0,3.1791666666666667,5.2,9.5,108.03063644651274,0.9508911468364654,-0.30952548662110463,24
2019-06-15,18.895833333333332,0.0,3.0583333333333336,5.2,9.0,104.83703915522243,0.9666580523548319,-0.2560707125337903,24
2019-06-16,18.995833333333334,0.0,2.8833333333333333,4.3,8.2,105.86574170059201,0.9619049433532595,-0.27338412527533973,24
2019-06-17,18.558333333333334,0.0,2.5416666666666665,3.7,8.2,110.95085363211402,0.9338874788321588,-0.35756702431923765,24
2019-06-18,19.666666666666668,0.0,2.1750000000000003,4.0,8.0,71.93291759957359,0.9506940647237534,0.31013028761961897,24
2019-06-19,19.395833333333332,0.0,1.425,3.5,5.9,129.08401724535378,0.7762223049542679,-0.6304593034379647,24
2019-06-20,19.854166666666668,0.0,2.095833333333333,3.8,7.5,120.95867245739755,0.8575385755220012,-0.5144196647599089,24
2019-06-21,19.04583333333333,0.0,3.2375000000000003,6.0,11.3,108.20589898788492,0.9499398894982157,-0.312432722902256,24
2019-06-22,17.912499999999998,0.0,3.125,5.0,9.9,102.38742339242644,0.9767193898987485,-0.21452093929455107,24
2019-06-23,18.474999999999998,0.0,2.6625,4.5,8.5,94.84461422541034,0.9964274001411628,-0.0844537521245978,24
2019-06-24,19.333333333333332,0.0,2.279166666666667,3.5,8.2,71.58165535050647,0.9487749002275172,0.31595282669769664,24
2019-06-25,19.229166666666668,0.0,1.8125,4.2,10.0,12.775856045246933,0.22113755830745,0.9752426263785947,24
2019-06-26,21.020833333333332,0.0,1.7375,4.5,7.8,24.890049463809447,0.4208782810305687,0.9071171217415939,24
2019-06-27,20.270833333333332,0.0,2.0458333333333334,3.8,8.0,87.91097793113909,0.9993353964082846,0.03645223567213348,24
2019-06-28,20.370833333333334,0.0,3.1291666666666664,5.6,10.8,93.76637597736183,0.9978401893040055,-0.06568832932680158,24
2019-06-29,18.6875,0.0,2.7916666666666665,4.0,7.8,94.92061513376372,0.9963144985230545,-0.08577540459102675,24
2019-06-30,19.175,0.0,2.379166666666667,3.9,8.2,88.14152341387631,0.9994739817047528,0.03243084789590989,24
2019-07-01,19.141666666666666,0.0,1.5333333333333332,3.2,7.6,100.68007108099022,0.9826773166403688,-0.18532482661663047,24
2019-07-02,19.108333333333334,0.0,1.7666666666666666,3.2,8.2,46.740915790434585,0.7282623253986986,0.6852984644699565,24
2019-07-03,18.920833333333334,0.0,1.8416666666666668,3.9,10.4,324.8574120386685,-0.57561322394868,0.8177220899641925,24
2019-07-04,19.645833333333332,0.0,2.1374999999999997,4.7,8.8,325.08919930689433,-0.5723004681868015,0.820044007424704,24
2019-07-05,20.516666666666666,0.0,2.1374999999999997,3.9,10.1,285.139173029062,-0.9652942987423505,0.2611645397359945,24
2019-07-06,18.866666666666667,0.0,2.766666666666667,3.9,8.5,192.42872984564468,-0.21522503332210835,-0.976564480734118,24
2019-07-07,15.966666666666667,0.0,2.4125,3.5,6.8,144.97455980143002,0.573940095780162,-0.8188972868778223,24
2019-07-08,17.504166666666666,0.0,2.8083333333333336,4.2,8.5,112.34012223429839,0.924943771657036,-0.3801039585072177,24
2019-07-09,18.3,0.0,2.7416666666666667,3.9,8.6,113.50398287921404,0.917032353384687,-0.398812816802247,24
2019-07-10,17.120833333333334,0.0,2.4916666666666667,4.4,7.9,102.11394235305715,0.9777321992356779,-0.2098564904351651,24
2019-07-11,17.474999999999998,0.0,2.15,3.6,6.7,105.75953056132869,0.9624100718226785,-0.2716005406001004,24
2019-07-12,18.925,0.0,1.9000000000000001,3.6,7.3,108.64423028517908,0.9475219024950298,-0.31969085737974917,24
2019-07-13,20.212500000000002,0.0,1.95,3.7,6.5,99.64324657435941,0.9858698799787922,-0.1675129241300564,24
2019-07-14,20.275000000000002,0.0,1.7916666666666667,3.2,6.7,93.13244150818515,0.9985058902389721,-0.054644186864458266,24
2019-07-15,19.5125,0.0,1.2125000000000001,2.3,5.7,105.76135300095382,0.9624014323821175,-0.27163115239023805,24
2019-07-16,20.504166666666666,0.0,1.4541666666666666,2.7,9.3,255.18642780090929,-0.9667628516008984,-0.25567477146660256,24
2019-07-17,20.474999999999998,0.0,1.9666666666666668,3.5,7.3,154.33707347684458,0.43307594814251776,-0.9013574336191271,24
2019-07-18,19.416666666666668,0.0,3.0,5.3,9.6,112.03535119412098,0.926952547805443,-0.37517858963032247,24
2019-07-19,18.166666666666668,0.0,3.641666666666667,4.6,8.9,98.18592374230066,0.9898112416920802,-0.14238576410576387,24
2019-07-20,16.75,0.0,3.483333333333333,4.8,9.7,95.95142688068181,0.9946101531169161,-0.10368530906905077,24
2019-07-21,17.941666666666666,0.0,3.1166666666666667,5.0,9.4,71.87553980918308,0.950383013871256,0.31108218680115396,24
2019-07-22,18.925,0.0,3.5833333333333335,5.0,9.8,83.6904330823688,0.9939426187991404,0.10990027540778438,24
2019-07-23,18.733333333333334,0.0,3.7375000000000003,5.3,10.0,78.69294319218236,0.98059051749398,0.19606691970061782,24
2019-07-24,18.9375,0.0,2.983333333333333,4.6,8.5,96.84912057298898,0.992863633624586,-0.11925520963791814,24
2019-07-25,18.629166666666666,0.0,2.4625,4.1,8.5,100.78933584522001,0.9823221099887407,-0.18719848350686116,24
2019-07-26,18.558333333333334,0.0,2.8333333333333335,4.9,9.2,104.23953556938656,0.9692758506755392,-0.24597626978472892,24
2019-07-27,17.9375,0.0,3.1291666666666664,6.2,10.9,103.50608400042037,0.9723451263239493,-0.23354861445545563,24
2019-07-28,18.841666666666665,0.0,3.029166666666667,5.0,10.9,91.96824973502738,0.9994100130119887,-0.034345682281423186,24
2019-07-29,19.429166666666667,0.0,2.029166666666667,4.5,7.5,91.34626179495544,0.9997239652231718,-0.023494538907128784,24
2019-07-30,20.8125,0.0,2.4541666666666666,3.9,6.8,107.32580272282388,0.9546267821555126,-0.2978048132441978,24
2019-07-31,21.175,0.0,1.6916666666666667,2.9,7.0,110.97815771691643,0.9337169755982409,-0.3580120242110228,24
2019-08-01,22.041666666666668,0.0,2.504166666666667,4.2,8.2,81.44556071053522,0.9888749766037513,0.14874905259170634,24
2019-08-02,20.920833333333334,0.0,1.5374999999999999,2.9,6.8,141.27786700814335,0.6255440849349402,-0.7801888218905141,24
2019-08-03,21.1875,0.0,1.4875,3.2,6.3,189.3720160461676,-0.16284408896744657,-0.9866518143136221,24
2019-08-04,20.691666666666666,0.0,2.6041666666666665,4.6,8.8,136.152514278989,0.692741118107117,-0.7211863443547037,24
2019-08-05,19.591666666666665,0.0,4.1125,6.6,12.3,110.10074565965499,0.9390897795536592,-0.3436719161320282,24
2019-08-06,18.429166666666667,0.0,4.329166666666667,5.9,12.3,90.39393433962952,0.9999763641780729,-0.0068753970941387325,24
2019-08-07,18.720833333333335,0.0,3.5416666666666665,5.3,10.5,103.00094808891274,0.9743663423253013,-0.22496717748065773,24
2019-08-08,19.845833333333335,0.0,2.891666666666667,5.0,9.0,103.51738532537178,0.9722990410357689,-0.2337404004465726,24
2019-08-09,20.441666666666666,0.0,2.408333333333333,4.1,9.9,86.23597180654744,0.9978428801480036,0.06564744121393415,24
2019-08-10,21.05,0.0,1.9916666666666665,3.5,8.5,87.43908640709247,0.9990012833565971,0.04468149339348385,24
2019-08-11,22.27916666666667,0.0,2.4791666666666665,4.4,9.3,93.3502566425736,0.9982909406335382,-0.05843969412142499,24
2019-08-12,22.974999999999998,0.0,2.6083333333333334,4.1,8.4,94.25448594634204,0.997244379753217,-0.07418656920643654,24
2019-08-13,21.758333333333336,0.0,2.4541666666666666,4.0,10.8,112.26158506327226,0.9254639232951609,-0.37883575158520666,24
2019-08-14,20.837500000000002,0.0,3.0833333333333335,6.4,11.7,107.74517121265991,0.9524214896868393,-0.30478403170556995,24
2019-08-15,19.8625,0.0,4.120833333333334,6.0,12.3,99.74514362725063,0.9855704095299976,-0.16926596781064018,24
2019-08-16,18.966666666666665,0.0,3.891666666666667,5.5,10.8,98.33822387034364,0.9894292641767279,-0.14501631353299121,24
2019-08-17,19.766666666666666,0.0,3.0,4.2,9.6,101.78453799911816,0.9789225389996599,-0.20423188448050747,24
2019-08-18,21.491666666666664,0.0,2.1999999999999997,3.4,6.9,119.35446096407544,0.8716037092042237,-0.49021115256737985,24
2019-08-19,23.34166666666667,0.0,1.5125,2.9,6.5,93.79562099660086,0.9978065305613116,-0.06619764020868366,24
2019-08-20,23.758333333333336,0.0,1.8083333333333333,3.7,7.5,69.79924684973746,0.9384884837502776,0.3453105354142919,24
2019-08-21,23.0,0.0,1.9333333333333333,3.3,7.7,121.59544587242894,0.8517685802210626,-0.5239182052078314,24
2019-08-22,22.46666666666667,0.0,2.0208333333333335,4.1,7.8,119.96832496201198,0.8663016882826028,-0.4995211555867401,24
2019-08-23,23.05,0.0,1.8041666666666665,3.0,6.9,126.75477886481113,0.8012039054887095,-0.5983914286064257,24
2019-08-24,22.2375,0.0,2.4,4.8,8.4,132.64530170997492,0.7355616756312436,-0.6774577635119086,24
2019-08-25,23.05,0.0,3.0,4.4,8.8,101.43265111631369,0.9801583765690929,-0.19821593488274392,24
2019-08-26,21.575,0.0,3.295833333333333,4.9,9.0,100.03544756666493,0.9847001324558825,-0.1742574220553247,24
2019-08-27,21.058333333333334,0.0,3.25,5.2,9.9,90.41166480276172,0.9999741886723232,-0.00718484440533578,24
2019-08-28,21.454166666666666,0.0,2.8125,4.4,8.8,102.48820931610994,0.9763405267451095,-0.21623870105760923,24
2019-08-29,22.02916666666667,0.0,2.8666666666666667,4.0,7.3,96.54140986056852,0.9934897798764974,-0.11392127668240357,24
2019-08-30,22.583333333333332,0.0,2.404166666666667,3.9,7.5,99.5305731999966,0.986197391229703,-0.16557386729713178,24
2019-08-31,24.375,0.0,2.1666666666666665,3.6,8.3,91.53339499194396,0.9996418978746617,-0.026759596662587898,24
2019-09-01,24.875,0.0,2.058333333333333,3.5,7.1,52.993570974300376,0.7985679767605961,0.6019046323899561,24
2019-09-02,23.858333333333334,0.0,1.4833333333333334,3.1,6.8,53.148969794168046,0.8001975359910901,0.5997365283137156,24
2019-09-03,26.09583333333333,0.0,2.7708333333333335,3.9,7.9,79.61628407368615,0.9836227365612459,0.18023959642588472,24
2019-09-04,26.150000000000002,0.0,3.233333333333333,5.3,8.9,93.87918916361622,0.9977089173759564,-0.06765290968241579,24
2019-09-05,25.09166666666667,0.0,3.3874999999999997,6.4,11.8,89.64160031505502,0.9999804359591097,0.006255213747662128,24
2019-09-06,23.94347826086957,0.0,4.182608695652174,5.6,11.3,82.04990509561888,0.9903889140068064,0.13831051663708918,23
2019-09-07,22.426086956521736,0.0,3.9478260869565216,5.3,10.1,81.67045147759121,0.9894512102457539,0.14486649903691692,23
2019-09-08,22.991666666666664,0.0,3.529166666666667,5.3,11.7,90.89800654308185,0.9998771783715383,-0.01567252920785264,24
2019-09-09,24.099999999999998,0.0,2.716666666666667,4.1,9.3,81.1521107875291,0.9881001669720679,0.15381176817711814,24
2019-09-10,25.254166666666666,0.0,2.3625,3.4,9.8,88.8810536253629,0.9998093093129818,0.0195280570231142,24
2019-09-11,25.575,0.0,2.4375,4.0,7.6,82.02868430742829,0.9903376196502975,0.138677320082927,24
2019-09-12,26.025000000000002,0.0,2.2291666666666665,4.0,8.3,82.11492615449173,0.9905452353800569,0.1371865032204972,24
2019-09-13,26.84166666666667,0.0,2.7541666666666664,5.0,9.6,93.59426094786151,0.9980330128563378,-0.06269055151217763,24
2019-09-14,25.775000000000002,0.0,3.0083333333333333,5.2,10.0,93.10323710802442,0.9985336133772983,-0.05413522841622029,24
2019-09-15,24.304166666666664,0.0,3.341666666666667,5.0,10.1,88.67598709403823,0.9997330131629669,0.023106327966490814,24
2019-09-16,24.745833333333334,0.0,3.475,5.1,10.6,78.94364875759379,0.9814390452581816,0.19177434771811655,24
2019-09-17,24.608333333333334,0.0,2.125,4.4,8.4,81.83296943845086,0.9898581393291049,0.1420593678851293,24
2019-09-18,25.650000000000002,0.0,2.095833333333333,3.4,7.0,37.80690954770106,0.6130023374318035,0.7900810934980949,24
2019-09-19,26.095652173913045,0.0,2.0782608695652174,4.1,9.5,21.32168987471492,0.3636039052140545,0.9315536485426317,23
2019-09-20,29.91818181818182,0.0,1.8181818181818181,3.0,7.7,10.273854829608148,0.17835323077766602,0.9839665263977067,11
2019-09-21,27.025000000000002,0.0,1.7916666666666667,3.5,7.9,48.454370325245954,0.7484277806427996,0.6632162974189444,24
2019-09-22,27.349999999999998,0.0,2.408333333333333,4.0,8.5,86.96017681089528,0.998592917659302,0.05303003677805928,24
2019-09-23,25.3625,0.0,4.25,6.4,11.8,87.2076026264138,0.9988126104665904,0.04871723691790286,24
2019-09-24,23.395833333333332,0.0,3.8375,5.6,10.6,86.48998467426642,0.9981241118631027,0.06122301297300442,24
2019-09-25,24.204166666666666,1.2,2.4625,4.3,8.0,57.45598535650202,0.8429784431974714,0.5379473434309044,24
2019-09-26,19.845833333333335,5.4,2.2875,4.2,9.6,165.68874468530188,0.2471893636345743,-0.9689671916561129,24
2019-09-27,20.7375,0.0,1.8291666666666666,3.5,7.0,154.07877093969665,0.43713505982642337,-0.8993958747240001,24
2019-09-28,22.333333333333332,0.4,1.8708333333333333,3.7,7.3,124.40042799670142,0.8251092779790877,-0.5649731669670945,24
2019-09-29,23.77916666666667,3.2,1.8416666666666668,3.4,8.2,167.22619494195936,0.22110264791293166,-0.9752505416998701,24
2019-09-30,23.25,0.0,2.2875,4.2,8.5,351.35456773782045,-0.15031932336843443,0.9886374972769626,24
2019-10-01,24.733333333333334,0.0,2.529166666666667,4.4,8.8,69.5735905378985,0.9371212218964872,0.34900403360310167,24
2019-10-02,25.791666666666668,0.0,2.275,3.6,7.6,111.13844448929204,0.9327117731187848,-0.36062272291913683,24
2019-10-03,26.0125,0.0,1.7125000000000001,3.4,7.9,124.20262556540577,0.8270548160696898,-0.5621212780316466,24
2019-10-04,26.316666666666666,0.0,2.370833333333333,5.1,9.0,84.92741211337663,0.9960834812574746,0.0884177491569998,24
2019-10-05,24.55,0.8,2.1374999999999997,4.0,10.4,10.35277204739885,0.17970834250606935,0.9837199355679042,24
2019-10-06,22.875,0.0,2.15,4.2,7.6,331.55706735760737,-0.4762832102035977,0.8792919331360635,24
2019-10-07,23.45,0.0,1.7,3.3,8.0,305.4978422644984,-0.814137386813586,0.5806722960434272,24
2019-10-08,23.90416666666667,0.8,2.120833333333333,4.0,9.8,148.76207448444464,0.518593082934301,-0.8550211777100596,24
2019-10-09,22.941666666666666,2.2,2.7583333333333333,4.7,9.1,113.98643214186403,0.9136417488091212,-0.40652030064070693,24
2019-10-10,24.420833333333334,0.4,2.525,4.8,8.8,99.21652429508374,0.987090113749303,-0.16016587445017139,24
2019-10-11,23.05,0.6000000000000001,3.329166666666667,5.3,12.5,112.05354448988851,0.9268333695260179,-0.37547290865393734,24
2019-10-12,25.066666666666666,0.0,2.654166666666667,4.7,9.7,100.81430042868953,0.9822404517125949,-0.1876264773944161,24
2019-10-13,25.599999999999998,0.0,2.6083333333333334,4.2,8.2,104.70275212591906,0.9672555627375188,-0.25380440570117335,24
2019-10-14,25.191666666666666,0.0,2.5166666666666666,5.1,8.6,108.28114944692847,0.9495287310974363,-0.31368007399338016,24
2019-10-15,25.59166666666667,0.0,2.3666666666666667,4.3,8.1,109.38528457120574,0.9433079366725429,-0.33191887052499724,24
2019-10-16,26.758333333333336,0.0,2.9166666666666665,4.5,9.3,100.07243261428381,0.9845874422516829,-0.17489302033039753,24
2019-10-17,26.429166666666664,0.0,2.5791666666666666,3.7,9.9,83.61288871936519,0.9937929690186685,0.1112453807088619,24
2019-10-18,25.90416666666667,0.0,1.9875,3.6,9.4,79.64748843172882,0.9837207525511135,0.17970387029853027,24
2019-10-19,26.304166666666664,0.0,1.6458333333333333,3.7,7.0,91.47930605268289,0.9996667142982684,-0.025815892858938285,24
2019-10-20,26.670833333333334,0.0,1.9041666666666668,5.5,9.2,93.93958177052802,0.9976370536131535,-0.06870450682499736,24
2019-10-21,22.704166666666666,0.6000000000000001,2.2291666666666665,4.0,8.1,267.1950195648302,-0.9988018873021292,-0.048936590826343725,24
2019-10-22,21.958333333333332,6.6,2.1333333333333333,3.6,11.1,272.7512930375434,-0.9988473034715832,0.04800067028226782,24
2019-10-23,21.40833333333333,1.4,1.7541666666666667,3.7,6.8,84.4200946451134,0.9952615628252339,0.09723384988095894,24
2019-10-24,21.40416666666667,1.2000000000000002,1.8166666666666667,3.0,6.1,75.29106504133715,0.9672281688723142,0.25390878153366386,24
2019-10-25,23.8875,0.0,1.9000000000000001,3.4,6.8,48.238936808905706,0.7459287866562174,0.6660257091416091,24
2019-10-26,22.933333333333334,1.2,2.3958333333333335,5.5,12.2,19.98488216603379,0.34177218790690034,0.9397828321337491,24
2019-10-27,23.045833333333334,0.6000000000000001,1.8083333333333333,3.4,8.8,59.620398716545715,0.8626937750929975,0.505726655828811,24
2019-10-28,24.7375,0.4,2.1,3.8,9.4,105.07538071037155,0.9655844773211123,-0.26008963292779336,24
2019-10-29,24.479166666666668,1.0,2.3666666666666667,3.8,8.8,110.6051352595834,0.9360279974018636,-0.3519255433750964,24
2019-10-30,23.72083333333333,5.0,2.3874999999999997,3.9,8.0,144.5539929373808,0.5799355125363228,-0.8146623848559797,24
2019-10-31,24.570833333333336,0.0,2.2083333333333335,4.4,8.0,105.96299386871522,0.9614395237603159,-0.27501643978412804,24
2019-11-01,25.558333333333334,0.0,1.7874999999999999,3.7,7.5,110.12951422490087,0.9389171013890903,-0.3441433955767694,24
2019-11-02,24.304166666666664,0.0,2.6958333333333333,4.5,8.9,113.20423504943909,0.919106218308855,-0.3940098469150173,24
2019-11-03,23.183333333333334,6.0,3.079166666666667,4.6,10.0,343.20361005727904,-0.2889714781719696,0.9573377067697203,24
2019-11-04,22.254166666666666,11.399999999999999,1.7541666666666667,4.3,17.8,22.60657182239795,0.3844012122869729,0.9231661323902137,24
2019-11-05,22.941666666666666,0.0,1.4041666666666668,2.9,5.6,314.7723075786041,-0.7099112202211063,0.7042911751571077,24
2019-11-06,23.191666666666666,1.4,2.25,4.5,8.6,282.8397696779939,-0.9749953399770551,0.22222530689151243,24
2019-11-07,21.941666666666666,23.4,1.6916666666666667,4.1,18.9,161.78847055816397,0.31252607194830795,-0.9499091821603585,24
2019-11-08,23.5125,0.0,1.6291666666666667,4.0,9.5,194.58960576150986,-0.25189379840963905,-0.9677548833887454,24
2019-11-09,25.704166666666666,0.0,2.9125,4.5,9.1,97.28801113255915,0.9919210085362665,-0.1268570566598326,24
2019-11-10,24.9875,0.0,1.7125000000000001,3.3,7.4,214.70905129605293,-0.5694093944640295,-0.822054098886507,24
2019-11-11,25.145833333333332,0.0,1.6416666666666666,3.5,6.7,219.14739044731616,-0.6313174746188832,-0.7755244975117394,24
2019-11-12,26.6125,0.0,2.3958333333333335,4.7,9.6,107.52928999615285,0.9535631032655393,-0.3011933068489313,24
2019-11-13,26.829166666666666,0.0,3.0083333333333333,4.8,10.1,64.2266080075483,0.9005207944758042,0.43481294681353067,24
2019-11-14,24.925,0.0,1.8458333333333332,3.3,8.8,249.6072978098136,-0.9373263797926698,-0.3484526621289724,24
2019-11-15,24.354166666666668,0.0,2.308333333333333,4.1,10.2,276.79683011890006,-0.9929720572700966,0.11834903244552508,24
2019-11-16,22.620833333333334,0.2,1.9708333333333332,4.6,8.8,204.16232359038753,-0.4093231556850776,-0.9123894750708219,24
2019-11-17,21.279166666666665,66.4,1.8958333333333333,3.2,13.5,328.625255553839,-0.5206333423885506,0.853780371520291,24
2019-11-18,20.329166666666666,17.8,2.2041666666666666,4.0,10.6,52.95359775084008,0.7981478550376013,0.6024616182786054,24
2019-11-19,21.4375,2.4000000000000004,1.8833333333333335,3.9,10.3,112.10093974745043,0.9265224600345513,-0.3762394597214963,24
2019-11-20,20.283333333333335,9.4,1.95,3.8,9.6,355.1587869886618,-0.08439460166975071,0.9964324117615826,24
2019-11-21,20.0125,6.2,2.4125,4.1,8.5,100.87876443536473,0.9820287297931175,-0.18873148614080304,24
2019-11-22,20.583333333333332,6.4,1.4583333333333333,5.9,13.3,29.337343060920613,0.48995072708212417,0.8717501276350339,24
2019-11-23,20.7375,23.8,1.7249999999999999,7.3,16.1,260.1316773979544,-0.9852042308733134,-0.1713844318172538,24
2019-11-24,21.191666666666666,0.8,1.6375,3.7,8.9,288.43609378176484,-0.9486769785862694,0.3162467237781713,24
2019-11-25,20.2625,25.599999999999998,1.2791666666666666,3.0,6.8,137.0140455326965,0.6818190549475538,-0.7315208652597852,24
2019-11-26,22.120833333333334,0.2,1.9958333333333333,3.9,9.1,32.786405979417445,0.541508761854063,0.8406951057519483,24
2019-11-27,21.954166666666666,6.2,2.5458333333333334,4.9,10.1,18.25767324829309,0.3132909906556257,0.9496571777088912,24
2019-11-28,22.28333333333333,0.2,2.4125,5.5,16.6,340.12674937259663,-0.33994052587051204,0.9404469357017863,24
2019-11-29,22.9875,0.2,2.625,5.0,11.6,302.876239580536,-0.8398450454458642,0.5428262149528469,24
2019-11-30,21.220833333333335,3.2,1.0791666666666666,2.5,10.4,15.729023323122943,0.271088065195026,0.9625545495756681,24
2019-12-01,22.141666666666666,1.8,1.4208333333333334,3.8,8.5,303.1946789908879,-0.836815161569862,0.5474855115588045,24
2019-12-02,22.808333333333334,0.2,2.1125000000000003,3.9,7.9,286.0854277527665,-0.9608496535426071,0.2770702858248279,24
2019-12-03,21.566666666666666,19.4,1.6583333333333332,2.9,9.2,304.98398190861576,-0.8193123661414516,0.5733474048844173,24
2019-12-04,21.525000000000002,9.4,1.5083333333333335,4.1,7.8,336.2844419970786,-0.40219639936805046,0.9155534153370712,24
2019-12-05,22.370833333333334,13.8,2.2916666666666665,4.6,10.2,331.13388811748047,-0.48276449718060227,0.875750215679083,24
2019-12-06,21.570833333333336,72.4,2.0375,4.7,11.5,280.32574097938755,-0.9838046090940067,0.17924422201395682,24
2019-12-07,21.183333333333334,1.4,1.75,4.0,8.3,291.6078060873534,-0.9297263232611436,0.36825122380694875,24
2019-12-08,20.941666666666666,11.6,1.5416666666666667,2.4,7.2,192.23414281535315,-0.2119072054725658,-0.9772897913458464,24
2019-12-09,22.108333333333334,0.0,2.183333333333333,3.3,6.6,44.80992028490453,0.7047570556381992,0.7094487243826549,24
2019-12-10,20.983333333333334,61.8,1.7125000000000001,3.0,7.8,33.961696683246956,0.5586385511932987,0.8294112183474805,24
2019-12-11,22.083333333333332,0.2,1.5291666666666668,3.6,7.9,231.41500859227284,-0.7816838704595903,-0.6236748565264711,24
2019-12-12,22.308333333333334,0.0,1.5041666666666667,3.2,6.9,247.9430551100109,-0.9268110842608998,-0.37552791386411655,24
2019-12-13,23.1875,0.4,2.0500000000000003,4.0,8.4,142.77236233508592,0.6049832652515585,-0.7962381859503865,24
2019-12-14,22.46666666666667,28.6,2.9916666666666667,4.9,17.5,113.26217072127189,0.9187073382629161,-0.3949390163327342,24
2019-12-15,23.629166666666666,0.0,3.1750000000000003,4.8,10.5,98.48745395286551,0.9890482054528147,-0.14759284295170577,24
2019-12-16,24.2,0.0,2.8083333333333336,4.5,8.8,91.19314446839961,0.9997831821121703,-0.02082279437690265,24
2019-12-17,23.379166666666666,0.0,1.6624999999999999,3.7,7.6,85.22614838593455,0.996530943985764,0.08322305977817644,24
2019-12-18,22.083333333333332,11.8,1.9583333333333333,4.0,8.1,165.19551406910034,0.2555214538786104,-0.9668033857035054,24
2019-12-19,20.808333333333334,11.6,1.8499999999999999,3.2,7.9,142.98534336721622,0.6020192996134139,-0.7984815357245116,24
2019-12-20,23.2375,0.0,2.625,4.7,10.0,94.08660397147882,0.9974574721143843,-0.07126423593347855,24
2019-12-21,23.491666666666664,0.0,1.7291666666666667,3.4,7.2,106.29693447062695,0.9598203072753545,-0.28061535549902467,24
2019-12-22,23.45,0.0,1.9416666666666667,3.3,6.8,145.1046910986973,0.5720787214964376,-0.8201987176355505,24
2019-12-23,22.108333333333334,10.8,2.2708333333333335,3.7,11.8,144.3977084264384,0.5821554900661853,-0.8130774780952917,24
2019-12-24,20.491666666666667,4.4,1.9208333333333334,3.5,7.1,99.0601024375365,0.9875236997402077,-0.15747044945453093,24
2019-12-25,21.712500000000002,0.0,1.8291666666666666,3.5,7.1,116.28447002705524,0.8966064915249687,-0.4428281826569828,24
2019-12-26,22.833333333333332,0.0,1.6833333333333333,2.9,7.6,75.02865022821739,0.9660551256091874,0.2583360104286995,24
2019-12-27,23.662499999999998,0.2,2.8249999999999997,4.6,9.7,103.58129166372647,0.9720377278520315,-0.2348247338596597,24
2019-12-28,23.870833333333334,0.0,3.0583333333333336,4.2,8.9,108.00271711430605,0.9510418608392701,-0.3090620955914498,24
2019-12-29,24.1375,0.0,2.525,4.7,7.8,119.36902866768227,0.8714790426942862,-0.49043274579156165,24
2019-12-30,24.016666666666666,0.0,2.216666666666667,3.9,8.1,104.42297768885813,0.9684833495641942,-0.24907830418749574,24
2019-12-31,21.5625,8.4,1.5625,2.8,9.5,292.30942784328556,-0.9251472675234437,0.37960839478850517,24
2020-01-01,21.162499999999998,0.4,1.5166666666666666,2.7,8.9,331.2434180730475,-0.48108948086815806,0.8766714957143332,24
2020-01-02,21.879166666666666,0.0,2.783333333333333,3.7,8.0,318.6205690697638,-0.6610425343472837,0.7503484309197429,24
2020-01-03,21.395833333333332,31.400000000000002,2.625,4.0,10.8,315.37339571235105,-0.7024835940627809,0.71169993682214,24
2020-01-04,20.3,19.6,3.4375,6.2,13.0,325.75746803511504,-0.5626971837177013,0.8266630991136398,24
2020-01-05,19.120833333333334,57.4,2.1333333333333333,3.5,9.0,326.9802386652429,-0.5449282603927178,0.8384826718694707,24
2020-01-06,20.795833333333334,1.0,3.7583333333333333,5.4,12.9,317.19430794347846,-0.6795141933954862,0.7336623616992232,24
2020-01-07,22.125,0.0,2.8874999999999997,4.4,8.4,328.3410839006784,-0.5248614424949511,0.8511876797640572,24
2020-01-08,22.429166666666664,3.0,1.7958333333333334,3.2,6.4,317.290021296481,-0.6782876532133378,0.7347964748815435,24
2020-01-09,21.34583333333333,12.0,1.5416666666666667,5.8,12.6,302.5307186855611,-0.8431032556141766,0.5377517088515633,24
2020-01-10,22.766666666666666,0.2,1.925,3.2,7.0,137.1635155956877,0.6799083858330534,-0.7332970659111435,24
2020-01-11,24.433333333333334,0.6,1.8541666666666667,3.9,8.2,66.22919693778039,0.9151651887450489,0.40307899636329203,24
2020-01-12,24.212500000000002,0.0,1.3208333333333333,2.9,6.7,80.78484366717213,0.9870939374995554,0.16014230718839997,24
2020-01-13,24.458333333333332,0.0,1.6958333333333335,3.5,8.0,61.5964818544563,0.8796193663488233,0.47567822143135213,24
2020-01-14,24.962500000000002,0.0,1.9541666666666666,3.4,8.1,153.0902065723427,0.4525871354754987,-0.8917201830182395,24
2020-01-15,25.008333333333336,0.0,2.033333333333333,3.8,7.5,99.95520744219496,0.9849432063108734,-0.17287822402505196,24
2020-01-16,25.5125,0.0,1.9833333333333334,3.5,7.7,85.87330541465168,0.9974073634142168,0.07196215260191094,24
2020-01-17,24.05,0.8,1.9874999999999998,4.0,9.4,121.93788234327268,0.8486221136624702,-0.528999535163351,24
2020-01-18,21.633333333333336,0.8,2.0875,4.8,8.8,131.98214911516547,0.7433532615398449,-0.6688990421267433,24
2020-01-19,23.820833333333336,0.0,1.8041666666666665,3.8,9.3,113.46200203559684,0.9173243189255611,-0.3981407965880355,24
2020-01-20,23.224999999999998,4.8,1.7916666666666667,3.5,7.3,299.34494851585436,-0.8716850837830623,0.4900664390775149,24
2020-01-21,22.025000000000002,9.8,2.5833333333333335,4.6,12.3,305.3990491700082,-0.8151374088533951,0.5792676451242317,24
2020-01-22,20.395833333333332,1.0,2.9875000000000003,4.5,9.2,324.62674361466816,-0.5789006368365774,0.8153980945956429,24
2020-01-23,20.541666666666668,8.4,3.5708333333333333,5.5,10.7,324.18819110229765,-0.5851248261775602,0.8109432395616107,24
2020-01-24,20.125,12.8,4.3374999999999995,6.1,15.3,325.12064274334864,-0.5718503488527239,0.8203579575508597,24
2020-01-25,19.9875,40.6,4.091666666666667,5.5,12.6,323.81375466719925,-0.5904119282971468,0.8071020721844572,24
2020-01-26,20.195833333333333,92.8,2.495833333333333,3.9,9.4,319.77530656587993,-0.6457868099014502,0.7635177772372482,24
2020-01-27,20.883333333333333,9.4,2.3916666666666666,5.5,11.6,333.558753996624,-0.4452798676127824,0.8953914448433953,24
2020-01-28,20.754166666666666,4.0,3.283333333333333,5.7,11.1,327.84139161938833,-0.5322648301705002,0.846577905785149,24
2020-01-29,22.166666666666668,0.2,1.9041666666666668,4.2,8.1,351.47887024235064,-0.1481741341392198,0.9889612863869306,24
2020-01-30,22.933333333333334,0.0,1.4833333333333334,2.8,6.7,235.1910796272977,-0.8210603448584725,-0.5708414053840928,24
2020-01-31,23.962500000000002,0.0,1.8416666666666668,3.5,7.3,101.3012197269387,0.9806104869736992,-0.1959670197691556,24
2020-02-01,23.825,0.0,1.4833333333333334,3.1,6.9,63.51991038534301,0.8950893620979915,0.44588679489194416,24
2020-02-02,24.150000000000002,0.0,2.0124999999999997,4.0,7.5,117.93484576971987,0.8834808841931633,-0.4684672104483584,24
2020-02-03,23.84166666666667,5.6,2.091666666666667,3.6,10.1,119.35890461944122,0.8715656875623695,-0.4902787495536945,24
2020-02-04,21.59166666666667,17.4,2.1583333333333337,6.4,13.4,321.1734908170141,-0.6269643225485083,0.7790479691593388,24
2020-02-05,22.25,0.0,1.7375,3.0,7.1,335.50119568485,-0.4146742529140862,0.9099699247613321,24
2020-02-06,20.420833333333334,31.2,1.7874999999999999,3.8,7.1,355.43832227826806,-0.07953221095394802,0.996832296537776,24
2020-02-07,18.779166666666665,23.6,3.5625,5.9,12.4,7.809167479750236,0.13587409303160283,0.9907261129307329,24
2020-02-08,18.604166666666668,25.400000000000002,3.108333333333333,5.3,10.0,25.53705512886963,0.4310947393282426,0.9023066694442166,24
2020-02-09,19.104166666666668,8.2,4.158333333333333,6.8,12.0,356.09941413764307,-0.06802549221000978,0.997683583311656,24
2020-02-10,21.087500000000002,1.4000000000000001,2.8249999999999997,5.3,10.6,338.8801518890767,-0.36031997550551753,0.9328287705960313,24
2020-02-11,21.770833333333332,2.8,1.1666666666666667,3.4,10.0,208.61277659478276,-0.4788876306621794,-0.8778762083567159,24
2020-02-12,21.7625,2.8000000000000003,1.8208333333333335,3.9,8.3,85.79684021115033,0.997310436715093,0.07329319763218464,24
2020-02-13,21.474999999999998,2.6,1.9458333333333335,4.5,8.3,357.6613379301289,-0.040806020153304416,0.9991670874879978,24
2020-02-14,22.020833333333332,5.4,1.2916666666666667,2.1,4.6,337.5792584478428,-0.3814050447825138,0.9244080223659078,24
2020-02-15,21.883333333333336,1.4,1.6833333333333333,3.6,8.3,5.982437969332862,0.10422362222629782,0.9945538882182453,24
2020-02-16,22.620833333333334,0.0,1.6125,3.3,9.5,16.50190717214256,0.2840472602357159,0.9588102804791903,24
2020-02-17,23.2375,0.0,2.25,4.2,9.3,65.70136462233499,0.9114130774772995,0.41149265145729913,24
2020-02-18,23.316666666666666,0.0,1.9124999999999999,4.0,7.7,74.58256100323456,0.9640145328175976,0.26584954488670615,24
2020-02-19,23.2625,4.4,1.8375000000000001,4.3,8.8,70.0285819738768,0.9398631204520553,0.3415513355472718,24
2020-02-20,22.241666666666664,1.0,1.9708333333333332,4.1,8.8,5.494064168437563,0.09574262915439738,0.9954061226266411,24
2020-02-21,22.09583333333333,18.0,1.9666666666666668,4.7,10.9,323.59729861949586,-0.59345683506412,0.8048658179570541,24
2020-02-22,22.491666666666664,3.6,1.2416666666666667,2.4,10.7,279.07878763670556,-0.9874722932410963,0.15779249057280934,24
2020-02-23,21.804166666666664,0.2,1.4875,3.8,6.5,190.85269336682126,-0.18828461802726565,-0.9821145058567899,24
2020-02-24,20.55,20.6,1.2958333333333334,3.0,8.3,352.1963708513419,-0.13577832671787043,0.9907392421791393,24
2020-02-25,21.183333333333334,0.2,1.5958333333333332,3.6,8.1,99.42534380392362,0.9864998206597771,-0.16376233949912739,24
2020-02-26,21.170833333333334,2.6,1.575,5.2,12.9,344.44409824028236,-0.2681784338303589,0.9633692581914247,24
2020-02-27,22.6875,0.0,2.1125000000000003,4.7,10.4,327.626834885714,-0.5354312892372362,0.8445787911768512,24
2020-02-28,21.558333333333334,10.600000000000001,1.4541666666666666,4.7,10.2,310.1615090885266,-0.7642294702941936,0.6449444291827445,24
2020-02-29,20.2375,5.2,1.3499999999999999,3.2,6.3,154.93895128993012,0.4235836935090542,-0.9058569724814329,24
2020-03-01,21.05,2.8,1.3833333333333335,3.3,9.0,337.1389553107306,-0.38849754773577666,0.921449757394991,24
2020-03-02,21.458333333333332,8.4,1.7541666666666667,3.8,7.5,312.0127575591548,-0.7429958174913001,0.669296059446367,24
2020-03-03,21.479166666666668,27.8,1.9625000000000001,4.3,7.6,4.649407077505848,0.08105843295586253,0.9967093510380747,24
2020-03-04,22.104166666666668,0.0,2.0,3.5,8.0,313.6085426026946,-0.7240690334983116,0.6897275075918177,24
2020-03-05,21.337500000000002,17.400000000000002,1.5208333333333333,3.4,7.6,331.6132817841135,-0.4754202841978704,0.87975880408963,24
2020-03-06,19.3,30.0,2.095833333333333,3.3,7.8,356.33180352235274,-0.06397837915174931,0.9979512848837436,24
2020-03-07,20.279166666666665,10.4,1.6458333333333333,3.5,6.5,328.1958993020661,-0.5270166215454503,0.8498549762252497,24
2020-03-08,21.575,0.6000000000000001,1.55,3.0,7.8,91.67176486307078,0.9995743581577485,-0.02917366129790584,24
2020-03-09,21.795833333333334,20.400000000000002,1.7791666666666668,3.0,10.8,113.23461593187503,0.9188971667961204,-0.3944971442913915,24
2020-03-10,22.854166666666668,0.0,2.7583333333333333,4.1,8.4,97.86297986670064,0.9905980625876163,-0.13680452623236156,24
2020-03-11,22.445833333333336,0.0,2.4916666666666667,3.4,8.2,76.61830574902702,0.9728498709926573,0.23143709406568783,24
2020-03-12,21.875,0.0,2.1083333333333334,5.0,9.2,55.133693872868974,0.8204881953025024,0.5716634686327637,24
2020-03-13,22.5625,0.0,2.6416666666666666,4.6,9.2,98.63801500595706,0.9886569486623119,-0.15019133750561892,24
2020-03-14,22.97083333333333,0.0,2.9333333333333336,3.9,8.2,78.84564875329094,0.9811095945902741,0.1934527420402928,24
2020-03-15,22.695833333333336,0.0,2.9916666666666667,4.6,9.3,82.26844251330635,0.9909092522204103,0.1345319808223586,24
2020-03-16,21.458333333333332,0.0,1.5625,3.4,8.5,59.74207353982817,0.8637658034215866,0.5038934776710857,24
2020-03-17,21.77916666666667,0.0,1.4208333333333334,3.8,6.9,71.77827861313143,0.9498535740573358,0.31269503969603557,24
2020-03-18,23.575,0.0,1.1708333333333334,2.2,6.7,34.88492360582855,0.5719300448486919,0.820302397777413,24
2020-03-19,23.104166666666668,0.0,1.5125,3.1,7.3,316.41524041767406,-0.689426892908368,0.7243552714895596,24
2020-03-20,21.59583333333333,42.2,2.5791666666666666,4.1,9.9,294.6708937179736,-0.908720336954116,0.4174054973356218,24
2020-03-21,21.333333333333332,0.2,2.920833333333333,4.4,8.9,324.1290390651421,-0.5859617302252444,0.8103387259112314,24
2020-03-22,21.354166666666668,20.2,2.1416666666666666,3.6,10.4,304.5248924121823,-0.823880033084995,0.5667642288322962,24
2020-03-23,21.516666666666666,4.6000000000000005,1.2125000000000001,2.8,6.0,125.2654411246132,0.8164859857648292,-0.577365252721044,24
2020-03-24,19.895833333333332,20.2,2.466666666666667,4.4,7.9,85.12707155743097,0.9963855434300075,0.08494615261263334,24
2020-03-25,19.741666666666667,29.0,2.6166666666666667,4.7,9.9,59.90123795956852,0.8651622562446967,0.5014920441737695,24
2020-03-26,19.495833333333334,31.400000000000002,2.3583333333333334,3.6,7.4,89.50862404681857,0.9999632252375351,0.00857602311952424,24
2020-03-27,20.575,5.6,2.4916666666666667,3.8,7.3,72.4738784529508,0.9535797577579215,0.30114057447368975,24
2020-03-28,20.754166666666666,11.4,2.158333333333333,3.3,10.4,68.57940058681301,0.9309245724224146,0.36521150099653843,24
2020-03-29,22.079166666666666,0.2,2.6374999999999997,4.1,9.3,102.12818709823209,0.9776799949801214,-0.2100995654818681,24
2020-03-30,22.837500000000002,0.0,2.733333333333333,3.9,7.7,92.8991400871272,0.9987201163862802,-0.050577950980390536,24
2020-03-31,22.925,0.0,2.2333333333333334,3.5,7.8,88.72848783329705,0.9997537660363487,0.022190252277467536,24
2020-04-01,23.570833333333336,0.0,1.8458333333333334,3.1,6.6,74.43073909994935,0.9633067032581345,0.2684030466629325,24
2020-04-02,24.1875,0.0,1.8666666666666665,3.0,7.8,5.709543195766215,0.09948548500728333,0.9950390134426217,24
2020-04-03,24.058333333333334,0.0,2.0541666666666667,3.8,8.6,299.1550681677678,-0.8733043924628457,0.48717495636075137,24
2020-04-04,23.791666666666668,0.0,1.9333333333333333,3.3,7.2,286.73022486668464,-0.9576707721706147,0.28786575365982414,24
2020-04-05,23.375,6.199999999999999,1.5083333333333335,4.1,8.5,129.8203406038035,0.7680562295142387,-0.6403824078660899,24
2020-04-06,22.849999999999998,4.4,1.4958333333333333,3.9,8.0,52.9626364991797,0.7982428869916068,0.6023356982342196,24
2020-04-07,21.84583333333333,1.8,1.2,2.7,9.5,21.435641033392926,0.3654558801243009,0.9308286629034221,24
2020-04-08,21.34166666666667,17.599999999999998,1.4583333333333333,3.4,7.8,259.27279451570485,-0.9825245265756491,-0.18613316382981426,24
2020-04-09,21.525000000000002,8.799999999999999,1.4583333333333333,3.6,9.3,189.59563042361324,-0.16669355072748993,-0.9860087525706157,24
2020-04-10,22.7625,16.0,1.4875,2.6,8.6,171.92812748705725,0.1404151952776756,-0.9900927092626892,24
2020-04-11,22.325,1.2,1.3041666666666667,2.7,6.8,18.475230540305752,0.3168946582711996,0.9484607401253778,24
2020-04-12,22.0625,0.6,1.3833333333333335,3.0,6.4,342.43785826912904,-0.30174000267857354,0.9533902510428427,24
2020-04-13,22.1125,3.6,1.9375,3.4,7.4,119.16417088821912,0.8732269827665017,-0.48731369421401616,24
2020-04-14,21.266666666666666,0.0,2.325,4.0,9.5,54.45538567402635,0.8136630974341306,0.5813367043924688,24
2020-04-15,19.2625,9.4,1.8499999999999999,3.3,6.6,104.59761013882445,0.9677196836915916,-0.25202899395872297,24
2020-04-16,19.1875,29.6,2.4541666666666666,3.4,7.6,103.37262701742611,0.972886484443293,-0.23128313468035316,24
2020-04-17,21.025000000000002,0.4,2.8000000000000003,3.9,7.3,111.11321052962754,0.9328705065580232,-0.3602119070688493,24
2020-04-18,20.920833333333334,8.2,2.0124999999999997,3.4,7.3,110.93297241441299,0.9339990250574646,-0.3572755535881314,24
2020-04-19,21.05,0.0,2.720833333333333,4.3,7.5,100.92460950152017,0.9818774024457462,-0.18951719332660605,24
2020-04-20,20.575,0.2,2.654166666666667,3.7,7.2,97.52980257977967,0.9913768336454716,-0.1310418776997607,24
2020-04-21,19.958333333333332,5.4,2.0083333333333333,3.0,6.5,98.77789555294305,0.988287329131001,-0.1526045709640192,24
2020-04-22,19.595833333333335,23.8,1.5833333333333333,3.0,7.7,95.37644462386862,0.9956005701711169,-0.09369901106706977,24
2020-04-23,19.933333333333334,41.2,2.0749999999999997,3.6,7.6,94.48093230984479,0.9969433892416979,-0.07812732330802344,24
2020-04-24,20.683333333333334,1.4,2.4208333333333334,3.6,8.5,81.77222939487463,0.9897069840467488,0.14310865008478194,24
2020-04-25,20.420833333333334,0.0,3.3000000000000003,4.6,9.9,97.02305899668754,0.9924970242840149,-0.1222687890975274,24
2020-04-26,19.5125,0.0,2.5875,4.5,8.4,108.7979941803858,0.9466605414634843,-0.32223255458761874,24
2020-04-27,20.079166666666666,0.0,3.058333333333333,5.0,9.1,101.32845239292594,0.9805172331495741,-0.1964330814723012,24
2020-04-28,19.712500000000002,0.0,2.6916666666666664,3.8,8.2,95.7746972670115,0.9949252398919647,-0.10061693210348044,24
2020-04-29,19.441666666666666,0.0,1.9375,3.0,6.8,113.3702049280644,0.9179610272662393,-0.3966705842639592,24
2020-04-30,19.9375,0.0,1.825,3.1,6.8,104.22813858230782,0.9693247598567126,-0.24578346146298427,24
2020-05-01,19.870833333333334,0.0,1.45,2.7,5.9,121.4165520695789,0.8534002481713426,-0.5212561907748348,24
2020-05-02,19.9875,0.0,1.2875,2.6,5.3,130.43440631001042,0.761148972053376,-0.6485770905159148,24
2020-05-03,19.504166666666666,0.0,1.2249999999999999,2.8,5.4,119.36843828641219,0.8714840961146088,-0.49042376596093246,24
2020-05-04,19.708333333333332,0.0,1.3708333333333333,2.6,6.3,113.61406389124517,0.9162644318001463,-0.40057395199632645,24
2020-05-05,20.441666666666666,0.0,1.6916666666666667,2.6,7.2,47.9245946005045,0.742263557764311,0.6701080590584382,24
2020-05-06,20.150000000000002,0.0,1.3083333333333333,3.1,7.0,34.47292841679487,0.5660167837661738,0.8243937169186799,24
2020-05-07,19.25,0.0,1.45,2.8,6.3,170.56257770372187,0.16397029935347932,-0.9864652760892958,24
2020-05-08,19.39166666666667,0.0,2.4625,3.4,6.6,136.74845559204329,0.6852026233197288,-0.7283525005076608,24
2020-05-09,18.158333333333335,0.0,2.9333333333333336,3.8,7.5,102.26484514764398,0.9771760991264049,-0.21243086239080824,24
2020-05-10,18.679166666666667,0.0,2.495833333333333,3.5,6.8,96.14723432551753,0.994250002738059,-0.1070837618659787,24
2020-05-11,18.816666666666666,0.0,2.3916666666666666,4.6,8.7,113.42687296137491,0.9175682537851338,-0.39757829373055587,24
2020-05-12,19.220833333333335,0.0,2.3375,3.7,7.4,74.4376268242512,0.9633389619583532,0.26828724228520934,24
2020-05-13,19.766666666666666,0.0,1.9958333333333333,4.2,8.3,35.732323836700694,0.5839992613816353,0.8117541885975732,24
2020-05-14,19.245833333333334,6.2,1.1416666666666666,2.7,5.9,28.96690690576381,0.4843043735360721,0.8748995792511463,24
2020-05-15,20.05,1.4,1.1875,2.2,5.1,161.55334877215856,0.3164215237105671,-0.9486186901662242,24
2020-05-16,19.525000000000002,21.2,1.2083333333333333,3.9,8.0,158.55056345055058,0.3656799918266386,-0.9307406424872987,24
2020-05-17,19.195833333333333,0.2,2.0124999999999997,3.9,7.4,135.08091861006125,0.7061074321278968,-0.708104719864052,24
2020-05-18,19.954166666666666,0.0,2.591666666666667,4.2,7.5,114.52831519719538,0.9097562210946751,-0.41514288887024986,24
2020-05-19,19.154166666666665,0.0,2.8375,4.5,8.2,106.35309630876185,0.9595447845230943,-0.28155604503282894,24
2020-05-20,19.004166666666666,0.0,3.095833333333333,4.5,8.7,98.05279713421453,0.9901394025635964,-0.1400855577531251,24
2020-05-21,19.349999999999998,0.0,2.6125000000000003,4.1,7.5,87.42648465304482,0.9989914318520963,0.04490121475081185,24
2020-05-22,20.383333333333333,0.0,2.2875,3.0,6.3,61.34263120490748,0.8775032335122539,0.4795707196811943,24
2020-05-23,21.170833333333334,0.0,1.6291666666666667,3.5,7.0,13.365234328816776,0.23115760436768215,0.9729163180577219,24
2020-05-24,20.383333333333333,0.0,1.7791666666666668,2.9,6.6,171.7553567941016,0.14340009519982866,-0.9896647981496969,24
2020-05-25,20.529166666666665,0.2,1.7291666666666667,3.7,8.8,242.5089596367561,-0.8870830283466223,-0.4616099011279823,24
2020-05-26,19.1375,0.0,1.7125000000000001,3.7,7.9,260.3747479093253,-0.9859224409664101,-0.1672032906339937,24
2020-05-27,16.8875,0.0,1.5125,3.5,7.6,159.49240580366984,0.35033152820866453,-0.9366257632282926,24
2020-05-28,16.9375,0.0,1.4708333333333334,2.7,5.5,113.65811869023503,0.9159561591486245,-0.4012783504223716,24
2020-05-29,17.195833333333333,0.0,2.404166666666667,3.7,7.1,105.93346312544075,0.9615811419185998,-0.27452086898179845,24
2020-05-30,16.870833333333334,0.0,2.1750000000000003,3.2,7.0,103.66237194290758,0.9717044500140655,-0.23620004619572496,24
2020-05-31,17.070833333333333,0.0,1.6416666666666666,2.5,7.3,104.59799992204087,0.9677179691158273,-0.25203557735037846,24
2020-06-01,17.787499999999998,0.0,1.5458333333333334,3.2,5.8,76.45671531886394,0.9721932842573103,0.2341798839460483,24
2020-06-02,18.641666666666666,0.0,1.6041666666666667,4.0,8.6,348.315453151487,-0.2025231833927666,0.9792774684370409,24
2020-06-03,20.108333333333334,0.0,1.6833333333333333,3.8,6.8,51.649503016102926,0.7842298306096315,0.6204704447288273,24
2020-06-04,20.858333333333334,0.0,2.6374999999999997,5.4,8.6,104.4616132753527,0.9683151713578706,-0.2497313134514328,24
2020-06-05,20.758333333333333,0.0,2.3958333333333335,3.1,6.9,96.48900493137131,0.9935935610955764,-0.11301254509748544,24
2020-06-06,20.625,0.0,1.7125000000000001,3.1,6.1,107.24082104088836,0.9550674390689355,-0.2963885740549138,24
2020-06-07,20.495833333333334,0.0,2.2375000000000003,3.4,6.2,98.9514727597965,0.9878204800774703,-0.15559787639783598,24
2020-06-08,19.829166666666666,0.0,2.0625,3.3,6.7,112.22733279180616,0.9256902315713075,-0.3782824277883644,24
2020-06-09,20.212500000000002,0.0,2.1458333333333335,4.4,7.8,94.05994418617428,0.9974905234583843,-0.07080011024510087,24
2020-06-10,19.270833333333332,0.0,1.6416666666666666,3.5,9.8,61.56605853268835,0.8793666633419062,0.47614522091786504,24
2020-06-11,19.587500000000002,0.0,1.375,2.8,5.7,93.73794052874354,0.997872667021333,-0.06519310095195431,24
2020-06-12,19.974999999999998,0.0,1.6583333333333332,3.1,7.4,83.59770701876329,0.9937634573700627,0.11150870278099193,24
2020-06-13,19.662499999999998,0.0,1.6416666666666666,3.0,6.5,115.5782271865235,0.9019966570176057,-0.4317430146847355,24
2020-06-14,19.133333333333333,0.0,2.525,4.5,9.1,113.02126171401413,0.9203597948677403,-0.39107268888406266,24
2020-06-15,18.954166666666666,0.0,3.8666666666666667,5.6,10.6,96.08429584242474,0.9943670326233065,-0.10599153000084488,24
2020-06-16,17.616666666666667,0.0,4.05,5.4,11.1,95.0866260111817,0.996061787995083,-0.08866179840290953,24
2020-06-17,17.516666666666666,0.0,4.095833333333333,7.1,12.3,96.58382187789525,0.9934051798260795,-0.11465665569305017,24
2020-06-18,17.045833333333334,0.0,2.9958333333333336,4.0,8.6,87.12843802087357,0.9987443453186504,0.05009723239881051,24
2020-06-19,18.283333333333335,0.0,2.6374999999999997,4.4,7.5,103.98612326443518,0.9703542900244669,-0.2416868879999756,24
2020-06-20,19.099999999999998,0.0,2.370833333333333,3.9,8.4,109.3443605352358,0.9435447721277603,-0.33124501957066893,24
2020-06-21,19.766666666666666,0.0,2.8208333333333333,3.9,9.1,89.62185546604913,0.9999782209557514,0.006599819252859624,24
2020-06-22,17.720833333333335,0.0,2.4541666666666666,3.9,7.6,106.34747467254151,0.9595724050745961,-0.2814618969227546,24
2020-06-23,18.008333333333333,0.0,2.216666666666667,4.1,7.6,84.74083559567833,0.9957902792414474,0.09166089552388322,24
2020-06-24,19.458333333333332,0.0,2.4166666666666665,4.1,7.2,79.3891717626974,0.9829005669260366,0.18413711069872912,24
2020-06-25,20.183333333333334,0.0,1.8125,2.9,7.1,77.25105036113337,0.9753463662274049,0.22067955475529907,24
2020-06-26,19.416666666666668,0.0,1.45,2.8,6.4,102.4315275594282,0.9765539702785203,-0.21527271804215903,24
2020-06-27,19.712500000000002,0.0,1.4375,2.7,7.2,76.94980765669244,0.9741726289440855,0.22580453719128238,24
2020-06-28,18.8125,0.0,1.9916666666666665,3.6,6.6,121.32233778115783,0.8542562214122168,-0.5198521983973153,24
2020-06-29,17.933333333333334,0.0,2.9958333333333336,4.9,9.3,105.76116611131529,0.962402318394228,-0.27162801318975716,24
2020-06-30,18.241666666666667,0.0,2.5500000000000003,4.2,9.7,20.69875412093123,0.35345450275351553,0.9354517168102613,24
2020-07-01,18.345833333333335,0.0,1.55,3.6,7.9,301.9490994806069,-0.848518531998082,0.5291656648496951,24
2020-07-02,19.283333333333335,0.0,1.2708333333333333,2.9,6.3,13.631389288204542,0.23567456315200225,0.9718320329579145,24
2020-07-03,20.087500000000002,0.0,1.4291666666666665,3.2,5.5,161.61785381666013,0.3153533443803158,-0.9489743243039559,24
2020-07-04,20.587500000000002,0.0,2.308333333333333,3.9,8.4,125.14160423218536,0.8177319727270147,-0.5755991841376992,24
2020-07-05,19.6125,0.0,2.5124999999999997,4.1,8.4,99.57366810467653,0.9860725762330056,-0.16631558676565297,24
2020-07-06,18.416666666666668,0.0,2.4125,4.5,9.3,115.59299939425671,0.9018853134742032,-0.43197555641440893,24
2020-07-07,19.45,0.0,2.4291666666666667,3.8,8.6,73.27433739279145,0.9576936908624031,0.2877894968242378,24
2020-07-08,18.816666666666666,0.0,1.5791666666666666,3.4,6.5,26.482809885578785,0.44592929115938795,0.8950681914167691,24
2020-07-09,19.141666666666666,0.0,1.5583333333333333,3.0,7.7,60.7378249616534,0.8723921580460846,0.48880663107173106,24
2020-07-10,19.9375,0.0,3.158333333333333,5.7,11.0,88.88278759402621,0.9998098998417482,0.019497799322835217,24
2020-07-11,19.845833333333335,0.0,2.379166666666667,4.1,7.9,79.19860988139604,0.9822827041666459,0.18740514692788335,24
2020-07-12,20.162499999999998,0.0,2.1791666666666667,3.3,7.3,90.25812793384772,0.9999898516832199,-0.0045051670969966495,24
2020-07-13,18.466666666666665,0.0,1.7583333333333335,3.5,8.3,125.1387503222725,0.8177606423796305,-0.5755584520922736,24
2020-07-14,18.858333333333334,0.0,2.0375,4.1,10.3,111.12653727848289,0.9327866976030268,-0.36042887894124037,24
2020-07-15,19.9375,0.0,2.725,5.4,11.3,88.13657330864235,0.9994711760909303,0.032517197963735506,24
2020-07-16,19.787499999999998,0.0,3.275,4.4,9.5,88.70251815829185,0.9997436054689266,0.022643394709964314,24
2020-07-17,18.770833333333332,0.0,2.5,3.4,7.6,105.16597229485235,0.9651720372479575,-0.2616160134904346,24
2020-07-18,18.495833333333334,0.0,3.295833333333333,5.7,9.8,99.69371147403851,0.985721955785049,-0.1683811921899178,24
2020-07-19,17.416666666666668,0.0,3.1791666666666667,4.9,9.0,83.9134474546348,0.9943628571745858,0.10603069495006802,24
2020-07-20,18.691666666666666,0.0,3.533333333333333,5.9,12.0,83.79835523846049,0.9941478632787278,0.10802789426041683,24
2020-07-21,18.904166666666665,0.0,2.704166666666667,4.3,12.5,80.52923187130862,0.986369679204631,0.16454438898289203,24
2020-07-22,19.808333333333334,0.0,2.3833333333333333,3.7,7.9,88.01844725596285,0.9994020116484592,0.034577725677274795,24
2020-07-23,19.058333333333334,0.0,2.4499999999999997,4.4,8.5,87.93467001374225,0.9993503841477194,0.036039002536221325,24
2020-07-24,18.970833333333335,0.0,2.5124999999999997,3.7,8.4,78.48046717049789,0.9798566807196254,0.19970199109953335,24
2020-07-25,19.308333333333334,0.0,2.2583333333333333,3.7,7.7,102.45831125609135,0.9764532314030776,-0.2157291980295844,24
2020-07-26,18.925,0.0,2.9875000000000003,4.7,10.3,97.71407983905043,0.9909502440886029,-0.13422970513540716,24
2020-07-27,19.304166666666667,0.0,3.1458333333333335,5.1,10.8,85.10817016177126,0.9963574661918283,0.08527484719306018,24
2020-07-28,20.041666666666668,0.0,2.6666666666666665,4.6,9.1,77.96402205983544,0.9780168531817406,0.20852586144765264,24
2020-07-29,21.004166666666666,0.0,2.1333333333333333,3.9,8.1,84.55230572205126,0.9954832818386583,0.09493700848317381,24
2020-07-30,20.479166666666668,0.0,2.4458333333333333,4.9,9.6,115.10635777764536,0.9055217225064253,-0.4242999058083757,24
2020-07-31,18.504166666666666,0.0,3.5625,6.7,13.0,112.12926123171654,0.9263363705010099,-0.37669739670857244,24
2020-08-01,18.054166666666667,0.0,3.8375,5.6,11.0,102.09856893514169,0.9777884720531931,-0.20959414094836248,24
2020-08-02,18.141666666666666,0.0,3.3833333333333333,5.2,10.3,105.20278833985172,0.9650037337067522,-0.2622361415442727,24
2020-08-03,17.666666666666668,0.0,3.779166666666667,5.4,10.5,93.90511433680362,0.9976782036790024,-0.06810434570450576,24
2020-08-04,17.270833333333332,0.0,4.070833333333334,5.6,10.3,91.86405594308489,0.9994708189100574,-0.0325281746684222,24
2020-08-05,16.879166666666666,0.0,4.004166666666666,5.7,13.2,96.13586156901003,0.9942712384266408,-0.10688640904041091,24
2020-08-06,17.1875,0.0,4.041666666666667,5.7,11.2,98.06507752652443,0.990109354823973,-0.1402977743588828,24
2020-08-07,17.283333333333335,0.0,3.5666666666666664,5.5,10.3,99.46592647922753,0.9863835801320735,-0.16446103747037902,24
2020-08-08,17.845833333333335,0.0,3.1875,4.6,8.8,97.0986136821139,0.992334928233058,-0.12357746642770913,24
2020-08-09,18.037499999999998,0.0,2.5208333333333335,4.0,8.4,104.82531408671169,0.9667104346932568,-0.2558728892539703,24
2020-08-10,19.966666666666665,0.0,2.5083333333333333,3.5,8.1,88.12697597264744,0.9994657152724891,0.032684614038592436,24
2020-08-11,21.179166666666667,0.0,2.4499999999999997,4.2,7.3,103.50759532108357,0.9723389655520553,-0.23357426242880217,24
2020-08-12,21.745833333333334,0.0,2.725,4.1,8.0,78.22571858634129,0.9789590831065929,0.20405664312415575,24
2020-08-13,21.5,0.0,2.441666666666667,4.4,8.0,78.086710988691,0.9784611324023789,0.20643113228835983,24
2020-08-14,22.037499999999998,0.0,2.404166666666667,4.1,7.8,70.87769443786955,0.9448214528251058,0.3275857479828088,24
2020-08-15,22.108333333333334,0.0,1.7208333333333332,4.4,7.5,39.65798627673676,0.6382034622200502,0.7698677424144623,24
2020-08-16,22.308333333333334,0.0,1.1166666666666667,2.2,5.5,24.070582594850094,0.4078617296032271,0.9130437062512747,24
2020-08-17,23.883333333333336,0.0,1.8333333333333333,3.3,6.9,55.97382279005328,0.8287820028217453,0.5595716145398876,24
2020-08-18,24.0125,0.0,2.154166666666667,3.5,8.0,75.48245719618453,0.9680709337281461,0.2506764194548728,24
2020-08-19,24.150000000000002,0.0,2.2916666666666665,3.2,7.2,70.34483448409318,0.9417340367409864,0.3363584457740379,24
2020-08-20,23.179166666666664,0.0,1.5125,3.0,7.3,39.83677361556007,0.6406026678550955,0.7678725297449664,24
2020-08-21,22.020833333333332,0.0,2.345833333333333,4.0,8.6,180.14568060161028,-0.0025426034147934687,-0.9999967675787133,24
2020-08-22,19.5625,0.0,3.079166666666667,4.6,8.6,145.25546425854498,0.5699184001086638,-0.8217012943993584,24
2020-08-23,18.616666666666667,0.0,3.0041666666666664,3.9,7.3,120.03645749715417,0.8657070768056897,-0.5005509536186578,24
2020-08-24,20.0125,0.0,3.1166666666666667,4.1,9.8,126.19578711417748,0.8070037364462099,-0.5905463312576383,24
2020-08-25,19.916666666666668,0.0,2.858333333333333,3.8,8.0,120.50746874200281,0.8615629933949466,-0.5076506755755764,24
2020-08-26,18.720833333333335,0.0,2.2916666666666665,4.3,8.6,102.37363840239152,0.9767709739652154,-0.21428594078717456,24
2020-08-27,20.141666666666666,0.0,2.6833333333333336,4.2,8.4,101.60536454773155,0.9795564185768398,-0.20116963693588247,24
2020-08-28,21.066666666666666,0.0,3.1875,4.7,9.0,93.8929651390017,0.9976926223339084,-0.06789279299372801,24
2020-08-29,21.84583333333333,0.0,2.5416666666666665,4.3,8.5,91.70853711929232,0.9995554287283642,-0.029815179014320174,24
2020-08-30,22.858333333333334,0.0,2.2375000000000003,4.3,7.4,91.86684326695806,0.9994692352974162,-0.032576796865227596,24
2020-08-31,23.804166666666664,0.0,3.029166666666667,4.7,9.5,91.57546074534524,0.9996219819399477,-0.027493512370208712,24
2020-09-01,23.479166666666668,0.0,3.2291666666666665,4.7,9.9,92.1647778289781,0.9992863262253462,-0.037773512135502896,24
2020-09-02,21.59166666666667,0.0,3.595833333333333,5.0,11.5,89.4075936763016,0.9999465484575549,0.01033925663782853,24
2020-09-03,21.162499999999998,0.0,3.091666666666667,4.2,8.8,94.80779693448874,0.9964814629596294,-0.08381344747614636,24
2020-09-04,21.84583333333333,0.0,2.6083333333333334,4.2,8.0,92.59963450006123,0.998970859148935,-0.04535661551790129,24
2020-09-05,22.491666666666664,0.0,2.9291666666666667,5.3,9.6,82.6480563076082,0.9917788396779479,0.1279637963138921,24
2020-09-06,22.78333333333333,0.0,2.6833333333333336,4.2,7.6,97.28919281914625,0.9919183919845608,-0.1268775143308037,24
2020-09-07,23.679166666666664,0.0,2.8041666666666667,4.3,9.4,93.85957791364046,0.9977320152292412,-0.06731140903737853,24
2020-09-08,23.479166666666668,0.0,2.0875,3.5,7.8,94.43416258567335,0.9970068313068265,-0.07731350675995147,24
2020-09-09,24.070833333333336,0.0,2.7916666666666665,4.2,8.8,93.97410740982501,0.9975954721100864,-0.0693056565184528,24
2020-09-10,23.458333333333332,0.0,2.4875000000000003,4.0,8.8,83.18236474867435,0.9929290171356943,0.11870959072435638,24
2020-09-11,24.441666666666666,0.0,3.0375,5.2,10.0,87.69085514886885,0.9991879770418308,0.04029127120176183,24
2020-09-12,24.020833333333332,0.0,3.295833333333334,5.4,11.5,89.9284674019201,0.9999992206497463,0.0012484790346658343,24
2020-09-13,22.825,0.0,3.579166666666667,5.4,11.1,81.42110729228496,0.9888114015388135,0.14917108361491277,24
2020-09-14,22.4375,0.0,2.1374999999999997,3.8,8.8,78.63664408227845,0.9803973878358978,0.19703035787550155,24
2020-09-15,24.0125,0.0,3.033333333333333,5.4,12.9,102.0290862253319,0.9780419282468529,-0.20840822102589415,24
2020-09-16,23.004166666666666,0.0,2.6083333333333334,5.5,12.4,77.36488873198698,0.9757828989469864,0.21874124924809077,24
2020-09-17,23.379166666666666,0.0,2.1125000000000003,3.9,7.0,88.3717583082263,0.9995962307387718,0.028414353641076702,24
2020-09-18,24.7,0.0,1.3125,2.7,6.8,76.81900194204596,0.9736545810862134,0.22802797356866147,24
2020-09-19,26.054166666666664,0.0,1.3875,3.7,8.4,11.443288452248673,0.19839790427424775,0.9801215595932917,24
2020-09-20,26.52916666666667,0.0,1.6500000000000001,3.6,7.0,28.187696450285866,0.47236150511743047,0.8814049060920842,24
2020-09-21,23.25,25.4,2.308333333333333,3.8,9.3,58.95758886893066,0.8567858275787942,0.5156724208837631,24
2020-09-22,20.170833333333334,1.8,2.3375,3.8,8.8,157.70673005375852,0.3793474803005236,-0.9252542835294758,24
2020-09-23,19.354166666666668,2.6,2.129166666666667,3.1,6.1,129.34354878303245,0.773358572669215,-0.6339688620737098,24
2020-09-24,21.333333333333332,0.0,3.1,4.4,9.1,111.90641005824064,0.9277945194794405,-0.37309158342679627,24
2020-09-25,23.329166666666666,0.0,2.5208333333333335,4.1,8.9,105.20207509183953,0.9650069980854583,-0.2622241286496958,24
2020-09-26,24.295833333333334,0.0,2.475,3.9,7.2,98.91203921441632,0.9879273356048706,-0.15491797689313383,24
2020-09-27,25.691666666666666,0.0,1.7916666666666667,3.2,8.9,58.08078784131735,0.8487944463797679,0.5287229783117653,24
2020-09-28,25.900000000000002,0.0,1.7375,3.1,8.0,89.90858921320756,0.9999987273190558,0.0015954185245465806,24
2020-09-29,26.258333333333336,0.0,2.225,4.6,8.9,78.80183425615965,0.9809613730279894,0.19420294700915774,24
2020-09-30,27.541666666666668,0.0,3.033333333333333,5.1,11.8,79.11024428867975,0.9819925066165706,0.18891986912155256,24
2020-10-01,26.78333333333333,0.0,3.0208333333333335,5.6,10.0,81.10195126107608,0.9879651340026062,0.15467674031738668,24
2020-10-02,26.383333333333336,0.0,2.533333333333333,4.3,8.6,70.40214902262156,0.942070034081255,0.3354162352751324,24
2020-10-03,26.820833333333336,0.0,1.9291666666666665,3.1,7.9,113.61815396298931,0.9162358344064778,-0.4006393587123779,24
2020-10-04,27.349999999999998,0.0,2.125,3.7,7.5,93.93340314895934,0.9976444567202375,-0.06859692394985328,24
2020-10-05,27.358333333333334,0.0,3.0666666666666664,4.5,11.1,83.33558816113202,0.9932429257129824,0.11605382596500156,24
2020-10-06,27.254166666666666,0.0,2.4916666666666667,3.6,11.8,70.49078808281693,0.9425878100144925,0.3339584112012797,24
2020-10-07,27.754166666666666,0.0,2.2708333333333335,4.4,9.9,53.76018577413969,0.806549711770999,0.5911662730925357,24
2020-10-08,28.045833333333334,0.0,1.4791666666666667,4.1,7.7,16.02363397568889,0.27603384385739693,0.9611479163194967,24
2020-10-09,27.616666666666664,0.0,1.9458333333333335,4.8,12.4,286.8631825591826,-0.9570001875359926,0.2900872990257847,24
2020-10-10,27.116666666666664,0.0,2.4166666666666665,6.1,14.0,298.0076454205459,-0.882884939764094,0.4695893771559916,24
2020-10-11,22.270833333333332,0.0,3.0666666666666664,5.4,11.0,335.0401152120493,-0.4219836135815696,0.9066034578958105,24
2020-10-12,23.400000000000002,0.0,1.8666666666666665,3.2,9.4,27.196785594787226,0.4570480283425117,0.8894420159786823,24
2020-10-13,23.204166666666666,0.0,2.091666666666667,3.9,10.2,11.43302671313776,0.19822236020992212,0.9801570771630473,24
2020-10-14,22.825,5.0,2.095833333333333,4.5,10.4,89.97123873720618,0.9999998740086786,0.0005019787117020273,24
2020-10-15,23.704166666666666,0.0,1.6291666666666667,3.5,9.2,127.6704314559476,0.7915390174025185,-0.6111186332697242,24
2020-10-16,24.758333333333336,0.0,2.3000000000000003,3.9,7.7,135.25009299604676,0.7040135717622431,-0.7101865182996429,24
2020-10-17,24.929166666666664,0.0,2.8208333333333333,4.3,9.1,108.05327105190216,0.9507687950952513,-0.3099011104741708,24
2020-10-18,23.8,41.6,2.9250000000000003,5.9,11.9,70.80707637965742,0.9444169800796298,0.3287500079654325,24
2020-10-19,19.0125,31.6,2.4250000000000003,3.6,6.8,98.50923585060632,0.9889920242264744,-0.14796883461195676,24
2020-10-20,19.829166666666666,2.8,2.4291666666666667,3.8,7.0,102.78770936196317,0.9751968567029133,-0.22133931118704905,24
2020-10-21,20.8125,1.6,1.9208333333333334,3.1,7.5,104.2707315364434,0.9691417797363636,-0.24650397718786152,24
2020-10-22,21.78333333333333,1.4,1.7125000000000001,3.8,7.5,82.4943132166016,0.9914319013619369,0.13062459554714198,24
2020-10-23,20.787499999999998,9.0,2.529166666666667,4.2,8.5,74.99747445769727,0.9659144168586076,0.25886162192317363,24
2020-10-24,20.125,20.400000000000002,2.6374999999999997,4.6,8.2,357.4341972196123,-0.04476674042707214,0.9989974669394989,24
2020-10-25,22.133333333333336,0.0,3.2125,5.1,10.5,310.97926754144123,-0.7549469255477029,0.6557858946379307,24
2020-10-26,20.95,13.2,2.225,3.2,11.3,304.0250733596753,-0.8287927832748803,0.5595556472697576,24
2020-10-27,22.083333333333332,6.8,2.1458333333333335,4.0,8.2,271.33096053087536,-0.9997302039644687,0.02322755435171726,24
2020-10-28,20.841666666666665,0.4,2.0416666666666665,3.5,8.6,337.25888548646117,-0.3865679411434593,0.9222609321011636,24
2020-10-29,22.1375,0.0,1.5875000000000001,2.9,6.5,357.5140417019321,-0.04337454538264915,0.99905888155446,24
2020-10-30,22.28333333333333,29.4,1.7874999999999999,3.9,12.0,45.53270699066766,0.7136504432428424,0.7005019949002961,24
2020-10-31,20.212500000000002,6.0,2.2125,4.8,9.9,307.7210307253381,-0.7909990153687896,0.6118174218552505,24
2020-11-01,19.870833333333334,7.6,1.7416666666666665,2.8,5.4,294.32633250333316,-0.9112140529633224,0.4119331859442202,24
2020-11-02,20.745833333333334,0.4,1.9708333333333332,4.3,7.1,334.81269809090986,-0.42557875017639585,0.9049213929387993,24
2020-11-03,19.329166666666666,79.0,1.9833333333333334,4.3,13.7,45.63580162241423,0.7149097290914389,0.6992167612767913,24
2020-11-04,20.5125,0.2,1.4749999999999999,2.7,5.4,57.064379682294465,0.8392820151844794,0.5436963297539161,24
2020-11-05,21.875,5.2,1.6791666666666665,3.8,7.0,83.92781839443732,0.9943894205380621,0.1057812853106686,24
2020-11-06,22.90833333333333,1.0,1.7874999999999999,3.8,10.2,11.666002989745746,0.2022062282757884,0.9793429640562491,24
2020-11-07,22.525000000000002,4.0,2.3541666666666665,3.3,9.7,5.854208022803307,0.10199751688783636,0.994784653354039,24
2020-11-08,23.587500000000002,1.2,2.2708333333333335,3.9,9.7,75.68866271898287,0.9689668380304319,0.24719074982148226,24
2020-11-09,23.745833333333334,0.0,1.9208333333333334,3.5,6.9,77.5302657855225,0.9764102024482139,0.21592386749740713,24
2020-11-10,22.129166666666666,0.0,2.2333333333333334,4.8,11.0,172.9235087341909,0.12319430777595713,-0.992382568635505,24
2020-11-11,22.004166666666666,4.800000000000001,1.6666666666666667,3.7,7.7,134.12042163116973,0.7178782116420535,-0.696168710335079,24
2020-11-12,21.354166666666668,30.0,1.5958333333333332,3.5,8.5,293.1114132546155,-0.9197433259620692,0.3925203362225083,24
2020-11-13,20.941666666666666,1.8,1.1958333333333333,2.6,5.1,18.485444303939122,0.31706372945504785,0.9484042342082073,24
2020-11-14,21.054166666666667,8.0,1.5374999999999999,4.4,8.1,81.7971354580987,0.9897690988391529,0.1426784180706078,24
2020-11-15,21.52916666666667,5.6000000000000005,1.4208333333333334,2.8,7.4,295.76960726808335,-0.9005495144723143,0.4347534611520405,24
2020-11-16,22.308333333333334,15.799999999999999,1.675,3.6,9.5,314.23900954282783,-0.7164357801772628,0.6976530462069213,24
2020-11-17,20.599999999999998,17.400000000000002,1.9208333333333334,3.3,8.2,333.7475982243487,-0.4423262857428925,0.8968542004924195,24
2020-11-18,21.958333333333332,0.2,1.9749999999999999,5.3,10.8,313.3761429522183,-0.7268607002467095,0.6867849171588315,24
2020-11-19,19.8625,38.6,2.4499999999999997,4.1,10.0,311.5147180566326,-0.7487854832046731,0.6628124170094766,24
2020-11-20,21.275000000000002,0.2,1.8625,3.0,6.5,288.0484429955081,-0.9507949056856686,0.30982099238460353,24
2020-11-21,23.333333333333332,3.8,1.9458333333333335,3.6,8.6,155.0490194658196,0.4218427145613595,-0.9066690268071934,24
2020-11-22,23.150000000000002,0.0,2.8791666666666664,3.8,7.6,91.17492371491578,0.9997897534585728,-0.020504850139572574,24
2020-11-23,21.195833333333333,0.0,3.141666666666666,4.6,8.8,73.62051774872616,0.9594150201447255,0.2819979062345961,24
2020-11-24,20.925,0.6,3.6166666666666667,5.0,10.1,82.83694405174433,0.9921953093527642,0.12469349661619242,24
2020-11-25,19.287499999999998,0.6,3.3958333333333335,4.7,10.0,90.34059964003164,0.9999823310057316,-0.005944550138004665,24
2020-11-26,20.945833333333333,0.0,3.0625,4.8,9.2,88.40947744475959,0.9996147199562972,0.027756290218496644,24
2020-11-27,22.0,0.0,3.1333333333333333,4.9,9.3,91.8353657509601,0.9994869817096853,-0.032027697276938466,24
2020-11-28,22.641666666666666,0.0,3.3708333333333336,4.7,9.8,94.38841056964978,0.9970682500728426,-0.07651734899145071,24
2020-11-29,22.070833333333336,0.0,3.225,4.4,9.0,90.73956167337025,0.9999166956840525,-0.012907427795111732,24
2020-11-30,22.416666666666668,0.0,2.3541666666666665,4.3,8.5,61.120102809742335,0.8756340376732135,0.4829751878389877,24
2020-12-01,22.941666666666666,0.0,1.675,2.6,6.5,53.988703636205976,0.8089010916510811,0.5879447456400042,24
2020-12-02,23.933333333333334,0.0,1.6583333333333332,4.5,7.8,345.36036288729395,-0.25273875725891903,0.9675345578216921,24
2020-12-03,24.695833333333336,0.0,2.1083333333333334,4.1,9.5,310.0003420708886,-0.7660406054940613,0.6427921831620946,24
2020-12-04,24.3625,0.0,2.379166666666667,4.2,9.0,67.37555491500139,0.9230461745622237,0.38468917274345654,24
2020-12-05,22.958333333333332,0.2,1.7291666666666667,3.0,12.5,223.41750916425593,-0.6873095145362673,-0.7263646682128204,24
2020-12-06,21.77916666666667,1.6,1.9458333333333335,4.0,11.9,67.4488259742593,0.9235373683421246,0.3835084474632896,24
2020-12-07,21.95,9.4,1.6791666666666665,3.1,7.7,313.3041253388604,-0.7277233763378823,0.6858707513310309,24
2020-12-08,22.662499999999998,2.8,2.2125,6.5,10.4,315.5029541565869,-0.7008724883469071,0.7132865869189008,24
2020-12-09,21.025000000000002,10.8,1.7791666666666668,3.9,8.5,322.2323662374288,-0.6124605993649299,0.7905011158914014,24
2020-12-10,20.587500000000002,0.4,2.6833333333333336,4.7,11.4,330.9213730386085,-0.4860094034334456,0.8739535798738205,24
2020-12-11,19.575,16.4,1.6708333333333334,4.1,9.3,4.688326900622328,0.08173545799155406,0.9966540597955295,24
2020-12-12,20.5,3.2,1.4416666666666667,4.6,9.4,72.47910329205963,0.9536072149963489,0.3010536156682183,24
2020-12-13,22.516666666666666,0.0,1.9625000000000001,3.7,7.3,116.02265550751345,0.8986206383018812,-0.4387265075396283,24
2020-12-14,23.712500000000002,0.0,1.6791666666666665,3.1,8.4,97.39442185087887,0.9916836968450399,-0.12869904977020924,24
2020-12-15,24.65833333333333,0.0,2.0625,3.7,6.8,114.08282168859135,0.9129565610638303,-0.4080567578297223,24
2020-12-16,23.7,0.0,1.9708333333333332,3.8,7.7,96.50622563609112,0.9935595493937204,-0.11331117247891913,24
2020-12-17,24.058333333333334,0.0,1.9166666666666667,3.3,7.1,111.03487030664331,0.9333621502837125,-0.35893606174047826,24
2020-12-18,25.354166666666668,0.0,2.095833333333333,3.1,7.3,71.86983552505498,0.9503520382730712,0.3111768040041205,24
2020-12-19,22.766666666666666,7.3999999999999995,1.4666666666666668,3.2,7.3,324.2931961786737,-0.5836376414163702,0.8120142261819903,24
2020-12-20,22.004166666666666,1.2,1.875,3.9,8.5,183.1466934397905,-0.0548925566531357,-0.9984922669826152,24
2020-12-21,22.395833333333332,3.8,2.3375,5.0,10.7,348.79184659825256,-0.1943739428066062,0.9809275051489862,24
2020-12-22,20.695833333333333,30.4,1.6958333333333335,3.4,9.5,333.25109325998113,-0.4500814020365576,0.8929875315707417,24
2020-12-23,20.962500000000002,17.6,2.3916666666666666,4.8,8.3,343.369571455954,-0.28619727139740087,0.9581707164408034,24
2020-12-24,21.179166666666667,16.0,2.6875,4.1,7.8,340.5331335204885,-0.3332616842195195,0.9428343703064549,24
2020-12-25,20.929166666666667,13.2,2.5,5.0,9.9,1.2690015261481313,0.022146444101874396,0.9997547374299571,24
2020-12-26,20.279166666666665,20.0,1.8499999999999999,4.6,8.4,343.2216021470697,-0.2886708395878869,0.9574284027391419,24
2020-12-27,20.633333333333333,0.2,1.3791666666666667,3.4,7.7,332.5312927841761,-0.46126409267736335,0.8872628904707605,24
2020-12-28,22.058333333333334,0.0,2.345833333333333,3.9,8.4,103.9898485645171,0.970338573793576,-0.2417499787140609,24
2020-12-29,23.458333333333332,0.0,2.7708333333333335,4.6,8.5,81.57779929001491,0.9892156551086725,0.1464663363640943,24
2020-12-30,24.058333333333334,0.0,2.120833333333333,3.4,7.6,80.60814141804114,0.9865953593762264,0.16318577406531098,24
2020-12-31,23.366666666666664,0.0,1.5041666666666667,3.5,7.7,72.41856025603913,0.9532885667494772,0.302061100614971,24
2021-01-01,22.133333333333336,1.4,1.6500000000000001,3.4,10.6,181.77155459342796,-0.03091453420172698,-0.9995220315606307,24
2021-01-02,21.154166666666665,4.6000000000000005,2.033333333333333,3.8,11.5,121.65980330160231,0.8511795523920311,-0.5248746227335643,24
2021-01-03,21.829166666666666,33.800000000000004,2.3000000000000003,5.1,10.0,351.7881476060779,-0.14283367902792207,0.9897467050388946,24
2021-01-04,20.099999999999998,11.6,2.4208333333333334,5.1,9.0,343.7603089284212,-0.2796562727788761,0.9601001870093698,24
2021-01-05,22.05,0.2,1.5291666666666668,3.1,6.2,91.79378440297928,0.9995099620062365,-0.03130232979015458,24
2021-01-06,24.258333333333336,0.0,2.0,3.4,7.0,103.53649263914822,0.9722210379283901,-0.2340646351105691,24
2021-01-07,23.375,9.6,1.6416666666666666,3.8,10.5,135.31636376197315,0.7031916687126212,-0.7110003354803424,24
2021-01-08,22.59166666666667,0.0,2.2416666666666667,3.2,6.2,123.52252676473077,0.833668754646773,-0.5522647983763754,24
2021-01-09,22.866666666666664,27.8,1.6916666666666667,4.1,11.9,136.0700315948421,0.693778615752142,-0.7201883311502913,24
2021-01-10,21.854166666666668,11.0,1.5041666666666667,3.2,9.1,299.88053921798115,-0.8670660126417215,0.498193265431786,24
2021-01-11,22.258333333333336,0.6,2.2125,4.9,9.1,307.98755429882556,-0.7881444680545051,0.6154902903174679,24
2021-01-12,21.420833333333334,12.8,1.2833333333333334,3.2,7.7,309.84574548112363,-0.767772209260108,0.6407229000807235,24
2021-01-13,22.925,0.0,1.7375,4.0,9.8,36.60649576692594,0.5963158885741868,0.8027498745150807,24
2021-01-14,21.96666666666667,2.8000000000000003,1.7708333333333333,3.1,6.7,359.3602431239147,-0.011165631881239091,0.9999376623893574,24
2021-01-15,20.791666666666668,0.2,1.9000000000000001,7.0,11.7,31.440049203768353,0.5216061283842824,0.8531864080211072,24
2021-01-16,19.533333333333335,12.8,1.5750000000000002,3.7,7.1,17.35928315550713,0.2983625925960339,0.9544525987912512,24
2021-01-17,20.650000000000002,0.0,1.5875000000000001,3.0,5.8,14.824944831669308,0.2558666590741906,0.9667120837013531,24
2021-01-18,22.379166666666666,0.0,1.9208333333333334,4.0,7.3,66.71083603546334,0.918521172261205,0.395371794780434,24
2021-01-19,23.229166666666668,0.0,2.1,4.1,8.3,72.3655520978877,0.9530087018843374,0.30294292223574104,24
2021-01-20,22.483333333333334,0.0,2.1666666666666665,4.2,8.6,111.75848856380527,0.9287546433391995,-0.37069503972386275,24
2021-01-21,23.59583333333333,0.0,2.704166666666667,4.5,8.9,94.38782498755997,0.997069032053747,-0.07650715861541453,24
2021-01-22,23.379166666666666,0.0,2.5458333333333334,3.9,9.1,98.56764524855359,0.9888406655449763,-0.1489769719271014,24
2021-01-23,23.15416666666667,0.0,2.5083333333333333,4.3,8.6,106.35558259133406,0.9595325658281766,-0.2815976830785296,24
2021-01-24,23.445833333333336,0.0,2.4625,4.2,7.5,95.36111259633954,0.9956256078519904,-0.09343259061673564,24
2021-01-25,22.09583333333333,78.0,2.558333333333333,4.7,17.5,96.85177499292757,0.9928581076598902,-0.11930120726137566,24
2021-01-26,20.558333333333334,53.6,2.0208333333333335,4.1,19.6,73.01431031434184,0.9563777495062145,0.2921328469197336,24
2021-01-27,21.891666666666666,0.8,2.3291666666666666,3.8,8.6,86.63554663857931,0.9982764298313911,0.05868704834195982,24
2021-01-28,22.275000000000002,0.0,1.7375,3.2,6.8,92.79814105675084,0.9988077217308975,-0.048817363824094594,24
2021-01-29,22.287499999999998,0.0,1.5750000000000002,3.5,6.8,100.13703205725662,0.9843896293381487,-0.17600300466611998,24
2021-01-30,23.5625,0.0,1.9958333333333333,4.1,7.8,122.52582691351998,0.8431491644530761,-0.5376797248195988,24
2021-01-31,24.370833333333334,0.0,1.925,3.8,8.3,77.50455030380427,0.976313193195444,0.21636207799084262,24
2021-02-01,22.370833333333334,26.4,1.9375,3.2,11.0,274.50482410813606,-0.9969107242127505,0.0785430324701641,24
2021-02-02,23.004166666666666,0.2,2.4,3.4,9.7,96.54803592351644,0.9934765986229795,-0.11403616965031402,24
2021-02-03,23.004166666666666,0.8,2.154166666666667,6.4,11.6,3.6430503564087626,0.0635403895398379,0.9979792677691884,24
2021-02-04,22.195833333333336,40.8,1.6375,6.6,13.1,251.40292710784075,-0.9477847036605044,-0.31891088960267544,24
2021-02-05,22.59166666666667,52.8,2.2083333333333335,3.6,13.1,315.1248894204999,-0.7055637996068337,0.708646403140782,24
2021-02-06,20.1125,33.6,2.875,5.2,11.3,319.9601690615955,-0.6433199938783406,0.765597404303575,24
2021-02-07,19.75,5.800000000000001,3.045833333333333,4.6,9.7,328.845400769207,-0.517349062241525,0.8557744725088584,24
2021-02-08,19.879166666666666,50.8,2.3208333333333333,3.8,15.2,320.6084182388429,-0.6346169717101846,0.7728268235623003,24
2021-02-09,19.8,0.2,1.5833333333333333,2.5,5.9,350.1112879437291,-0.1717350187984322,0.9851431790954562,24
2021-02-10,21.46666666666667,0.0,1.4333333333333333,3.4,7.6,51.02550545928586,0.7774260290887137,0.6289743788862581,24
2021-02-11,21.916666666666668,1.2,2.15,4.2,7.6,3.023233126283759,0.05274089076215168,0.9986082307099291,24
2021-02-12,19.79583333333333,32.0,1.5041666666666667,3.0,11.7,25.385661038791305,0.428709049399853,0.903442610774295,24
2021-02-13,19.216666666666665,27.4,1.4958333333333333,5.5,11.6,77.39566624542533,0.9759002591661324,0.2182170574439029,24
2021-02-14,20.275000000000002,11.0,1.3291666666666666,2.9,6.1,164.26406702676246,0.27120414359117356,-0.962521850400799,24
2021-02-15,21.145833333333332,20.6,2.1,4.4,8.4,303.9594726483225,-0.8294329022456105,0.5586063557393736,24
2021-02-16,20.8125,72.0,1.7708333333333333,3.4,7.2,324.3016875399971,-0.5835172927019684,0.8121007136542643,24
2021-02-17,20.854166666666668,15.8,1.8208333333333335,4.0,7.5,326.36983917798625,-0.5538299269963807,0.8326298168833396,24
2021-02-18,20.879166666666666,7.800000000000001,1.9666666666666668,3.7,9.9,340.3017316609654,-0.33706680403032774,0.9414807324745317,24
2021-02-19,21.558333333333334,1.6,2.1416666666666666,3.3,8.0,327.9428557373483,-0.5307648059928892,0.8475191565500633,24
2021-02-20,21.279166666666665,23.000000000000004,1.925,2.8,6.9,332.56345262934184,-0.4607660036540472,0.8875216560043359,24
2021-02-21,20.474999999999998,5.4,2.4499999999999997,5.5,9.6,343.97162233025296,-0.2761134193075914,0.9611250593332119,24
2021-02-22,20.599999999999998,44.199999999999996,2.3125,4.5,8.0,58.35646544191188,0.8513285526256184,0.524632914983772,24
2021-02-23,20.716666666666665,7.800000000000001,1.625,4.3,9.3,353.7693355304751,-0.10853140578939625,0.9940930207769177,24
2021-02-24,21.462500000000002,2.4,1.8916666666666666,3.3,6.6,340.4118926837621,-0.3352560229679023,0.9421270609974778,24
2021-02-25,20.775,16.8,1.4625000000000001,4.3,8.0,297.9143659719758,-0.8836482766246085,0.4681513892090457,24
2021-02-26,19.970833333333335,2.6,1.4083333333333332,2.9,7.5,315.9207870702866,-0.6956522125532053,0.7183787296195719,24
2021-02-27,19.025000000000002,30.8,1.6125,3.8,8.7,55.30659337237057,0.8222095460296752,0.5691849105674495,24
2021-02-28,19.258333333333333,5.6,2.3625000000000003,3.9,11.6,58.84851348729591,0.8558025773612447,0.517302569664844,24
2021-03-01,20.845833333333335,0.6,2.85,5.0,9.1,87.21803621792202,0.9988214653403292,0.04853535181079211,24
2021-03-02,21.333333333333332,0.0,2.841666666666667,4.7,8.8,80.27429275204126,0.9856277727144483,0.16893162419735325,24
2021-03-03,22.224999999999998,0.0,2.654166666666667,4.6,8.6,71.37961027039098,0.947654842613896,0.3192965694623607,24
2021-03-04,22.65833333333333,0.0,1.7791666666666668,3.2,6.9,44.77643694219014,0.7043423373328097,0.7098604594147743,24
2021-03-05,23.2375,0.0,1.825,3.9,10.3,340.00165605587455,-0.3419929826572305,0.9397025060162453,24
2021-03-06,22.53333333333333,0.0,2.025,4.4,10.8,299.6618803767544,-0.86896095722878,0.49488064703728557,24
2021-03-07,22.045833333333334,4.4,1.75,3.6,8.2,255.18061845012056,-0.9667369231787992,-0.25577279246000434,24
2021-03-08,20.099999999999998,57.0,1.7125000000000001,4.7,8.8,144.98117541857914,0.5738455385514174,-0.8189635510110531,24
2021-03-09,21.333333333333332,0.2,1.7833333333333332,3.7,9.8,312.8021378801179,-0.7337045119667417,0.6794686814855012,24
2021-03-10,20.724999999999998,0.0,2.0500000000000003,4.0,8.4,319.955361896178,-0.6433842258978546,0.7655434265055239,24
2021-03-11,21.370833333333334,0.0,1.9249999999999998,4.8,7.4,331.2063974971178,-0.48165582498331727,0.8763604659383261,24
2021-03-12,20.766666666666666,43.0,1.3791666666666667,6.1,19.5,98.33698536723116,0.9894323986119858,-0.1449949260385767,24
2021-03-13,21.954166666666666,1.8,1.2958333333333334,2.5,7.5,69.71035630305308,0.9379516284600814,0.34676612099379267,24
2021-03-14,21.495833333333334,24.0,1.7166666666666668,3.4,8.2,116.29540502401127,0.8965219606845938,-0.4429992934647319,24
2021-03-15,20.429166666666667,24.200000000000003,1.9541666666666666,3.3,7.3,58.46411742528098,0.8523127724754932,0.5230324443809755,24
2021-03-16,21.150000000000002,0.2,1.7541666666666667,3.6,6.5,27.37913959418705,0.45987651600981455,0.8879828770999331,24
2021-03-17,21.32916666666667,0.0,1.4583333333333333,3.1,5.9,55.21979744463386,0.8213463591078074,0.5704298014483016,24
2021-03-18,21.412499999999998,0.0,1.8291666666666666,4.1,8.6,39.66197150078767,0.6382570090434604,0.7698233501309869,24
2021-03-19,20.441666666666666,5.4,1.3625,3.2,10.0,10.31645382131529,0.179084753308428,0.9838336501322058,24
2021-03-20,21.608333333333334,0.0,1.9875,3.7,8.9,95.25399905700236,0.995798538637,-0.09157112234987273,24
2021-03-21,21.429166666666664,0.0,3.1291666666666664,4.7,8.8,95.98283215955705,0.9945531711448069,-0.10423046467232369,24
2021-03-22,21.154166666666665,0.0,3.2458333333333336,5.2,10.3,100.6318540515358,0.9828329280077951,-0.1844977930047518,24
2021-03-23,22.116666666666664,0.0,2.5083333333333333,4.4,9.1,102.87367605803223,0.9748636612216888,-0.22280224870823087,24
2021-03-24,22.7375,0.0,2.529166666666667,4.5,8.4,107.01156823644436,0.9562457055090176,-0.2925647803402888,24
2021-03-25,22.5,0.0,2.5083333333333333,5.0,8.9,96.32912616812251,0.993905043863031,-0.11023957448950185,24
2021-03-26,20.675,0.0,1.6833333333333333,3.5,7.0,66.45974424742614,0.916779688787601,0.39939329266590023,24
2021-03-27,21.358333333333334,0.0,1.5416666666666667,3.3,7.1,95.1812392993176,0.9959140215981479,-0.09030648694420419,24
2021-03-28,22.4875,0.0,1.8958333333333333,3.6,7.2,94.62570514759302,0.9967427977408224,-0.08064611058072198,24
2021-03-29,22.52916666666667,0.0,1.325,3.0,7.1,72.01338075145418,0.9511286576222886,0.3087948779523768,24
2021-03-30,23.333333333333332,0.0,1.2583333333333333,3.7,6.7,303.0155486311789,-0.8385227357518977,0.5448666090220183,24
2021-03-31,23.84166666666667,0.0,1.5875000000000001,3.2,8.3,207.1388919646408,-0.4561490723126314,-0.8899033789284799,24
2021-04-01,22.099999999999998,8.0,1.425,3.8,9.6,106.73412774031249,0.9576511611108085,-0.2879309876048778,24
2021-04-02,22.1375,0.0,1.4583333333333333,3.3,7.3,351.7153310610922,-0.14409142100557396,0.9895643801151063,24
2021-04-03,21.84583333333333,0.0,1.8375000000000001,3.9,6.9,59.530754794193925,0.8619014688952084,0.5070757910966388,24
2021-04-04,21.016666666666666,33.6,1.945833333333333,4.5,9.4,112.56405917423089,0.9234510984393691,-0.38371613048075326,24
2021-04-05,21.5,11.2,2.7875,4.9,11.4,99.72130938756699,0.9856407365199285,-0.16885596972702213,24
2021-04-06,20.658333333333335,4.8,2.466666666666667,4.2,7.3,50.275392855178026,0.769125148844266,0.6390981970051909,24
2021-04-07,20.349999999999998,0.0,2.404166666666667,4.1,7.9,95.3592118631895,0.9956287068417268,-0.0933995616299709,24
2021-04-08,19.795833333333334,2.0,3.8333333333333335,5.4,11.5,100.30850513104612,0.9838584852386116,-0.17894826354000914,24
2021-04-09,19.233333333333334,0.0,4.045833333333333,6.1,12.0,105.4038730569362,0.9640774510763849,-0.2656212874113458,24
2021-04-10,19.875,0.0,2.9583333333333335,4.6,8.4,102.32858095826066,0.9769391865426189,-0.21351774117727573,24
2021-04-11,20.912499999999998,0.0,1.8166666666666667,2.9,6.6,94.61932181159311,0.9967517763566641,-0.080535062735647,24
2021-04-12,21.45,0.0,1.5791666666666666,3.5,7.2,100.42238558514516,0.9835008665239706,-0.18090341496665863,24
2021-04-13,22.291666666666668,0.0,1.5583333333333333,3.0,7.1,130.27800722640615,0.7629165413753488,-0.6464969844445336,24
2021-04-14,20.858333333333334,0.0,2.0375,3.4,6.6,102.14255716574779,0.977627270211286,-0.21034476589454076,24
2021-04-15,21.520833333333332,0.0,2.2125,4.0,7.2,104.29385540324336,0.9690422148593579,-0.2468950907176368,24
2021-04-16,21.541666666666668,0.0,2.3208333333333333,3.9,6.7,88.396483262247,0.9996083993648538,0.02798299339304051,24
2021-04-17,20.325,1.4,1.6416666666666666,3.0,5.9,84.74604616466222,0.9957986109107493,0.09157033639897867,24
2021-04-18,19.599999999999998,16.6,1.1624999999999999,2.6,7.1,60.52772989787077,0.8705939161760056,0.49200226942294306,24
2021-04-19,19.333333333333332,12.8,0.9958333333333332,2.1,5.3,337.57766686996393,-0.3814307230949575,0.9243974272353086,24
2021-04-20,19.670833333333334,0.2,1.2708333333333333,2.1,6.6,194.8908242524199,-0.25697802762164923,-0.9664172459759226,24
2021-04-21,20.266666666666666,0.0,1.4833333333333334,2.4,6.1,213.15520011320896,-0.546908785532466,-0.837192200338371,24
2021-04-22,19.766666666666666,0.0,1.383333333333333,2.6,9.5,211.017771286112,-0.5153039155316096,-0.85700751142437,24
2021-04-23,19.866666666666667,0.0,1.3166666666666667,3.2,6.7,82.00824892505291,0.9902880953554194,0.13903052973119168,24
2021-04-24,20.820833333333333,0.0,1.3916666666666666,2.9,8.3,84.29889408742656,0.995053652724368,0.09933895610430513,24
2021-04-25,21.233333333333334,8.2,1.3208333333333333,2.6,5.9,189.76897792055053,-0.16967593752595597,-0.985499911833932,24
2021-04-26,21.133333333333333,5.6,1.1916666666666667,2.8,6.1,141.97157586370218,0.6160523275593657,-0.7877052302153947,24
2021-04-27,20.670833333333334,0.0,1.2708333333333333,2.9,6.5,153.72398308105738,0.4426958973861402,-0.8966718142316509,24
2021-04-28,21.45,0.0,1.9416666666666667,3.3,6.5,153.4974351750414,0.4462378740774916,-0.8949143868207733,24
2021-04-29,20.2,17.4,2.5083333333333333,4.0,8.5,96.26793563182778,0.9940222102859751,-0.10917804476260151,24
2021-04-30,20.191666666666666,0.0,3.1750000000000003,4.2,8.1,97.35262147188419,0.9917773258629065,-0.12797552853660069,24
2021-05-01,18.7375,0.0,3.2916666666666665,4.3,8.2,101.56862288139668,0.9796852198172348,-0.20054144227978515,24
2021-05-02,18.779166666666665,0.0,2.6791666666666667,3.5,7.3,112.8937939447893,0.9212275485493152,-0.3890241686499941,24
2021-05-03,18.770833333333332,0.0,2.4499999999999997,4.4,8.0,105.16941820099696,0.9651563012853942,-0.2616740607876473,24
2021-05-04,19.2375,0.0,2.5875,4.0,8.4,104.49123733946887,0.9681859214917247,-0.25023193526250775,24
2021-05-05,18.795833333333334,0.0,2.0124999999999997,3.7,8.0,102.1782311659274,0.9774961140221824,-0.21095342393887007,24
2021-05-06,19.745833333333334,0.0,1.6208333333333333,3.5,6.5,110.73428114201454,0.9352323727606621,-0.3540344742259743,24
2021-05-07,20.391666666666666,0.0,1.1583333333333334,2.6,5.2,116.40733226464148,0.8956548519809651,-0.4447498017121036,24
2021-05-08,21.416666666666668,3.8,2.0541666666666667,3.6,7.4,138.48896592943296,0.6627642704652021,-0.7488280989617901,24
2021-05-09,19.75,0.2,2.6458333333333335,5.0,9.1,109.87442180181691,0.9404399868321409,-0.3399597493338917,24
2021-05-10,19.083333333333332,0.0,3.0,4.6,9.6,100.93980770686062,0.9818270968140144,-0.18977763820261895,24
2021-05-11,18.575,0.0,2.095833333333333,3.6,7.0,106.05784312155343,0.9609829356304331,-0.2766076597404974,24
2021-05-12,18.9375,0.0,1.6458333333333333,3.3,5.9,114.06884926312748,0.9130560446074585,-0.40783410770285344,24
2021-05-13,20.0125,0.0,0.9833333333333334,1.7,6.8,157.16422186183766,0.38809116490650847,-0.9216209891932309,24
2021-05-14,19.054166666666667,0.0,1.7583333333333335,3.6,7.0,102.83148691271343,0.9750274550185276,-0.22208435775644578,24
2021-05-15,19.60833333333333,0.0,1.9625000000000001,3.6,6.9,105.52201588609864,0.9635276958062964,-0.2676086310532775,24
2021-05-16,19.495833333333334,0.0,1.8875,3.1,5.9,108.70045830443767,0.9472077131576103,-0.3206205672359935,24
2021-05-17,18.966666666666665,0.0,1.7333333333333334,3.3,7.9,119.1818601101675,0.8730764902781822,-0.4875832668617033,24
2021-05-18,18.870833333333334,0.0,1.3625,2.8,6.4,141.9423646318648,0.6164538449471753,-0.7873910445578131,24
2021-05-19,18.6875,0.0,1.1291666666666667,2.7,5.2,125.16364713864574,0.817510466952828,-0.5759137404356396,24
2021-05-20,19.291666666666668,0.0,1.4958333333333333,3.8,8.5,354.86316405203723,-0.08953464179297267,0.995983708661444,24
2021-05-21,20.325,0.0,1.425,3.8,6.7,343.64960740643124,-0.28151076501753614,0.9595580697275395,24
2021-05-22,20.779166666666665,0.0,1.5,3.4,6.7,334.97940356863666,-0.42294402991022106,0.9061558075537022,24
2021-05-23,21.129166666666666,0.0,1.4833333333333334,3.2,7.1,170.3133631821265,0.16825947785951273,-0.985742739314089,24
2021-05-24,20.758333333333333,0.0,1.5875000000000001,2.6,6.5,156.89761388890423,0.3923754226848382,-0.9198051574506932,24
2021-05-25,21.354166666666668,0.0,1.7708333333333333,3.2,5.8,140.7943746580272,0.6321053842410852,-0.774882431865267,24
2021-05-26,21.608333333333334,0.0,1.7750000000000001,3.3,8.3,116.9114889902313,0.8917067891489747,-0.4526135240860859,24
2021-05-27,22.087500000000002,0.0,1.5458333333333334,3.4,6.0,90.7179100760386,0.9999215018981696,-0.012529566700754549,24
2021-05-28,21.554166666666664,0.0,1.6500000000000001,3.8,8.1,48.45383594231356,0.748421594963192,0.6632232777826421,24
2021-05-29,20.941666666666666,0.0,1.1458333333333333,2.9,5.7,359.13248935922655,-0.01514033848165502,0.999885378506287,24
2021-05-30,20.795833333333334,0.0,1.6083333333333334,4.5,8.0,73.76191658349325,0.9601080334716146,0.27962933333838424,24
2021-05-31,20.658333333333335,0.0,1.7291666666666667,3.5,6.9,53.06430027274442,0.7993103947794759,0.6009183744881481,24
2021-06-01,20.129166666666666,0.0,1.5458333333333334,3.2,7.3,76.98495360946153,0.9743109570040208,0.22520692498657577,24
2021-06-02,20.679166666666667,0.0,1.95,3.7,6.8,91.78759451478604,0.9995133378871083,-0.031194348619122104,24
2021-06-03,21.020833333333332,0.0,2.470833333333333,3.8,8.3,99.5164452590454,0.9862381883011588,-0.16533068661457848,24
2021-06-04,19.974999999999998,0.0,3.4458333333333333,6.2,12.1,105.16065683115993,0.9651963038249062,-0.26152647109372973,24
2021-06-05,20.133333333333333,0.0,2.766666666666667,4.5,9.9,82.15315762048147,0.9906365546033405,0.13652551660265816,24
2021-06-06,20.220833333333335,0.0,2.4125,3.5,7.1,99.3758462690834,0.9866409259814901,-0.16291004627826872,24
2021-06-07,19.733333333333334,0.0,1.7625,3.6,6.9,94.64891584257211,0.996710045969453,-0.08104988749881718,24
2021-06-08,20.245833333333334,0.0,2.0458333333333334,4.1,7.4,102.9426498350469,0.9745947412163369,-0.22397564687586277,24
2021-06-09,20.3875,0.0,1.8458333333333332,3.7,8.0,96.2053264871385,0.994140919544562,-0.10809177622322978,24
2021-06-10,21.245833333333334,0.0,2.4166666666666665,4.0,7.7,90.56643834701038,0.9999511317827653,-0.009886053123806717,24
2021-06-11,19.883333333333333,0.0,1.4458333333333335,3.5,8.0,167.8254088583783,0.21089132278528902,-0.9775095140068311,24
2021-06-12,19.7875,0.0,1.8,3.5,6.4,164.5835751800351,0.2658324810895287,-0.964019238396094,24
2021-06-13,20.158333333333335,0.0,2.1166666666666667,4.0,7.3,126.10116781526945,0.8079778745995312,-0.5892128258597433,24
2021-06-14,19.970833333333335,0.0,2.4625,3.8,6.9,103.88026539291677,0.970799166670629,-0.23989368059957783,24
2021-06-15,18.712500000000002,29.599999999999998,1.8708333333333333,4.1,10.5,47.38448036174105,0.7359137155458831,0.6770753305736763,24
2021-06-16,18.879166666666666,0.0,1.1375,2.3,5.1,181.60466391328512,-0.028003007536940374,-0.9996078388892747,24
2021-06-17,18.079166666666666,0.0,1.6541666666666668,3.9,6.5,156.3043502259655,0.401878253113394,-0.9156931088932181,24
2021-06-18,17.775000000000002,0.0,1.8375000000000001,4.2,7.7,125.31168276716605,0.8160197463546396,-0.5780240250710257,24
2021-06-19,19.05,0.0,2.0833333333333335,3.6,8.0,94.1858088525911,0.9973325864346239,-0.0729911777930978,24
2021-06-20,19.845833333333335,0.0,1.1541666666666666,2.4,4.9,58.166659503138476,0.8495859127748129,0.5274502600384117,24
2021-06-21,20.433333333333334,0.0,1.8791666666666667,3.3,7.1,126.4828730671479,0.8040346299424129,-0.5945824701867414,24
2021-06-22,19.474999999999998,0.0,1.5666666666666667,2.9,6.2,117.75531096957391,0.8849444740327618,-0.465696551285146,24
2021-06-23,19.358333333333334,0.0,2.0875,4.2,8.4,112.48453135032796,0.923982815279619,-0.38243399047149224,24
2021-06-24,20.108333333333334,0.0,2.0208333333333335,4.0,7.2,84.66689336343791,0.9956711584079012,0.09294592145257466,24
2021-06-25,19.162499999999998,0.0,1.9208333333333334,3.6,6.4,104.60284952427685,0.9676966329734145,-0.2521174855735251,24
2021-06-26,17.858333333333334,0.0,2.7125,4.8,9.5,104.1832490245757,0.9695170264502284,-0.245023948672588,24
2021-06-27,18.2,0.0,2.0500000000000003,3.0,7.0,70.44173262262565,0.9423015362932189,0.3347653128677453,24
2021-06-28,17.816666666666666,0.0,1.9083333333333332,3.2,7.7,111.93396077573082,0.927615010864422,-0.3735376709503317,24
2021-06-29,16.516666666666666,0.0,2.0875,3.4,7.3,136.9381550605428,0.6827873842018282,-0.7306171281696214,24
2021-06-30,14.795833333333334,0.0,2.0458333333333334,3.0,6.8,169.58168983538593,0.18083345857763938,-0.9835137316066559,24
2021-07-01,16.358333333333334,0.0,2.275,4.1,7.9,122.38667691961032,0.8444524993463891,-0.5356304475546891,24
2021-07-02,18.116666666666667,0.0,2.4791666666666665,4.1,7.0,107.66845545016619,0.9528287241670993,-0.3035085211358946,24
2021-07-03,18.283333333333335,0.0,2.183333333333333,3.6,7.0,124.61077067018822,0.8230296086470894,-0.5679984712041211,24
2021-07-04,16.258333333333333,0.0,2.2333333333333334,4.9,9.6,108.7406265875556,0.9469827033261278,-0.3212845461598473,24
2021-07-05,16.6375,0.0,1.9625000000000001,3.4,6.2,122.91099870698241,0.8395155793148746,-0.5433356164357445,24
2021-07-06,16.520833333333332,0.0,1.5958333333333332,3.7,8.2,118.47206161845654,0.8790496787763528,-0.47673017760908626,24
2021-07-07,17.870833333333334,0.0,1.5333333333333332,2.7,6.3,120.84389618694286,0.8585673519499079,-0.5127007920470996,24
2021-07-08,17.575,0.0,1.6875,2.7,6.3,120.32771243619064,0.8631514231068024,-0.5049451661207401,24
2021-07-09,17.670833333333334,0.0,1.9875,4.2,7.5,102.5659850398467,0.9760460957147127,-0.21756382750831063,24
2021-07-10,18.154166666666665,0.0,2.125,3.5,8.8,104.87125716313786,0.9665049502183881,-0.25664797136028783,24
2021-07-11,17.541666666666668,0.0,1.9000000000000001,3.9,6.6,115.81101970057664,0.9002350467284992,-0.43540424968267916,24
2021-07-12,18.070833333333333,0.0,2.4791666666666665,5.3,8.8,103.08622740174341,0.974030420943296,-0.2264171792886436,24
2021-07-13,18.708333333333332,0.0,2.6374999999999997,4.1,8.3,101.02565809206695,0.9815416372839618,-0.1912485667342884,24
2021-07-14,18.770833333333332,0.0,2.191666666666667,3.7,9.1,98.6151140756528,0.9887169006603767,-0.14979616266292975,24
2021-07-15,18.925,0.0,1.3375000000000001,2.5,6.4,66.33037897787854,0.9158755826331038,0.4014622237975481,24
2021-07-16,19.650000000000002,0.0,1.6125,3.0,6.8,29.033495301880798,0.4853208429412863,0.8743361363953565,24
2021-07-17,20.1375,0.0,1.2375,2.2,6.5,335.00295795168756,-0.42257147213528423,0.9063296039175919,24
2021-07-18,21.133333333333333,0.0,1.5083333333333335,2.4,6.3,154.71337267509688,0.42714684140418985,-0.9041822691683484,24
2021-07-19,20.020833333333332,0.0,2.6166666666666667,3.7,7.5,167.6163513994512,0.214456590068076,-0.9767335209648399,24
2021-07-20,18.375,0.0,2.0458333333333334,3.5,7.3,138.66025821323325,0.6605226047575004,-0.7508061591412041,24
2021-07-21,19.150000000000002,0.0,2.1875,3.8,6.9,108.14518886239473,0.9502704072534865,-0.31142599939358473,24
2021-07-22,20.383333333333333,0.0,2.766666666666667,4.6,8.7,106.87583967320646,0.9569360814894776,-0.29029870124332935,24
2021-07-23,18.337500000000002,0.0,3.2624999999999997,5.3,10.1,100.7680921730703,0.9823914504269726,-0.1868342530907783,24
2021-07-24,17.5,0.0,3.391666666666667,5.1,10.8,93.25771201176067,0.9983840306643155,-0.05682717056545338,24
2021-07-25,18.179166666666667,0.0,2.5916666666666663,4.2,9.5,84.98074939424879,0.996165358714737,0.0874904457454601,24
2021-07-26,19.116666666666667,0.0,2.154166666666667,3.7,7.5,99.7847337278728,0.9854532152655985,-0.1699469344315869,24
2021-07-27,19.579166666666666,0.0,1.75,3.0,8.1,47.297848947790484,0.7348891345219168,0.6781872602472181,24
2021-07-28,20.883333333333333,0.0,1.7958333333333334,3.1,10.0,310.1129480993984,-0.764775817842299,0.6442964755790945,24
2021-07-29,17.0,0.0,2.775,4.9,11.6,191.675116832326,-0.20236200643387886,-0.9793107874173831,24
2021-07-30,17.083333333333332,0.0,1.8125,2.9,6.4,150.78296461370854,0.4881191778883852,-0.8727769865077601,24
2021-07-31,19.099999999999998,0.0,2.370833333333333,3.9,8.3,118.27478199201948,0.8806859321091253,-0.4737006322405335,24
2021-08-01,19.291666666666668,0.0,2.9416666666666664,4.3,8.8,103.83721249969068,0.9709791522328394,-0.23916414014060838,24
2021-08-02,18.295833333333334,0.0,2.8208333333333333,4.5,8.3,109.00309919827082,0.9455009638393845,-0.32561929822846003,24
2021-08-03,18.837500000000002,0.0,1.7833333333333332,3.3,6.2,124.08531662398144,0.8282039842101279,-0.560426766436499,24
2021-08-04,19.529166666666665,0.0,2.0124999999999997,3.4,6.9,112.77833026272414,0.9220096472497011,-0.38716690248325947,24
2021-08-05,18.63478260869565,0.0,3.7291666666666665,4.9,9.7,98.36231026171727,0.989368213801055,-0.14543224374295355,24
2021-08-06,17.508333333333333,0.0,3.470833333333333,5.5,10.9,100.22083258037739,0.9841311554124745,-0.17744257929400126,24
2021-08-07,17.095833333333335,0.0,3.033333333333333,4.3,9.5,99.77128613460683,0.985493075480411,-0.16971563917376906,24
2021-08-08,17.920833333333334,0.0,2.470833333333333,3.7,8.3,99.57496260587752,0.9860688183620334,-0.1663378653647542,24
2021-08-09,19.133333333333333,0.0,2.2875,3.5,6.7,102.67879585064836,0.9756158383106246,-0.2194851613149673,24
2021-08-10,20.720833333333335,0.0,1.6375,2.8,5.7,94.26632716973566,0.9972290264414866,-0.07439266645688103,24
2021-08-11,20.408333333333335,0.0,1.5833333333333333,3.0,7.1,135.8242274713739,0.6968618954991316,-0.7172053392169899,24
2021-08-12,21.229166666666668,0.0,2.0,4.5,8.1,118.26092346738756,0.8808004835790105,-0.4734876008165169,24
2021-08-13,21.629166666666666,0.0,2.8208333333333333,4.3,8.3,101.42815614435139,0.9801739240012949,-0.19813903882855582,24
2021-08-14,21.566666666666666,0.0,2.8125,4.1,9.0,99.4383816884215,0.9864625303418453,-0.16398681724932676,24
2021-08-15,22.925,0.0,2.7624999999999997,3.9,10.5,96.24886678970164,0.9940584912242496,-0.10884721413508207,24
2021-08-16,22.258333333333336,0.0,2.2291666666666665,3.8,8.1,81.77028455771853,0.9897021258235044,0.1431422444299247,24
2021-08-17,22.875,0.0,2.6458333333333335,4.3,9.0,81.34993749485466,0.9886253462954967,0.1503992176246583,24
2021-08-18,22.28333333333333,0.0,3.5583333333333336,6.1,11.2,89.5696892485273,0.9999717975334629,0.0075102688164315045,24
2021-08-19,20.608333333333334,0.0,3.4333333333333336,5.0,10.1,95.98876952705504,0.99454236475494,-0.1043335262878229,24
2021-08-20,20.466666666666665,0.0,3.0833333333333335,4.6,9.5,78.75530059071073,0.9808033245503035,0.19499958602795012,24
2021-08-21,20.254166666666666,0.0,2.5,4.0,7.9,100.44972551494543,0.9834144325524078,-0.18137269322482344,24
2021-08-22,21.495833333333334,0.0,2.6374999999999997,4.6,8.7,94.26477508423025,0.997231041298712,-0.07436565249015646,24
2021-08-23,22.5625,0.0,2.0416666666666665,3.2,6.6,94.6018470864375,0.9967762925062224,-0.08023105818540378,24
2021-08-24,23.175,0.0,2.4625,4.0,8.1,96.50552210199483,0.9935609406651628,-0.11329897256620224,24
2021-08-25,22.608333333333334,0.0,1.9583333333333333,3.4,7.0,107.60065115494997,0.9531872313587161,-0.30238072355013845,24
2021-08-26,23.34583333333333,0.0,1.6166666666666665,2.9,6.6,102.91766364521987,0.9746923223677078,-0.2235506133237943,24
2021-08-27,24.558333333333334,0.0,2.629166666666667,4.3,9.1,89.66218952762942,0.99998261920252,0.005895870832034086,24
2021-08-28,23.129166666666666,0.0,3.25,4.4,11.2,96.65347528487936,0.9932650598424183,-0.11586423475877781,24
2021-08-29,21.7625,0.0,3.025,4.1,8.3,110.03690526246754,0.9394721244199123,-0.3426253455860157,24
2021-08-30,21.375,2.6,3.033333333333333,4.4,8.8,104.17968396990582,0.9695322704393656,-0.2449636229661226,24
2021-08-31,21.104166666666668,0.2,3.1333333333333333,6.2,10.9,102.22211670288499,0.9773342481355016,-0.21170207231251587,24
2021-09-01,20.358333333333334,0.0,3.1916666666666664,5.3,9.0,110.66006858620067,0.935690152494018,-0.35282281463323945,24
2021-09-02,21.220833333333335,0.0,2.8791666666666664,4.4,8.9,95.74865600878002,0.9949708680957441,-0.10016472253643735,24
2021-09-03,22.416666666666668,0.0,2.1708333333333334,3.8,10.1,117.95693410233646,0.883300217816394,-0.4688077699926815,24
2021-09-04,22.52916666666667,0.0,1.741666666666667,4.5,8.0,119.09154341503283,0.8738439943105386,-0.48620641049599844,24
2021-09-05,24.191666666666666,0.0,1.4666666666666668,2.9,7.1,72.45188669414375,0.9534641011530316,0.3015065634649463,24
2021-09-06,25.070833333333336,0.0,1.2541666666666667,3.1,6.5,162.8700450504335,0.29453998555696964,-0.955639156223781,24
2021-09-07,26.604166666666668,0.0,1.95,5.1,8.2,96.159639800427,0.9942267940446088,-0.1072990307681259,24
2021-09-08,26.808333333333334,0.0,2.5375,4.1,9.3,65.6099867344634,0.9107556516516835,0.4129456901149561,24
2021-09-09,26.22083333333333,0.0,2.0749999999999997,3.4,8.3,28.988683372490673,0.4846368625445517,0.8747154459954238,24
2021-09-10,25.791666666666668,0.0,1.875,3.6,9.2,26.740867739888294,0.4499561051865958,0.8930506723614898,24
2021-09-11,25.666666666666668,0.0,2.0083333333333333,3.3,8.1,114.45087190147855,0.910316513831891,-0.4139128466778394,24
2021-09-12,27.066666666666666,0.0,2.8625000000000003,4.3,9.2,85.54221908607026,0.9969748766127862,0.07772448393472758,24
2021-09-13,26.554166666666664,0.0,2.725,4.0,8.1,73.5870772225962,0.9592502694322886,0.2825578181436175,24
2021-09-14,24.925,0.0,1.6416666666666666,4.1,8.7,35.80463804246263,0.5850233279663771,0.811016464527783,24
2021-09-15,25.59166666666667,0.0,1.5374999999999999,3.5,9.1,42.58595065773285,0.6766954529705703,0.7362630399041871,24
2021-09-16,26.191666666666666,0.0,2.379166666666667,4.8,9.0,84.3716750037731,0.9951790368528403,0.09807489285568001,24
2021-09-17,24.766666666666666,0.0,3.4916666666666667,5.6,10.2,89.44179529019777,0.9999525421239901,0.009742355966088877,24
2021-09-18,23.900000000000002,0.0,2.8708333333333336,4.9,9.2,89.64808019566532,0.9999811369989391,0.00614212066871344,24
2021-09-19,25.587500000000002,0.0,2.654166666666667,4.5,10.5,72.85876245976273,0.9555811373662797,0.29472816273604946,24
2021-09-20,26.945833333333336,0.0,2.120833333333333,4.3,9.0,62.88911884762541,0.8901262751432267,0.45571396105412937,24
2021-09-21,26.933333333333334,0.0,1.5958333333333332,3.4,7.3,56.518559094992526,0.8340645602630551,0.5516668463059899,24
2021-09-22,27.4875,0.0,1.8333333333333333,3.5,8.9,296.9441949755361,-0.8914482798061749,0.453122460743905,24
2021-09-23,25.820833333333336,0.0,3.108333333333333,5.8,10.7,111.44881260194568,0.9307446246646586,-0.3656698560967854,24
2021-09-24,25.025000000000002,1.0,2.9625,4.2,12.2,26.035932206523604,0.43893472603079076,0.8985189515443036,24
2021-09-25,21.604166666666668,4.8,1.8541666666666667,4.0,9.4,156.24608067793787,0.4028093008662674,-0.9152839270606847,24
2021-09-26,22.333333333333332,0.0,1.9833333333333334,4.0,7.6,62.609434770604764,0.887891153190571,0.46005358392900053,24
2021-09-27,23.858333333333334,0.0,2.1041666666666665,3.5,7.4,143.41341647825584,0.596036869500814,-0.8029570662218931,24
2021-09-28,24.46666666666667,0.0,2.3625000000000003,3.9,7.7,103.808107598594,0.9711005166794816,-0.2386708748566608,24
2021-09-29,25.650000000000002,6.8,2.1,3.7,13.4,61.46039842736464,0.8784871012138158,0.4777660651416621,24
2021-09-30,23.941666666666666,0.0,1.5458333333333334,3.3,7.2,317.64398399161956,-0.6737353022851867,0.738972761645981,24
2021-10-01,23.912499999999998,0.0,1.8499999999999999,3.6,9.7,303.68912567647783,-0.8320594125951896,0.5546865185956371,24
2021-10-02,21.45,7.8,2.0749999999999997,3.6,7.8,71.93862148691015,0.9507249339835048,0.3100356429542584,24
2021-10-03,23.266666666666666,0.0,1.8041666666666665,3.3,8.1,332.84220311007425,-0.45644267393664956,0.8897528226477067,24
2021-10-04,25.474999999999998,1.0,1.9375,3.1,7.0,83.57651053969235,0.993722136906324,0.11187633629293048,24
2021-10-05,25.358333333333334,0.0,2.558333333333333,4.6,9.3,130.68684517587494,0.758284034743034,-0.6519243227966152,24
2021-10-06,26.25,0.0,2.0749999999999997,4.6,10.3,93.50572946931796,0.9981286886931876,-0.061148350816828304,24
2021-10-07,26.537499999999998,0.0,1.8583333333333334,3.3,7.3,35.144600683528466,0.5756419490496545,0.8177018689561097,24
2021-10-08,26.379166666666666,0.0,2.9499999999999997,4.4,9.5,101.13494255002091,0.9811750695754563,-0.19312038432956374,24
2021-10-09,25.71666666666667,0.0,1.9291666666666665,3.3,8.8,149.91662365198712,0.5012597032180146,-0.8652968912054336,24
2021-10-10,22.175,56.4,2.4291666666666667,5.0,11.0,94.4505307957518,0.9969847037654227,-0.07759832767381326,24
2021-10-11,21.099999999999998,4.2,2.25,3.5,7.5,336.88167400018426,-0.39263130054858825,0.9196959616251036,24
2021-10-12,23.041666666666668,0.0,1.9958333333333333,3.5,6.9,285.52218011096846,-0.9635269287651681,0.26761139277759244,24
2021-10-13,22.325,18.8,1.825,4.2,11.4,61.285551334070675,0.8770250345951328,0.48044467807793023,24
2021-10-14,21.8875,26.599999999999998,2.6625,5.6,12.6,350.7029143025542,-0.16155362529250553,0.9868639349752572,24
2021-10-15,22.808333333333334,0.2,2.858333333333333,4.4,9.6,15.523056448802285,0.26762612987193446,0.9635228355414159,24
2021-10-16,22.733333333333334,0.0,1.9458333333333335,3.9,10.9,338.5506068688246,-0.36567928651887155,0.9307409195963446,24
2021-10-17,23.2625,0.0,1.6583333333333332,4.7,8.4,70.93392884530223,0.9451425151092763,0.3266582711839872,24
2021-10-18,21.858333333333334,0.0,2.1750000000000003,3.7,7.7,328.001955761541,-0.5298903162451751,0.8480661841799779,24
2021-10-19,21.5125,2.2,2.025,3.5,8.0,294.9358940258596,-0.9067800704611946,0.4216039656056274,24
2021-10-20,22.829166666666666,0.2,1.9666666666666668,3.9,9.2,313.0385173705802,-0.7308950596307936,0.6824898620545939,24
2021-10-21,21.870833333333334,11.4,1.4916666666666665,4.1,10.9,199.12625134011705,-0.3276508140524326,-0.9447988907967548,24
2021-10-22,21.337500000000002,4.2,1.8625,3.4,6.5,48.69951584288443,0.7512585563729907,0.6600080162212956,24
2021-10-23,22.150000000000002,0.2,2.0708333333333333,4.0,8.0,349.2944468972704,-0.18576184927325587,0.9825947971338849,24
2021-10-24,23.02916666666667,0.0,3.2375000000000003,4.7,9.6,313.8980857534885,-0.7205742777669172,0.6933777543451229,24
2021-10-25,22.245833333333334,3.8000000000000003,1.8416666666666668,3.2,7.4,64.03000217447752,0.8990234702987601,0.4379004451379039,24
2021-10-26,22.266666666666666,0.8,2.225,4.2,7.9,119.09370267569075,0.8738256704141412,-0.48623934201715585,24
2021-10-27,23.8125,0.0,3.4416666666666664,4.6,8.8,97.44389650573709,0.9915721960807146,-0.12955531621538785,24
2021-10-28,24.491666666666664,0.0,3.283333333333333,4.5,9.4,93.15528522025944,0.9984840243508415,-0.05504228480130573,24
2021-10-29,24.25,0.0,2.7083333333333335,4.2,7.9,101.40270535711387,0.9802618406654319,-0.1977036260042276,24
2021-10-30,23.28333333333333,10.200000000000001,2.529166666666667,4.0,10.2,78.59498882501462,0.9802538834643981,0.197743075613196,24
2021-10-31,19.420833333333334,9.799999999999999,1.9583333333333333,4.0,7.5,60.36972370077487,0.869233798815493,0.4944012570744407,24
2021-11-01,20.879166666666666,0.0,2.658333333333333,5.9,11.2,334.52626225640176,-0.4300973400411686,0.9027825198183178,24
2021-11-02,21.337500000000002,0.0,2.9458333333333333,4.0,10.0,309.9416307003291,-0.7666988766709858,0.6420068788661446,24
2021-11-03,21.5,0.0,2.783333333333333,5.2,11.2,317.47645403499035,-0.6758931380831278,0.7369996376472256,24
2021-11-04,20.866666666666667,4.2,2.283333333333333,3.8,11.4,312.70495581295376,-0.7348559348086021,0.6782232339551452,24
2021-11-05,20.45,36.2,1.7874999999999999,4.9,9.2,314.47345157114967,-0.7135751441357626,0.700578699127818,24
2021-11-06,23.016666666666666,0.0,1.4291666666666665,2.2,6.0,306.9957240960644,-0.7986804204372252,0.6017554204244588,24
2021-11-07,21.75,0.0,1.8499999999999999,3.4,8.9,346.24712442361795,-0.2377346420104599,0.9713301395448194,24
2021-11-08,20.504166666666666,39.2,1.2208333333333334,3.6,10.9,358.10802974027416,-0.03301510970723487,0.9994548526727054,24
2021-11-09,21.395833333333332,0.0,2.216666666666667,4.1,7.9,68.89593059687544,0.9329279638851595,0.3600630697545785,24
2021-11-10,21.070833333333333,2.8,2.595833333333333,6.4,10.3,6.430922157975223,0.11200524600173072,0.9937076153819552,24
2021-11-11,20.474999999999998,26.0,2.345833333333333,4.2,7.9,337.5139099938596,-0.38245912605896254,0.923972411327424,24
2021-11-12,20.045833333333334,20.8,1.3833333333333335,5.9,12.7,29.24318111611318,0.48851740056372084,0.8725541526727526,24
2021-11-13,20.283333333333335,7.8,1.6125,2.8,6.0,261.1806341009501,-0.9881766159844503,-0.15331984744813762,24
2021-11-14,19.391666666666666,31.599999999999998,2.433333333333333,4.4,7.5,101.76503097657738,0.9789920154117998,-0.20389858694935128,24
2021-11-15,18.67083333333333,2.8000000000000003,3.0749999999999997,3.9,8.1,84.25901409552526,0.9949842680889504,0.10003152630793824,24
2021-11-16,19.333333333333332,7.8,2.85,4.1,8.1,74.42613537141305,0.9632851339044578,0.2684804477027533,24
2021-11-17,21.220833333333335,0.6000000000000001,2.4166666666666665,4.7,8.0,85.15239388482392,0.9964229887489913,0.08450578378151233,24
2021-11-18,19.6875,29.0,2.1083333333333334,5.7,10.5,357.32656323568074,-0.04664334441274065,0.9989116069112394,24
2021-11-19,21.525000000000002,3.0,1.6708333333333334,3.2,6.6,326.6407432805813,-0.549886936970324,0.8352391014250918,24
2021-11-20,21.495833333333334,27.6,1.3291666666666666,2.9,5.3,329.9488710649464,-0.5007726143996196,0.8655788748966613,24
2021-11-21,21.104166666666668,20.599999999999998,0.9083333333333333,2.2,7.5,83.71665935487886,0.9939928198526079,0.10944530177883782,24
2021-11-22,22.34583333333333,15.8,1.4541666666666666,3.9,8.4,3.5114997584486893,0.06124887258989978,0.9981225253476981,24
2021-11-23,22.15833333333333,11.8,1.7083333333333333,2.9,6.6,295.39866256244744,-0.9033453051165427,0.4289140470116366,24
2021-11-24,23.379166666666666,1.4,2.0749999999999997,4.9,9.1,68.80413383399208,0.9323498896450239,0.3615573028980495,24
2021-11-25,24.05,0.0,2.4583333333333335,4.5,9.5,74.42599053425924,0.9632844552136262,0.2684828827761416,24
2021-11-26,24.020833333333332,0.0,2.441666666666667,4.4,12.8,354.9594936119961,-0.08786000051357681,0.9961328326632719,24
2021-11-27,22.84166666666667,2.4,3.0666666666666664,5.5,13.1,301.6884678555575,-0.8509168559131294,0.5253003943677508,24
2021-11-28,22.495833333333334,0.4,3.4583333333333335,5.3,11.5,312.07212810717147,-0.7423018864238294,0.6700656008269819,24
2021-11-29,20.745833333333334,48.4,2.066666666666667,4.9,12.7,307.0874315837106,-0.7977162294873177,0.603033015026986,24
2021-11-30,20.925,1.5999999999999999,1.7708333333333333,2.9,7.3,327.35567402205095,-0.5394223737482343,0.8420353334034268,24
2021-12-01,22.07083333333333,37.400000000000006,2.2708333333333335,4.2,10.9,311.6160458579696,-0.7476121266134295,0.6641356097519131,24
2021-12-02,21.575,1.0,1.6458333333333333,2.4,4.9,315.31018298905025,-0.70326836366684,0.7109244746563206,24
2021-12-03,21.641666666666666,7.6000000000000005,1.4124999999999999,2.8,6.4,350.73414724279746,-0.16101564437452895,0.9869518540773178,24
2021-12-04,21.25,66.2,2.220833333333333,4.6,12.0,61.23223706682223,0.8765775966364896,0.48126055009214685,24
2021-12-05,20.758333333333333,0.0,2.5500000000000003,4.5,9.1,14.254087560931811,0.24622243868928534,0.9692133463205617,24
2021-12-06,21.241666666666667,22.0,1.9000000000000001,4.6,11.6,318.1174910043787,-0.6676053041901604,0.7445153845402818,24
2021-12-07,21.929166666666664,10.4,1.9833333333333334,3.6,10.4,304.42555858605505,-0.8248613948761601,0.5653350150512132,24
2021-12-08,20.308333333333334,8.6,1.3833333333333335,3.2,6.5,336.0478256847353,-0.405973950762653,0.9138846487944543,24
2021-12-09,20.791666666666668,0.2,1.6624999999999999,3.5,7.3,16.28511840492055,0.28041740650980723,0.9598781579587659,24
2021-12-10,22.287499999999998,0.0,1.3333333333333333,3.1,6.5,276.7598303797196,-0.9930482761542052,0.11770777895772844,24
2021-12-11,22.0125,10.2,2.4375,3.6,8.6,15.638890460614743,0.2695735211827461,0.96297981114722,24
2021-12-12,21.400000000000002,8.4,2.858333333333333,6.1,12.5,342.9497974363208,-0.29320950663982326,0.9560482128093915,24
2021-12-13,21.65416666666667,35.0,2.3833333333333333,5.4,9.7,336.0653235518986,-0.40569483567267917,0.9140085887498639,24
2021-12-14,21.316666666666666,2.6,2.566666666666667,4.6,10.8,337.45153903568325,-0.383464715826119,0.9235555271430049,24
2021-12-15,21.066666666666666,1.4,2.0416666666666665,6.3,12.4,8.081123201038993,0.1405750488309019,0.9900700256275762,24
2021-12-16,21.054166666666667,1.6,1.9833333333333334,5.8,10.5,354.60248571683275,-0.09406512182643537,0.9955660464558732,24
2021-12-17,21.191666666666666,6.2,2.1708333333333334,6.5,11.3,3.8534654888180793,0.0672049686691243,0.9977391904632102,24
2021-12-18,21.116666666666667,7.0,1.6541666666666668,3.5,6.5,64.27244364177994,0.9008683491336402,0.4340924066707796,24
2021-12-19,21.520833333333332,55.8,1.5416666666666667,3.5,7.8,280.05607806455134,-0.9846373237339108,0.1746119718407699,24
2021-12-20,20.958333333333332,20.4,1.7375,3.1,7.8,318.56512206674,-0.6617683614589512,0.7497083671481429,24
2021-12-21,21.4375,17.4,1.7249999999999999,3.7,7.8,28.694173706525664,0.48013429971759963,0.8771949921395414,24
2021-12-22,22.258333333333336,7.4,2.3375,4.6,8.2,329.33935121269747,-0.5099522439316075,0.8602027138466364,24
2021-12-23,21.820833333333336,2.0,2.533333333333333,3.5,8.6,308.2401888878106,-0.7854229306688836,0.6189594655383355,24
2021-12-24,19.116666666666667,21.4,1.8583333333333334,3.3,7.8,118.75449827531659,0.8766889907144381,-0.48105759900463047,24
2021-12-25,20.316666666666666,0.0,2.2666666666666666,3.7,7.6,98.92233304603586,0.98789948690272,-0.1550954666563225,24
2021-12-26,21.962500000000002,0.0,2.4041666666666663,4.3,8.4,74.87284555063754,0.9653490603679955,0.2609620502039106,24
2021-12-27,22.016666666666666,0.0,2.025,4.0,7.5,39.64337096238974,0.6380070594711115,0.7700305137233365,24
2021-12-28,20.958333333333332,1.2,3.108333333333333,4.5,9.2,340.09548667297236,-0.34045361792523116,0.9402613115733417,24
2021-12-29,21.0125,0.8,2.4916666666666667,5.7,9.9,347.24180828968747,-0.2208368797161496,0.975310756916602,24
2021-12-30,19.791666666666668,25.2,2.3375,4.6,8.5,328.72007423829484,-0.5192197104765492,0.8546407972081888,24
2021-12-31,19.133333333333333,13.6,2.85,5.2,10.3,342.9128508222414,-0.293825943826023,0.9558589408143582,24
2022-01-01,19.325,25.8,3.1208333333333336,4.9,10.0,350.94016041831003,-0.15746591899041626,0.9875244221569934,24
2022-01-02,19.974999999999998,3.8000000000000003,3.016666666666667,4.5,9.2,346.77966387143834,-0.22869641041700356,0.9734977924280966,24
2022-01-03,21.166666666666668,12.200000000000001,2.2875,3.6,8.8,324.7259505925663,-0.5774879174086512,0.8163992315325994,24
2022-01-04,20.916666666666668,3.2,2.629166666666667,4.6,9.6,324.2191644781643,-0.584686355013248,0.8112594321555358,24
2022-01-05,22.141666666666666,0.0,2.6666666666666665,3.7,8.6,326.8864774154034,-0.5462996588336869,0.8375898057869361,24
2022-01-06,21.1875,3.6,3.0041666666666664,4.9,12.2,331.4034620687097,-0.4786388053862909,0.8780118985403241,24
2022-01-07,19.766666666666666,16.8,2.8541666666666665,3.5,8.6,326.94104494578085,-0.5455017048478052,0.8381097123933943,24
2022-01-08,19.770833333333332,17.2,2.725,4.2,10.6,329.745664729879,-0.5038393374901814,0.863797384805867,24
2022-01-09,19.333333333333332,11.6,3.8625000000000003,5.3,12.3,336.23536323658533,-0.4029805019227843,0.9152085637001331,24
2022-01-10,19.75,3.8,3.0,4.1,10.3,329.2317834842459,-0.5115662983392618,0.8592438084754905,24
2022-01-11,19.116666666666667,20.599999999999998,2.9791666666666665,5.0,9.7,334.8218705362625,-0.42543387642613856,0.904989511977365,24
2022-01-12,19.533333333333335,3.8,2.625,5.0,8.7,345.5355411521356,-0.24977940413821703,0.9683027673555195,24
2022-01-13,20.454166666666666,0.2,2.279166666666667,4.2,10.4,1.9265660642870268,0.03361858518330028,0.9994347356032175,24
2022-01-14,22.5,0.0,2.216666666666667,4.3,9.2,112.24792600991196,0.9255542097170723,-0.3786151144302165,24
2022-01-15,22.825,0.0,2.8000000000000003,4.5,9.2,91.6208095928572,0.9995999080856353,-0.028284691180731847,24
2022-01-16,22.86666666666667,0.0,2.0749999999999997,3.3,7.9,47.67892810472099,0.739383528491787,0.6732844850395966,24
2022-01-17,23.133333333333336,0.0,2.2333333333333334,4.1,12.1,93.54720392398842,0.9980841639972516,-0.06187084594465632,24
2022-01-18,23.320833333333336,0.0,2.1999999999999997,3.8,8.0,108.32013476575273,0.9493150764324918,-0.3143260817335593,24
2022-01-19,22.995833333333334,2.0,1.8625,3.5,8.4,102.60975129426988,0.9758796215287464,-0.21830933164871952,24
2022-01-20,23.6375,0.0,1.9708333333333332,3.5,9.0,98.64830447662122,0.9886299605873772,-0.1503688831806662,24
2022-01-21,22.079166666666666,5.0,1.7041666666666666,4.2,10.6,85.2634911870102,0.9965849733577872,0.08257354829156023,24
2022-01-22,22.333333333333332,0.0,1.6958333333333335,3.5,7.4,97.5150590502985,0.9914105209294938,-0.13078676917146415,24
2022-01-23,24.295833333333334,0.0,2.3666666666666667,3.7,8.7,85.662795269046,0.997136236232184,0.07562622820631884,24
2022-01-24,24.583333333333332,0.0,2.058333333333333,3.3,7.4,76.25160656342847,0.9713487341013971,0.23765865597451585,24
2022-01-25,22.445833333333336,0.0,1.9791666666666667,3.7,8.0,355.20360757008575,-0.08361510001402152,0.9964981259639404,24
2022-01-26,20.470833333333335,0.0,1.8666666666666665,3.7,6.5,340.3652266537947,-0.3360232514428371,0.9418536905962538,24
2022-01-27,20.516666666666666,1.2,2.091666666666667,4.3,8.4,332.97048118818543,-0.4544494864363925,0.8907725098349741,24
2022-01-28,20.691666666666666,2.0,2.8000000000000003,5.0,9.6,346.9699392836275,-0.22546223487311912,0.9742519082075326,24
2022-01-29,21.537499999999998,0.0,3.420833333333333,5.6,10.7,342.10653646772283,-0.3072480551666891,0.9516294618160406,24
2022-01-30,21.679166666666664,0.0,3.3833333333333333,6.0,10.8,353.70430173351133,-0.109659684776439,0.9939691914414309,24
2022-01-31,20.775000000000002,0.8,2.6333333333333333,4.6,9.1,331.3630966122476,-0.4792572548200656,0.8776744747925251,24
2022-02-01,21.645833333333332,0.0,2.8000000000000003,4.5,12.1,339.4076020747106,-0.35171744777409913,0.9361062102834666,24
2022-02-02,21.979166666666668,0.0,1.5541666666666665,4.1,7.5,80.47683807557345,0.9862188001511308,0.16544630013531178,24
2022-02-03,21.229166666666668,49.0,1.8583333333333334,3.4,8.9,104.71409801812537,0.9672052846188728,-0.25399593974180995,24
2022-02-04,21.3875,13.4,1.7625000000000002,3.2,8.1,156.7579643958765,0.3946161360622354,-0.9188460726146199,24
2022-02-05,22.241666666666664,0.2,1.0875000000000001,3.3,6.7,322.04608985707074,-0.61502738478004,0.7885057488507137,24
2022-02-06,20.125,12.4,2.4291666666666667,5.2,9.8,119.6073342485827,0.8694316944709575,-0.4940531637884325,24
2022-02-07,21.154166666666665,0.0,1.7375,4.2,8.2,328.28862559888705,-0.5256405443760462,0.8507067756330932,24
2022-02-08,20.55,10.6,1.3708333333333333,2.9,7.1,302.5449376670896,-0.8429697768635694,0.5379609235758525,24
2022-02-09,21.429166666666664,4.6000000000000005,2.341666666666667,5.1,9.4,326.6756639320182,-0.5493777730543239,0.8355740915525516,24
2022-02-10,20.358333333333334,0.6000000000000001,3.4333333333333336,4.9,10.4,329.45708439162723,-0.5081835968533629,0.8612487630697525,24
2022-02-11,21.066666666666666,6.0,2.341666666666667,3.7,12.9,326.3549693495295,-0.5540459986487913,0.8324860547668432,24
2022-02-12,21.283333333333335,0.2,2.2291666666666665,4.2,7.9,328.46661638914384,-0.5229952701363971,0.8523355838019183,24
2022-02-13,20.508333333333333,12.200000000000001,2.3125,4.1,8.7,327.0549901565039,-0.5438338624283249,0.8391929039716017,24
2022-02-14,21.604166666666668,0.0,2.2583333333333333,3.8,7.4,334.7848278483341,-0.42601887845807435,0.9047142726835499,24
2022-02-15,20.8875,9.200000000000001,1.6125,3.8,9.5,334.28540379261443,-0.43388862157581315,0.9009665166181487,24
2022-02-16,21.241666666666667,12.2,1.7083333333333333,3.9,11.5,51.574341337987136,0.7834152112990186,0.6214986779594259,24
2022-02-17,19.675,58.800000000000004,1.75,4.4,7.2,324.0382857422661,-0.5872445260339375,0.8094095790409056,24
2022-02-18,20.4875,0.2,2.2416666666666667,4.3,8.7,317.8768958824046,-0.6707257609501474,0.74170543586915,24
2022-02-19,19.433333333333334,6.2,2.2583333333333333,3.8,10.6,309.3778211760767,-0.7729792156544633,0.6344313455104584,24
2022-02-20,19.670833333333334,12.0,1.6291666666666667,3.2,7.0,332.902076536534,-0.45551264348618553,0.8902293140670146,24
2022-02-21,20.645833333333332,27.2,1.4375,3.5,7.9,112.55208760023245,0.9235312532274611,-0.38352317310967676,24
2022-02-22,21.150000000000002,0.8,2.1958333333333333,3.6,8.2,107.806433713776,0.9520950603701068,-0.30580221715815364,24
2022-02-23,22.45,0.0,1.9541666666666666,3.5,7.6,65.9028175872981,0.9128542562595887,0.40828557019413864,24
2022-02-24,21.1375,0.0,1.5791666666666666,3.8,8.8,359.3511257121892,-0.01132475067335707,0.9999358729549542,24
2022-02-25,22.795833333333334,0.0,2.0541666666666667,3.7,8.3,115.55140182980092,0.9021986962567091,-0.4313206608460744,24
2022-02-26,23.287499999999998,0.0,2.8958333333333335,4.6,8.6,103.61239286390813,0.971910117478704,-0.23535233914820494,24
2022-02-27,23.733333333333334,0.0,2.4208333333333334,3.9,8.3,83.95098419535968,0.9944321086947432,0.10537922564208993,24
2022-02-28,23.708333333333332,0.0,2.470833333333333,3.2,7.2,81.10564323555944,0.9879750988737424,0.15461307837766838,24
2022-03-01,23.441666666666666,0.0,2.2416666666666667,3.3,8.7,80.99461318494369,0.9876736286277338,0.1565273244942407,24
2022-03-02,21.099999999999998,52.2,2.558333333333333,8.1,21.0,40.22491086465633,0.6457897073541896,0.7635153265491074,24
2022-03-03,19.9375,0.2,1.6541666666666668,4.8,8.1,33.52874863804969,0.5523553250233166,0.8336087780958082,24
2022-03-04,20.354166666666668,1.6,1.7999999999999998,4.0,9.3,100.66723523335577,0.9827188098943347,-0.18510467492708677,24
2022-03-05,21.525000000000002,0.0,1.95,3.7,9.9,107.02019036636348,0.9562016682008436,-0.2927086772371532,24
2022-03-06,21.724999999999998,1.2,2.7583333333333333,4.5,8.2,72.13130066376328,0.9517621706824836,0.3068367162804458,24
2022-03-07,21.854166666666668,1.8,2.3291666666666666,4.1,9.3,78.31137376043196,0.9792630465462215,0.20259290626528056,24
2022-03-08,21.945833333333336,0.0,2.2375000000000003,4.2,9.3,97.094900227421,0.9923429354529683,-0.1235131509459054,24
2022-03-09,22.224999999999998,0.0,1.9958333333333333,3.3,7.2,87.2945975511216,0.9988854288297994,0.04720063634642929,24
2022-03-10,22.979166666666668,0.0,1.7416666666666665,3.2,6.3,72.71787709313935,0.9548535381913574,0.29707696074156587,24
2022-03-11,22.804166666666664,9.8,1.675,3.4,9.7,53.039617473652896,0.7990514473175456,0.6012626585276486,24
2022-03-12,21.183333333333334,15.0,1.8208333333333335,4.3,9.6,350.54432691619957,-0.1642845160615286,0.9864129955462009,24
2022-03-13,21.141666666666666,0.4,1.5333333333333332,3.2,9.5,168.3089168644546,0.20263489778346142,-0.979254358274849,24
2022-03-14,21.233333333333334,2.8,1.3833333333333335,3.5,7.0,40.62909234599851,0.6511596588507139,0.7589407741618722,24
2022-03-15,20.833333333333332,27.599999999999998,1.2833333333333334,2.6,9.0,71.1382424322646,0.9463013488118538,0.3232858754057565,24
2022-03-16,22.004166666666666,2.0,1.8083333333333333,3.4,7.8,6.216640072016109,0.10828807649105124,0.9941195564366835,24
2022-03-17,22.608333333333334,0.0,2.254166666666667,3.7,9.2,27.234976622094162,0.4576407924981597,0.8891371688562212,24
2022-03-18,21.920833333333334,7.0,1.625,4.6,14.0,107.38673102407319,0.9543095569815602,-0.2988197942801955,24
2022-03-19,22.349999999999998,0.0,1.7291666666666667,3.7,8.3,104.57181167855288,0.9678330661989891,-0.2515932351472574,24
2022-03-20,22.8125,0.0,1.825,3.3,6.4,101.85475057621366,0.9786715299834846,-0.20543134230147408,24
2022-03-21,21.979166666666668,0.0,2.3000000000000003,4.7,8.5,106.30909617080437,0.9597607217580166,-0.28081908227634933,24
2022-03-22,21.96666666666667,0.0,3.233333333333333,5.3,11.1,103.94187031125634,0.97054066979974,-0.2409373534026473,24
2022-03-23,21.724999999999998,0.0,2.9791666666666665,4.9,8.4,86.41735925710046,0.9980457066537693,0.062488138314228545,24
2022-03-24,22.416666666666668,0.0,2.091666666666667,3.6,6.5,70.316676200008,0.941568618057904,0.33682122481893667,24
2022-03-25,22.370833333333334,0.0,1.5416666666666667,3.3,7.2,18.337766460594757,0.31461820064486634,0.9492183035650897,24
2022-03-26,22.95,0.0,1.5083333333333335,3.1,7.4,88.06721552426039,0.999431081032963,0.03372705539004312,24
2022-03-27,23.3625,0.0,1.6083333333333334,3.2,8.4,91.63057615914,0.9995950721906102,-0.028455081308070555,24
2022-03-28,23.537499999999998,0.0,2.15,3.8,7.6,118.58188205623237,0.8781343024020855,-0.47841420019142705,24
2022-03-29,24.125,0.0,2.6166666666666667,3.7,8.9,89.16557795977843,0.9998939553904387,0.014562897158990713,24
2022-03-30,23.400000000000002,0.0,1.7916666666666667,2.9,6.9,82.02631304264754,0.9903318794501884,0.13871830645108613,24
2022-03-31,22.97083333333333,0.0,1.8541666666666667,3.8,7.8,98.38924136192973,0.989299746067028,-0.14589726670405412,24
2022-04-01,22.495833333333334,0.0,1.6541666666666668,3.2,7.1,125.99596484998885,0.8090583881168855,-0.5877282744752944,24
2022-04-02,23.129166666666666,0.0,2.6666666666666665,5.0,8.4,103.97963125937616,0.9703816685786767,-0.24157693864784172,24
2022-04-03,23.133333333333336,0.0,2.7875,5.1,9.6,93.5831963164376,0.99804510068515,-0.06249781594879029,24
2022-04-04,23.233333333333334,0.0,2.4458333333333333,4.6,9.0,99.36353389957137,0.9866759111662698,-0.16269802188167892,24
2022-04-05,23.245833333333334,0.0,2.2291666666666665,4.2,7.6,101.29292447288881,0.9806388487025106,-0.19582504542426232,24
2022-04-06,22.670833333333334,0.0,1.7375,3.4,7.2,121.40715301478792,0.8534857458747309,-0.5211161881851821,24
2022-04-07,23.65416666666667,0.0,1.95,3.5,6.3,90.08537851761707,0.9999988897471943,-0.0014901356914137523,24
2022-04-08,22.058333333333334,1.0,1.6291666666666667,3.7,8.5,51.95073152766947,0.7874810568430243,0.6163388557550088,24
2022-04-09,23.3625,0.0,1.4000000000000001,2.6,6.0,108.03048361315595,0.9508919724753817,-0.3095229501698995,24
2022-04-10,23.545833333333334,0.0,1.7249999999999999,4.0,7.6,173.55901453325635,0.1121797769638398,-0.9936879276917593,24
2022-04-11,22.02916666666667,0.0,1.4875,3.2,8.9,56.57814341520932,0.8346378109855102,0.5507991689112428,24
2022-04-12,22.287499999999998,0.0,1.679166666666667,3.0,9.3,150.81754094068287,0.4875923936577676,-0.8730713932131144,24
2022-04-13,21.099999999999998,20.8,1.1541666666666666,2.6,10.3,243.1043170208256,-0.8918316163222293,-0.45236751444824147,24
2022-04-14,22.495833333333334,0.2,1.5208333333333333,3.2,7.1,170.47920977421083,0.16540547650179213,-0.9862256477820962,24
2022-04-15,22.204166666666666,0.0,1.8041666666666665,3.0,6.1,206.70003374879226,-0.4493195248361729,-0.8933711236664166,24
2022-04-16,22.054166666666664,0.0,1.9625000000000001,3.2,6.3,160.43320514152077,0.3349055543680421,-0.9422517018575421,24
2022-04-17,21.433333333333334,0.0,2.120833333333333,4.0,7.4,124.7631813321118,0.8215157840869179,-0.5701857736703507,24
2022-04-18,21.645833333333332,0.0,2.375,3.1,7.1,98.01124620294942,0.9902407323143297,-0.13936747133237373,24
2022-04-19,21.6375,0.0,2.495833333333333,4.3,8.0,86.94918973509523,0.9985827302249527,0.053221526626727314,24
2022-04-20,21.816666666666666,0.0,2.15,4.0,7.5,104.59818091810665,0.967717172936336,-0.2520386343481999,24
2022-04-21,21.4375,0.0,1.9749999999999999,4.3,8.1,104.61981080550567,0.9676219561826155,-0.252403941952832,24
2022-04-22,22.354166666666668,0.0,1.7666666666666666,3.7,7.1,22.876210524945563,0.3887414361301185,0.9213468922373879,24
2022-04-23,21.170833333333334,1.4,1.4541666666666666,3.4,7.6,11.50159697007101,0.19939524717916932,0.97991914738021,24
2022-04-24,21.741666666666664,0.0,1.9416666666666667,3.8,7.1,95.51009747694319,0.9953792916081888,-0.09602117390232168,24
2022-04-25,23.695833333333336,0.0,3.045833333333333,4.8,10.6,95.50039199431419,0.9953955426064037,-0.09585256261208248,24
2022-04-26,22.525000000000002,0.0,3.125,4.1,9.2,91.59724922112463,0.9996114544103339,-0.0278736472614731,24
2022-04-27,22.229166666666668,0.0,3.0083333333333333,4.2,7.8,88.21629558491898,0.999515453525159,0.031126486541139694,24
2022-04-28,21.7625,0.0,2.766666666666667,4.5,8.0,98.32849949438811,0.9894538624396154,-0.1448483831574471,24
2022-04-29,22.1375,0.0,2.716666666666667,4.6,8.8,104.46547970085898,0.968298316820751,-0.24979665658711386,24
2022-04-30,21.7375,0.0,2.6916666666666664,4.7,8.7,91.59715006557703,0.9996115026467138,-0.02787191734306748,24
2022-05-01,20.479166666666668,0.0,2.0083333333333333,3.9,7.6,100.87429966311278,0.9820434337080711,-0.18865496100251705,24
2022-05-02,22.166666666666668,0.0,1.8708333333333333,4.0,7.1,92.26940474797824,0.9992156825477033,-0.03959822913625584,24
2022-05-03,22.6875,0.0,1.9291666666666665,3.4,7.4,21.965192589097008,0.3740432564939705,0.9274112584346741,24
2022-05-04,21.8875,0.0,2.220833333333333,4.9,9.1,312.4282895880125,-0.7381223162136714,0.6746669150828168,24
2022-05-05,21.90833333333333,0.0,1.55,2.5,7.0,182.14054769883668,-0.03735091503068798,-0.9993022111185236,24
2022-05-06,21.099999999999998,14.4,1.7,4.1,10.3,130.68643806394547,0.7582886669353943,-0.651918934835722,24
2022-05-07,22.041666666666668,0.2,1.9291666666666665,4.0,8.9,88.33243560588384,0.9995764942514125,0.02910038041084698,24
2022-05-08,22.3875,0.0,2.6125,3.8,9.3,76.27845115885623,0.9714599768799492,0.237203527209037,24
2022-05-09,21.558333333333334,0.0,2.5375,4.1,6.9,91.40560498618461,0.9996990949085538,-0.024529974297141065,24
2022-05-10,20.6125,0.0,2.4166666666666665,4.2,8.2,100.69929277597035,0.9826150882238077,-0.18565448660056302,24
2022-05-11,19.516666666666666,0.0,1.2625,2.4,7.5,84.64717987498935,0.9956391200097661,0.09328849182068856,24
2022-05-12,20.441666666666666,0.0,1.3916666666666666,3.1,6.6,355.84555895294363,-0.07244515572889348,0.9973723975584127,24
2022-05-13,21.72083333333333,0.0,1.6208333333333333,3.0,6.2,115.88749395252239,0.8996530989968641,-0.4366054299540247,24
2022-05-14,21.9875,0.0,2.3833333333333333,4.1,8.2,96.0666550547803,0.99439961920555,-0.10568536948819851,24
2022-05-15,21.90416666666667,0.0,1.7208333333333332,3.1,9.2,3.5116679713693983,0.06125180294692637,0.9981223455247111,24
2022-05-16,21.054166666666667,0.0,1.5250000000000001,3.7,6.7,130.8421309976557,0.7565143747791712,-0.6539770643933009,24
2022-05-17,19.558333333333334,0.0,2.15,3.4,7.5,197.44246568606903,-0.29974796058220327,-0.9540184275614438,24
2022-05-18,13.604166666666666,0.0,3.1291666666666664,4.5,9.2,206.76033495932646,-0.4502595084240527,-0.8928977405468839,24
2022-05-19,11.308333333333332,0.0,2.4458333333333333,4.4,8.6,184.25471263573684,-0.07419051477962849,-0.9972440862280075,24
2022-05-20,13.233333333333334,0.0,1.8958333333333333,3.1,6.2,134.43433672316144,0.7140532509023166,-0.7000913903740235,24
2022-05-21,16.433333333333334,0.0,2.2125,3.5,6.3,102.23152167069006,0.9772994845702213,-0.2118624965839394,24
2022-05-22,16.691666666666666,0.0,2.0416666666666665,4.0,9.5,82.80699002744146,0.9921299844596109,0.12521219563673605,24
2022-05-23,18.791666666666668,0.0,1.7208333333333332,3.4,6.5,48.42218179892611,0.7480550704474811,0.6636366562945526,24
2022-05-24,20.045833333333334,0.0,2.6666666666666665,4.2,8.5,97.996126928219,0.9902774742821261,-0.13910616064507378,24
2022-05-25,18.404166666666665,0.0,3.25,5.1,9.9,108.73146359929086,0.9470340724268125,-0.32113309649222854,24
2022-05-26,18.508333333333333,0.0,2.7125,5.6,10.0,101.8211224428734,0.9787919335136328,-0.20485690344395088,24
2022-05-27,19.212500000000002,0.0,2.6999999999999997,3.7,8.0,92.73590192427751,0.9988601616421132,-0.04773235259539969,24
2022-05-28,19.154166666666665,0.0,2.2958333333333334,3.3,6.5,103.93101803310499,0.9705862878488464,-0.24075352092917843,24
2022-05-29,18.954166666666666,0.0,1.7125000000000001,2.9,6.1,115.57244928447723,0.9020401908709677,-0.4316520520667872,24
2022-05-30,19.908333333333335,0.0,1.3125,2.9,5.8,80.40278794136469,0.9860041506630256,0.16672076917794518,24
2022-05-31,20.025000000000002,0.0,1.7291666666666667,4.0,7.5,125.04791384835535,0.8186721020946177,-0.5742612552244664,24
2022-06-01,20.416666666666668,0.0,2.058333333333333,4.4,8.3,108.22543749851496,0.9498332911646835,-0.31275664500577055,24
2022-06-02,20.733333333333334,0.0,1.4291666666666665,2.8,6.4,120.41427317631398,0.862387582390395,-0.5062486125796786,24
2022-06-03,20.141666666666666,0.0,1.95,4.3,8.7,126.92424847026992,0.7994304796455237,-0.6007586106030672,24
2022-06-04,19.466666666666665,0.0,2.1999999999999997,3.8,8.0,115.0518796310489,0.9059247472421068,-0.4234387232343364,24
2022-06-05,19.529166666666665,0.0,2.983333333333333,4.8,8.4,98.67518766822012,0.9885592986560099,-0.1508327319938806,24
2022-06-06,19.025000000000002,0.0,2.308333333333333,3.1,7.1,85.84284055123459,0.9973689592710787,0.07249247604079619,24
2022-06-07,18.945833333333333,0.0,1.2750000000000001,2.1,6.0,123.08223797603674,0.8378879711391303,-0.5458422371165061,24
2022-06-08,19.733333333333334,0.0,1.3499999999999999,2.7,6.4,95.21701768314189,0.9958574354893386,-0.09092836840391394,24
2022-06-09,20.808333333333334,0.0,1.6166666666666665,3.4,6.5,62.53878906324722,0.8873232322495371,0.46114800391006144,24
2022-06-10,20.095833333333335,0.0,1.325,2.5,7.3,265.50790486479787,-0.9969281489262749,-0.07832155436679547,24
2022-06-11,19.291666666666668,0.0,2.2041666666666666,3.3,8.1,169.56206256985752,0.18117036082469073,-0.9834517275182608,24
2022-06-12,19.349999999999998,0.0,1.5250000000000001,2.2,6.5,164.99700977641376,0.25886945569150716,-0.9659123174025596,24
2022-06-13,19.025000000000002,0.0,1.8333333333333333,2.7,6.0,153.6988787426289,0.44308873464966864,-0.8964777594712294,24
2022-06-14,20.2625,0.0,2.5,4.5,8.3,108.7679221034714,0.9468295369982275,-0.32173564904704316,24
2022-06-15,20.1875,0.0,2.5166666666666666,4.2,7.1,109.20197729702338,0.9443650203742298,-0.32889923729552906,24
2022-06-16,20.370833333333334,0.0,2.466666666666667,3.9,7.3,110.48941457979974,0.9367368742285417,-0.35003432468908124,24
2022-06-17,19.0,0.0,1.429166666666667,2.2,5.5,99.56737507675528,0.9860908374008767,-0.16620728141100724,24
2022-06-18,19.670833333333334,0.0,1.5166666666666666,3.1,7.7,210.97668778662432,-0.5146892724460891,-0.8573767858001029,24
2022-06-19,19.666666666666668,0.0,2.283333333333333,4.1,8.0,118.04445757793457,0.8825830495058041,-0.4701565278979282,24
2022-06-20,19.833333333333332,0.0,2.6166666666666667,4.4,9.4,94.73604781755678,0.9965856377030626,-0.08256552987766694,24
2022-06-21,19.804166666666667,0.0,3.0500000000000003,4.7,8.8,98.46129378422746,0.9891154904578631,-0.14714124688985414,24
2022-06-22,19.525000000000002,0.0,2.3958333333333335,3.6,7.9,90.16894119150568,0.999995652941041,-0.0029485757614646597,24
2022-06-23,19.716666666666665,0.0,2.225,4.6,8.6,110.47120256723284,0.9368480886695763,-0.34973655621933764,24
2022-06-24,19.995833333333334,0.0,2.1374999999999997,4.2,7.2,100.78155729665158,0.9823475152424098,-0.1870651204716243,24
2022-06-25,19.566666666666666,0.0,2.433333333333333,3.8,8.2,110.42725658988113,0.9371160617104621,-0.34901788906053705,24
2022-06-26,17.870833333333334,0.0,1.7833333333333332,3.9,7.7,112.2724166430782,0.9253922890978147,-0.37901070074380055,24
2022-06-27,19.2625,0.0,2.6791666666666667,3.8,7.8,98.38973700571479,0.9892984839287869,-0.14590582475077407,24
2022-06-28,18.345833333333335,0.0,2.3625,3.9,6.9,80.16044206221885,0.9852901482276127,0.17088980018014233,24
2022-06-29,17.820833333333333,0.0,1.3958333333333333,2.6,6.0,116.16467112569005,0.8975304338822249,-0.4409525147396093,24
2022-06-30,18.683333333333334,0.0,1.3541666666666667,2.7,6.4,131.67803421451666,0.7468931602831006,-0.6649440631529262,24
2022-07-01,19.233333333333334,0.0,2.245833333333333,5.0,8.4,89.13666785733311,0.9998864800102324,0.015067418250888835,24
2022-07-02,19.579166666666666,0.0,2.575,4.4,8.3,89.94840578431858,0.9999995945598632,0.0009004888169266522,24
2022-07-03,19.108333333333334,0.0,3.0083333333333333,4.8,8.4,111.7169407226521,0.9290232073856236,-0.37002145902491723,24
2022-07-04,18.091666666666665,0.0,3.654166666666667,5.2,11.0,94.98773322246207,0.9962133349263137,-0.0869424597937749,24
2022-07-05,18.395833333333332,0.0,2.6625,4.0,8.6,93.15612956952673,0.9984832131021728,-0.055056999129639114,24
2022-07-06,19.025000000000002,0.0,2.370833333333333,4.1,8.2,73.20058990076774,0.9573224732690805,0.28902194064459985,24
2022-07-07,18.691666666666666,0.0,1.9166666666666667,4.2,7.1,83.64160200175716,0.9938485938810288,0.11074733604336466,24
2022-07-08,19.783333333333335,0.0,2.2125,3.4,7.9,107.16127843552323,0.9554779890115598,-0.2950623874952985,24
2022-07-09,19.025000000000002,0.0,2.9333333333333336,4.6,8.8,105.06388783272737,0.9656366288989944,-0.2598959425011974,24
2022-07-10,18.995833333333334,0.0,3.279166666666667,5.2,10.4,91.85783053346043,0.9994743473232222,-0.032419578078981895,24
2022-07-11,18.470833333333335,0.0,2.6083333333333334,4.0,8.9,71.26128245191785,0.9469934076880966,0.3212529934417523,24
2022-07-12,18.349999999999998,0.0,1.4708333333333332,3.2,6.3,72.26897529848108,0.9524967128075489,0.3045488665071894,24
2022-07-13,19.708333333333332,0.0,2.129166666666667,3.7,7.0,110.68638423970697,0.9355280041234447,-0.35325253502388915,24
2022-07-14,20.204166666666666,0.0,2.716666666666667,4.6,8.4,86.78161342509533,0.9984227993011903,0.05614190801509234,24
2022-07-15,19.599999999999998,0.0,2.033333333333333,3.3,7.1,96.67809955874623,0.9932151726013109,-0.11629110419352001,24
2022-07-16,20.933333333333334,0.0,1.8625,3.0,6.3,91.02943608703181,0.999838596914298,-0.017966082501425305,24
2022-07-17,19.325,0.0,2.0,3.9,8.4,114.3733973387132,0.9108753686887683,-0.4126815512184916,24
2022-07-18,20.054166666666667,0.0,3.4416666666666664,6.4,10.7,98.74948159205974,0.9883628868283584,-0.15211444356244944,24
2022-07-19,19.654166666666665,0.0,3.079166666666667,5.5,8.7,108.42720343854712,0.9487260378291927,-0.3160995177866003,24
2022-07-20,18.341666666666665,0.0,2.654166666666667,4.7,8.9,122.06692439241849,0.8474285450577074,-0.5309094659368744,24
2022-07-21,19.474999999999998,0.0,2.7416666666666667,4.9,9.4,102.31131703901842,0.9770034777012383,-0.21322336776180484,24
2022-07-22,19.433333333333334,0.0,2.5416666666666665,4.2,9.0,103.26681184279268,0.9733119641197409,-0.22948599195021085,24
2022-07-23,18.645833333333332,0.0,2.0,4.1,7.6,111.6091137742486,0.9297179182585794,-0.3682724432657614,24
2022-07-24,20.320833333333333,0.0,2.5166666666666666,4.9,8.9,92.92744403318116,0.9986950091683464,-0.051071309580196886,24
2022-07-25,20.033333333333335,0.0,2.4250000000000003,4.0,7.4,102.31423409566835,0.9769926207551043,-0.21327310892391677,24
2022-07-26,19.349999999999998,0.0,2.7541666666666664,4.2,8.4,100.75782314305252,0.9824249206496106,-0.18665817765800194,24
2022-07-27,18.712500000000002,0.0,2.8208333333333333,4.6,9.7,94.9816825611286,0.9962225108395502,-0.08683725523381375,24
2022-07-28,19.416666666666668,0.0,1.9916666666666665,3.4,6.7,85.58870512319531,0.9970376090176446,0.07691557842451963,24
2022-07-29,19.6125,0.0,1.4749999999999999,2.8,7.4,306.7094079026309,-0.8016775040579787,0.5977567895786459,24
2022-07-30,20.320833333333333,0.0,1.6416666666666666,2.7,6.5,296.821051573664,-0.8924200971093983,0.45120546348116425,24
2022-07-31,21.016666666666666,0.0,1.8708333333333333,4.5,7.7,115.86213009735418,0.8998462885460261,-0.4362071262484622,24
2022-08-01,21.587500000000002,0.0,1.8916666666666666,3.9,7.9,71.26219323601366,0.946998514264259,0.3212379398223165,24
2022-08-02,22.3875,0.0,2.4666666666666663,4.3,8.1,93.84003584178134,0.9977549153327918,-0.06697110518166342,24
2022-08-03,22.212500000000002,0.0,2.6958333333333333,4.0,8.3,91.55922619691488,0.9996297319980768,-0.0272102720576816,24
2022-08-04,21.59166666666667,0.0,2.3874999999999997,4.1,6.6,100.0682921979997,0.9846000781320098,-0.17482186974872524,24
2022-08-05,20.495833333333334,0.0,1.2833333333333334,2.9,6.0,97.91462286863906,0.9904743527671438,-0.13769733661370356,24
2022-08-06,22.058333333333334,0.0,1.675,4.0,6.8,112.87699504417951,0.9213415693308004,-0.38875405158410636,24
2022-08-07,22.3,0.0,1.675,3.2,7.3,70.19479419036416,0.9408499878451034,0.33882340587962423,24
2022-08-08,23.583333333333332,0.0,1.6583333333333332,3.2,8.1,344.1650001408062,-0.27286797936201274,0.96205148814338,24
2022-08-09,22.358333333333334,0.0,2.245833333333333,3.5,7.5,112.19397290578945,0.9259103257565386,-0.3777433899586074,24
2022-08-10,20.974999999999998,0.0,2.720833333333333,5.1,10.1,248.58078723618218,-0.9309334108513744,-0.3651889710281872,24
2022-08-11,16.804166666666667,0.0,2.3916666666666666,3.6,8.6,164.4202798536995,0.2685788921758106,-0.963257690692171,24
2022-08-12,19.354166666666668,0.0,2.025,3.5,7.2,103.77725113717419,0.9712289112950101,-0.23814785714910225,24
2022-08-13,20.7625,0.0,2.4,4.6,8.4,108.76247760051099,0.9468601054934906,-0.3216456755886137,24
2022-08-14,21.325,0.0,2.8625000000000003,4.6,7.7,91.02993977718147,0.999838438934906,-0.017974872133349605,24
2022-08-15,21.029166666666665,0.0,2.658333333333333,3.8,8.5,85.97909761978597,0.9975385356445491,0.07012039577846607,24
2022-08-16,21.516666666666666,0.0,1.6166666666666665,3.5,6.8,57.89861657283207,0.8471090903257062,0.5314190334261227,24
2022-08-17,22.825,0.0,2.225,4.4,9.7,41.02039307567742,0.6563276084288145,0.7544760237503327,24
2022-08-18,23.1375,0.0,1.9749999999999999,3.4,8.8,23.084129509657046,0.39208231807414795,0.9199301363981955,24
2022-08-19,21.479166666666668,0.0,2.2375000000000003,4.2,8.4,153.35278913254436,0.44849570550229073,-0.8937849865297595,24
2022-08-20,20.229166666666668,0.0,3.641666666666667,6.2,13.3,120.63580413014579,0.8604237590060497,-0.5095791939805816,24
2022-08-21,19.166666666666668,0.0,4.0625,6.6,11.2,90.16315577657966,0.9999959455742123,-0.002847601646493919,24
2022-08-22,19.195833333333333,0.0,3.716666666666667,5.6,10.4,99.54040463977294,0.9861689657267849,-0.16574308744971286,24
2022-08-23,19.566666666666666,0.0,3.0500000000000003,5.0,9.4,92.2978932310015,0.9991958700872146,-0.040095052071971636,24
2022-08-24,20.400000000000002,0.0,2.4,4.1,8.3,111.41381559764318,0.9309678069086491,-0.3651012770447401,24
2022-08-25,20.849999999999998,0.0,2.8333333333333335,4.4,9.0,106.17068261820022,0.9604363154775958,-0.2784997018163937,24
2022-08-26,21.2125,0.0,2.620833333333333,4.0,8.4,115.76800542248223,0.9005616687314979,-0.43472828388723445,24
2022-08-27,21.504166666666666,0.0,2.983333333333333,5.0,10.1,93.85243845575235,0.9977403949592752,-0.06718708407506091,24
2022-08-28,21.854166666666668,0.0,2.3625000000000003,3.7,9.4,116.08585874546641,0.89813613043273,-0.4397175129686357,24
2022-08-29,22.4375,0.0,2.4875000000000003,4.8,10.5,120.92305747468146,0.8578581724321637,-0.513886520538677,24
2022-08-30,21.849999999999998,0.0,3.025,4.8,10.8,93.89988730860229,0.997684412608593,-0.06801332838383138,24
2022-08-31,19.575,0.0,3.858333333333333,4.7,9.4,95.26098243627501,0.9957873702809522,-0.09169249254407778,24
2022-09-01,18.837500000000002,0.0,3.7458333333333336,4.8,9.8,96.73699379159632,0.9930951124940717,-0.11731196673991637,24
2022-09-02,20.0625,0.0,2.783333333333333,4.1,7.7,83.35992364520101,0.99329212816446,0.11563195114897044,24
2022-09-03,21.679166666666664,0.0,2.1416666666666666,3.7,8.9,95.02995380522005,0.9961489975870461,-0.08767653395477791,24
2022-09-04,23.416666666666668,0.0,2.2833333333333337,4.1,8.8,88.41884802902628,0.9996192460607443,0.027592805311332756,24
2022-09-05,23.891666666666666,0.0,2.8791666666666664,4.8,10.8,84.38513909028481,0.9952020562529977,0.09784103040036582,24
2022-09-06,22.162499999999998,0.0,3.8666666666666667,5.4,11.3,85.01919273749769,0.9962238373224117,0.08682203608882344,24
2022-09-07,21.091666666666665,0.0,3.3833333333333333,5.2,9.9,74.93797583377355,0.9656450820537904,0.25986453298849493,24
2022-09-08,22.291666666666668,0.0,2.3583333333333334,3.6,7.4,81.23585614780384,0.9883239276628607,0.1523673653019453,24
2022-09-09,22.733333333333334,0.0,2.3583333333333334,5.0,9.6,102.93677829575371,0.9746176886063981,-0.22387577147945711,24
2022-09-10,23.008333333333336,0.0,2.1166666666666667,3.4,8.9,112.04437459958997,0.926893450133872,-0.37532456900518424,24
2022-09-11,25.004166666666666,0.0,2.2083333333333335,4.0,8.3,80.64816290755306,0.9867091050481555,0.16249659077983183,24
2022-09-12,25.604166666666668,0.0,2.3666666666666667,4.5,10.2,49.741205074029644,0.7631332804916947,0.6462411285317459,24
2022-09-13,26.46666666666667,0.0,2.1666666666666665,3.1,8.0,48.474838677126534,0.7486646603585392,0.6629488866649021,24
2022-09-14,25.991666666666664,0.0,2.029166666666667,3.4,8.1,347.68577386535014,-0.2132729731747134,0.976992650388537,24
2022-09-15,24.133333333333336,0.0,2.3833333333333333,4.1,8.7,216.24240281200554,-0.5912027118818796,-0.8065230024391811,24
2022-09-16,24.55,0.0,2.025,3.5,7.4,162.02741713171758,0.30856186019057896,-0.9512042779738374,24
2022-09-17,23.537499999999998,1.4,2.5625,4.0,9.0,153.90480602537338,0.43986384088711566,-0.8980644751241607,24
2022-09-18,21.829166666666666,5.0,2.654166666666667,4.4,8.6,81.79953639096134,0.9897750767927761,0.14263694247933892,24
2022-09-19,21.416666666666668,10.4,1.5458333333333334,3.4,7.1,328.7776997733014,-0.5183598884870545,0.8551625728524889,24
2022-09-20,23.0,0.0,1.4708333333333332,3.4,7.7,309.8432904513462,-0.7677996624761939,0.6406900017180249,24
2022-09-21,22.929166666666664,8.6,1.8541666666666667,4.7,15.7,11.906527019483992,0.20631565382572598,0.9784854883882863,24
2022-09-22,21.070833333333333,15.0,2.904166666666667,5.0,10.3,345.0718591636061,-0.25760739797404014,0.9662496719321795,24
2022-09-23,20.216666666666665,0.0,1.4749999999999999,3.5,6.9,283.01720554359235,-0.9743024695401646,0.22524364108213274,24
2022-09-24,21.8625,0.0,1.9583333333333333,3.1,7.1,152.15547804577034,0.4670738672614565,-0.8842183002638134,24
2022-09-25,21.616666666666664,0.0,2.658333333333333,4.2,9.5,54.9205264590734,0.8183556630184045,0.5747121094997979,24
2022-09-26,22.650000000000002,0.0,2.4499999999999997,4.2,10.1,38.49904653978363,0.6225016131533865,0.7826185160226096,24
2022-09-27,23.833333333333332,0.0,1.5541666666666665,3.1,7.8,19.76033759286247,0.33808652421511215,0.9411150313028395,24
2022-09-28,23.420833333333334,0.0,1.8958333333333333,3.6,10.0,82.94188033553398,0.992422019250305,0.12287609900687445,24
2022-09-29,24.083333333333332,0.0,2.0916666666666663,3.5,8.0,133.2886149353003,0.7279090201030413,-0.6856737259459709,24
2022-09-30,24.7625,0.0,2.7375000000000003,4.7,9.4,114.12496008335857,0.9126562073206829,-0.40872808472018024,24
2022-10-01,23.883333333333336,0.0,3.0083333333333333,5.0,9.9,120.43020157389967,0.8622468104429606,-0.5064883393336329,24
2022-10-02,22.8875,0.0,1.7666666666666666,3.2,8.0,197.74170867804025,-0.30472647381396634,-0.9524399068481465,24
2022-10-03,22.8625,0.0,1.8583333333333334,3.3,8.5,60.23432596513089,0.868063035272926,0.4964539926244472,24
2022-10-04,23.429166666666664,0.0,1.575,3.5,8.4,355.7388197043711,-0.0743030851737762,0.9972357051036925,24
2022-10-05,22.445833333333336,0.0,2.475,4.6,10.9,92.31721452087675,0.9991822924160534,-0.04043199874109943,24
2022-10-06,23.858333333333334,0.0,2.6041666666666665,5.1,10.4,46.045005841897165,0.719885232598416,0.6940931147092041,24
2022-10-07,22.191666666666666,0.0,2.658333333333333,5.6,12.4,281.8030187242309,-0.9788566131856387,0.2045476248279136,24
2022-10-08,23.150000000000002,0.0,1.9791666666666667,4.3,8.5,2.9132592096463403,0.05082405922212501,0.9987076223821394,24
2022-10-09,22.8875,0.2,2.7875,4.4,8.9,107.92317072897542,0.9514700293591458,-0.3077414226770688,24
2022-10-10,24.3875,0.0,2.858333333333333,4.4,11.9,95.50381442292522,0.9953898153032753,-0.09591202005229249,24
2022-10-11,26.087500000000002,0.0,3.1750000000000003,5.3,11.3,63.339637247743475,0.8936820136233966,0.448700856391016,24
2022-10-12,26.104166666666668,0.0,3.016666666666667,4.8,10.1,88.87326213866594,0.9998066445047336,0.019664018007148308,24
2022-10-13,24.72083333333333,0.0,3.279166666666667,5.4,10.6,86.17006898469751,0.99776671100681,0.06679513759737918,24
2022-10-14,24.8,0.0,2.6999999999999997,4.7,8.5,105.46190567349615,0.9638079193667901,-0.2665976267071013,24
2022-10-15,24.854166666666668,0.0,3.65,5.0,9.6,110.7473405619712,0.9351516534337132,-0.35424763242708107,24
2022-10-16,23.754166666666666,0.0,2.983333333333333,4.2,9.4,100.55934944974481,0.9830656126461502,-0.18325392555863415,24
2022-10-17,25.045833333333334,0.0,3.0625,4.5,8.5,95.32367517752162,0.9956864447476392,-0.09278202275121188,24
2022-10-18,25.870833333333334,0.0,2.620833333333333,4.2,9.0,93.00362321851249,0.9986262231841421,-0.05239910656658225,24
2022-10-19,26.3,0.0,2.35,3.8,9.0,67.74297055914595,0.925494041831721,0.37876216618609715,24
2022-10-20,26.150000000000002,0.0,2.216666666666667,4.5,10.3,40.11992406100287,0.6443895849347495,0.7646973668240405,24
2022-10-21,24.116666666666664,0.0,2.2083333333333335,5.0,11.1,330.1726632559131,-0.49738792939417925,0.8675282402855661,24
2022-10-22,22.620833333333334,0.0,1.5458333333333334,4.0,8.5,124.82685085531931,0.8208816621454926,-0.5710983249434841,24
2022-10-23,21.016666666666666,1.8,2.2708333333333335,4.1,7.7,119.56637831419376,0.8697846293762711,-0.49343155401816646,24
2022-10-24,20.720833333333335,0.8,1.8250000000000002,2.9,9.6,54.89347407921542,0.8180842197075222,0.5750984345879708,24
2022-10-25,23.495833333333334,0.0,2.1958333333333333,3.8,8.6,73.59531344021292,0.9592908769576527,0.28241992384712833,24
2022-10-26,23.1125,1.5999999999999999,2.033333333333333,3.7,12.6,0.10909877239915358,0.0019041316376067648,0.9999981871397101,24
2022-10-27,22.383333333333336,15.799999999999999,2.066666666666667,4.3,13.5,21.500213409933927,0.3665046922536561,0.9304162028662509,24
2022-10-28,22.4375,1.2,2.3583333333333334,4.4,8.6,72.06485933089276,0.9514057168377026,0.3079401921940968,24
2022-10-29,22.479166666666668,0.0,2.4,4.0,9.9,253.5607317847008,-0.9591202438101903,-0.28299886556924786,24
2022-10-30,22.941666666666666,0.0,2.158333333333333,3.9,9.6,329.6805032524193,-0.5048213929427179,0.8632238187326471,24
2022-10-31,23.09583333333333,14.0,1.6375,3.9,9.9,303.53320637040395,-0.8335658011649004,0.5524201798706466,24
2022-11-01,21.025000000000002,40.2,1.6624999999999999,3.7,9.3,212.8982182622388,-0.5431483398692997,-0.8396367553276974,24
2022-11-02,19.116666666666667,4.0,2.5958333333333337,3.6,8.4,190.0197085556946,-0.17398692075798322,-0.9847479633922354,24
2022-11-03,17.629166666666666,11.0,2.9958333333333336,4.0,7.7,155.32752200300737,0.4174306240977222,-0.9087087949752585,24
2022-11-04,17.308333333333334,1.2000000000000002,3.5666666666666664,4.3,10.3,116.32302805847101,0.8963082808279058,-0.44343146676721507,24
2022-11-05,19.491666666666667,0.0,2.066666666666667,3.8,8.0,90.7917898604702,0.9999045144399242,-0.013818900197169977,24
2022-11-06,21.279166666666665,0.0,2.2333333333333334,4.3,8.0,55.735984303172295,0.8264520510241512,0.5630071112854383,24
2022-11-07,22.650000000000002,0.0,2.2375000000000003,4.0,8.0,19.651937443811303,0.3363053874863844,0.9417529858448196,24
2022-11-08,20.670833333333334,34.0,2.3625000000000003,4.9,9.3,36.920029325315795,0.6006997405357674,0.7994747161231941,24
2022-11-09,21.7,0.0,1.9041666666666668,3.6,10.6,348.3951952899282,-0.20116006567028735,0.9795583841607022,24
2022-11-10,21.454166666666666,42.800000000000004,2.0833333333333335,4.1,13.9,3.7732990257623418,0.06580889786594855,0.9978322448997472,24
2022-11-11,20.370833333333334,22.4,2.0625,5.5,9.4,33.79481554756601,0.5562204209577131,0.8310348027066161,24
2022-11-12,19.741666666666667,0.8,1.5583333333333333,2.9,7.3,341.79027697284636,-0.31249612316660913,0.9499190349739494,24
2022-11-13,21.833333333333332,0.2,1.9416666666666667,5.1,12.3,13.32899909455062,0.23054226241293774,0.9730623131339143,24
2022-11-14,21.8625,14.8,1.625,3.6,6.4,321.66096238743097,-0.6203135834052631,0.7843539113454601,24
2022-11-15,19.758333333333333,113.0,1.8875,3.1,14.7,340.87175748915024,-0.3276836479640891,0.9447875035461397,24
2022-11-16,20.35833333333333,15.6,1.6500000000000001,3.1,7.5,18.04176976368719,0.30971025132722557,0.9508309840464955,24
2022-11-17,21.90833333333333,0.2,1.8416666666666668,3.4,8.1,110.09857738081202,0.9391027846654161,-0.34363637734335006,24
2022-11-18,23.683333333333334,1.4,2.466666666666667,3.8,8.2,62.490261418995274,0.8869323368140672,0.4618993720644553,24
2022-11-19,20.733333333333334,23.8,2.4291666666666667,4.6,12.3,34.07332602116897,0.5602534313639203,0.8283212496640135,24
2022-11-20,19.520833333333332,4.6000000000000005,2.279166666666667,4.0,8.6,5.725716250408103,0.09976635374092883,0.9950108917299548,24
2022-11-21,20.275000000000002,8.0,1.9541666666666666,3.5,7.4,52.98763025842212,0.7985055639550604,0.6019874287165895,24
2022-11-22,21.729166666666668,0.2,1.875,3.5,7.7,16.525470962970115,0.28444156201674603,0.9586933804911107,24
2022-11-23,20.620833333333334,21.2,1.6500000000000001,3.5,8.4,347.97804009267884,-0.20828657279610052,0.9780678420195885,24
2022-11-24,20.820833333333333,5.0,2.025,4.8,7.8,353.4177291505657,-0.11462976362303805,0.9934082832812128,24
2022-11-25,20.1875,6.4,2.2666666666666666,3.6,9.0,346.61965870657696,-0.23141412154858473,0.9728553357760324,24
2022-11-26,20.429166666666667,39.2,1.8416666666666668,3.4,7.3,332.4653286230882,-0.46228528524485246,0.8867312529995125,24
2022-11-27,21.662499999999998,0.0,2.220833333333333,4.0,10.4,312.2826861660915,-0.739834434420734,0.6727889785403388,24
2022-11-28,21.733333333333334,0.0,2.0708333333333333,3.9,9.0,333.79436201454286,-0.4415941421422656,0.8972149205322193,24
2022-11-29,20.208333333333332,18.0,2.6,4.1,9.3,331.7753324428653,-0.4729301487171445,0.8810999230702382,24
2022-11-30,19.958333333333332,0.4,2.6,5.3,10.9,321.1567993878136,-0.627191248504028,0.7788652886089857,24
2022-12-01,20.575,9.2,2.0125,3.7,9.1,327.51552024914446,-0.5370711312277139,0.8435369582903784,24
2022-12-02,20.654166666666665,2.0,1.7,5.3,11.7,63.700425618159244,0.8964897216856804,0.4430645313178784,24
2022-12-03,20.8875,2.0,2.2916666666666665,4.1,7.8,57.290728774188885,0.8414233527970333,0.540376481138659,24
2022-12-04,20.333333333333332,22.599999999999998,2.316666666666667,4.6,8.0,19.921648218374642,0.3407347974990852,0.940159453376531,24
2022-12-05,21.087500000000002,0.2,2.529166666666667,4.5,8.0,65.00274191260411,0.906328010565979,0.4225748895326302,24
2022-12-06,20.495833333333334,37.8,1.4666666666666668,3.2,6.7,27.510679022484776,0.46191392993244473,0.8869247551705638,24
2022-12-07,21.4375,1.2,1.5208333333333333,3.5,6.8,106.0760744518006,0.960894871327017,-0.27691342736934116,24
2022-12-08,22.4875,3.2,1.4333333333333333,3.5,7.8,268.6567729067937,-0.9997252082217619,-0.023441587957189664,24
2022-12-09,21.791666666666668,42.0,2.2875,4.1,9.1,348.83334616350464,-0.19366340211635913,0.9810680336657175,24
2022-12-10,20.270833333333332,14.6,3.0583333333333336,4.5,13.0,324.0100043469561,-0.5876439818512951,0.8091196145156504,24
2022-12-11,22.412499999999998,0.0,2.0083333333333333,3.6,8.5,313.6617625219226,-0.7234280589956248,0.6903997707544686,24
2022-12-12,22.6375,0.0,2.279166666666667,3.9,9.9,284.323539657035,-0.9689141714372477,0.24739710666875595,24
2022-12-13,21.808333333333334,0.0,2.6916666666666664,4.9,11.9,301.84344270077605,-0.8494929012696855,0.5276000480405707,24
2022-12-14,21.224999999999998,6.6,1.8666666666666665,3.1,7.1,285.7494513657705,-0.962457835580411,0.2714312338878314,24
2022-12-15,19.945833333333333,13.8,2.3000000000000003,3.6,8.2,306.36062918134667,-0.8053013753322128,0.5928656634415983,24
2022-12-16,19.854166666666668,17.6,2.120833333333333,3.4,9.1,313.0678356499152,-0.7305457335508488,0.6828637720590046,24
2022-12-17,19.629166666666666,10.4,2.829166666666667,4.3,9.9,322.09995041711204,-0.614285882959966,0.7890835532414137,24
2022-12-18,20.1125,15.799999999999999,2.120833333333333,3.7,10.6,327.45864654641304,-0.5379081894305143,0.8430034280734486,24
2022-12-19,21.1875,0.0,2.625,4.8,9.0,319.1810645865728,-0.6536707440473568,0.7567790684054196,24
2022-12-20,19.983333333333334,1.4,3.5,5.3,11.4,325.9551223735142,-0.5598420857831954,0.8285993235490368,24
2022-12-21,19.425,8.8,2.775,3.9,8.6,311.508816558585,-0.7488537492904774,0.6627352881608122,24
2022-12-22,21.829166666666666,0.0,1.925,3.4,7.7,299.3287467660781,-0.8718236269183256,0.48981992971598887,24
2022-12-23,20.383333333333333,10.4,1.5666666666666667,3.3,6.9,319.4928097558088,-0.6495434691727221,0.7603244581460372,24
2022-12-24,21.258333333333333,17.8,2.308333333333333,3.5,7.8,75.98113028695293,0.9702159994327683,0.24224143833100617,24
2022-12-25,20.133333333333333,20.4,2.1750000000000003,3.3,9.5,80.78602621572799,0.9870972425249808,0.16012193416137374,24
2022-12-26,18.875,44.4,2.9375,5.1,9.9,10.696282821985232,0.18560286602915968,0.9826248399678087,24
2022-12-27,20.241666666666667,9.8,3.0416666666666665,4.3,9.0,4.34093360262695,0.07569112275732898,0.9971313122832594,24
2022-12-28,21.325,0.0,2.216666666666667,5.2,9.6,12.867704918159781,0.2227006510575783,0.9748868754981425,24
2022-12-29,21.958333333333332,0.2,2.4291666666666667,5.0,9.6,355.1034295058614,-0.08535728557195918,0.9963504071358564,24
2022-12-30,20.900000000000002,0.0,1.6666666666666667,4.1,7.7,24.446482587080506,0.4138431079466198,0.9103482201910884,24
2022-12-31,20.141666666666666,11.0,1.2291666666666667,3.6,7.2,93.9772606936607,0.9975916563496533,-0.0693605592650112,24
2023-01-01,21.895833333333332,0.2,2.0375,3.4,8.1,96.61781319962739,0.993336983748881,-0.11524598351645635,24
2023-01-02,23.041666666666668,15.8,2.558333333333333,4.5,9.0,33.24815709241345,0.5482663302550029,0.8363037911600737,24
2023-01-03,20.8125,0.4,1.6666666666666667,4.5,9.3,293.16700931959025,-0.9193620170512175,0.3934126098684649,24
2023-01-04,20.708333333333332,1.2,2.5124999999999997,4.4,9.2,332.93469545875894,-0.45500575538872967,0.8904884965922533,24
2023-01-05,21.162499999999998,0.8,2.5375,4.4,9.8,320.80884946278206,-0.6319096031969845,0.7750420978162602,24
2023-01-06,19.733333333333334,7.0,3.141666666666667,4.9,11.5,336.356907246286,-0.40103812523130256,0.9160613637256851,24
2023-01-07,20.7625,9.0,2.3375,4.8,10.1,336.6433219237804,-0.3964538535344931,0.9180546508883067,24
2023-01-08,20.291666666666668,0.4,2.5791666666666666,4.4,9.3,329.8748108002684,-0.5018910390689332,0.8649308555614759,24
2023-01-09,19.841666666666665,3.2,2.1458333333333335,5.9,14.4,17.07752952218946,0.2936654560711521,0.955908259149654,24
2023-01-10,21.329166666666666,0.0,1.9000000000000001,4.4,8.3,341.9326972551951,-0.3101339437346628,0.9506928720378549,24
2023-01-11,20.754166666666666,35.2,1.4375,3.4,9.0,247.96802711413966,-0.926974667700084,-0.3751239334437604,24
2023-01-12,20.099999999999998,6.4,1.4916666666666665,7.2,12.6,321.294855893434,-0.6253127221036986,0.780374268909004,24
2023-01-13,19.4875,15.6,1.2708333333333333,4.7,9.8,345.1050433940997,-0.2570477280324951,0.9663987093913838,24
2023-01-14,20.529166666666665,13.600000000000001,1.2458333333333333,2.7,6.0,66.97357067179176,0.9203245195425481,0.39115569627550856,24
2023-01-15,21.804166666666664,16.6,1.7208333333333332,3.1,7.7,113.39076029323164,0.9178186591316356,-0.39699988532719566,24
2023-01-16,22.329166666666666,0.0,2.0208333333333335,3.9,8.6,115.19843485507465,0.9048386831124681,-0.4257545743069526,24
2023-01-17,22.974999999999998,0.0,2.6,3.7,9.6,89.33635145300678,0.9999329195171905,0.011582593225509974,24
2023-01-18,22.645833333333332,0.0,1.9625000000000001,3.2,7.2,85.35253209172237,0.9967120938807881,0.08102469939330278,24
2023-01-19,20.525000000000002,5.8,1.5750000000000002,3.2,8.5,309.3104150826417,-0.7737250625607006,0.6335215288886716,24
2023-01-20,20.183333333333334,0.4,1.383333333333333,2.8,9.4,355.9973281237249,-0.0698029931107295,0.9975607962188486,24
2023-01-21,20.929166666666667,0.0,2.4166666666666665,5.8,11.3,322.40287770014316,-0.6101053701131087,0.7923202871056291,24
2023-01-22,21.145833333333332,0.0,2.6999999999999997,4.9,10.1,313.566040102501,-0.7245804800062647,0.689190197256092,24
2023-01-23,20.766666666666666,0.0,2.6458333333333335,4.4,10.3,308.59968697767675,-0.7815238808299478,0.6238753270425891,24
2023-01-24,21.25,7.199999999999999,2.7083333333333335,4.7,10.2,306.2236825292308,-0.8067161233862444,0.5909391646089042,24
2023-01-25,21.158333333333335,16.0,1.9166666666666667,4.5,8.5,294.81942318800327,-0.9076352327136009,0.4197597936164534,24
2023-01-26,20.066666666666666,6.6000000000000005,1.9416666666666667,4.4,8.4,350.7780020915155,-0.16026017298029135,0.9870748081864551,24
2023-01-27,20.683333333333334,8.6,2.404166666666667,6.6,13.7,1.9946822091484646,0.03480674013217308,0.9993940618401589,24
2023-01-28,21.116666666666667,3.0,1.6833333333333333,3.5,6.6,98.83460169786902,0.9881358110228133,-0.15358261286449965,24
2023-01-29,20.783333333333335,16.8,1.4333333333333333,3.9,10.3,167.12084475535823,0.2228954737517623,-0.974842350219243,24
2023-01-30,20.520833333333332,0.2,1.7083333333333333,3.6,10.5,86.05164712182562,0.9976265243140888,0.06885722899587764,24
2023-01-31,22.708333333333332,0.8,2.0,3.8,8.9,93.51459196554094,0.998119218341754,-0.06130274036979238,24
2023-02-01,22.691666666666666,0.0,1.9208333333333334,3.4,7.9,112.17116979553886,0.9260605902701287,-0.37737485759989475,24
2023-02-02,23.395833333333332,0.0,1.9749999999999999,3.2,6.5,65.34134390950337,0.908809468568742,0.41721139706364774,24
2023-02-03,21.704166666666666,0.2,1.8291666666666666,4.3,10.6,355.33714454345244,-0.08129237683801487,0.9966902976692541,24
2023-02-04,21.883333333333336,0.0,1.7541666666666667,5.0,9.8,290.98951465639516,-0.9336459935493486,0.3581970948085003,24
2023-02-05,21.770833333333332,12.399999999999999,1.4041666666666668,3.0,7.1,308.0863386132653,-0.7870821232669211,0.6168482238230366,24
2023-02-06,20.983333333333334,0.6,1.4708333333333332,3.7,11.7,183.21202923234145,-0.05603112611108568,-0.9984290224681591,24
2023-02-07,22.495833333333334,10.6,1.6958333333333335,2.9,6.8,113.81924649734218,0.9148240594143665,-0.4038526220251882,24
2023-02-08,23.708333333333332,0.0,1.6958333333333335,3.2,7.5,89.10778901675444,0.999878758557764,0.015571389950312145,24
2023-02-09,22.545833333333334,0.0,1.4916666666666665,3.2,7.4,321.96484524071013,-0.616144856248623,0.7876328561699057,24
2023-02-10,23.166666666666668,1.0,2.0458333333333334,3.2,7.5,80.95644673274475,0.9875691419189531,0.15718520900346375,24
2023-02-11,23.516666666666666,0.0,1.7166666666666668,2.8,7.1,110.22153898436042,0.9383631498105004,-0.3456509787020954,24
2023-02-12,23.974999999999998,0.0,2.1625,4.0,8.9,65.30420853607085,0.9085388685870974,0.4178003401943048,24
2023-02-13,24.05,0.0,1.8875,3.3,8.3,98.19010219466756,0.989800855186342,-0.14245794843527051,24
2023-02-14,24.383333333333336,0.0,2.0,3.6,6.6,93.44645546918358,0.9981914141479299,-0.06011572773705543,24
2023-02-15,25.679166666666664,0.0,2.066666666666667,3.2,7.5,27.80974764814607,0.4665371260723112,0.8845016167289851,24
2023-02-16,24.304166666666664,0.0,1.9666666666666668,3.7,7.4,321.01850866040763,-0.6290693112686053,0.7773492147162963,24
2023-02-17,23.195833333333336,0.0,1.5791666666666666,3.7,7.7,241.28182726987282,-0.8769938051925102,-0.4805016812186628,24
2023-02-18,20.958333333333332,6.4,1.8208333333333335,4.2,9.3,48.933689840333166,0.7539497977593298,0.6569320379298499,24
2023-02-19,22.09166666666667,3.2,2.6791666666666667,5.3,9.8,94.38778472886928,0.9970690858110037,-0.07650645802812553,24
2023-02-20,21.991666666666664,0.0,2.1875,4.7,8.9,78.56558250275913,0.980152265271934,0.19824615225092354,24
2023-02-21,20.6125,2.0,1.7208333333333332,4.6,11.1,85.69214163044687,0.9971748404819752,0.07511549447182865,24
2023-02-22,20.466666666666665,18.6,1.6916666666666667,4.0,8.0,115.70724864438122,0.901022150724823,-0.4337730788133519,24
2023-02-23,21.145833333333332,0.0,1.7833333333333332,3.5,7.2,138.9470122981468,0.6567567111976886,-0.7541025277087962,24
2023-02-24,21.191666666666666,0.0,1.4458333333333335,3.5,7.3,140.5123362378137,0.6359120686150845,-0.7717615182099222,24
2023-02-25,23.308333333333334,0.0,1.7083333333333333,3.3,7.4,56.78482951240253,0.836619303100306,0.547784758531997,24
2023-02-26,23.525000000000002,0.0,1.8541666666666667,3.4,7.6,115.25005175188993,0.9044547601596779,-0.42656955684213993,24
2023-02-27,24.208333333333332,0.0,2.5541666666666667,4.2,8.5,112.78816241996827,0.9219431944725324,-0.38732511687958265,24
2023-02-28,23.900000000000002,0.0,2.475,4.5,8.3,98.18122493131894,0.9898229153805435,-0.14230458948172253,24
2023-03-01,21.420833333333334,11.6,1.7583333333333335,3.8,8.9,304.3846807444574,-0.8252645248297242,0.564746371442588,24
2023-03-02,20.191666666666666,6.2,1.8666666666666665,4.1,7.5,129.07882194542896,0.7762794687168002,-0.6303889168194206,24
2023-03-03,21.445833333333336,1.0,1.7750000000000001,4.1,8.8,93.83690248932785,0.9977585763108506,-0.06691654054226329,24
2023-03-04,22.400000000000002,0.0,2.0124999999999997,4.4,9.3,106.15333988052221,0.9605205699613399,-0.2782089766365252,24
2023-03-05,23.28333333333333,0.0,1.4291666666666665,2.9,6.4,126.6457336756832,0.8023413108778958,-0.596865496455223,24
2023-03-06,23.195833333333336,21.2,1.8958333333333333,4.1,8.6,354.2431652582037,-0.10030674944767737,0.9949565598634147,24
2023-03-07,20.804166666666667,4.6000000000000005,1.7874999999999999,3.6,8.3,83.83461804232824,0.994216035591052,0.10739867119109069,24
2023-03-08,20.679166666666667,4.0,2.5166666666666666,5.5,10.8,82.55547816309854,0.9915707820435702,0.12956613831361388,24
2023-03-09,21.391666666666666,12.4,1.4166666666666667,2.5,5.6,85.75042693909552,0.9972507372906897,0.07410105919064591,24
2023-03-10,21.925,2.6,1.2083333333333333,2.9,5.6,164.03510755922696,0.2750482982138309,-0.9614304101960139,24
2023-03-11,21.104166666666668,0.0,1.5541666666666665,3.6,10.0,136.48461131405608,0.6885493742603143,-0.7251894643510273,24
2023-03-12,21.59166666666667,0.0,2.0875,3.7,7.8,110.28362897266888,0.9379880256695515,-0.34666765597692656,24
2023-03-13,21.8125,1.2000000000000002,1.5041666666666667,3.5,7.4,77.94308068163782,0.9779405724899685,0.20888330875872438,24
2023-03-14,21.3,0.0,1.4666666666666668,3.1,8.0,160.75084745983668,0.3296766812396065,-0.9440938967321201,24
2023-03-15,20.8125,0.0,1.6041666666666667,3.5,8.6,127.39210047448199,0.7944983535496196,-0.6072663058386688,24
2023-03-16,20.220833333333335,42.2,1.7916666666666667,3.2,7.1,58.023946458244694,0.8482694989458841,0.5295647808890793,24
2023-03-17,20.325,1.8,1.675,4.5,10.1,79.20937902579566,0.9823179109298088,0.18722051668152298,24
2023-03-18,20.391666666666666,0.4,1.9166666666666667,4.3,8.7,87.06221151239198,0.9986857722326394,0.05125161792662323,24
2023-03-19,21.65416666666667,0.0,2.2375000000000003,4.4,9.4,31.55522795102549,0.5233201898828963,0.8521361269544494,24
2023-03-20,19.400000000000002,19.400000000000002,1.5625,3.6,7.9,41.96530721650751,0.6686805070800778,0.7435498500108314,24
2023-03-21,20.075,4.2,1.7333333333333334,3.9,11.1,88.7140771260993,0.9997481532489723,0.022441703929726643,24
2023-03-22,20.333333333333332,0.4,2.0833333333333335,4.5,8.2,83.70658683990052,0.9939735641675752,0.10962004258349412,24
2023-03-23,21.458333333333332,2.0,2.0208333333333335,4.0,10.1,90.82057941345509,0.9998974445957838,-0.014321322942436505,24
2023-03-24,22.162499999999998,0.0,2.2333333333333334,4.2,9.9,110.01045707067004,0.9396301829321523,-0.34219164122299955,24
2023-03-25,22.05,0.0,2.1,4.0,7.9,98.59896217073529,0.9887590894988874,-0.1495174335431529,24
2023-03-26,23.0,0.0,2.0,4.5,9.2,114.24015890418936,0.911832575002225,-0.41056224274135555,24
2023-03-27,23.520833333333332,0.0,1.9875,3.6,7.9,117.92123665448688,0.8835921314145582,-0.4682573494375481,24
2023-03-28,22.9875,0.0,1.6416666666666666,3.0,8.0,85.21018723953908,0.9965077214917688,0.0835006647116251,24
2023-03-29,23.0,0.0,2.558333333333333,4.0,9.2,98.27305792410631,0.989593559985135,-0.1438908823933853,24
2023-03-30,21.766666666666666,0.0,1.8125,4.4,8.5,122.7523911685372,0.8410164353310893,-0.5410095706205093,24
2023-03-31,22.46666666666667,0.0,1.3083333333333333,3.6,7.3,121.67456174992671,0.8510443251053066,-0.5250938551402531,24
2023-04-01,22.962500000000002,0.0,1.4291666666666665,2.4,5.6,154.66051214616712,0.42798084926558505,-0.9037878028950759,24
2023-04-02,20.295833333333334,1.4,1.5374999999999999,3.3,8.8,257.72103613691036,-0.9771237226556939,-0.21267164978783254,24
2023-04-03,19.554166666666667,0.6000000000000001,2.1750000000000003,4.7,9.0,117.26515773502203,0.8888959787414145,-0.45810909069493805,24
2023-04-04,20.395833333333332,0.0,2.2083333333333335,4.1,8.1,80.61272773314344,0.9866084186327266,0.16310680023539936,24
2023-04-05,21.0625,6.4,1.9583333333333333,3.9,8.7,86.30992303870138,0.9979267796369699,0.06435947858230744,24
2023-04-06,22.170833333333334,0.0,1.8291666666666666,4.4,7.8,84.44017823667036,0.9952955845574368,0.09688498005609686,24
2023-04-07,20.658333333333335,5.4,1.1625,2.7,5.0,351.1792893230033,-0.15334304070447005,0.9881730171723508,24
2023-04-08,21.608333333333334,0.7999999999999999,1.3541666666666667,4.0,7.3,166.03100675025235,0.24139676537615665,-0.9704265050306122,24
2023-04-09,21.166666666666668,1.4,1.95,3.7,6.9,148.00977905954636,0.5297745143913521,-0.8481385287212266,24
2023-04-10,21.816666666666666,37.4,2.1666666666666665,7.7,16.6,120.24354584930425,0.8638922479377296,-0.5036766660796352,24
2023-04-11,20.895833333333332,26.0,2.275,4.0,15.3,84.00009805703158,0.9945220742587162,0.10452676122477172,24
2023-04-12,21.429166666666664,0.0,1.7958333333333334,3.0,9.1,99.33661101780753,0.9867522528851046,-0.16223437190118065,24
2023-04-13,20.791666666666668,13.4,1.875,3.4,7.1,97.01145002056252,0.9925217773845811,-0.12206769194734507,24
2023-04-14,22.025000000000002,9.2,1.7583333333333335,3.7,8.6,122.17114052675053,0.8464614647326633,-0.5324499870622914,24
2023-04-15,22.03333333333333,0.0,1.3166666666666667,2.7,5.4,157.7467147172495,0.37870168629770246,-0.9255187911627061,24
2023-04-16,21.620833333333334,13.399999999999999,1.4833333333333334,3.1,11.4,150.42369438925286,0.49358224898421416,-0.8696991223910056,24
2023-04-17,21.308333333333334,1.5999999999999999,1.5583333333333333,3.5,8.3,89.20474655922358,0.9999036772482638,0.013879345279948455,24
2023-04-18,22.316666666666666,0.0,1.9208333333333334,4.2,9.9,313.5136610807914,-0.725210225436199,0.6885275077458978,24
2023-04-19,21.516666666666666,0.0,2.725,4.3,9.5,307.3760732624106,-0.7946681916224119,0.6070440389490417,24
2023-04-20,20.183333333333334,16.2,1.8291666666666666,3.1,7.1,216.6292247972032,-0.596634289641961,-0.8025132549830143,24
2023-04-21,20.258333333333333,0.0,2.3666666666666667,4.2,7.7,121.87920407463962,0.8491634322913983,-0.5281301593916898,24
2023-04-22,19.554166666666667,0.0,3.0666666666666664,4.7,9.5,94.89847909387859,0.9963475632166812,-0.08539047530129724,24
2023-04-23,19.716666666666665,0.0,3.279166666666667,4.0,9.6,100.40936918944855,0.98354193859421,-0.18067997959470555,24
2023-04-24,19.991666666666667,0.0,3.5375,5.0,9.3,92.4463991691489,0.9990885908178575,-0.04268474783324397,24
2023-04-25,21.116666666666667,0.0,2.7125,4.1,8.9,92.85333272457004,0.9987602337299981,-0.04977946885614061,24
2023-04-26,21.758333333333336,0.0,2.1791666666666667,3.4,6.2,99.93993035456485,0.9849892667664324,-0.17261559707896054,24
2023-04-27,21.170833333333334,21.2,1.3916666666666666,2.8,16.7,46.41824908978228,0.7243914731480396,0.6893888551684114,24
2023-04-28,21.120833333333334,1.8,1.25,3.4,6.8,298.46765648515833,-0.8790863291393484,0.47666259127427363,24
2023-04-29,20.758333333333333,4.4,1.0250000000000001,2.3,6.6,137.2483609607202,0.6788217517489924,-0.7343030909320953,24
2023-04-30,19.55,26.6,1.7208333333333332,5.8,12.7,116.02584255831252,0.8985962329559638,-0.438776492211412,24
2023-05-01,20.425,0.6000000000000001,1.5583333333333333,3.7,7.5,153.17841975359602,0.4512136978935661,-0.8924159337625106,24
2023-05-02,19.595833333333335,0.0,1.2833333333333334,2.6,6.6,284.8476707735145,-0.9666105200658008,0.2562500780451044,24
2023-05-03,19.908333333333335,0.0,1.3791666666666667,2.5,5.8,122.47511041939826,0.8436247719349849,-0.5369331840905764,24
2023-05-04,20.629166666666666,0.0,1.8083333333333333,3.5,7.7,108.99332587620707,0.9455564931324806,-0.32545801310615347,24
2023-05-05,21.662499999999998,0.0,2.1625,4.4,8.3,112.03708256411649,0.9269412101954663,-0.3752066002102902,24
2023-05-06,20.579166666666666,0.0,2.0875,4.2,8.6,117.0323846975212,0.8907497775474683,-0.4544940415441502,24
2023-05-07,20.054166666666667,0.0,2.1875,4.3,8.3,109.43147212232512,0.9430400621566674,-0.33267918655598067,24
2023-05-08,20.283333333333335,0.0,2.0,4.0,7.1,110.41154465534557,0.9372117359009698,-0.34876089529861387,24
2023-05-09,20.474999999999998,0.0,1.3666666666666665,2.6,5.2,119.06943789092375,0.874031514595806,-0.4858692329149492,24
2023-05-10,20.916666666666668,0.0,1.2291666666666667,2.6,5.6,125.74474858025641,0.811627527705014,-0.5841752787233013,24
2023-05-11,20.779166666666665,1.0,1.375,2.7,5.2,157.27334416094695,0.3863351949305798,-0.9223584537249881,24
2023-05-12,21.0,0.2,1.3833333333333335,2.8,6.7,168.63937742790293,0.19698358693044948,-0.9804067862270304,24
2023-05-13,20.191666666666666,0.0,1.5166666666666666,2.7,5.6,158.474032267218,0.36692287518520667,-0.9302513658500164,24
2023-05-14,19.658333333333335,0.0,1.5083333333333335,3.3,6.0,128.04676385352306,0.7875079986316383,-0.6163044313415176,24
2023-05-15,20.3125,0.0,1.4541666666666666,3.2,5.7,126.30259597641552,0.8059014582894256,-0.5920496934607579,24
2023-05-16,20.537499999999998,0.0,1.5125,2.8,5.9,141.86711307877442,0.6174874624148162,-0.7865807229779478,24
2023-05-17,19.870833333333334,0.0,1.5999999999999999,3.8,6.2,139.27468867653155,0.6524332581107073,-0.7578461873698693,24
2023-05-18,19.408333333333335,0.0,1.6125,3.4,6.3,127.08921259350407,0.7976974841312724,-0.6030578113337381,24
2023-05-19,19.099999999999998,0.0,1.5708333333333335,3.0,5.8,122.87187242593804,0.8398864178861871,-0.5427621993565036,24
2023-05-20,18.662499999999998,0.0,1.9124999999999999,3.1,6.8,108.04093588979948,0.9508354914207531,-0.30969641304777007,24
2023-05-21,18.375,0.0,2.4375,4.6,8.5,97.58044886985402,0.9912606126013954,-0.13191814850545056,24
2023-05-22,18.691666666666666,0.0,2.2083333333333335,3.1,6.3,112.14673271023491,0.9262214592801118,-0.37697985140988666,24
2023-05-23,18.483333333333334,0.0,2.3333333333333335,3.7,7.1,112.5294640175889,0.9236826176573018,-0.3831584813595478,24
2023-05-24,18.9375,0.0,2.716666666666667,3.7,7.5,103.42068112381827,0.9726921645768307,-0.23209901544564918,24
2023-05-25,19.620833333333334,0.0,2.6791666666666667,3.9,8.3,100.87263346925137,0.9820489194864073,-0.18862640254105473,24
2023-05-26,19.420833333333334,0.0,2.9791666666666665,4.4,9.0,96.17064813769794,0.9942061601455249,-0.10749005130099686,24
2023-05-27,20.212500000000002,0.0,1.9833333333333334,3.1,6.9,105.48200230235732,0.9637143503394239,-0.2669356681859175,24
2023-05-28,20.595833333333335,0.0,1.5125,3.3,5.9,100.10572617697049,0.9844856487946559,-0.1754651170955798,24
2023-05-29,20.8,0.0,1.1583333333333334,2.4,5.5,78.92907337308277,0.9813902283235758,0.19202400826719473,24
2023-05-30,20.974999999999998,0.0,2.3416666666666663,4.2,8.1,92.38181953427329,0.9991360673215413,-0.04155862097380983,24
2023-05-31,20.67083333333333,0.0,1.5374999999999999,2.5,6.0,89.53464307235625,0.9999670166533524,0.008121921287121943,24
2023-06-01,20.170833333333334,0.0,1.5791666666666666,2.5,5.5,133.024126509315,0.7310664561277365,-0.6823062631434892,24
2023-06-02,20.216666666666665,0.0,1.7958333333333334,2.9,6.2,140.66423838176584,0.6338637477673528,-0.7734447292898994,24
2023-06-03,19.933333333333334,0.0,2.3541666666666665,3.9,8.4,113.45618955200972,0.9173647043851362,-0.3980477347610106,24
2023-06-04,19.095833333333335,0.0,2.1416666666666666,3.3,7.1,118.76056840388149,0.8766380207583907,-0.48115047600601146,24
2023-06-05,17.875,0.0,1.4916666666666665,3.5,6.3,128.9449450709746,0.7777503101236465,-0.6285733490234625,24
2023-06-06,19.304166666666667,0.0,2.15,3.8,6.6,105.46419873920824,0.9637972489455642,-0.26663619957718077,24
2023-06-07,18.583333333333332,0.0,2.0416666666666665,3.6,7.3,110.33822940850683,0.937657240312486,-0.3475613610422955,24
2023-06-08,19.166666666666668,0.0,2.2125,3.3,6.8,101.80679776420615,0.9788431197721879,-0.20461218652526633,24
2023-06-09,19.266666666666666,0.0,1.875,3.4,8.2,100.72679398723497,0.9825258633547018,-0.18612610735492727,24
2023-06-10,19.833333333333332,0.0,1.6624999999999999,3.5,7.0,96.84520910758906,0.9928717726196185,-0.11918742859537067,24
2023-06-11,20.291666666666668,0.0,1.4041666666666668,2.9,6.2,125.44332088698597,0.8146895728505942,-0.5798973184008669,24
2023-06-12,21.433333333333334,0.0,1.4583333333333333,2.7,5.9,61.37515340600667,0.8777753058223596,0.4790725545138889,24
2023-06-13,21.320833333333333,0.4,1.5416666666666667,2.9,7.3,63.881049971653674,0.8978820209942779,0.44023615977703495,24
2023-06-14,21.9875,0.0,2.15,3.5,6.8,92.60470654214095,0.998966840093231,-0.04544504807066476,24
2023-06-15,21.216666666666665,0.0,1.5125,2.5,6.2,77.87506686112741,0.9776919254419357,0.2100440404430474,24
2023-06-16,20.316666666666666,1.2,1.8416666666666668,3.1,6.1,135.09283639657394,0.7059601278046993,-0.708251578148593,24
2023-06-17,18.695833333333333,0.4,2.0625,3.1,6.9,152.46307860103474,0.4623201070845704,-0.886713098237142,24
2023-06-18,18.320833333333333,0.2,1.7083333333333333,3.0,6.0,130.2578042488619,0.7631444542598499,-0.6462279334201175,24
2023-06-19,19.083333333333332,0.0,2.175,4.3,8.3,118.8387523352589,0.8759806427198866,-0.4823462590090799,24
2023-06-20,18.9375,0.0,2.1958333333333333,3.5,7.9,114.76515966854392,0.9080323704791448,-0.4189000049678028,24
2023-06-21,18.366666666666667,0.0,2.0208333333333335,3.2,6.5,102.81779861241205,0.9750804844580957,-0.221851411600119,24
2023-06-22,18.329166666666666,0.0,2.2708333333333335,4.0,8.0,105.92411621053913,0.9616259129314083,-0.2743639983285625,24
2023-06-23,18.458333333333332,0.0,2.183333333333333,3.5,7.4,97.35326685875339,0.9917758842675329,-0.1279867000330624,24
2023-06-24,17.595833333333335,0.0,1.625,3.1,8.7,115.9020060931779,0.8995424846928959,-0.4368332842544522,24
2023-06-25,17.454166666666666,0.0,1.825,3.7,6.5,129.1985824925645,0.7749601249806227,-0.6320101302115477,24
2023-06-26,17.991666666666667,0.0,2.4791666666666665,3.8,8.1,95.70008979503255,0.9950554143042084,-0.09932130921348235,24
2023-06-27,19.2375,0.0,2.441666666666667,4.0,8.4,78.86472871554828,0.9811739615314526,0.1931260138165635,24
2023-06-28,19.5125,0.0,2.379166666666667,3.4,7.0,105.3381654366421,0.9643814353360185,-0.2645154951590563,24
2023-06-29,17.408333333333335,0.0,2.0500000000000003,4.5,10.5,127.7992314519625,0.790163233652098,-0.6128964547005147,24
2023-06-30,18.224999999999998,0.0,2.2708333333333335,4.8,9.3,106.6268535647194,0.9581885719001612,-0.2861374856252317,24
2023-07-01,19.141666666666666,0.0,2.2125,4.6,7.8,115.03964598233608,0.9060151381472353,-0.42324528284204915,24
2023-07-02,17.541666666666668,0.0,1.7125000000000001,3.5,7.7,102.32702992267816,0.9769449662546181,-0.21349129469316297,24
2023-07-03,18.116666666666667,0.0,1.7166666666666668,3.8,8.1,112.82338475618563,0.9217049138161619,-0.38789180430519726,24
2023-07-04,18.566666666666666,0.0,2.3541666666666665,4.0,7.9,104.27633617344223,0.9691176622362163,-0.24659877684573145,24
2023-07-05,17.5625,0.0,2.716666666666667,3.6,7.5,106.67771171156951,0.9579342067684338,-0.2869879013180372,24
2023-07-06,17.662499999999998,0.0,2.316666666666667,3.2,6.0,97.67115098362092,0.9910505375209813,-0.1334871981853461,24
2023-07-07,17.291666666666668,0.0,1.4000000000000001,2.4,5.6,100.61502983522962,0.98288706119264,-0.1842091879904351,24
2023-07-08,18.412499999999998,0.0,1.4291666666666665,3.0,7.0,158.93258492016668,0.3594661660603328,-0.9331581192155407,24
2023-07-09,18.566666666666666,0.0,1.125,3.1,6.0,109.92584725438404,0.940134479419372,-0.3408036980533903,24
2023-07-10,19.599999999999998,0.0,1.5374999999999999,3.8,6.8,88.61418662042782,0.9997075086229685,0.024184648082146175,24
2023-07-11,20.170833333333334,0.0,1.5541666666666665,3.2,6.5,111.7600987694385,0.9287442251851874,-0.37072114073136675,24
2023-07-12,20.820833333333333,0.0,1.3875,2.9,6.7,39.26959339549499,0.6329701100439276,0.7741762330315871,24
2023-07-13,21.2625,0.0,1.4625000000000001,2.7,8.1,288.17155054987944,-0.9501270201218431,0.3118631841599559,24
2023-07-14,19.6125,0.0,2.033333333333333,2.9,7.0,187.78119171094195,-0.13539033573181292,-0.9907923379752323,24
2023-07-15,19.895833333333332,0.0,2.0458333333333334,3.3,7.6,119.5641105395978,0.8698041587816975,-0.49339712744002023,24
2023-07-16,21.791666666666668,0.0,1.6583333333333332,2.9,5.9,92.57202476921948,0.9989925996411041,-0.044875225484768966,24
2023-07-17,22.170833333333334,0.0,1.6375,2.8,6.5,71.92553928286175,0.9506541195280014,0.3102527115505044,24
2023-07-18,22.254166666666666,0.0,1.9500000000000002,3.1,8.0,73.41120643046968,0.9583784336676728,0.28550092448308806,24
2023-07-19,22.241666666666664,0.0,2.3625000000000003,4.4,8.1,86.21600806534829,0.997819945840762,0.06599511862508448,24
2023-07-20,20.108333333333334,0.0,3.9416666666666664,6.3,11.5,103.30763949386926,0.9731481906010209,-0.23017949328721524,24
2023-07-21,18.445833333333333,0.0,4.391666666666667,6.2,12.4,98.63699826342729,0.9886596137277454,-0.15017379326535413,24
2023-07-22,18.079166666666666,0.0,3.3958333333333335,4.6,8.7,92.05514894127533,0.9993567722402763,-0.035861424643989684,24
2023-07-23,19.254166666666666,0.0,3.0625,4.2,8.9,93.1576875479187,0.9984817156312296,-0.05508414971765054,24
2023-07-24,19.054166666666667,0.0,2.7125,4.7,8.3,104.72021288291518,0.9671781715148896,-0.2540991628186026,24
2023-07-25,20.412499999999998,0.0,2.8375,4.7,8.5,94.40588666947376,0.9970448647162499,-0.07682146668057803,24
2023-07-26,20.591666666666665,0.0,2.0416666666666665,3.3,6.9,107.34849597418851,0.954508755146637,-0.2981828907707773,24
2023-07-27,19.4375,0.0,1.8666666666666665,3.9,6.9,111.22008611193593,0.9321969696405654,-0.36195139147811933,24
2023-07-28,20.633333333333333,0.0,1.7708333333333333,3.3,7.0,109.61042359333739,0.941996409827755,-0.33562294896448913,24
2023-07-29,20.275000000000002,0.0,1.4958333333333333,3.1,6.5,126.64000538371678,0.802400980021087,-0.5967852773495669,24
2023-07-30,20.570833333333333,0.0,1.8708333333333333,3.6,7.2,111.25554580453212,0.9319727836154648,-0.3625282480028862,24
2023-07-31,21.108333333333334,0.0,2.470833333333333,3.8,8.4,103.24141727622045,0.9734135810219924,-0.2290545792642908,24
2023-08-01,21.354166666666668,0.0,2.433333333333333,3.9,7.8,111.0319652208072,0.933380348331396,-0.35888873672596894,24
2023-08-02,20.695833333333333,0.0,2.3249999999999997,4.5,8.0,101.23184702551163,0.9808470414817788,-0.1947795708395559,24
2023-08-03,20.0,0.0,1.4791666666666667,2.8,6.1,133.51017372181678,0.7252521319367362,-0.688483365900164,24
2023-08-04,20.295833333333334,0.0,1.4708333333333332,2.6,5.4,117.48794909727923,0.8871079321879323,-0.4615620398703199,24
2023-08-05,21.0,0.0,1.741666666666667,3.1,10.8,103.92938092206695,0.9705931664976619,-0.24072578829041544,24
2023-08-06,22.59583333333333,0.0,2.733333333333333,3.9,8.5,91.11693694137537,0.999809993571015,-0.019492992472351603,24
2023-08-07,22.208333333333332,0.0,2.1625,4.1,7.8,93.53958308898225,0.9980923845269956,-0.06173809155793538,24
2023-08-08,21.53333333333333,0.0,2.091666666666667,4.3,8.7,120.66135795378685,0.8601964019538881,-0.509962890871076,24
2023-08-09,21.34166666666667,0.0,2.595833333333333,5.2,9.2,109.62394717580182,0.941917166154957,-0.33584528000645647,24
2023-08-10,22.40416666666667,0.0,2.7291666666666665,3.8,7.0,96.98846731749597,0.9925706617960013,-0.12166955799150417,24
2023-08-11,22.804166666666664,0.0,2.3874999999999997,3.7,7.1,96.66408364735594,0.9932435904556102,-0.11604813664530854,24
2023-08-12,21.75,0.0,2.191666666666667,4.1,8.1,113.0843729329772,0.9199284706131038,-0.392086226429131,24
2023-08-13,21.71666666666667,0.0,2.2125,3.9,9.1,99.31738870967604,0.9868066257778453,-0.1619033147311803,24
2023-08-14,21.583333333333332,0.0,3.2083333333333335,5.4,11.7,106.4633838953818,0.9590010451953265,-0.28340253230038637,24
2023-08-15,20.620833333333334,0.0,3.525,4.8,10.7,90.72214584429962,0.9999205728786115,-0.01260348896573792,24
2023-08-16,19.825,0.0,3.341666666666667,6.1,11.2,96.69158534832077,0.9931877734861214,-0.11652487544589245,24
2023-08-17,19.962500000000002,0.0,2.9,5.0,9.3,96.80806466296427,0.9929488323290029,-0.11854373191556658,24
2023-08-18,21.895833333333332,0.0,1.8708333333333333,2.8,6.9,65.03939902415368,0.9065981830986648,0.42199494594390574,24
2023-08-19,22.370833333333334,0.0,1.9833333333333334,4.1,9.6,306.09556775227423,-0.8080354601292653,0.5891338516616461,24
2023-08-20,22.066666666666666,0.0,2.2624999999999997,5.1,12.0,151.3315162885316,0.4797409391642995,-0.8774101841725772,24
2023-08-21,20.558333333333334,0.0,2.5434782608695654,4.5,10.5,190.8695532811705,-0.1885736078846577,-0.9820590585139793,23
2023-08-22,22.863636363636363,0.0,1.6833333333333333,3.1,6.2,122.22839543339808,0.8459289720388363,-0.5332955787040782,18
2023-08-23,24.004166666666666,0.0,1.7625,3.5,6.5,65.82348559591726,0.9122880673923723,0.4095491204892159,24
2023-08-24,23.59583333333333,0.0,1.7291666666666667,3.1,7.1,335.16747016938496,-0.4199674078832099,0.907539187206733,24
2023-08-25,24.2625,0.0,2.066666666666667,5.2,9.3,309.30285588298693,-0.7738086381735718,0.6334194435663957,24
2023-08-26,22.72083333333333,4.6,1.8375000000000001,3.4,10.3,253.5250208141856,-0.9589436716875945,-0.28359660528700803,24
2023-08-27,22.245833333333334,0.4,1.7625,3.4,8.6,334.22778590499234,-0.4347944336452715,0.900529733252094,24
2023-08-28,20.6375,7.800000000000001,1.5916666666666668,2.8,5.5,163.66578721886478,0.28123978323442944,-0.9596375275729119,24
2023-08-29,22.054166666666664,0.0,1.8541666666666667,3.0,7.4,74.30807132222657,0.9627298566696292,0.2704648277999845,24
2023-08-30,21.254166666666666,8.2,2.2416666666666667,3.3,8.0,20.909384416777016,0.3568910069235485,0.9341460320405452,24
2023-08-31,22.554166666666664,16.6,1.3958333333333333,4.2,9.9,8.855022508953097,0.15393478497150165,0.9880810098244868,24
2023-09-01,22.337500000000002,20.8,2.25,4.5,8.5,79.82056936934956,0.9842591185367067,0.17673139952296324,24
2023-09-02,23.166666666666668,1.8,2.2416666666666667,4.1,9.7,41.89466564446382,0.6677632556328855,0.7443737195969304,24
2023-09-03,24.125,0.0,2.0208333333333335,3.6,7.5,66.50106020330388,0.9170674526962038,0.39873209954215605,24
2023-09-04,24.295833333333334,0.0,1.2833333333333334,2.2,6.1,28.42339594750211,0.47598336186505974,0.8794542848992412,24
2023-09-05,25.820833333333336,0.0,1.9124999999999999,4.0,7.9,81.5690979423647,0.989193400273906,0.14661656405245616,24
2023-09-06,23.599999999999998,0.0,3.858333333333333,5.9,10.2,117.11006155716751,0.8901327938739869,-0.4557012280761269,24
2023-09-07,21.941666666666666,0.0,3.7916666666666665,5.4,11.1,85.43408996609372,0.9968264189501452,0.07960584452808371,24
2023-09-08,22.329166666666666,0.0,2.783333333333333,4.2,8.4,85.01223949851942,0.9962132935321402,0.0869429340995908,24
2023-09-09,23.275000000000002,0.0,2.3041666666666667,3.5,7.2,103.18886141784037,0.9736232770110452,-0.22816159725570284,24
2023-09-10,23.349999999999998,0.0,2.8083333333333336,4.0,8.7,100.99730108692648,0.9816361704009474,-0.19076275569555537,24
2023-09-11,22.9375,0.0,2.8541666666666665,5.4,9.6,89.833756192379,0.9999957906465937,0.0029014977328886563,24
2023-09-12,23.025000000000002,0.0,1.7666666666666666,3.3,8.9,92.66480451565378,0.9989186229145978,-0.04649284670143909,24
2023-09-13,24.47083333333333,0.0,1.9708333333333332,3.8,7.8,47.5828239724468,0.7382531662691292,0.6745237301189675,24
2023-09-14,23.46666666666667,0.0,2.1041666666666665,3.2,8.7,243.40006100409892,-0.8941547135779847,-0.4477581358124855,24
2023-09-15,22.583333333333332,0.0,2.3583333333333334,3.8,7.4,139.97302664039987,0.6431481722004595,-0.7657417505890664,24
2023-09-16,23.079166666666666,0.0,2.341666666666667,4.0,9.5,105.62892204656876,0.9630266974174857,-0.26940597629074675,24
2023-09-17,24.650000000000002,0.0,2.65,3.9,9.0,84.14970322000457,0.9947916138013007,0.10192960860615502,24
2023-09-18,25.079166666666666,0.0,2.5833333333333335,3.8,8.2,92.04738938931493,0.999361619778618,-0.035726081697505824,24
2023-09-19,25.349999999999998,0.0,2.1333333333333333,3.6,7.1,100.62925123609395,0.9828413083039268,-0.18445314497569712,24
2023-09-20,26.5,0.0,2.308333333333333,3.6,7.7,85.45805547500434,0.996859629045763,0.07918888797516775,24
2023-09-21,25.6375,0.0,2.345833333333333,3.3,7.9,91.30335670709606,0.9997412784561628,-0.022745904045279458,24
2023-09-22,26.224999999999998,0.0,2.5791666666666666,4.1,7.9,93.00204593875289,0.9986276652863436,-0.0523716156400252,24
2023-09-23,26.645833333333332,0.0,1.8333333333333333,3.5,7.0,89.28680660460752,0.9999225299640773,0.012447251513441676,24
2023-09-24,26.629166666666666,0.0,1.7541666666666667,4.8,9.4,3.6240757584959935,0.06320988605801736,0.9980002556635608,24
2023-09-25,26.695833333333336,0.0,1.5583333333333333,3.3,6.9,300.73524740049226,-0.859538031489422,0.5110717879352072,24
2023-09-26,26.224999999999998,0.0,1.6708333333333334,4.5,11.0,293.4402804139328,-0.917475193676741,0.3977929976606255,24
2023-09-27,25.370833333333334,0.0,2.275,3.9,8.9,300.5470012072992,-0.8612125237545976,0.5082450087588041,24
2023-09-28,24.8875,0.2,1.4541666666666666,2.9,8.4,146.92031463780847,0.5458049073953524,-0.8379122884068182,24
2023-09-29,22.575,7.2,1.6916666666666667,3.0,7.6,85.95804432357006,0.9975127026088296,0.0704869359103433,24
2023-09-30,25.108333333333334,0.0,1.8416666666666668,2.8,6.0,90.39378800141681,0.9999763817351506,-0.006872843070850782,24
2023-10-01,25.625,0.0,1.1916666666666667,2.5,6.8,26.83470983494017,0.4514181872159213,0.8923125126606102,24
2023-10-02,21.920833333333334,16.400000000000002,1.8375000000000001,4.6,9.0,112.88038682595955,0.9213185543475728,-0.3888085922596083,24
2023-10-03,22.016666666666666,2.2,2.1791666666666667,5.0,9.9,318.4611533105225,-0.663127689829843,0.7485062905419937,24
2023-10-04,23.383333333333336,0.0,1.0708333333333333,2.3,8.7,337.7795333179536,-0.37817149385222926,0.9257355568614469,24
2023-10-05,24.445833333333336,4.2,1.4000000000000001,3.4,6.2,338.96414764913555,-0.35895205942639585,0.9333559980165924,24
2023-10-06,23.55,2.8,1.4208333333333334,3.6,9.2,342.2112537364118,-0.3055082868076255,0.952189417443751,24
2023-10-07,22.833333333333332,23.599999999999998,1.5250000000000001,2.9,20.0,290.16345722557935,-0.938713060201544,0.34469956571926863,24
2023-10-08,24.150000000000002,4.8,1.6125,3.0,7.2,348.57415490281056,-0.19809950297759257,0.9801819152177981,24
2023-10-09,23.90833333333333,1.2000000000000002,1.6333333333333335,4.1,9.3,200.55730884698073,-0.35114409173608035,-0.936321433503924,24
2023-10-10,25.224999999999998,0.0,1.8125,4.4,8.1,120.60061906324097,0.8607365269180743,-0.5090507157730072,24
2023-10-11,26.041666666666668,0.0,2.1374999999999997,3.9,8.3,74.18139800058556,0.9621295426420009,0.27259263228395264,24
2023-10-12,26.830434782608698,0.0,2.017391304347826,4.2,8.3,32.960226403253955,0.5440567153166074,0.8390484434875641,23
2023-10-13,24.09166666666667,0.4,1.6500000000000001,3.8,12.5,235.27971853514504,-0.8219424769073057,-0.5695705089411524,24
2023-10-14,24.5,0.0,2.1625,3.9,8.4,139.42590953168985,0.6504308032154444,-0.7595655141121875,24
2023-10-15,25.733333333333334,0.0,3.4916666666666667,5.0,10.3,101.09947865360354,0.9812944157496485,-0.19251303752877638,24
2023-10-16,25.566666666666666,0.0,3.5124999999999997,5.0,10.5,82.07072330138921,0.9904391032353761,0.13795065343195728,24
2023-10-17,26.133333333333336,0.0,2.9125,4.0,9.2,89.42856327613461,0.9999502655368854,0.009973286956280636,24
2023-10-18,25.525000000000002,0.0,2.066666666666667,3.4,7.9,82.15225871901758,0.9906344125612376,0.13654105847492112,24
2023-10-19,26.291666666666668,0.0,1.5958333333333332,2.9,6.4,94.65612887841428,0.9966998346016668,-0.08117536390439076,24
2023-10-20,26.462500000000002,0.6,1.9958333333333333,3.4,8.8,74.46533003921171,0.9634685695320612,0.26782142469161035,24
2023-10-21,23.0625,14.0,2.2375000000000003,4.7,10.7,70.74175216925738,0.9440415510484966,0.3298265451626791,24
2023-10-22,23.741666666666664,0.2,2.2375000000000003,4.9,8.5,65.59641615503479,0.9106578193861611,0.41316139218329945,24
2023-10-23,25.582608695652173,0.0,2.1869565217391305,3.5,8.4,98.33366363472628,0.9894408030545334,-0.14493756328433283,23
2023-10-24,24.758333333333336,0.7999999999999999,2.120833333333333,3.3,8.6,322.8097967069722,-0.604462911522302,0.7966332836343092,24
2023-10-25,25.054166666666664,0.0,2.095833333333333,4.4,10.7,269.47387996422816,-0.9999578408962387,-0.00918239784219843,24
2023-10-26,23.695652173913043,0.8,2.1739130434782608,3.9,9.4,289.3188239916012,-0.9436923132413391,0.3308244518308925,23
2023-10-27,23.245833333333334,25.0,1.8041666666666665,4.7,11.6,326.7493105990543,-0.5483032919398252,0.8362795585496222,24
2023-10-28,22.349999999999998,2.4,1.7541666666666667,3.3,7.3,65.78239390621832,0.9119941101968845,0.4102032946798368,24
2023-10-29,24.258333333333336,3.0,1.75,3.6,12.4,54.61881845299365,0.8153180131640191,0.5790134172972818,24
2023-10-30,25.46666666666667,0.0,1.8541666666666667,4.5,8.4,98.93957332594252,0.9878527740095437,-0.15539271823881984,24
2023-10-31,24.445833333333336,23.799999999999997,2.0375,5.5,12.8,119.85625422619397,0.8672770954933474,-0.4978257121047717,24
2023-11-01,23.3625,1.2,1.7666666666666666,3.2,7.5,119.72387047006832,0.868425021913105,-0.4958205132053566,24
2023-11-02,22.787499999999998,1.2,2.4,4.3,9.9,170.3088997786789,0.16833626777880156,-0.9857296287270174,24
2023-11-03,22.55,0.6000000000000001,1.8,4.3,9.2,35.52348223925498,0.581036565981416,0.813877453301493,24
2023-11-04,22.02916666666667,2.2,1.625,3.8,7.5,282.0589498796335,-0.9779331690555741,0.20891796682172095,24
2023-11-05,22.90833333333333,6.8,1.8625,2.9,8.1,165.51098410888514,0.25019439696884077,-0.9681956226534998,24
2023-11-06,24.59166666666667,0.0,2.4833333333333334,4.3,8.4,113.06417002856281,0.9200666658486953,-0.39176182865877207,24
2023-11-07,25.3125,0.0,2.5708333333333333,3.9,8.0,77.74483313426063,0.9772119685572486,0.212265796840817,24
2023-11-08,25.2,0.0,2.845833333333333,3.8,8.3,88.51351361497296,0.9996634711892151,0.025941171329170242,24
2023-11-09,25.27916666666667,0.0,2.725,4.6,10.4,111.92605846473765,0.9276665208596898,-0.37340972948770196,24
2023-11-10,24.866666666666664,0.0,2.0166666666666666,3.8,7.9,104.30156838667872,0.9690089698135118,-0.2470255379934562,24
2023-11-11,26.870833333333334,0.0,2.15,4.0,8.0,90.44708375996343,0.999969556097299,-0.007803004457957391,24
2023-11-12,26.0125,0.0,1.6541666666666668,3.8,7.6,47.92597239694473,0.7422796716946871,0.6700902095903414,24
2023-11-13,26.329166666666666,0.0,1.9333333333333333,5.1,9.5,341.7230080029689,-0.31361117423375373,0.949551489596918,24
2023-11-14,26.55,0.0,1.5125,3.3,8.3,2.5534205121840325,0.044550844693110596,0.9990071182114422,24
2023-11-15,27.620833333333334,0.0,2.2416666666666667,3.8,8.7,205.60798637386307,-0.43221144970447095,-0.9017722898516896,24
2023-11-16,26.09583333333333,0.0,2.216666666666667,5.6,15.3,56.29126992643129,0.831869571644895,0.5549711846315437,24
2023-11-17,26.016666666666666,0.0,2.5,4.2,9.0,325.6314424533728,-0.5645141172644788,0.8254234134122356,24
2023-11-18,24.766666666666666,1.2000000000000002,2.7083333333333335,4.2,9.6,303.7902538181071,-0.8310790847843921,0.5561542545319036,24
2023-11-19,25.34583333333333,0.6,1.4875,2.7,8.2,303.84569203112295,-0.8305405724649055,0.5569581290273687,24
2023-11-20,21.383333333333336,11.8,2.5,4.8,10.3,119.79028139891228,0.8678497383973743,-0.49682676212499777,24
2023-11-21,21.8,23.4,1.8958333333333333,5.5,13.5,63.155529996421365,0.8922356019450834,0.45157018349498534,24
2023-11-22,22.354166666666668,5.4,1.5416666666666667,3.0,9.2,31.36075310215425,0.5204248379529853,0.8539074821323496,24
2023-11-23,23.358333333333334,0.4,1.5,3.5,8.6,326.4283984072954,-0.5529786474464577,0.8331954245363367,24
2023-11-24,24.075,4.2,1.6291666666666667,2.6,7.0,220.97025440247577,-0.6556671266155135,-0.7550500771973713,24
2023-11-25,23.633333333333336,18.4,2.466666666666667,6.4,12.5,165.5220572874832,0.25000727549523616,-0.9682439579979051,24
2023-11-26,24.141666666666666,4.8,2.4791666666666665,4.3,10.8,101.27087097730771,0.9807141503148673,-0.19544757704353313,24
2023-11-27,22.016666666666666,22.0,1.8541666666666667,3.1,9.9,152.86616174066424,0.4560705776813506,-0.889943609546919,24
2023-11-28,23.745833333333334,0.0,1.7750000000000001,3.6,8.3,50.72538501303533,0.7741207544659925,0.6330379589763971,24
2023-11-29,23.5,0.0,1.7208333333333332,4.2,6.9,213.64527289215204,-0.5540495183240578,-0.8324837123000542,24
2023-11-30,23.40833333333333,0.0,2.245833333333333,5.8,14.3,146.3434888534574,0.5542127948010084,-0.832375022498186,24
2023-12-01,22.183333333333334,1.6,1.5250000000000001,3.0,6.4,77.72416717092166,0.977135343032981,0.21261825273437526,24
2023-12-02,22.6875,5.2,1.4000000000000001,3.4,9.5,227.8650312417619,-0.741566528059878,-0.6708793367374034,24
2023-12-03,21.6125,9.8,1.8958333333333333,4.4,9.4,112.35666007526473,0.9248340200072235,-0.3803709182328201,24
2023-12-04,21.558333333333334,3.6,1.9000000000000001,3.7,8.4,269.76162722676315,-0.9999913455910885,-0.004160377738180809,24
2023-12-05,21.433333333333334,3.1999999999999997,1.6708333333333334,4.6,10.7,340.91297988057744,-0.32700382029616537,0.9450230163925708,24
2023-12-06,22.525000000000002,0.0,2.370833333333333,4.8,10.1,129.3912256797154,0.7728307675608467,-0.6346121687387603,24
2023-12-07,24.53333333333333,0.0,2.4375,4.1,10.1,96.39117618388103,0.9937850741089245,-0.11131588601057554,24
2023-12-08,25.162499999999998,0.0,1.7708333333333333,2.8,6.8,90.09294727182291,0.999998684175592,-0.0016222352125298666,24
2023-12-09,25.170833333333334,0.0,1.5791666666666666,3.2,8.3,128.84842089855232,0.7788081412384265,-0.6272622092400812,24
2023-12-10,26.65416666666667,0.0,2.4,4.6,9.9,112.46127890827123,0.9241379430118492,-0.3820589774967059,24
2023-12-11,24.179166666666664,0.0,2.3874999999999997,4.3,14.8,342.17509199514535,-0.30610919212774823,0.9519964088665972,24
2023-12-12,22.45,0.0,1.6291666666666667,3.5,7.6,216.52688720261872,-0.5951999473228652,-0.8035776395015348,24
2023-12-13,24.483333333333334,0.6000000000000001,2.2375000000000003,4.4,9.0,119.7312885836954,0.8683608205014831,-0.49593294447736685,24
2023-12-14,25.96666666666667,0.0,2.5416666666666665,4.4,9.9,92.62869584321764,0.9989477250415277,-0.045863303788066884,24
2023-12-15,26.28333333333333,0.0,2.6,4.5,8.6,91.47936902840515,0.9996666859225467,-0.02581699162629941,24
2023-12-16,25.75,0.0,2.2624999999999997,3.7,8.8,103.69791904136281,0.971557721218803,-0.23680285965360878,24
2023-12-17,24.59583333333333,1.7999999999999998,1.9958333333333333,4.0,8.1,99.56539436785945,0.9860965825793755,-0.1661731922581884,24
2023-12-18,23.833333333333332,2.2,1.8708333333333333,3.4,10.9,319.2186628879965,-0.6531739942067479,0.7572078534273158,24
2023-12-19,22.900000000000002,6.8,2.1041666666666665,3.5,9.0,281.0984989542062,-0.9812977073828052,0.19249625836688486,24
2023-12-20,22.425,3.6,2.3249999999999997,3.2,8.6,304.22316392931606,-0.8268532637790603,0.5624177096944188,24
2023-12-21,20.258333333333333,25.2,2.9958333333333336,5.0,11.3,344.3414981157296,-0.2699031178835902,0.9628874840586084,24
2023-12-22,21.254166666666666,8.2,2.191666666666667,3.5,10.8,326.9643962290349,-0.5451600822592088,0.8383319656980359,24
2023-12-23,21.712500000000002,4.0,1.4124999999999999,3.4,8.5,342.32904864187253,-0.30355002779342144,0.9528155018819819,24
2023-12-24,22.170833333333334,11.4,1.8541666666666667,3.3,9.4,329.1231557480383,-0.5131944283076059,0.8582723802814755,24
2023-12-25,23.670833333333334,3.8,1.3375000000000001,3.2,10.5,75.39647142303578,0.9676936448833396,0.25212895441102506,24
2023-12-26,23.233333333333334,9.8,1.7750000000000001,4.1,11.6,222.15779325089224,-0.6711746958285804,-0.7412992160250899,24
2023-12-27,22.979166666666668,0.0,1.6791666666666665,4.1,9.9,215.31613827361616,-0.5780874796768484,-0.8159747948563544,24
2023-12-28,22.474999999999998,0.6000000000000001,1.5916666666666668,3.6,11.8,83.76604929492552,0.9940867942546128,0.10858842244266775,24
2023-12-29,24.09583333333333,0.0,1.7916666666666667,3.5,8.0,350.0957332696591,-0.17200245940932696,0.9850965201223396,24
2023-12-30,23.03333333333333,2.8,1.9749999999999999,4.2,10.0,290.65535341895406,-0.9357191849472133,0.35274581063667176,24
2023-12-31,22.025000000000002,21.6,2.254166666666667,4.8,10.0,316.2482454406028,-0.6915351762929084,0.7223427856284966,24
2024-01-01,21.995833333333334,35.6,1.6583333333333332,2.3,6.2,311.152977530834,-0.7529552398471501,0.6580717337697469,24
2024-01-02,21.1875,23.2,1.7874999999999999,3.5,6.7,345.37954294294235,-0.25241485595516017,0.9676191092021362,24
2024-01-03,20.537499999999998,48.800000000000004,2.25,4.2,8.2,333.8676535850809,-0.4404460824830987,0.8977790643723496,24
2024-01-04,20.375,7.6,2.529166666666667,4.0,8.4,326.5476647721311,-0.5512430787742341,0.8343446938187499,24
2024-01-05,20.400000000000002,2.4,2.5458333333333334,4.7,11.1,327.39066239319436,-0.5389080739891512,0.8423645812766011,24
2024-01-06,21.979166666666668,0.0,1.9583333333333333,3.2,9.0,311.8976963900237,-0.7443383962239741,0.6678026294547827,24
2024-01-07,21.9875,51.60000000000001,1.5166666666666666,3.4,9.9,305.57046835275025,-0.8134006934566498,0.5817038008163959,24
2024-01-08,21.458333333333332,2.4,1.9833333333333334,3.9,7.7,30.985401546662512,0.5148196596154363,0.8572984999832008,24
2024-01-09,21.575,12.799999999999999,2.4208333333333334,4.5,9.5,357.31759203598796,-0.046799750395537285,0.9989042913927818,24
2024-01-10,20.620833333333334,15.6,1.7833333333333332,2.9,10.5,111.41898820665479,0.930934842115428,-0.36518532245357715,24
2024-01-11,21.3,1.0,1.2125000000000001,2.5,9.7,315.9262415752457,-0.695583820413608,0.7184449518082854,24
2024-01-12,22.995833333333334,0.0,1.5875000000000001,2.9,10.1,347.6468676305259,-0.2139363428967788,0.9768476038707122,24
2024-01-13,22.679166666666664,18.2,1.9208333333333334,3.4,6.4,131.1047109876821,0.7535093388852449,-0.6574372032466075,24
2024-01-14,22.037499999999998,11.4,1.8625,3.4,8.2,93.33135887311639,0.9983101613976633,-0.05811042634649559,24
2024-01-15,21.491666666666664,0.2,1.1583333333333334,2.9,7.4,167.7107890906539,0.21284639978062167,-0.9770856718325307,24
2024-01-16,22.579166666666666,2.8000000000000003,1.5458333333333334,3.5,8.5,55.57776693672657,0.824894206278331,0.5652871380532573,24
2024-01-17,24.53333333333333,0.0,1.7249999999999999,3.1,8.6,81.91820463715312,0.9900683764121658,0.14058666376501674,24
2024-01-18,23.991666666666664,0.0,1.3958333333333333,2.4,6.4,63.40242983815828,0.8941732249054467,0.44772116753867414,24
2024-01-19,23.866666666666664,0.0,1.1541666666666666,2.5,6.6,339.71611537679865,-0.34667184122307465,0.9379864788487109,24
2024-01-20,24.508333333333336,0.0,1.7708333333333333,3.5,9.7,272.2360036176699,-0.9992385969303574,0.03901571996837448,24
2024-01-21,23.787499999999998,7.0,2.0500000000000003,5.4,12.7,261.18627834462245,-0.9881917148252854,-0.15322250079757116,24
2024-01-22,22.537499999999998,0.4,1.9916666666666665,4.0,9.8,293.46268836257025,-0.9173195496643514,0.39815178488057973,24
2024-01-23,22.479166666666668,0.0,2.470833333333333,4.7,9.9,305.7025597488584,-0.8120574557676061,0.5835774914544274,24
2024-01-24,22.004166666666666,4.4,2.9333333333333336,5.0,10.5,315.9721017945352,-0.6950085458258843,0.719001475122958,24
2024-01-25,22.587500000000002,2.6000000000000005,1.6333333333333335,3.0,6.5,288.82202506396663,-0.9465253080565349,0.3226295727432337,24
2024-01-26,20.9375,43.2,1.2833333333333334,2.3,7.8,315.24521710803754,-0.7040740062984796,0.7101266039621447,24
2024-01-27,21.479166666666668,9.799999999999999,1.3541666666666667,2.3,6.8,336.50842045153996,-0.39861428924895786,0.9171186664802696,24
2024-01-28,21.833333333333332,1.4,2.5166666666666666,3.5,8.3,325.5624438004946,-0.5655077268641818,0.8247429968522958,24
2024-01-29,22.22083333333333,0.0,2.341666666666667,3.6,7.8,294.4066506849334,-0.910635703016919,0.4132101358762654,24
2024-01-30,22.754166666666666,15.2,1.575,3.5,8.1,280.02213717799884,-0.9847405876447304,0.17402866156214317,24
2024-01-31,21.429166666666664,2.0,1.8875000000000002,4.5,8.3,347.38839222875816,-0.21834095163004963,0.9758725474370535,24
2024-02-01,21.891666666666666,2.8,2.033333333333333,3.9,6.5,52.35582477725612,0.7918189841117288,0.6107558402506434,24
2024-02-02,22.09166666666667,0.2,2.2291666666666665,4.0,8.3,102.11468998416953,0.9777294608138976,-0.20986924847762958,24
2024-02-03,21.929166666666664,0.0,2.6875,5.2,9.2,95.80682057007216,0.9948686718960984,-0.10117472846365005,24
2024-02-04,22.395833333333332,0.0,1.9625000000000001,3.2,6.9,73.80817015567939,0.9603334589620695,0.27885416905247645,24
2024-02-05,22.020833333333332,0.6,1.8083333333333333,3.4,8.3,94.69970040437121,0.9966378152551497,-0.08193329728164339,24
2024-02-06,21.34166666666667,0.2,1.5250000000000001,2.6,8.8,120.42100388723767,0.8623281058631003,-0.5063499164002672,24
2024-02-07,22.65833333333333,0.0,1.5708333333333335,3.5,9.4,338.37084309210866,-0.3685976534156153,0.9295890327970215,24
2024-02-08,22.133333333333336,10.2,1.6916666666666667,3.8,6.6,313.2397025533512,-0.7284941021848275,0.6850520732629908,24
2024-02-09,22.34583333333333,13.4,1.4791666666666667,4.8,17.0,359.30275626898657,-0.012168898442408172,0.9999259562141081,24
2024-02-10,20.620833333333334,13.4,2.1416666666666666,4.6,8.9,78.12650967237346,0.9786042871342476,0.20575142576048214,24
2024-02-11,19.370833333333334,16.6,2.4458333333333333,4.5,11.6,7.011506984765134,0.12206867872523079,0.9925216560228177,24
2024-02-12,21.8125,1.2000000000000002,2.5416666666666665,5.0,9.2,88.02365040003752,0.9994051475997822,0.034486967843778187,24
2024-02-13,23.866666666666664,0.0,3.0541666666666667,4.1,7.7,93.92453431960885,0.997655062904983,-0.0684424974709013,24
2024-02-14,24.245833333333334,0.0,1.5666666666666667,2.5,5.6,61.64245543145337,0.8800007627299982,0.47497227034282885,24
2024-02-15,22.25,2.0,1.5208333333333333,3.7,7.1,9.681577322404342,0.16817243133450582,0.9857575935994818,24
2024-02-16,21.75,8.2,1.3958333333333333,3.6,7.9,175.61499589705025,0.07645806910090967,-0.9970727975776696,24
2024-02-17,21.491666666666664,9.2,2.0875,3.3,9.3,314.15019594698117,-0.7175163438051229,0.6965416687984495,24
2024-02-18,22.058333333333334,6.2,2.2666666666666666,4.5,11.5,307.18568351194074,-0.7966809642495071,0.6044000671761012,24
2024-02-19,21.279166666666665,0.8,2.558333333333333,4.1,9.0,328.0833657367556,-0.5286847881691128,0.8488182342283773,24
2024-02-20,20.408333333333335,11.2,2.591666666666667,3.7,8.0,320.1966881927989,-0.6401541066936262,0.7682465227277541,24
2024-02-21,20.75,2.4,2.0833333333333335,2.9,6.8,343.40636896813834,-0.2855818390164629,0.9583543255101293,24
2024-02-22,21.825,0.0,2.3375,4.0,8.4,315.20872559568744,-0.7045261410001413,0.7096780373151257,24
2024-02-23,21.675,7.0,2.216666666666667,3.8,9.4,359.3184891779153,-0.011894327257128415,0.9999292599874755,24
2024-02-24,22.96666666666667,0.0,2.0833333333333335,5.5,9.6,47.30331224924229,0.7349537980984108,0.6781171835757596,24
2024-02-25,23.304166666666664,0.0,2.4499999999999997,4.0,8.9,114.81789655707722,0.9076464167803511,-0.41973560976618274,24
2024-02-26,23.008333333333336,0.0,2.6125000000000003,4.6,8.6,102.34457540979798,0.9768795437532555,-0.21379045113482376,24
2024-02-27,22.920833333333334,0.0,1.9791666666666667,3.7,7.0,80.84851863654492,0.9872713001070468,0.15904521364989774,24
2024-02-28,23.991666666666664,0.0,1.625,2.8,5.7,30.558460756027777,0.508417247001374,0.8611108540435103,24
2024-02-29,24.795833333333334,0.0,1.3291666666666666,2.3,6.7,280.5244691975172,-0.983176990927103,0.1826554256284969,24
2024-03-01,23.962500000000002,0.0,1.6333333333333335,4.7,9.8,174.18811839763984,0.1012626064869876,-0.9948597310814533,24
2024-03-02,22.9875,0.4,1.325,3.0,8.4,113.36529832692973,0.9179949933191843,-0.3965919719824277,24
2024-03-03,21.2375,1.0,1.6875,4.1,8.7,62.40999708805551,0.8862844026071515,0.4631414014048891,24
2024-03-04,21.125,3.0,1.5833333333333333,2.7,5.7,348.8242609712743,-0.1938189642226579,0.981037312800923,24
2024-03-05,21.9875,1.4000000000000001,2.2333333333333334,3.6,9.5,344.15640719928524,-0.27301226008200374,0.9620105539155568,24
2024-03-06,22.98695652173913,0.0,1.7173913043478262,3.3,7.0,19.771636365304676,0.33827210625889026,0.9410483420776927,23
2024-03-07,23.175,7.2,1.9833333333333334,3.9,11.1,39.14336853818541,0.6312630346898268,0.775568811282526,24
2024-03-08,24.620833333333334,0.0,2.004166666666667,3.0,6.7,71.7789469094943,0.9498572212588825,0.3126839606093575,24
2024-03-09,23.695833333333336,0.0,1.5125,2.9,7.7,50.95101103783889,0.7766075967592083,0.6299846352538185,24
2024-03-10,23.075,19.8,1.5833333333333333,4.5,9.3,256.416903077732,-0.9720303285810096,-0.23485536042146132,24
2024-03-11,22.954166666666666,3.1999999999999997,1.2458333333333333,3.1,7.9,63.87979652115398,0.8978723898041666,0.4402558024914092,24
2024-03-12,23.90416666666667,0.0,1.3208333333333333,2.5,6.0,352.6010116024718,-0.12877808781587546,0.9916734362170273,24
2024-03-13,23.8875,1.4,1.8666666666666665,2.9,7.1,56.91424659173039,0.8378544789382638,0.5458936454320479,24
2024-03-14,22.3,10.8,1.3083333333333333,3.0,5.8,18.304347484080004,0.3140644954856855,0.9494016498170422,24
2024-03-15,24.55,0.0,1.6958333333333335,3.7,7.2,77.60996605188625,0.9767096147119854,0.21456544113432,24
2024-03-16,24.9875,0.0,2.0208333333333335,3.8,8.2,49.67730650840212,0.7624120918762,0.6470918035031481,24
2024-03-17,22.95,0.0,1.5416666666666667,3.3,5.8,333.97565873913175,-0.4387529465180023,0.8986077297251404,24
2024-03-18,23.62608695652174,8.6,1.2521739130434784,3.6,8.1,248.34099597397437,-0.9293968929212107,-0.36908185464528004,23
2024-03-19,24.1125,0.2,1.4083333333333332,3.3,6.6,8.29077956741938,0.1441969578078087,0.9895490070526941,24
2024-03-20,23.679166666666664,0.0,1.7333333333333334,3.4,7.0,345.9963854196679,-0.24198310751253865,0.9702804623811483,24
2024-03-21,23.025000000000002,0.0,1.8083333333333333,3.6,7.8,314.04810912607155,-0.7187562681395968,0.6952621282725242,24
2024-03-22,22.325,1.0,1.7375,3.4,8.5,290.9185098751361,-0.9340891784139302,0.3570397831754731,24
2024-03-23,21.079166666666666,20.0,1.4708333333333332,3.0,6.5,14.846332073211256,0.2562274933832891,0.9666165070153294,24
2024-03-24,21.6875,0.0,1.8458333333333332,3.2,6.9,86.17852733388713,0.9977765608362168,0.06664784051903978,24
2024-03-25,21.474999999999998,34.4,1.9749999999999999,3.5,9.6,64.18423842934544,0.9001990090474681,0.43547875276522563,24
2024-03-26,21.641666666666666,0.2,1.3041666666666667,3.5,7.2,146.3694717934491,0.5538352658654949,-0.8326262656700765,24
2024-03-27,21.425,0.8,2.370833333333333,3.7,9.8,102.5672114709247,0.9760414384807353,-0.21758471997926893,24
2024-03-28,21.266666666666666,3.8000000000000003,1.875,4.3,11.6,34.21738185330009,0.5623342638883815,0.8269100166627031,24
2024-03-29,22.40416666666667,0.0,2.3041666666666667,3.8,7.5,112.90044412241105,0.9211823892833,-0.38913109060355316,24
2024-03-30,22.9375,0.0,1.6291666666666667,3.7,10.6,121.49801675344854,0.8526582497038161,-0.5224690509609395,24
2024-03-31,23.087500000000002,0.2,1.2958333333333334,2.5,5.4,210.02797853750695,-0.500422835815861,-0.8657811417408049,24
2024-04-01,23.204166666666666,0.0,1.6666666666666667,3.5,6.9,58.95530228252164,0.8567652472035652,0.515706613477289,24
2024-04-02,20.8875,70.2,1.7708333333333333,3.9,8.4,220.90235013687985,-0.6547718164817795,-0.7558266126177028,24
2024-04-03,22.037499999999998,0.4,1.2916666666666667,2.7,5.6,74.10504030785366,0.9617654060113857,0.2738746132808853,24
2024-04-04,21.858333333333334,14.2,1.3916666666666666,2.7,8.2,57.24822353150286,0.8410222395252965,0.5410005477112337,24
2024-04-05,22.712500000000002,3.5999999999999996,1.5875000000000001,3.6,6.8,91.71520778433518,0.9995519507197339,-0.029931552121042763,24
2024-04-06,22.462500000000002,0.2,1.7,3.1,9.6,54.03978281021273,0.8094249227387046,0.5872233769609672,24
2024-04-07,22.133333333333336,0.0,2.066666666666667,4.9,8.7,47.695312813870004,0.7395760354830339,0.6730730181333955,24
2024-04-08,22.912499999999998,0.0,2.3666666666666667,3.2,7.0,68.97078801492633,0.9333975929445002,0.3588438845590281,24
2024-04-09,23.462500000000002,0.0,1.6666666666666667,2.5,5.9,62.42000794764611,0.8863653102838789,0.46298654054449917,24
2024-04-10,22.625,0.0,1.2874999999999999,3.4,7.3,101.97123253161617,0.9782518672037073,-0.20742054939773985,24
2024-04-11,20.683333333333334,13.399999999999999,1.3166666666666667,3.0,6.1,107.93163864898753,0.9514245369136866,-0.30788204000652075,24
2024-04-12,20.754166666666666,11.2,1.5333333333333332,4.4,8.1,88.92170116596752,0.9998229115681405,0.018818754034374684,24
2024-04-13,22.629166666666666,0.0,2.404166666666667,3.7,7.4,99.79403107497143,0.9854256251183281,-0.17010684101514603,24
2024-04-14,22.604166666666668,0.0,2.408333333333333,3.5,7.4,96.12419515039163,0.9942929817497222,-0.1066839558848777,24
2024-04-15,22.3875,0.0,2.9125,4.0,8.9,89.06916583932957,0.9998680346805294,0.016245406245938246,24
2024-04-16,22.695833333333336,0.0,3.216666666666667,4.3,8.6,86.77531589847523,0.9984166225687092,0.05625164689581617,24
2024-04-17,23.433333333333334,0.0,2.6750000000000003,4.1,8.1,99.47584258925204,0.9863551022904512,-0.16463174719838675,24
2024-04-18,23.72083333333333,0.0,2.2041666666666666,3.9,7.3,105.79464757627879,0.9622434250480504,-0.2721903579331882,24
2024-04-19,23.325,0.0,1.6958333333333335,3.6,7.0,109.54742060027465,0.9423648944893355,-0.3345869179063994,24
2024-04-20,23.325,0.0,2.7624999999999997,4.2,8.2,96.26611433397461,0.9940256802966085,-0.10914644708310228,24
2024-04-21,21.754166666666666,0.0,2.9333333333333336,4.4,8.3,97.61746223342216,0.9911751859779935,-0.13255848030771167,24
2024-04-22,21.5,16.6,2.1458333333333335,4.1,7.4,98.10924848104617,0.9900009010430256,-0.14106103620063665,24
2024-04-23,23.166666666666668,0.0,1.7666666666666666,2.8,5.6,101.36896054709803,0.9803781097863409,-0.19712625865612451,24
2024-04-24,22.525000000000002,0.6000000000000001,1.3791666666666667,2.5,5.8,13.404906469343379,0.23183120537735794,0.9727560291323212,24
2024-04-25,23.5125,0.0,2.120833333333333,3.5,7.4,100.833547545739,0.9821773677625898,-0.18795642647951774,24
2024-04-26,23.170833333333334,0.0,2.6125000000000003,4.3,8.2,107.1482829471319,0.9555448887320455,-0.2948456640652238,24
2024-04-27,22.758333333333336,0.0,2.3125,3.2,7.7,90.61913260535998,0.9999416168040131,-0.010805692174789655,24
2024-04-28,22.55,0.0,1.8625,3.4,6.6,113.17142155237572,0.9193317184111147,-0.3934834069224099,24
2024-04-29,23.558333333333334,0.0,2.183333333333333,3.7,6.9,95.95126910623048,0.9946104386296857,-0.10368257022693961,24
2024-04-30,23.391666666666666,0.0,2.1708333333333334,3.7,7.6,87.12942477832436,0.9987452079534093,0.05008003185004105,24
2024-05-01,23.979166666666668,0.0,2.183333333333333,3.7,7.2,86.9659204744275,0.9985982286823186,0.05292993172615803,24
2024-05-02,22.754166666666666,0.0,1.8166666666666667,3.4,7.0,71.97830816570844,0.9509394561807993,0.3093770364435045,24
2024-05-03,23.129166666666666,0.0,2.183333333333333,3.7,7.6,109.75155437085475,0.9411668476048243,-0.33794225093882163,24
2024-05-04,22.883333333333336,0.0,2.904166666666667,4.9,8.4,93.67502188639517,0.9979436563236671,-0.06409726049801551,24
2024-05-05,21.9875,0.0,2.8125,4.6,8.1,100.5491045965284,0.9830983639092006,-0.18307814418726545,24
2024-05-06,21.6875,0.0,3.1291666666666664,4.8,8.6,104.48935429066837,0.9681941449418693,-0.2502001153082921,24
2024-05-07,21.525000000000002,0.0,3.0749999999999997,5.4,9.4,96.78304906463414,0.9930004944209972,-0.11811019464743498,24
2024-05-08,21.666666666666668,0.0,2.5500000000000003,3.5,8.6,81.00733271663984,0.9877083529968823,0.1563080593577509,24
2024-05-09,21.1875,0.0,2.279166666666667,3.7,7.4,118.18005531998675,0.8814678937455211,-0.4722439542184045,24
2024-05-10,20.304166666666667,0.0,2.091666666666667,3.5,8.5,100.12794247234523,0.9844175386277542,-0.1758468357465503,24
2024-05-11,21.1125,0.0,1.6458333333333333,2.9,6.4,49.8924636954183,0.764836670576804,0.6442242368469144,24
2024-05-12,21.095833333333335,0.0,1.3,3.2,7.8,15.362181526100356,0.26491970187302954,0.9642704763496107,24
2024-05-13,21.454166666666666,0.0,1.1083333333333334,2.0,4.4,178.4497428954465,0.027053789494132247,-0.9996339792514094,24
2024-05-14,22.608333333333334,0.0,1.4916666666666665,2.9,5.6,155.53753292414487,0.4140970625676912,-0.9102327300052496,24
2024-05-15,22.379166666666666,0.0,2.2041666666666666,4.1,8.7,137.40558400548693,0.6768042269751834,-0.7361630514692546,24
2024-05-16,21.2375,0.0,2.3291666666666666,3.9,8.7,90.95608573654775,0.9998607778486784,-0.016686069634150355,24
2024-05-17,20.933333333333334,0.0,2.1791666666666667,3.5,7.0,107.23352718621135,0.9551051621228791,-0.29626698986932176,24
2024-05-18,21.266666666666666,0.0,2.0749999999999997,3.4,7.3,104.03721774836471,0.9701383758319314,-0.24255212169383775,24
2024-05-19,20.608333333333334,0.0,1.5999999999999999,3.0,6.2,120.54564717876758,0.8612245344902896,-0.5082246562220138,24
2024-05-20,21.229166666666668,0.0,2.0625,3.9,7.4,115.18425589100366,0.9049440167221072,-0.42553064119856093,24
2024-05-21,22.004166666666666,0.0,2.595833333333333,4.4,9.4,102.46539004817294,0.976426570990438,-0.21584983545014627,24
2024-05-22,20.808333333333334,0.0,2.25,3.5,8.4,96.33731484550711,0.9938892783405275,-0.1103816216575263,24
2024-05-23,20.970833333333335,0.0,2.0708333333333333,3.7,6.9,96.27178706233704,0.9940148690763984,-0.10924486283130518,24
2024-05-24,20.591666666666665,0.0,1.3916666666666666,3.7,7.1,172.70198796515888,0.12703019322221318,-0.9918988506949321,24
2024-05-25,20.466666666666665,0.0,1.55,2.7,6.4,99.92153401681382,0.9850446388341738,-0.17229933111899173,24
2024-05-26,21.433333333333334,0.0,2.5208333333333335,4.0,8.1,94.33131299834761,0.9971440076153696,-0.07552369215524156,24
2024-05-27,20.745833333333334,0.0,1.9249999999999998,3.4,7.1,101.7234106863557,0.9791398713017513,-0.2031873825491876,24
2024-05-28,20.241666666666667,0.0,1.7958333333333334,2.9,7.5,110.7455360496538,0.9351628098862117,-0.35421817994807264,24
2024-05-29,20.295652173913044,0.0,1.9260869565217391,3.0,6.1,148.4843845441129,0.5227309248126889,-0.852497730345642,23
2024-05-30,19.604347826086954,0.0,1.791304347826087,3.4,6.1,140.03841701378977,0.6422738298465879,-0.7664752621541,23
2024-05-31,19.474999999999998,0.0,2.0875,4.5,8.3,132.70042883645093,0.7349095193700705,-0.6781651703967493,24
2024-06-01,19.366666666666667,0.0,3.0416666666666665,4.6,10.0,98.52361508420915,0.9889548580876351,-0.14821703230353006,24
2024-06-02,18.729166666666668,0.0,2.8333333333333335,4.8,8.9,83.86214862635087,0.9942675258071774,0.10692093866625892,24
2024-06-03,18.995833333333334,0.0,2.1875,3.6,7.4,108.01689907728903,0.9509653320541633,-0.30929748985582595,24
2024-06-04,19.895833333333332,0.0,2.495833333333333,3.8,8.5,101.50225242209012,0.979916866275174,-0.1994064572410901,24
2024-06-05,19.41304347826087,0.0,2.382608695652174,5.0,9.3,108.12584501646906,0.9503754948096268,-0.31110515724648014,23
2024-06-06,19.150000000000002,0.0,2.379166666666667,4.2,8.0,102.70951215391445,0.9754980319859887,-0.22000815801115842,24
2024-06-07,19.816666666666666,0.0,2.4916666666666667,3.8,7.7,99.3204875011347,0.9867978679373035,-0.1619566850561971,24
2024-06-08,20.3,0.0,2.533333333333333,4.1,7.8,100.87321207826142,0.9820470145676488,-0.18863631988238183,24
2024-06-09,19.991666666666667,0.0,2.120833333333333,4.0,8.5,108.34660700651172,0.949169747736717,-0.3147646580882562,24
2024-06-10,19.908333333333335,0.0,1.9708333333333332,2.9,6.7,88.38893473192915,0.9996047040224135,0.028114688265445047,24
2024-06-11,20.075,0.0,2.0,4.4,9.0,111.41694023902046,0.9309478946239012,-0.36515204709179166,24
2024-06-12,19.758333333333333,0.0,2.5500000000000003,4.4,8.6,100.35839145541735,0.9837023055506603,-0.17980482211085283,24
2024-06-13,20.133333333333333,0.0,2.733333333333333,3.9,8.8,74.92116775322597,0.9655688075941865,0.26014779991601056,24
2024-06-14,20.620833333333334,0.0,2.591666666666667,4.2,8.8,71.67855448810273,0.9493078853978959,0.3143477989765084,24
2024-06-15,19.25,0.0,2.4,4.5,9.4,107.12595232772766,0.9556597301400501,-0.29447322490957767,24
2024-06-16,19.208333333333332,0.0,2.65,4.4,9.1,92.82997242125494,0.9987804465137186,-0.049372255993189056,24
2024-06-17,18.633333333333333,0.0,1.9166666666666667,3.3,6.8,100.32652433328094,0.9838021583562963,-0.17925767267677256,24
2024-06-18,19.858333333333334,0.0,2.2708333333333335,3.5,7.6,64.87609686665257,0.9053917491415787,0.42457717859813493,24
2024-06-19,19.287499999999998,0.0,1.7708333333333333,3.1,6.8,84.61642235120013,0.9955888974188709,0.09382295740530124,24
2024-06-20,19.841666666666665,0.0,2.441666666666667,3.7,8.6,110.73065172807377,0.9352547972770671,-0.3539752310123298,24
2024-06-21,19.054166666666667,0.0,2.254166666666667,3.7,7.3,96.7639732404639,0.9930397625136324,-0.1177795825551638,24
2024-06-22,20.35217391304348,0.0,2.0521739130434784,3.9,7.9,69.86719353791041,0.9388973252292553,0.34419734554082493,23
2024-06-23,19.275000000000002,0.0,1.6416666666666666,3.5,6.4,94.12967155945324,0.997403623058385,-0.07201397579641776,24
2024-06-24,19.66521739130435,0.0,1.1,2.3,8.2,118.26131990743117,0.8807972074100718,-0.47349369522583806,23
2024-06-25,20.266666666666666,0.0,1.8875,3.6,7.0,102.2020245553555,0.9774084264810824,-0.211359333467379,24
2024-06-26,19.995833333333334,0.0,1.6041666666666667,2.8,6.7,42.90043366016538,0.6807264134084422,0.732537746527835,24
2024-06-27,19.029166666666665,0.0,0.9541666666666666,2.0,5.4,21.843216317195772,0.3720680560877753,0.9282054522782465,24
2024-06-28,19.375,0.0,1.6083333333333334,3.9,9.4,24.719848552014597,0.41818177647177396,0.9083633644235721,24
2024-06-29,19.85909090909091,0.0,1.2954545454545454,2.7,6.0,213.73083740754913,-0.5552921166651159,-0.83165537644482,22
2024-06-30,19.430434782608696,0.0,1.3565217391304347,2.7,6.0,118.55929063068328,0.878322870347702,-0.47806791925852327,23
2024-07-01,19.604347826086954,0.0,1.7521739130434781,3.4,6.6,107.35713330717253,0.954463793260232,-0.2983267794806378,23
2024-07-02,19.508333333333333,0.0,2.2583333333333333,3.8,7.8,115.48378075289278,0.9027071169489284,-0.43025557638426215,24
2024-07-03,19.191666666666666,0.0,2.65,4.2,10.1,95.89597109057615,0.9947100427963046,-0.10272259128436108,24
2024-07-04,19.608333333333334,0.0,1.7333333333333334,3.2,7.0,110.0698994314455,0.9392746654976885,-0.3431662902358059,24
2024-07-05,19.3625,0.0,2.1416666666666666,3.5,8.4,108.77720433152025,0.9467774016474942,-0.3218890363613202,24
2024-07-06,19.879166666666666,0.0,2.025,3.6,7.2,105.31128721787653,0.9645054169841442,-0.26406306180199146,24
2024-07-07,20.808333333333334,0.0,1.8166666666666667,2.8,6.7,78.94835960439661,0.9814548095869265,0.1916936533604851,24
2024-07-08,20.004166666666666,0.0,1.2416666666666667,2.4,6.0,34.25111115727039,0.5628209579359198,0.8265788342971853,24
2024-07-09,20.5,0.0,1.5166666666666666,3.1,6.2,57.790562312633206,0.8461053799511762,0.5330156526948112,24
2024-07-10,21.208695652173912,0.0,1.4565217391304348,2.9,6.3,357.17096593736096,-0.049355898512329785,0.9987812549712979,23
2024-07-11,21.604545454545455,0.0,2.033333333333333,3.8,9.2,70.03186648823001,0.9398826985394995,0.34149745677839005,24
2024-07-12,20.875,0.0,2.4875000000000003,4.1,9.6,103.97609750561271,0.9703965661449054,-0.24151708927977783,24
2024-07-13,18.691666666666666,0.0,3.0833333333333335,5.2,10.2,101.60951623122148,0.9795418391434457,-0.20124061560101633,24
2024-07-14,18.391666666666666,0.0,2.4375,4.3,9.3,71.91706068651366,0.9506081981025021,0.3103933854003886,24
2024-07-15,18.275000000000002,0.0,2.058333333333333,3.7,7.4,104.38577198377233,0.9686448873614076,-0.2484493553797347,24
2024-07-16,18.7625,0.0,2.595833333333333,4.1,9.7,105.78183101718346,0.9623042875488461,-0.2719751057819587,24
2024-07-17,19.221739130434784,0.0,2.091304347826087,3.4,7.1,112.03272460777686,0.9269697459858537,-0.3751360953399739,23
2024-07-18,19.830434782608698,0.0,2.4391304347826086,3.8,7.6,94.27271194649067,0.9972207302750005,-0.07450379258665135,23
2024-07-19,19.091666666666665,0.0,2.3874999999999997,4.7,9.0,106.82367615058685,0.9571999801219355,-0.2894273623114551,24
2024-07-20,18.462500000000002,0.0,2.4583333333333335,4.9,9.7,101.87345326766521,0.9786044202178398,-0.20575079278123262,24
2024-07-21,18.75,0.0,2.7375000000000003,4.6,9.6,100.10882717242228,0.9844761507277923,-0.1755183997425604,24
2024-07-22,19.479166666666668,0.0,2.625,4.3,9.5,84.00865779064722,0.9945376789916585,0.1043781829018154,24
2024-07-23,19.8125,0.0,2.6416666666666666,4.6,9.2,96.56049651459301,0.9934517747320357,-0.11425222659435769,24
2024-07-24,19.783333333333335,0.0,2.7291666666666665,3.8,8.9,87.39561417374831,0.9989670944584295,0.04543945630488423,24
2024-07-25,18.55,0.0,1.9791666666666667,3.4,8.4,102.16309316397599,0.977551815481275,-0.2106951543089287,24
2024-07-26,19.108333333333334,0.0,1.9375,3.5,7.2,83.39329728038437,0.9933593129350003,0.11505335894837718,24
2024-07-27,19.175,0.0,1.7750000000000001,3.4,15.3,80.45346026168154,0.9861512126897473,0.16584868317397305,24
2024-07-28,20.841666666666665,0.0,1.925,3.3,8.0,96.32785062886946,0.9939074978097957,-0.11021744779058734,24
2024-07-29,20.641666666666666,0.0,1.75,3.7,6.7,108.58403899080385,0.9478572264183748,-0.3186952750300289,24
2024-07-30,22.59583333333333,0.0,1.8625,3.1,6.2,103.43213100896165,0.9726457629065162,-0.23229339185607725,24
2024-07-31,21.420833333333334,0.0,2.8708333333333336,4.9,9.7,97.31967317907689,0.9918507549937796,-0.1274051797152271,24
2024-08-01,19.854166666666668,0.0,3.4916666666666667,5.4,9.7,99.5679158517468,0.9860892686420875,-0.16621658842881198,24
2024-08-02,18.908333333333335,0.0,3.108333333333333,4.8,9.9,84.71157803478705,0.9957433436251918,0.0921693746649241,24
2024-08-03,19.595833333333335,0.0,3.279166666666667,4.6,10.6,76.40703413824843,0.9719898613857775,0.23502278477470437,24
2024-08-04,20.224999999999998,0.0,3.0749999999999997,4.1,8.4,84.21508618227753,0.9949072828235881,0.10079433805817126,24
2024-08-05,20.279166666666665,0.0,3.3666666666666667,5.5,10.6,92.73208999977739,0.998863335095121,-0.04766589769061251,24
2024-08-06,20.129166666666666,0.0,2.9625,4.5,10.4,84.44920011762726,0.9953108278755722,0.09672825809267517,24
2024-08-07,19.912499999999998,0.0,2.1791666666666667,3.5,8.9,66.57936517413363,0.9176115350824512,0.39747839020961545,24
2024-08-08,19.733333333333334,0.0,1.3416666666666668,2.7,6.4,72.75691279668162,0.9550557155622709,0.29642634864640294,24
2024-08-09,20.66086956521739,0.0,1.3478260869565217,2.7,6.4,84.55808292342974,0.9954928493892619,0.09483663224117701,23
2024-08-10,19.379166666666666,0.0,2.3249999999999997,4.1,8.0,224.06568537541486,-0.6954825836874813,-0.7185429533350011,24
2024-08-11,19.175,0.0,2.0791666666666666,4.2,9.4,154.04605989282155,0.4376484675759574,-0.8991461609929813,24
2024-08-12,20.025000000000002,0.0,1.9916666666666665,4.2,9.3,191.50839447127547,-0.19951150218476837,-0.9798954844757563,24
2024-08-13,19.224999999999998,0.0,2.095833333333333,3.5,6.6,139.89410445922317,0.6442023341610444,-0.7648551187391387,24
2024-08-14,21.139130434782608,0.0,2.4130434782608696,3.9,7.9,98.52952223126522,0.9889395717792975,-0.14831899193623108,23
2024-08-15,22.991666666666664,0.0,2.3125,3.0,6.8,94.63097869141366,0.9967353707941786,-0.0807378511467288,24
2024-08-16,23.20434782608696,0.0,2.3260869565217392,3.8,8.5,100.52365839543437,0.9831795756158951,-0.18264151250947422,23
2024-08-17,22.554166666666664,0.0,2.4583333333333335,4.0,9.0,106.20076362221586,0.9602899672757794,-0.2790039045416433,24
2024-08-18,21.925,0.0,2.3208333333333333,3.9,8.8,95.60667997097138,0.9952160162728769,-0.09769893015762587,24
2024-08-19,22.370833333333334,0.0,2.5,4.1,8.5,86.9342685335141,0.9985688361948581,0.05348157982377146,24
2024-08-20,22.445833333333336,0.0,2.091666666666667,3.8,8.5,89.73758371767028,0.999989511689464,0.004580012125233236,24
2024-08-21,23.03333333333333,0.0,2.8375,5.0,9.8,83.46138664211797,0.9934953389832425,0.11387278611930084,24
2024-08-22,23.22083333333333,0.0,2.5208333333333335,3.8,7.7,99.27808359701916,0.9869174598344702,-0.16122632376220994,24
2024-08-23,23.675,0.0,2.1625,3.6,7.2,84.81913360526613,0.9959146093289486,0.09030000512274389,24
2024-08-24,24.166666666666668,0.0,1.925,3.2,6.7,77.57729987495216,0.9765871252810864,0.21512225997144882,24
2024-08-25,22.426086956521736,0.0,1.6217391304347826,3.2,6.0,171.81073295132646,0.14244352103602462,-0.9898029315549937,23
2024-08-26,19.895833333333332,0.0,2.4208333333333334,3.7,8.4,165.62282274157414,0.24830404979243192,-0.9686821454206109,24
2024-08-27,21.97391304347826,0.0,2.3130434782608695,3.8,9.5,143.4690854351431,0.5952564299123189,-0.8035358004768927,23
2024-08-28,22.508333333333336,0.0,2.904166666666667,5.2,9.8,100.79926023418429,0.9822896699923955,-0.18736863191641925,24
2024-08-29,21.320833333333333,0.0,3.2291666666666665,4.7,9.3,95.60574866915603,0.9952176041674684,-0.097682753621938,24
2024-08-30,21.45,0.0,2.9916666666666667,4.9,9.7,97.15736250925744,0.9922076951541738,-0.12459490229075187,24
2024-08-31,22.15833333333333,0.0,2.4291666666666667,4.5,7.7,105.58871625235865,0.9632155087983686,-0.2687301315638046,24
2024-09-01,23.295833333333334,0.0,2.2041666666666666,4.4,7.8,102.744548179404,0.9753633159439418,-0.22060462803585637,24
2024-09-02,23.71666666666667,0.0,2.2875,3.7,7.5,88.86232676417961,0.9998028732539886,0.019854839034066138,24
2024-09-03,23.808333333333334,0.0,1.8499999999999999,3.5,9.4,68.2696189712492,0.9289363830823548,0.3702393768710625,24
2024-09-04,23.995833333333334,0.0,1.8791666666666667,4.5,8.9,76.34211078999368,0.9717229269651984,0.23612402082420111,24
2024-09-05,24.70434782608696,0.0,1.8130434782608698,3.4,9.1,100.87257941742153,0.982049097432798,-0.18862547609330682,23
2024-09-06,26.045833333333334,0.0,2.841666666666667,4.3,9.5,70.32909751148365,0.9416416163414778,0.3366170916246069,24
2024-09-07,24.316666666666666,0.0,3.1333333333333333,4.9,10.7,92.89138552781809,0.998726952590156,-0.05044278114835012,24
2024-09-08,22.829166666666666,0.0,3.6750000000000003,5.6,12.0,95.81926771013961,0.9948466688600951,-0.10139085490305458,24
2024-09-09,23.3,0.0,3.279166666666667,4.8,10.1,83.59894020318734,0.9937658571560216,0.11148731385658983,24
2024-09-10,23.28333333333333,0.0,2.85,4.2,8.4,85.2721657897382,0.9965974636023408,0.08242266400317967,24
2024-09-11,23.483333333333334,0.0,2.783333333333333,4.0,8.4,84.55620624993063,0.9954897425637359,0.09486923869403965,24
2024-09-12,24.025000000000002,0.0,2.504166666666667,3.7,7.5,81.71914128965057,0.9895739601554099,0.14402561363291994,24
2024-09-13,24.2625,0.0,2.5875,3.9,8.0,89.51514813248578,0.99996419527905,0.00846216047602192,24
2024-09-14,24.929166666666664,0.0,2.7916666666666665,3.7,7.9,84.01063811539647,0.9945412860402818,0.10434380844756627,24
2024-09-15,24.9875,0.0,2.704166666666667,4.2,9.4,84.68444900857085,0.9956995906534575,0.09264083965798808,24
2024-09-16,25.545833333333334,0.0,2.0083333333333333,3.8,7.6,77.20080825833669,0.9751524795420538,0.22153474139056437,24
2024-09-17,25.3,0.0,1.6416666666666666,3.1,6.5,137.94816525020937,0.669802645939771,-0.7425391676484695,24
2024-09-18,25.90833333333333,0.0,3.2583333333333333,5.9,12.9,80.8693299574049,0.9873290043468739,0.15868660049106445,24
2024-09-19,25.020833333333332,0.0,3.5583333333333336,4.9,9.0,82.26304247170697,0.990896568381259,0.13462537194097154,24
2024-09-20,24.858333333333334,0.0,3.3083333333333336,4.7,12.0,77.76596421330339,0.9772901871873204,0.2119053798924708,24
2024-09-21,25.3625,0.0,2.2583333333333333,3.2,7.0,86.45298511662347,0.9980843681273187,0.061867552884295345,24
2024-09-22,27.004166666666666,0.0,2.3625000000000003,3.8,7.4,75.65243746130919,0.9688103580171878,0.24780332967619348,24
2024-09-23,26.754166666666666,0.0,2.5,3.7,8.4,89.84015481387449,0.9999961084413408,0.0027898211724302706,24
2024-09-24,26.7,0.0,2.725,3.9,7.9,83.03212180817523,0.9926143194255843,0.12131287182852543,24
2024-09-25,26.84583333333333,0.0,3.033333333333333,4.6,8.7,86.52296325295471,0.9981591855574786,0.06064849781512383,24
2024-09-26,26.45,0.0,2.658333333333333,4.2,8.3,96.28094585061167,0.9939973934750093,-0.10940375571655449,24
2024-09-27,26.208333333333332,0.0,1.5708333333333335,3.1,6.2,53.63131874921571,0.8052180489309839,0.5929788307147056,24
2024-09-28,26.6125,0.0,1.4958333333333333,3.1,7.0,63.174181865889636,0.8923825572579196,0.4512797042875027,24
2024-09-29,25.145833333333332,0.0,3.466666666666667,5.1,10.6,116.30206850017785,0.8964704339816428,-0.44310355561286685,24
2024-09-30,24.616666666666664,0.0,3.8708333333333336,5.3,11.5,95.21090172289111,0.9958671358411406,-0.0908220664352186,24
2024-10-01,25.212500000000002,0.0,2.7624999999999997,4.3,9.2,87.1903900340366,0.9987979299379727,0.0490172944135089,24
2024-10-02,25.179166666666664,0.0,2.0166666666666666,4.2,8.3,98.8413770122834,0.9881176427329305,-0.1536994603761409,24
2024-10-03,26.979166666666668,0.0,1.8958333333333333,4.2,7.9,67.76757004832469,0.9256565750628658,0.37836477775142513,24
2024-10-04,28.604166666666668,0.0,1.8541666666666667,3.3,8.0,71.59299806709889,0.9488374301056964,0.31576499367475447,24
2024-10-05,27.758333333333336,0.0,1.6333333333333335,3.1,9.3,13.014761336952626,0.22520207766633552,0.9743120774242541,24
2024-10-06,27.53333333333333,0.0,1.8041666666666665,3.6,7.4,85.31343242515494,0.9966565690968915,0.08170485466612952,24
2024-10-07,26.1125,0.0,2.5,7.5,15.4,345.124462388021,-0.2567201762240582,0.9664857738836554,24
2024-10-08,25.429166666666664,0.0,2.2333333333333334,4.4,10.3,322.29993213182513,-0.6115279774079609,0.7912228085990245,24
2024-10-09,25.787499999999998,0.0,1.4583333333333333,2.2,5.7,245.64403065875064,-0.9110008543462152,-0.4124044657620306,24
2024-10-10,23.03333333333333,1.0,2.4833333333333334,4.0,8.5,138.09201130640028,0.6679363275984584,-0.7442184237670313,24
2024-10-11,23.691666666666666,5.0,2.245833333333333,5.2,12.1,86.28982271634534,0.9979041398420955,0.06470956409996753,24
2024-10-12,22.587500000000002,1.6,1.8333333333333333,3.0,6.9,53.03023882164468,0.7989530169164765,0.601393445890509,24
2024-10-13,24.675,0.0,2.25,4.3,10.5,134.37729570095675,0.7147498754648055,-0.6993801652342202,24
2024-10-14,24.349999999999998,59.6,3.5083333333333333,5.0,18.9,99.54209399008958,0.9861640784087284,-0.1657721642986639,24
2024-10-15,20.8625,3.0,1.9333333333333333,3.2,6.9,124.7084649128037,0.8220599263604859,-0.5694009812708376,24
2024-10-16,20.854166666666668,36.6,1.7666666666666666,3.7,8.5,74.02919592726587,0.9614020262987647,0.27514749467990646,24
2024-10-17,19.6125,31.4,1.45,2.9,7.4,317.11531820379486,-0.680524997024276,0.7327248654338878,24
2024-10-18,20.241666666666667,31.2,1.9375,4.3,11.0,318.9601030843737,-0.656584398731676,0.7542525620388463,24
2024-10-19,20.400000000000002,3.2,2.433333333333333,4.2,9.4,342.01962678951276,-0.3086911898454541,0.9511623149135998,24
2024-10-20,21.033333333333335,0.2,2.433333333333333,5.1,10.0,326.5142656627253,-0.5517293449922839,0.8340232190259366,24
2024-10-21,22.308333333333334,3.2,2.191666666666667,4.3,7.7,49.651490058629996,0.7621204465408549,0.6474352670069555,24
2024-10-22,21.645833333333332,43.599999999999994,2.3041666666666667,5.3,10.2,90.06948145538597,0.9999992647034981,-0.0012126798683361167,24
2024-10-23,21.770833333333332,1.6,1.7874999999999999,3.5,7.0,93.6856356335013,0.9979317655148783,-0.06428212330312409,24
2024-10-24,22.375,10.4,1.4666666666666668,5.4,11.9,120.53045844593088,0.8613592312283077,-0.5079963334294636,24
2024-10-25,21.31304347826087,21.200000000000003,1.4695652173913043,2.7,7.6,291.02195730033395,-0.9334430216055767,0.3587256966204831,23
2024-10-26,23.983333333333334,0.2,1.4000000000000001,2.8,7.2,163.4664048653287,0.28457749569004653,-0.9586530388763088,23
2024-10-27,22.991666666666664,7.0,2.6166666666666667,5.0,12.1,46.17148739604686,0.7214157014321969,0.6925022640591807,24
2024-10-28,23.458333333333332,0.0,2.8041666666666667,4.6,9.6,125.61564793154685,0.812941748327832,-0.5823450127078346,24
2024-10-29,22.066666666666666,3.8000000000000003,1.7874999999999999,3.7,10.5,102.06979304836419,0.9778936140279783,-0.20910303594950372,24
2024-10-30,20.858333333333334,2.6,2.1708333333333334,4.4,8.2,95.45851482093825,0.9954653348428899,-0.09512500789031857,24
2024-10-31,19.891666666666666,2.4,2.1791666666666667,3.8,7.5,28.924780490659938,0.4836609774591664,0.8752554249379113,24
2024-11-01,20.599999999999998,0.2,2.1416666666666666,3.3,7.1,27.98667113624009,0.4692661477270861,0.8830567833369384,24
2024-11-02,21.770833333333332,0.2,1.675,3.7,7.9,76.53332638120652,0.9725055405843986,0.23287974049420154,24
2024-11-03,22.295833333333334,0.0,2.2708333333333335,4.3,9.0,79.70077662504143,0.9838874614471105,0.17878887886879466,24
2024-11-04,23.495833333333334,0.0,2.8249999999999997,6.0,10.7,46.846911185709764,0.7295288591472324,0.6839500300982064,24
2024-11-05,19.333333333333332,44.800000000000004,2.2125,4.2,8.3,28.28182812181044,0.473808933797546,0.8806276706154721,24
2024-11-06,21.425,0.0,2.3916666666666666,3.9,8.0,79.40216861251068,0.9829423108989807,0.18391414693973776,24
2024-11-07,21.191666666666666,5.2,1.4333333333333333,3.1,7.1,61.87159792052832,0.8818932724395065,0.4714491022644316,24
2024-11-08,19.9875,7.8,2.2583333333333333,4.9,11.4,337.80484219073037,-0.37776253813581023,0.9259025136488132,24
2024-11-09,20.2625,0.0,2.2708333333333335,4.5,10.7,324.9410172443989,-0.5744194028504562,0.8185611459316435,24
2024-11-10,21.925,9.4,1.5083333333333335,4.5,8.0,321.3343444988737,-0.624774734862537,0.7808050529277117,24
2024-11-11,21.154166666666665,5.4,1.6791666666666665,3.8,7.8,333.75299238879,-0.44224184861006166,0.8968958397372324,24
2024-11-12,22.208333333333332,10.6,1.8958333333333333,3.5,7.1,10.06840758722673,0.17482385265606357,0.9845997260524151,24
2024-11-13,21.491666666666664,6.8,1.6958333333333335,4.7,12.0,309.8696559825944,-0.7675047578693618,0.6410432486563542,24
2024-11-14,19.912499999999998,24.6,2.279166666666667,3.4,6.7,94.31747637407716,0.9971622171063098,-0.07528288501132696,24
2024-11-15,18.95,35.6,2.5458333333333334,4.4,10.4,21.755700000590696,0.37064983715903493,0.9287726838220324,24
2024-11-16,21.224999999999998,2.8000000000000003,2.0625,3.5,7.2,62.33410972768094,0.8856702018861093,0.46431486460269433,24
2024-11-17,19.791666666666668,6.0,1.5041666666666667,3.1,6.4,102.9782299882882,0.9744554664878349,-0.2245808180410255,24
2024-11-18,22.150000000000002,2.6,1.7291666666666667,4.0,6.5,88.6503218818194,0.9997225625585696,0.02355414849504613,24
2024-11-19,22.53333333333333,43.4,2.1041666666666665,4.5,9.3,348.2833419475294,-0.20307198392879988,0.9791638112916659,24
2024-11-20,23.420833333333334,8.8,2.2875,3.5,7.2,318.3403628173618,-0.6647042098670602,0.7471066278550921,24
2024-11-21,22.945833333333336,2.2,2.0708333333333333,3.5,7.5,275.04316682167746,-0.9961287519572697,0.08790625418053317,24
2024-11-22,21.45,13.2,1.675,4.6,11.4,239.65737771418947,-0.8630199940389769,-0.5051697634349905,24
2024-11-23,21.712500000000002,0.2,1.7416666666666665,5.5,11.4,245.6339471409256,-0.9109282609348246,-0.41256478694897875,24
2024-11-24,21.141666666666666,8.2,1.2874999999999999,2.3,8.0,205.91336274240925,-0.4370115748166688,-0.899455881895413,24
2024-11-25,20.958333333333332,0.0,2.8375,4.0,8.2,81.2075145124016,0.9882484374959843,0.1528562258684462,24
2024-11-26,22.0125,0.0,2.3249999999999997,3.4,8.5,61.48261013260321,0.8786722495199957,0.4774254684487103,24
2024-11-27,22.770833333333332,4.2,2.0,3.3,6.8,18.08307990086058,0.31039571791873627,0.9506074364834899,24
2024-11-28,23.2375,0.0,2.1791666666666667,4.1,8.3,354.19283893944333,-0.10118064064804878,0.9948680706294933,24
2024-11-29,22.575,0.0,1.6541666666666668,2.6,5.6,327.62112595844,-0.5355154400532807,0.8445254368368907,24
2024-11-30,23.679166666666664,0.0,1.8958333333333333,3.0,7.7,306.3045731378934,-0.8058810273720164,0.5920775031377424,24
2024-12-01,22.833333333333332,0.0,1.6208333333333333,4.3,10.5,13.530080762597777,0.23395583398611333,0.9722472256292954,24
2024-12-02,21.925,0.2,1.8416666666666668,3.7,8.7,316.3157237605329,-0.6906839801829874,0.7231567185047697,24
2024-12-03,22.27916666666667,25.400000000000002,1.5374999999999999,4.8,15.3,312.1276614280092,-0.7416520839478058,0.670784754131962,24
2024-12-04,22.287499999999998,24.200000000000003,1.3708333333333333,2.9,6.7,329.05428724313725,-0.5142256854283264,0.8576549098826217,24
2024-12-05,22.0,3.6,1.5791666666666666,2.9,6.4,2.5855788605871726,0.04511154943421027,0.9989819558468737,24
2024-12-06,23.565217391304348,0.0,1.952173913043478,3.4,7.7,74.55401700469139,0.963881970471253,0.2663297711493305,23
2024-12-07,24.870833333333334,0.0,1.9583333333333333,2.9,6.8,63.59921258906878,0.8957056495721027,0.4446474888320157,24
2024-12-08,24.334782608695654,0.0,1.8434782608695652,4.9,9.3,49.83735924237031,0.7642167316207542,0.6449595236221356,23
2024-12-09,22.925,3.4000000000000004,1.5416666666666667,4.6,10.3,324.52303473383074,-0.5803756083428684,0.814348913697713,24
2024-12-10,24.037499999999998,0.6,1.8708333333333333,3.5,7.1,150.41339749175603,0.4937385387852458,-0.8696104043295538,24
2024-12-11,23.162499999999998,0.0,1.7833333333333332,3.8,9.3,303.01718780091136,-0.8385071473696049,0.5448905980195361,24
2024-12-12,21.704166666666666,14.8,1.3958333333333333,4.7,11.0,340.7892236529984,-0.32904426181270335,0.9443144993952667,24
2024-12-13,22.6375,2.0,1.7291666666666667,3.7,7.5,337.34749487731466,-0.3851411792683072,0.9228576661825039,24
2024-12-14,22.837500000000002,0.8,2.3208333333333333,4.4,13.8,359.24644278438745,-0.013151675351736017,0.9999135129777187,24
2024-12-15,20.566666666666666,12.200000000000001,1.7999999999999998,4.0,10.7,359.40109039833686,-0.010452754116698198,0.9999453684733861,24
2024-12-16,21.791666666666668,0.8,1.5541666666666665,2.6,7.9,326.97662361669654,-0.5449811629527594,0.838448288224538,24
2024-12-17,21.270833333333332,8.0,1.425,4.3,11.6,343.2346967014481,-0.28845201840718554,0.9574943514594854,24
2024-12-18,21.858333333333334,0.2,1.2208333333333334,2.2,5.3,86.41606726599242,0.99804429732383,0.06251064372874617,24
2024-12-19,22.795833333333334,0.2,1.8166666666666667,3.8,9.0,11.528318162893576,0.199852233109468,0.9798260482969203,24
2024-12-20,22.7,6.0,2.125,4.1,9.4,7.80835409120361,0.13586002836463434,0.9907280417414059,24
2024-12-21,22.066666666666666,3.2,2.279166666666667,4.7,10.3,339.7106314695005,-0.34676161642035264,0.9379532938145396,24
2024-12-22,20.154166666666665,20.6,1.275,3.3,10.1,288.65227133578736,-0.9474770268511769,0.3198238321158295,24
2024-12-23,21.445833333333336,7.200000000000001,1.3041666666666667,3.6,9.0,304.6409805515334,-0.8227300103068363,0.5684323443827883,24
2024-12-24,20.866666666666667,28.8,1.625,4.0,8.4,6.091115980368236,0.106109892598355,0.994354408997499,24
2024-12-25,21.0,2.0,1.9583333333333333,4.0,10.1,353.29441605612254,-0.11676752917476911,0.9931592743011664,24
2024-12-26,21.058333333333334,11.2,3.329166666666667,4.6,10.7,340.03961575736236,-0.34137033427506336,0.9399288775630481,24
2024-12-27,21.504166666666666,7.8,2.3958333333333335,4.1,8.2,326.99462635159205,-0.544717689735314,0.8386194837287183,24
2024-12-28,22.120833333333334,10.4,1.5999999999999999,3.6,6.6,18.12385197011885,0.3110720980366884,0.9503863160962771,24
2024-12-29,20.891666666666666,19.0,1.7291666666666667,2.5,5.2,321.6722635020665,-0.6201588640727046,0.7844762477679312,24
2024-12-30,21.108695652173914,2.0,1.9695652173913043,5.4,12.6,346.2459703220945,-0.23775420734040167,0.9713253506894264,23
2024-12-31,21.175,0.0,2.0208333333333335,3.7,12.1,347.2325051281519,-0.22099523879185062,0.9752748865993284,24
2025-01-01,21.150000000000002,0.0,1.6583333333333332,3.3,9.7,67.02104053439339,0.9206482782461342,0.3903930682817369,24
2025-01-02,22.304166666666664,0.0,2.1458333333333335,3.6,8.3,357.9501053312942,-0.03576977912397851,0.9993600566869889,24
2025-01-03,22.900000000000002,0.0,2.025,3.3,8.1,306.61117352121005,-0.8027011872904886,0.5963814248636856,24
2025-01-04,23.34583333333333,0.0,1.6624999999999999,3.1,8.6,287.96270690507714,-0.9512574500568549,0.3083978983575114,24
2025-01-05,21.9375,1.6,1.6958333333333335,3.3,8.4,174.2464351401411,0.10024996690856695,-0.9949622827699707,24
2025-01-06,21.279166666666665,7.0,2.1750000000000003,4.7,9.5,335.65024953752146,-0.4123055833819303,0.9110456113236517,24
2025-01-07,22.754166666666666,0.0,2.341666666666667,4.1,8.3,326.6473438481057,-0.5497907124108777,0.8353024437571935,24
2025-01-08,21.820833333333336,2.8,2.4250000000000003,4.5,11.0,318.73455965692847,-0.6595484005744596,0.7516620964899535,24
2025-01-09,19.641666666666666,25.6,3.033333333333333,4.9,9.5,326.44369358412087,-0.5527562052311763,0.8333430131575051,24
2025-01-10,20.3875,17.0,2.245833333333333,4.7,9.0,319.15679313666885,-0.6539912696497767,0.7565020946579547,24
2025-01-11,22.583333333333332,0.8,2.0333333333333337,3.2,6.5,313.5198458021506,-0.7251358989694442,0.6886057856464582,24
2025-01-12,21.65416666666667,22.0,1.8875,3.3,8.4,303.86870832505707,-0.8303167697466382,0.5572917206253007,24
2025-01-13,20.633333333333333,9.4,1.8291666666666666,3.2,7.4,307.2941328642935,-0.7955355304027831,0.6059069399394288,24
2025-01-14,20.0,17.6,2.183333333333333,4.4,10.5,306.34303133583467,-0.8054834303098904,0.5926182949388348,24
2025-01-15,20.6375,3.4,2.9125,5.5,11.9,317.64188347423413,-0.6737623932717292,0.7389480613769493,24
2025-01-16,19.875,11.2,3.4375,6.1,11.0,5.261426333408656,0.09170020737064045,0.9957866598665508,24
2025-01-17,21.033333333333335,10.0,3.1041666666666665,3.9,10.5,359.73241292280824,-0.004670258555204235,0.9999890942830464,24
2025-01-18,22.708333333333332,6.8,1.8041666666666665,3.2,9.7,11.495897988084522,0.1992977775553772,0.9799389755803609,24
2025-01-19,21.175,15.2,1.6666666666666667,3.3,9.4,318.22805073760713,-0.6661674219378229,0.7458022297826111,24
2025-01-20,20.900000000000002,12.8,1.4875,4.3,7.2,344.18147542118726,-0.27259133221153903,0.9621299109803928,24
2025-01-21,20.656521739130437,18.599999999999998,1.3043478260869565,4.0,7.8,298.2313816707545,-0.8810444974631608,0.47303339574483166,23
2025-01-22,23.400000000000002,0.0,1.575,3.0,6.3,142.69826064731762,0.6060125485179111,-0.7954550842372098,24
2025-01-23,22.833333333333332,6.8,2.3666666666666667,5.6,12.8,120.12529857581002,0.8649298974636123,-0.501892690197402,24
2025-01-24,23.675,0.0,2.6333333333333333,4.2,9.2,112.3820051070279,0.924665670834699,-0.38077998526684165,24
2025-01-25,24.170833333333334,0.0,1.9625000000000001,3.7,8.4,93.85452648699629,0.9977379457964747,-0.06722344470369677,24
2025-01-26,23.47391304347826,0.0,1.7130434782608694,3.2,6.4,358.86818700339757,-0.019752578623299058,0.9998048987866234,23
2025-01-27,22.075,0.0,1.4375,2.4,8.0,291.39301128594184,-0.9311003151726962,0.3647632150934435,24
2025-01-28,22.208333333333332,0.0,1.4958333333333333,2.8,6.9,277.89092720936725,-0.9905312151731651,0.1372876970728728,24
2025-01-29,22.308333333333334,0.0,1.3833333333333335,2.5,8.4,320.930066878135,-0.6302684778286339,0.7763772574306751,24
2025-01-30,21.7625,3.6,2.3291666666666666,4.4,8.9,334.1097151637638,-0.43664925163732166,0.8996318308311279,24
2025-01-31,21.17083333333333,6.4,2.3625000000000003,4.6,13.0,334.24833932167843,-0.43447136333398295,0.9006856468506147,24
2025-02-01,20.833333333333332,4.2,2.7125,3.8,9.0,336.1533932853938,-0.404289428122869,0.9146311050407611,24
2025-02-02,20.75,25.2,2.9625,5.8,10.6,349.026215230033,-0.19035983967821002,0.9817143838396615,24
2025-02-03,21.412499999999998,4.4,2.4166666666666665,3.8,10.4,344.7575621245829,-0.26290387570383666,0.9648220313300798,24
2025-02-04,21.854166666666668,0.0,1.6583333333333332,3.6,7.7,66.88198127843232,0.9196980673002753,0.39262636819772856,24
2025-02-05,23.0,0.4,2.0,3.6,8.8,45.59636981160275,0.7144283484110896,0.6997086071977412,24
2025-02-06,23.1875,0.0,2.0375,3.3,7.7,109.26572290716673,0.9439985122945734,-0.3299497064487739,24
2025-02-07,23.583333333333332,0.0,2.5500000000000003,4.1,8.0,109.88004928722245,0.9404065920787824,-0.3400521159686712,24
2025-02-08,22.991666666666664,0.0,2.5083333333333333,4.7,9.7,105.51338125002924,0.9635680142424372,-0.2674634216652556,24
2025-02-09,22.15833333333333,0.0,3.2541666666666664,4.2,9.8,98.63394549919131,0.9886676137023399,-0.15012111648972204,24
2025-02-10,22.375,3.0,2.966666666666667,4.7,9.4,90.33340218758823,0.9999830698656598,-0.005818933068104378,24
2025-02-11,20.90869565217391,13.0,2.143478260869565,4.1,9.4,90.55768537069996,0.9999526303893538,-0.009733292218586279,23
2025-02-12,21.175,1.4000000000000001,1.8041666666666665,3.7,8.2,95.19003893656867,0.9959001403436316,-0.09045944098619507,24
2025-02-13,23.075,0.0,2.091666666666667,3.8,7.5,129.3881591493197,0.7728647315648361,-0.6345708051141447,24
2025-02-14,23.579166666666666,0.0,1.6083333333333334,3.3,6.5,119.62396180447307,0.8692882808682397,-0.49430545692429934,24
2025-02-15,23.329166666666666,29.0,1.8125,3.4,8.1,62.28324108850467,0.8852576224268253,0.4651010018643311,24
2025-02-16,21.462500000000002,13.0,1.8708333333333333,5.5,11.0,343.1607052872579,-0.2896882798031294,0.9571210480104927,24
2025-02-17,22.825,2.6,1.8541666666666667,3.5,7.5,51.66623321674605,0.7844109727360881,0.6202414254556238,24
2025-02-18,23.866666666666664,0.0,1.5541666666666665,3.2,7.3,102.97381903563824,0.9744727530996777,-0.22450579829112347,24
2025-02-19,24.025000000000002,0.0,1.9625000000000001,3.7,8.0,96.52212243261594,0.9935280728044054,-0.11358683264165839,24
2025-02-20,24.40833333333333,0.0,2.35,3.5,8.8,82.09795049501221,0.9905045461293503,0.13747997707698967,24
2025-02-21,23.575,0.0,2.3375,4.4,9.5,121.2914244200019,0.8545365780815393,-0.519391217408124,24
2025-02-22,24.104166666666668,0.0,2.3125,3.9,8.9,87.61072592808888,0.9991306518297212,0.041688614444672416,24
2025-02-23,24.087500000000002,0.0,1.9708333333333332,3.6,8.0,67.06946737302746,0.9209779126210252,0.3896147898427614,24
2025-02-24,23.704166666666666,0.0,2.1416666666666666,4.1,8.4,79.78631749578649,0.9841532912295688,0.1773197658525616,24
2025-02-25,21.724999999999998,1.5999999999999999,2.0166666666666666,5.5,10.7,104.7089431247427,0.9672281326839605,-0.253908919387837,24
2025-02-26,23.03333333333333,0.0,2.6041666666666665,4.5,10.6,81.55043945370309,0.9891456018369336,0.1469386891415956,24
2025-02-27,23.64782608695652,0.0,2.3217391304347825,4.1,9.0,83.42411556823357,0.9934210542037949,0.11451903363467894,23
2025-02-28,23.354166666666668,0.0,2.9125,4.8,9.6,102.41084370193451,0.9766316203994732,-0.21492016665706223,24
2025-03-01,22.23478260869565,0.0,3.4869565217391307,4.8,10.0,100.54144570029852,0.9831228277226648,-0.18294672888737698,23
2025-03-02,21.558333333333334,0.0,3.2458333333333336,4.6,9.0,101.5167199340156,0.9798664837657882,-0.19965388549304572,24
2025-03-03,22.9375,0.0,3.029166666666667,4.3,9.1,107.92218055979338,0.9514753475158173,-0.3077249795997308,24
2025-03-04,23.3,0.0,3.4791666666666665,4.7,11.1,102.05488841954607,0.9779479759264604,-0.20884864467201852,24
2025-03-05,22.4875,0.0,3.4791666666666665,5.2,10.0,96.5648617173458,0.9934430672960759,-0.11432791453256064,24
2025-03-06,21.969565217391306,0.0,3.282608695652174,4.4,9.9,101.38829022887181,0.9803115501823951,-0.1974569942518864,23
2025-03-07,22.870833333333334,0.0,3.1875,4.6,9.3,102.84956606106557,0.9749573298340763,-0.2223920075065832,24
2025-03-08,23.633333333333336,0.0,2.3375,3.6,9.0,112.7028847375348,0.9225186586247003,-0.38595248993792447,24
2025-03-09,23.645833333333332,0.0,1.7666666666666666,3.6,6.9,101.7543708568712,0.9790299346530419,-0.20371643785728408,24
2025-03-10,24.316666666666666,0.0,1.6541666666666668,3.2,5.6,95.30231008208442,0.9957209731281922,-0.09241073353591671,24
2025-03-11,24.079166666666666,0.0,1.6708333333333334,3.3,6.6,1.8339111538042445,0.0320023227812169,0.9994877944910617,24
2025-03-12,23.3,0.2,1.4000000000000001,4.3,8.4,250.00714591691025,-0.9397352701537286,-0.34190294241070635,24
2025-03-13,22.77916666666667,14.0,1.8458333333333332,3.6,7.7,168.0968588157131,0.20625783087135305,-0.9784976786912908,24
2025-03-14,23.258333333333336,38.4,1.8208333333333335,3.7,9.4,164.57748381190834,0.26593496874262634,-0.9639909711194697,24
2025-03-15,23.400000000000002,20.0,1.8333333333333333,3.6,7.1,153.5516016435689,0.44539163774648555,-0.8953358526416236,24
2025-03-16,24.59166666666667,0.0,1.8791666666666667,3.7,8.5,98.6713248638433,0.9885694653492464,-0.15076608431310068,24
2025-03-17,23.791666666666668,0.0,1.3666666666666665,3.0,6.9,79.75604031844684,0.9840594515994292,0.17783980352505666,24
2025-03-18,23.8875,0.0,1.6166666666666665,3.2,9.1,92.45794263240211,0.9990799707833941,-0.04288603478350978,24
2025-03-19,23.5,0.0,1.6541666666666668,3.5,6.5,176.63105269837754,0.05876534702767626,-0.9982718236976925,24
2025-03-20,22.625,28.0,1.8333333333333333,3.6,8.3,93.90924211981253,0.997673294620993,-0.06817622166190643,24
2025-03-21,21.59565217391304,0.0,2.073913043478261,4.1,7.9,80.17034956348574,0.9853196835079231,0.1707194227141313,23
2025-03-22,21.775000000000002,10.2,2.1666666666666665,3.5,7.9,28.75413656140704,0.48105206437094145,0.8766920276610571,24
2025-03-23,21.2625,2.4000000000000004,1.4041666666666668,2.9,6.7,36.15457578131727,0.5899657221871591,0.8074282919517892,24
2025-03-24,21.141666666666666,0.2,1.3541666666666667,3.6,7.7,310.058977329953,-0.765382384880595,0.6435757957804914,24
2025-03-25,21.962500000000002,0.4,1.1875,2.8,6.8,62.03565230911787,0.8832395506679774,0.4689220576341334,24
2025-03-26,21.474999999999998,0.4,1.2874999999999999,2.5,7.9,341.4917424923179,-0.3174413261755152,0.9482779151893869,24
2025-03-27,21.59583333333333,6.6000000000000005,1.45,3.9,10.1,109.35909719555211,0.9434595436259515,-0.33148769138704276,24
2025-03-28,21.90416666666667,0.0,1.4458333333333335,4.1,8.6,74.72562848349342,0.9646753527499864,0.2634415756798634,24
2025-03-29,22.900000000000002,0.0,1.8166666666666667,3.6,6.9,79.58872305422328,0.9835359220147077,0.18071272812582612,24
2025-03-30,23.912499999999998,0.0,2.2083333333333335,4.3,7.8,70.75810105642051,0.9441356259516621,0.32955715711976774,24
2025-03-31,23.629166666666666,0.0,1.8499999999999999,3.5,6.7,91.62075950037425,0.999599932813958,-0.028283817251755022,24
2025-04-01,24.083333333333332,0.0,2.4250000000000003,3.6,7.4,110.47536588736341,0.9368226730636697,-0.34980463009205665,24
2025-04-02,23.95,0.0,2.3874999999999997,4.5,9.1,98.32461437755937,0.9894636820557087,-0.14478128985735522,24
2025-04-03,23.945833333333336,0.0,1.9666666666666668,3.1,6.8,99.5696755182602,0.9860841633374281,-0.16624687309878772,24
2025-04-04,23.191666666666666,0.4,1.8499999999999999,3.1,7.7,126.62578139774719,0.8025491104538203,-0.596586058594887,24
2025-04-05,22.433333333333334,0.8,2.3291666666666666,3.8,7.4,124.40927937341485,0.8250219878769528,-0.5651006277819564,24
2025-04-06,22.28333333333333,0.0,3.4,5.8,10.3,115.67401385159188,0.9012736120493193,-0.4332503620582135,24
2025-04-07,20.64166666666667,0.0,3.529166666666667,5.4,10.5,115.84601610953519,0.8999689327837813,-0.4359540343018076,24
2025-04-08,20.941666666666666,0.0,2.4166666666666665,3.6,8.0,98.00109734245325,0.9902654030834828,-0.1391920667850987,24
2025-04-09,21.979166666666668,6.8,1.4833333333333334,3.1,6.7,88.35635141535933,0.9995885539512492,0.02868314504461765,24
2025-04-10,20.979166666666668,11.2,1.4541666666666666,2.6,5.7,183.45639534265504,-0.06028889659101967,-0.998180970038919,24
2025-04-11,22.375,0.2,1.8499999999999999,4.1,7.3,152.15064342395863,0.4671484759995104,-0.884178885391036,24
2025-04-12,22.745833333333334,4.0,1.6958333333333335,3.4,9.0,102.97975522329237,0.9744494877174892,-0.22460675832913551,24
2025-04-13,22.816666666666666,0.0,1.7166666666666668,2.9,6.8,2.71258937940619,0.047325931768688906,0.998879500331359,24
2025-04-14,21.208333333333332,34.6,1.7541666666666667,3.8,9.0,11.549248112841363,0.2002101468313449,0.9797529775947463,24
2025-04-15,21.078260869565216,1.6,1.8391304347826085,3.3,7.2,331.0330603353844,-0.4843048737596722,0.8748993023500636,23
2025-04-16,21.541666666666668,0.0,2.095833333333333,3.7,9.0,316.23544919469066,-0.6916964846433756,0.7221883224838216,24
2025-04-17,21.933333333333334,2.0,1.3,3.3,6.1,296.06823770738254,-0.8982713209365899,0.4394412747829157,24
2025-04-18,21.083333333333332,2.5999999999999996,1.575,4.5,10.0,79.96142241287654,0.9846906114494909,0.17431121513897954,24
2025-04-19,21.633333333333336,6.8,1.7874999999999999,3.8,8.8,80.32929797228923,0.9857894966006502,0.1679853219535465,24
2025-04-20,22.425,0.0,1.5125,2.6,6.2,165.0679817926006,0.25767278629223495,-0.9662322366824636,24
2025-04-21,22.495833333333334,0.0,1.2083333333333333,2.3,5.5,139.10628827627286,0.6546578540054737,-0.7559253231562943,24
2025-04-22,21.90833333333333,0.2,1.55,3.5,10.2,90.8769040004426,0.9998828828852375,-0.015304264539873323,24
2025-04-23,22.545833333333334,0.0,1.6833333333333333,3.2,7.4,28.278327404613293,0.4737551274068014,0.8806566182433226,24
2025-04-24,22.916666666666668,0.0,2.0124999999999997,3.0,6.2,55.58159055728911,0.8249319287475615,0.5652320876709215,24
2025-04-25,21.933333333333334,1.2,1.4333333333333333,3.8,7.6,302.1695820259069,-0.8464759475762349,0.5324269622914632,24
2025-04-26,22.037499999999998,0.2,1.0875000000000001,3.5,7.3,123.44878062404005,0.8343788910803369,-0.5511913153520721,24
2025-04-27,21.516666666666666,4.6,1.6333333333333335,3.3,7.7,102.09603953818898,0.9777977239072406,-0.2095509749961086,24
2025-04-28,20.566666666666666,0.8,1.2333333333333334,3.1,6.1,299.98028472304526,-0.8661974007592027,0.4997019740985632,24
2025-04-29,21.366666666666664,0.2,1.2666666666666666,2.4,5.6,203.74128438023044,-0.4026074514394677,-0.9153727328500759,24
2025-04-30,22.15416666666667,0.0,1.5625,2.5,5.3,149.58962618318057,0.5061899201872057,-0.8624220339838672,24
2025-05-01,21.2625,0.4,2.3375,3.8,8.0,106.56413914395031,0.9585011962429522,-0.28508850696025906,24
2025-05-02,21.191304347826087,0.0,3.2782608695652176,4.5,8.2,99.7832321776864,0.9854576687255893,-0.1699211086061025,23
2025-05-03,20.658333333333335,0.0,2.5083333333333333,3.0,6.5,106.61505130787575,0.9582474925285934,-0.28594010397749925,24
2025-05-04,20.104166666666668,0.0,2.245833333333333,3.4,8.5,116.43277487705545,0.8954572692602946,-0.44514747997590226,24
2025-05-05,19.900000000000002,0.0,2.404166666666667,3.7,7.7,97.07406429253747,0.9923877860927856,-0.12315227165529613,24
2025-05-06,21.195833333333333,0.0,2.0375,3.4,6.9,76.49533212961646,0.9723508984452838,0.23352458177384536,24
2025-05-07,21.791666666666668,0.0,2.1041666666666665,3.1,6.2,94.60351190118129,0.9967739608518045,-0.08026002098059316,24
2025-05-08,21.833333333333332,0.0,2.3583333333333334,3.9,7.5,103.9360573927056,0.970565108999867,-0.24083888637858314,24
2025-05-09,21.4875,0.0,2.2291666666666665,3.7,8.8,90.67033310899001,0.9999315613984464,-0.011699252936195666,24
2025-05-10,21.0625,0.0,1.4083333333333332,3.1,6.7,119.24721611757467,0.8725197471299121,-0.4885788481589787,24
2025-05-11,21.443478260869565,0.0,1.9478260869565216,4.0,8.4,119.06096539284951,0.874103351974465,-0.48573998195228324,23
2025-05-12,22.3125,0.0,3.0541666666666667,4.4,8.5,96.27721888941663,0.9940045078395877,-0.10933909819720963,24
2025-05-13,19.654166666666665,0.0,3.3083333333333336,4.1,8.6,105.04328764784267,0.9657300097439444,-0.2595487397001981,24
2025-05-14,18.508333333333333,0.0,3.375,4.3,9.5,97.39852665513212,0.9916744739977899,-0.12877009598973935,24
2025-05-15,18.85,0.0,3.2875,5.7,10.1,99.66832541827843,0.9857964637265694,-0.16794443159625932,24
2025-05-16,18.470833333333335,0.0,3.7416666666666667,5.3,10.9,101.30878932260157,0.9805845883570452,-0.19609657079266912,24
2025-05-17,18.395833333333332,0.0,3.466666666666667,4.4,10.2,95.56524545388908,0.9952864088440702,-0.0969791955538628,24
2025-05-18,18.604166666666668,0.0,2.975,4.6,9.8,95.17534867130338,0.995923300821722,-0.09020409569618157,24
2025-05-19,19.356521739130436,0.0,2.6739130434782608,4.0,8.0,100.76520699798824,0.982400857370596,-0.1867847837419252,23
2025-05-20,19.008333333333333,0.0,2.191666666666667,3.1,7.1,103.47097223104012,0.9724880660595717,-0.23295270200560875,24
2025-05-21,19.230434782608697,0.0,2.1,4.0,8.5,104.16796287908694,0.9695823627586074,-0.24476527904798095,23
2025-05-22,19.9875,0.0,1.9124999999999999,4.3,8.3,105.6983252152672,0.9626996558036651,-0.27057230589161346,24
2025-05-23,20.266666666666666,1.2,1.6416666666666666,3.5,7.1,114.75415541061794,0.9081128078892806,-0.41872560006219645,24
2025-05-24,20.783333333333335,0.0,2.2624999999999997,3.5,7.4,105.49326562408712,0.9636618569580558,-0.26712511196844013,24
2025-05-25,20.05,0.0,2.3958333333333335,3.9,7.5,108.89520905887564,0.9461124407485297,-0.3238383075870734,24
2025-05-26,19.025000000000002,0.0,2.3833333333333333,3.9,7.1,103.8672406508824,0.9708536753292483,-0.23967298783903615,24
2025-05-27,19.454166666666666,0.0,2.3541666666666665,3.9,8.6,69.4289425627664,0.9362371466553218,0.35136875959979935,24
2025-05-28,19.558333333333334,0.0,1.1458333333333333,2.5,5.4,60.34021572490066,0.8689790612991745,0.49484885674679063,24
2025-05-29,19.650000000000002,0.0,1.95,3.8,8.2,117.36233446931257,0.8881177228737261,-0.45961604662760325,24
2025-05-30,18.745833333333334,0.0,1.6875,2.6,6.2,139.55931737204085,0.6486604647195677,-0.7610779207872177,24
2025-05-31,20.0125,0.0,1.6208333333333333,3.8,7.4,127.64557168382571,0.7918040980198799,-0.6107751389496172,24
