Model,MAE,RMSE,R2,MAPE
XGBoost,52.31514358520508,89.85522209365463,0.5202171206474304,16.065402645081658
