Model,MAE,RMSE,R2,MAPE
GRU_Bi,65.68523465745427,106.55031190699562,0.3315550800513376,21.197111865034614
