Model,MAE,RMSE,R2,MAPE
LSTM_Bi,59.30068731300554,100.07420802867755,0.4103415859204056,18.832314458415166
