modelo,horizonte,data_origem,data_alvo,y_real,y_pred
XGBoost,1,2024-05-31,2024-06-01,220.0,194.7349853515625
XGBoost,1,2024-06-01,2024-06-02,153.0,169.5885467529297
XGBoost,1,2024-06-02,2024-06-03,229.0,191.9765167236328
XGBoost,1,2024-06-03,2024-06-04,194.0,210.02357482910156
XGBoost,1,2024-06-04,2024-06-05,204.0,199.35128784179688
XGBoost,1,2024-06-05,2024-06-06,164.0,213.8677520751953
XGBoost,1,2024-06-06,2024-06-07,201.0,184.03659057617188
XGBoost,1,2024-06-07,2024-06-08,198.0,174.59054565429688
XGBoost,1,2024-06-08,2024-06-09,126.0,168.3075714111328
XGBoost,1,2024-06-09,2024-06-10,163.0,194.0366668701172
XGBoost,1,2024-06-10,2024-06-11,221.0,187.2802276611328
XGBoost,1,2024-06-11,2024-06-12,207.0,202.24835205078125
XGBoost,1,2024-06-12,2024-06-13,203.0,213.48377990722656
XGBoost,1,2024-06-13,2024-06-14,150.0,211.8031768798828
XGBoost,1,2024-06-14,2024-06-15,146.0,175.62750244140625
XGBoost,1,2024-06-15,2024-06-16,176.0,140.4554443359375
XGBoost,1,2024-06-16,2024-06-17,209.0,182.6290283203125
XGBoost,1,2024-06-17,2024-06-18,175.0,199.0754852294922
XGBoost,1,2024-06-18,2024-06-19,171.0,192.8539581298828
XGBoost,1,2024-06-19,2024-06-20,179.0,189.30645751953125
XGBoost,1,2024-06-20,2024-06-21,186.0,185.68992614746094
XGBoost,1,2024-06-21,2024-06-22,176.0,158.69000244140625
XGBoost,1,2024-06-22,2024-06-23,153.0,153.50624084472656
XGBoost,1,2024-06-23,2024-06-24,213.0,198.24752807617188
XGBoost,1,2024-06-24,2024-06-25,217.0,213.51747131347656
XGBoost,1,2024-06-25,2024-06-26,245.0,207.0358123779297
XGBoost,1,2024-06-26,2024-06-27,203.0,217.90126037597656
XGBoost,1,2024-06-27,2024-06-28,228.0,212.5906982421875
XGBoost,1,2024-06-28,2024-06-29,178.0,208.3274383544922
XGBoost,1,2024-06-29,2024-06-30,133.0,177.13510131835938
XGBoost,1,2024-06-30,2024-07-01,219.0,213.07557678222656
XGBoost,1,2024-07-01,2024-07-02,159.0,219.16712951660156
XGBoost,1,2024-07-02,2024-07-03,183.0,172.2533721923828
XGBoost,1,2024-07-03,2024-07-04,190.0,185.1595001220703
XGBoost,1,2024-07-04,2024-07-05,189.0,196.64805603027344
XGBoost,1,2024-07-05,2024-07-06,147.0,177.1727752685547
XGBoost,1,2024-07-06,2024-07-07,158.0,143.8268280029297
XGBoost,1,2024-07-07,2024-07-08,190.0,194.29942321777344
XGBoost,1,2024-07-08,2024-07-09,207.0,188.66200256347656
XGBoost,1,2024-07-09,2024-07-10,256.0,211.89788818359375
XGBoost,1,2024-07-10,2024-07-11,174.0,234.0927276611328
XGBoost,1,2024-07-11,2024-07-12,177.0,190.08486938476562
XGBoost,1,2024-07-12,2024-07-13,167.0,176.168212890625
XGBoost,1,2024-07-13,2024-07-14,134.0,146.4196014404297
XGBoost,1,2024-07-14,2024-07-15,179.0,166.33534240722656
XGBoost,1,2024-07-15,2024-07-16,188.0,169.5836639404297
XGBoost,1,2024-07-16,2024-07-17,187.0,179.11471557617188
XGBoost,1,2024-07-17,2024-07-18,226.0,189.98416137695312
XGBoost,1,2024-07-18,2024-07-19,173.0,201.81179809570312
XGBoost,1,2024-07-19,2024-07-20,187.0,161.64584350585938
XGBoost,1,2024-07-20,2024-07-21,156.0,162.3383026123047
XGBoost,1,2024-07-21,2024-07-22,198.0,201.29510498046875
XGBoost,1,2024-07-22,2024-07-23,230.0,187.24853515625
XGBoost,1,2024-07-23,2024-07-24,252.0,214.5460205078125
XGBoost,1,2024-07-24,2024-07-25,206.0,223.15150451660156
XGBoost,1,2024-07-25,2024-07-26,173.0,211.63003540039062
XGBoost,1,2024-07-26,2024-07-27,185.0,175.08583068847656
XGBoost,1,2024-07-27,2024-07-28,156.0,185.68212890625
XGBoost,1,2024-07-28,2024-07-29,200.0,194.29173278808594
XGBoost,1,2024-07-29,2024-07-30,244.0,199.1918487548828
XGBoost,1,2024-07-30,2024-07-31,184.0,214.59634399414062
XGBoost,1,2024-07-31,2024-08-01,265.0,188.1356658935547
XGBoost,1,2024-08-01,2024-08-02,197.0,216.9474334716797
XGBoost,1,2024-08-02,2024-08-03,195.0,172.744140625
XGBoost,1,2024-08-03,2024-08-04,169.0,163.84181213378906
XGBoost,1,2024-08-04,2024-08-05,215.0,203.75018310546875
XGBoost,1,2024-08-05,2024-08-06,165.0,194.1225128173828
XGBoost,1,2024-08-06,2024-08-07,205.0,181.335205078125
XGBoost,1,2024-08-07,2024-08-08,245.0,200.5623321533203
XGBoost,1,2024-08-08,2024-08-09,313.0,229.58926391601562
XGBoost,1,2024-08-09,2024-08-10,194.0,224.33258056640625
XGBoost,1,2024-08-10,2024-08-11,191.0,189.47659301757812
XGBoost,1,2024-08-11,2024-08-12,259.0,261.0357666015625
XGBoost,1,2024-08-12,2024-08-13,260.0,286.8663024902344
XGBoost,1,2024-08-13,2024-08-14,221.0,256.0929260253906
XGBoost,1,2024-08-14,2024-08-15,249.0,216.91830444335938
XGBoost,1,2024-08-15,2024-08-16,455.0,232.37765502929688
XGBoost,1,2024-08-16,2024-08-17,185.0,420.5553283691406
XGBoost,1,2024-08-17,2024-08-18,172.0,166.46168518066406
XGBoost,1,2024-08-18,2024-08-19,199.0,234.96717834472656
XGBoost,1,2024-08-19,2024-08-20,274.0,212.51194763183594
XGBoost,1,2024-08-20,2024-08-21,238.0,235.04299926757812
XGBoost,1,2024-08-21,2024-08-22,197.0,231.12322998046875
XGBoost,1,2024-08-22,2024-08-23,214.0,212.4635009765625
XGBoost,1,2024-08-23,2024-08-24,264.0,231.7707061767578
XGBoost,1,2024-08-24,2024-08-25,183.0,222.009521484375
XGBoost,1,2024-08-25,2024-08-26,247.0,260.8423156738281
XGBoost,1,2024-08-26,2024-08-27,220.0,289.8619689941406
XGBoost,1,2024-08-27,2024-08-28,225.0,267.33154296875
XGBoost,1,2024-08-28,2024-08-29,228.0,282.22393798828125
XGBoost,1,2024-08-29,2024-08-30,191.0,273.7075500488281
XGBoost,1,2024-08-30,2024-08-31,178.0,250.50502014160156
XGBoost,1,2024-08-31,2024-09-01,229.0,251.84579467773438
XGBoost,1,2024-09-01,2024-09-02,215.0,328.2842712402344
XGBoost,1,2024-09-02,2024-09-03,279.0,276.4788818359375
XGBoost,1,2024-09-03,2024-09-04,268.0,300.6067199707031
XGBoost,1,2024-09-04,2024-09-05,217.0,309.6683044433594
XGBoost,1,2024-09-05,2024-09-06,224.0,336.2695007324219
XGBoost,1,2024-09-06,2024-09-07,252.0,286.2835693359375
XGBoost,1,2024-09-07,2024-09-08,274.0,285.5325927734375
XGBoost,1,2024-09-08,2024-09-09,225.0,333.3685302734375
XGBoost,1,2024-09-09,2024-09-10,237.0,322.3782958984375
XGBoost,1,2024-09-10,2024-09-11,251.0,274.2725524902344
XGBoost,1,2024-09-11,2024-09-12,233.0,284.90826416015625
XGBoost,1,2024-09-12,2024-09-13,211.0,305.60009765625
XGBoost,1,2024-09-13,2024-09-14,180.0,309.84234619140625
XGBoost,1,2024-09-14,2024-09-15,162.0,343.3271789550781
XGBoost,1,2024-09-15,2024-09-16,265.0,476.1201477050781
XGBoost,1,2024-09-16,2024-09-17,241.0,320.3310852050781
XGBoost,1,2024-09-17,2024-09-18,314.0,321.64105224609375
XGBoost,1,2024-09-18,2024-09-19,207.0,364.94696044921875
XGBoost,1,2024-09-19,2024-09-20,245.0,451.1893615722656
XGBoost,1,2024-09-20,2024-09-21,185.0,341.9084777832031
XGBoost,1,2024-09-21,2024-09-22,144.0,376.4434509277344
XGBoost,1,2024-09-22,2024-09-23,210.0,519.926025390625
XGBoost,1,2024-09-23,2024-09-24,189.0,338.22955322265625
XGBoost,1,2024-09-24,2024-09-25,269.0,375.77728271484375
XGBoost,1,2024-09-25,2024-09-26,221.0,385.745361328125
XGBoost,1,2024-09-26,2024-09-27,230.0,377.0360412597656
XGBoost,1,2024-09-27,2024-09-28,356.0,394.3365478515625
XGBoost,1,2024-09-28,2024-09-29,225.0,418.4974365234375
XGBoost,1,2024-09-29,2024-09-30,273.0,469.41375732421875
XGBoost,1,2024-09-30,2024-10-01,252.0,366.4320068359375
XGBoost,1,2024-10-01,2024-10-02,219.0,385.2275695800781
XGBoost,1,2024-10-02,2024-10-03,238.0,412.43475341796875
XGBoost,1,2024-10-03,2024-10-04,278.0,356.36737060546875
XGBoost,1,2024-10-04,2024-10-05,289.0,403.9154052734375
XGBoost,1,2024-10-05,2024-10-06,203.0,410.0984191894531
XGBoost,1,2024-10-06,2024-10-07,514.0,505.9787902832031
XGBoost,1,2024-10-07,2024-10-08,636.0,527.5277099609375
XGBoost,1,2024-10-08,2024-10-09,529.0,536.3153076171875
XGBoost,1,2024-10-09,2024-10-10,1059.0,478.9681396484375
XGBoost,1,2024-10-10,2024-10-11,1127.0,514.48193359375
XGBoost,1,2024-10-11,2024-10-12,682.0,514.2896118164062
XGBoost,1,2024-10-12,2024-10-13,367.0,442.0950927734375
XGBoost,1,2024-10-13,2024-10-14,521.0,410.8689880371094
XGBoost,1,2024-10-14,2024-10-15,389.0,534.53125
XGBoost,1,2024-10-15,2024-10-16,471.0,390.802001953125
XGBoost,1,2024-10-16,2024-10-17,506.0,408.7452697753906
XGBoost,1,2024-10-17,2024-10-18,533.0,431.3868713378906
XGBoost,1,2024-10-18,2024-10-19,470.0,446.5011291503906
XGBoost,1,2024-10-19,2024-10-20,353.0,419.8066711425781
XGBoost,1,2024-10-20,2024-10-21,391.0,364.0466613769531
XGBoost,1,2024-10-21,2024-10-22,482.0,395.1399841308594
XGBoost,1,2024-10-22,2024-10-23,489.0,433.6040344238281
XGBoost,1,2024-10-23,2024-10-24,491.0,438.27618408203125
XGBoost,1,2024-10-24,2024-10-25,521.0,525.3875732421875
XGBoost,1,2024-10-25,2024-10-26,264.0,405.1937561035156
XGBoost,1,2024-10-26,2024-10-27,433.0,328.97674560546875
XGBoost,1,2024-10-27,2024-10-28,327.0,464.93621826171875
XGBoost,1,2024-10-28,2024-10-29,362.0,376.4552307128906
XGBoost,1,2024-10-29,2024-10-30,316.0,381.0158996582031
XGBoost,1,2024-10-30,2024-10-31,265.0,309.07550048828125
XGBoost,1,2024-10-31,2024-11-01,228.0,299.05999755859375
XGBoost,1,2024-11-01,2024-11-02,272.0,255.62416076660156
XGBoost,1,2024-11-02,2024-11-03,210.0,223.072509765625
XGBoost,1,2024-11-03,2024-11-04,344.0,259.1643981933594
XGBoost,1,2024-11-04,2024-11-05,469.0,308.27752685546875
XGBoost,1,2024-11-05,2024-11-06,338.0,386.1366271972656
XGBoost,1,2024-11-06,2024-11-07,358.0,311.4019775390625
XGBoost,1,2024-11-07,2024-11-08,515.0,339.271484375
XGBoost,1,2024-11-08,2024-11-09,335.0,427.298583984375
XGBoost,1,2024-11-09,2024-11-10,257.0,312.1654357910156
XGBoost,1,2024-11-10,2024-11-11,378.0,358.1612854003906
XGBoost,1,2024-11-11,2024-11-12,306.0,368.1850280761719
XGBoost,1,2024-11-12,2024-11-13,310.0,354.2601013183594
XGBoost,1,2024-11-13,2024-11-14,308.0,343.2290344238281
XGBoost,1,2024-11-14,2024-11-15,351.0,298.7771911621094
XGBoost,1,2024-11-15,2024-11-16,343.0,323.81488037109375
XGBoost,1,2024-11-16,2024-11-17,288.0,289.6309509277344
XGBoost,1,2024-11-17,2024-11-18,432.0,338.4471740722656
XGBoost,1,2024-11-18,2024-11-19,465.0,377.400634765625
XGBoost,1,2024-11-19,2024-11-20,335.0,459.9797058105469
XGBoost,1,2024-11-20,2024-11-21,638.0,381.8127136230469
XGBoost,1,2024-11-21,2024-11-22,533.0,554.3724365234375
XGBoost,1,2024-11-22,2024-11-23,427.0,453.4292297363281
XGBoost,1,2024-11-23,2024-11-24,305.0,378.6737976074219
XGBoost,1,2024-11-24,2024-11-25,342.0,374.6333312988281
XGBoost,1,2024-11-25,2024-11-26,441.0,338.2551574707031
XGBoost,1,2024-11-26,2024-11-27,281.0,428.69384765625
XGBoost,1,2024-11-27,2024-11-28,325.0,325.41375732421875
XGBoost,1,2024-11-28,2024-11-29,282.0,390.0036926269531
XGBoost,1,2024-11-29,2024-11-30,232.0,353.13751220703125
XGBoost,1,2024-11-30,2024-12-01,272.0,283.38427734375
XGBoost,1,2024-12-01,2024-12-02,326.0,341.1476135253906
XGBoost,1,2024-12-02,2024-12-03,346.0,344.8009033203125
XGBoost,1,2024-12-03,2024-12-04,295.0,360.309814453125
XGBoost,1,2024-12-04,2024-12-05,312.0,344.4501953125
XGBoost,1,2024-12-05,2024-12-06,468.0,321.4620666503906
XGBoost,1,2024-12-06,2024-12-07,249.0,439.7791442871094
XGBoost,1,2024-12-07,2024-12-08,302.0,244.41015625
XGBoost,1,2024-12-08,2024-12-09,370.0,399.0509033203125
XGBoost,1,2024-12-09,2024-12-10,459.0,441.3043212890625
XGBoost,1,2024-12-10,2024-12-11,404.0,435.68499755859375
XGBoost,1,2024-12-11,2024-12-12,328.0,470.7987976074219
XGBoost,1,2024-12-12,2024-12-13,399.0,382.4112548828125
XGBoost,1,2024-12-13,2024-12-14,481.0,370.76611328125
XGBoost,1,2024-12-14,2024-12-15,369.0,391.27630615234375
XGBoost,1,2024-12-15,2024-12-16,439.0,345.1072692871094
XGBoost,1,2024-12-16,2024-12-17,401.0,360.7140808105469
XGBoost,1,2024-12-17,2024-12-18,321.0,350.33074951171875
XGBoost,1,2024-12-18,2024-12-19,581.0,340.714111328125
XGBoost,1,2024-12-19,2024-12-20,376.0,461.5169677734375
XGBoost,1,2024-12-20,2024-12-21,420.0,382.98291015625
XGBoost,1,2024-12-21,2024-12-22,299.0,386.29937744140625
XGBoost,1,2024-12-22,2024-12-23,359.0,384.6515197753906
XGBoost,1,2024-12-23,2024-12-24,615.0,361.4959716796875
XGBoost,1,2024-12-24,2024-12-25,380.0,411.35400390625
XGBoost,1,2024-12-25,2024-12-26,440.0,377.0661926269531
XGBoost,1,2024-12-26,2024-12-27,419.0,358.0272216796875
XGBoost,1,2024-12-27,2024-12-28,255.0,378.9591369628906
XGBoost,1,2024-12-28,2024-12-29,267.0,256.1310729980469
XGBoost,1,2024-12-29,2024-12-30,520.0,345.6949462890625
XGBoost,1,2024-12-30,2024-12-31,443.0,396.4456787109375
XGBoost,1,2024-12-31,2025-01-01,255.0,394.3650207519531
XGBoost,1,2025-01-01,2025-01-02,311.0,293.8523864746094
XGBoost,1,2025-01-02,2025-01-03,309.0,343.91131591796875
XGBoost,1,2025-01-03,2025-01-04,279.0,316.5830993652344
XGBoost,1,2025-01-04,2025-01-05,343.0,284.9715576171875
XGBoost,1,2025-01-05,2025-01-06,453.0,337.96142578125
XGBoost,1,2025-01-06,2025-01-07,356.0,432.82720947265625
XGBoost,1,2025-01-07,2025-01-08,374.0,359.29736328125
XGBoost,1,2025-01-08,2025-01-09,409.0,384.20111083984375
XGBoost,1,2025-01-09,2025-01-10,348.0,377.6824645996094
XGBoost,1,2025-01-10,2025-01-11,289.0,337.9670715332031
XGBoost,1,2025-01-11,2025-01-12,252.0,302.77783203125
XGBoost,1,2025-01-12,2025-01-13,346.0,362.76580810546875
XGBoost,1,2025-01-13,2025-01-14,419.0,318.8885803222656
XGBoost,1,2025-01-14,2025-01-15,374.0,347.35211181640625
XGBoost,1,2025-01-15,2025-01-16,316.0,350.56878662109375
XGBoost,1,2025-01-16,2025-01-17,338.0,309.5614929199219
XGBoost,1,2025-01-17,2025-01-18,305.0,295.6177062988281
XGBoost,1,2025-01-18,2025-01-19,313.0,283.2768249511719
XGBoost,1,2025-01-19,2025-01-20,358.0,329.4027099609375
XGBoost,1,2025-01-20,2025-01-21,398.0,335.286376953125
XGBoost,1,2025-01-21,2025-01-22,734.0,350.2091064453125
XGBoost,1,2025-01-22,2025-01-23,1017.0,520.2123413085938
XGBoost,1,2025-01-23,2025-01-24,550.0,501.9916076660156
XGBoost,1,2025-01-24,2025-01-25,340.0,505.46575927734375
XGBoost,1,2025-01-25,2025-01-26,247.0,362.60772705078125
XGBoost,1,2025-01-26,2025-01-27,357.0,381.8323669433594
XGBoost,1,2025-01-27,2025-01-28,334.0,352.7087097167969
XGBoost,1,2025-01-28,2025-01-29,483.0,333.01708984375
XGBoost,1,2025-01-29,2025-01-30,366.0,443.1916198730469
XGBoost,1,2025-01-30,2025-01-31,474.0,397.9922180175781
XGBoost,1,2025-01-31,2025-02-01,290.0,386.4200439453125
XGBoost,1,2025-02-01,2025-02-02,333.0,304.160400390625
XGBoost,1,2025-02-02,2025-02-03,289.0,348.9615478515625
XGBoost,1,2025-02-03,2025-02-04,346.0,342.7884826660156
XGBoost,1,2025-02-04,2025-02-05,269.0,317.67095947265625
XGBoost,1,2025-02-05,2025-02-06,228.0,304.66162109375
XGBoost,1,2025-02-06,2025-02-07,199.0,241.1515350341797
XGBoost,1,2025-02-07,2025-02-08,289.0,203.0375518798828
XGBoost,1,2025-02-08,2025-02-09,219.0,250.6632537841797
XGBoost,1,2025-02-09,2025-02-10,275.0,272.2123718261719
XGBoost,1,2025-02-10,2025-02-11,384.0,260.9419250488281
XGBoost,1,2025-02-11,2025-02-12,319.0,310.98101806640625
XGBoost,1,2025-02-12,2025-02-13,310.0,292.8620910644531
XGBoost,1,2025-02-13,2025-02-14,297.0,281.92822265625
XGBoost,1,2025-02-14,2025-02-15,325.0,283.1957092285156
XGBoost,1,2025-02-15,2025-02-16,281.0,305.3515625
XGBoost,1,2025-02-16,2025-02-17,350.0,348.7633056640625
XGBoost,1,2025-02-17,2025-02-18,285.0,309.52783203125
XGBoost,1,2025-02-18,2025-02-19,273.0,329.76715087890625
XGBoost,1,2025-02-19,2025-02-20,251.0,274.2277526855469
XGBoost,1,2025-02-20,2025-02-21,237.0,252.0736083984375
XGBoost,1,2025-02-21,2025-02-22,220.0,229.38592529296875
XGBoost,1,2025-02-22,2025-02-23,156.0,215.72470092773438
XGBoost,1,2025-02-23,2025-02-24,374.0,247.11734008789062
XGBoost,1,2025-02-24,2025-02-25,378.0,353.9591979980469
XGBoost,1,2025-02-25,2025-02-26,305.0,325.6975402832031
XGBoost,1,2025-02-26,2025-02-27,302.0,303.00787353515625
XGBoost,1,2025-02-27,2025-02-28,227.0,303.129150390625
XGBoost,1,2025-02-28,2025-03-01,287.0,213.64080810546875
XGBoost,1,2025-03-01,2025-03-02,189.0,250.13735961914062
XGBoost,1,2025-03-02,2025-03-03,206.0,236.8340301513672
XGBoost,1,2025-03-03,2025-03-04,273.0,240.94439697265625
XGBoost,1,2025-03-04,2025-03-05,321.0,266.5738830566406
XGBoost,1,2025-03-05,2025-03-06,270.0,271.276611328125
XGBoost,1,2025-03-06,2025-03-07,323.0,275.7067565917969
XGBoost,1,2025-03-07,2025-03-08,182.0,274.3553466796875
XGBoost,1,2025-03-08,2025-03-09,156.0,202.07135009765625
XGBoost,1,2025-03-09,2025-03-10,257.0,236.43482971191406
XGBoost,1,2025-03-10,2025-03-11,341.0,259.7208557128906
XGBoost,1,2025-03-11,2025-03-12,380.0,381.4794006347656
XGBoost,1,2025-03-12,2025-03-13,405.0,368.0321044921875
XGBoost,1,2025-03-13,2025-03-14,1022.0,372.9591979980469
XGBoost,1,2025-03-14,2025-03-15,418.0,410.5394287109375
XGBoost,1,2025-03-15,2025-03-16,192.0,342.95513916015625
XGBoost,1,2025-03-16,2025-03-17,272.0,283.862060546875
XGBoost,1,2025-03-17,2025-03-18,319.0,340.91033935546875
XGBoost,1,2025-03-18,2025-03-19,388.0,366.8694763183594
XGBoost,1,2025-03-19,2025-03-20,440.0,389.4608154296875
XGBoost,1,2025-03-20,2025-03-21,365.0,380.5391540527344
XGBoost,1,2025-03-21,2025-03-22,347.0,359.078125
XGBoost,1,2025-03-22,2025-03-23,294.0,296.5596008300781
XGBoost,1,2025-03-23,2025-03-24,328.0,313.4925537109375
XGBoost,1,2025-03-24,2025-03-25,323.0,315.7721862792969
XGBoost,1,2025-03-25,2025-03-26,351.0,326.302734375
XGBoost,1,2025-03-26,2025-03-27,320.0,318.2686767578125
XGBoost,1,2025-03-27,2025-03-28,297.0,308.9696044921875
XGBoost,1,2025-03-28,2025-03-29,261.0,304.4304504394531
XGBoost,1,2025-03-29,2025-03-30,214.0,235.54251098632812
XGBoost,1,2025-03-30,2025-03-31,252.0,279.8345031738281
XGBoost,1,2025-03-31,2025-04-01,206.0,258.16949462890625
XGBoost,1,2025-04-01,2025-04-02,230.0,247.89968872070312
XGBoost,1,2025-04-02,2025-04-03,266.0,238.128173828125
XGBoost,1,2025-04-03,2025-04-04,239.0,258.9817199707031
XGBoost,1,2025-04-04,2025-04-05,288.0,234.224365234375
XGBoost,1,2025-04-05,2025-04-06,174.0,260.07366943359375
XGBoost,1,2025-04-06,2025-04-07,276.0,221.58453369140625
XGBoost,1,2025-04-07,2025-04-08,246.0,249.39048767089844
XGBoost,1,2025-04-08,2025-04-09,349.0,223.62527465820312
XGBoost,1,2025-04-09,2025-04-10,346.0,268.83966064453125
XGBoost,1,2025-04-10,2025-04-11,339.0,289.42974853515625
XGBoost,1,2025-04-11,2025-04-12,246.0,304.2731628417969
XGBoost,1,2025-04-12,2025-04-13,241.0,224.60316467285156
XGBoost,1,2025-04-13,2025-04-14,374.0,300.75677490234375
XGBoost,1,2025-04-14,2025-04-15,314.0,325.2035827636719
XGBoost,1,2025-04-15,2025-04-16,237.0,285.3015441894531
XGBoost,1,2025-04-16,2025-04-17,375.0,274.4620666503906
XGBoost,1,2025-04-17,2025-04-18,370.0,348.00360107421875
XGBoost,1,2025-04-18,2025-04-19,288.0,300.6704406738281
XGBoost,1,2025-04-19,2025-04-20,145.0,251.27423095703125
XGBoost,1,2025-04-20,2025-04-21,242.0,240.91690063476562
XGBoost,1,2025-04-21,2025-04-22,321.0,273.16107177734375
XGBoost,1,2025-04-22,2025-04-23,241.0,269.9616394042969
XGBoost,1,2025-04-23,2025-04-24,271.0,240.1280059814453
XGBoost,1,2025-04-24,2025-04-25,322.0,250.17018127441406
XGBoost,1,2025-04-25,2025-04-26,330.0,302.12884521484375
XGBoost,1,2025-04-26,2025-04-27,297.0,289.35467529296875
XGBoost,1,2025-04-27,2025-04-28,376.0,298.6138916015625
XGBoost,1,2025-04-28,2025-04-29,355.0,323.71044921875
XGBoost,1,2025-04-29,2025-04-30,310.0,309.8697509765625
XGBoost,1,2025-04-30,2025-05-01,224.0,303.99407958984375
XGBoost,1,2025-05-01,2025-05-02,269.0,249.5366668701172
XGBoost,1,2025-05-02,2025-05-03,244.0,229.50840759277344
XGBoost,1,2025-05-03,2025-05-04,182.0,204.0790557861328
XGBoost,1,2025-05-04,2025-05-05,189.0,232.4779510498047
XGBoost,1,2025-05-05,2025-05-06,195.0,211.31784057617188
XGBoost,1,2025-05-06,2025-05-07,192.0,222.34124755859375
XGBoost,1,2025-05-07,2025-05-08,271.0,217.12564086914062
XGBoost,1,2025-05-08,2025-05-09,234.0,230.43191528320312
XGBoost,1,2025-05-09,2025-05-10,192.0,209.63743591308594
XGBoost,1,2025-05-10,2025-05-11,126.0,181.7423095703125
XGBoost,1,2025-05-11,2025-05-12,243.0,209.08883666992188
XGBoost,1,2025-05-12,2025-05-13,237.0,237.01951599121094
XGBoost,1,2025-05-13,2025-05-14,223.0,212.57582092285156
XGBoost,1,2025-05-14,2025-05-15,258.0,203.022216796875
XGBoost,1,2025-05-15,2025-05-16,220.0,234.64208984375
XGBoost,1,2025-05-16,2025-05-17,237.0,182.196533203125
XGBoost,1,2025-05-17,2025-05-18,233.0,181.01608276367188
XGBoost,1,2025-05-18,2025-05-19,358.0,231.2732391357422
XGBoost,1,2025-05-19,2025-05-20,241.0,266.20025634765625
XGBoost,1,2025-05-20,2025-05-21,255.0,238.84706115722656
XGBoost,1,2025-05-21,2025-05-22,257.0,246.42356872558594
XGBoost,1,2025-05-22,2025-05-23,222.0,239.04290771484375
XGBoost,1,2025-05-23,2025-05-24,232.0,198.4653778076172
XGBoost,1,2025-05-24,2025-05-25,194.0,189.7628631591797
XGBoost,1,2025-05-25,2025-05-26,242.0,228.59715270996094
XGBoost,1,2025-05-26,2025-05-27,219.0,234.55068969726562
XGBoost,1,2025-05-27,2025-05-28,286.0,224.64549255371094
XGBoost,1,2025-05-28,2025-05-29,193.0,255.3460235595703
XGBoost,1,2025-05-29,2025-05-30,268.0,217.68263244628906
XGBoost,1,2025-05-30,2025-05-31,206.0,228.92196655273438
XGBoost,3,2024-05-29,2024-06-01,220.0,196.3766632080078
XGBoost,3,2024-05-30,2024-06-02,153.0,161.31968688964844
XGBoost,3,2024-05-31,2024-06-03,229.0,219.4586944580078
XGBoost,3,2024-06-01,2024-06-04,194.0,204.54229736328125
XGBoost,3,2024-06-02,2024-06-05,204.0,176.4772186279297
XGBoost,3,2024-06-03,2024-06-06,164.0,210.47950744628906
XGBoost,3,2024-06-04,2024-06-07,201.0,213.43466186523438
XGBoost,3,2024-06-05,2024-06-08,198.0,182.14451599121094
XGBoost,3,2024-06-06,2024-06-09,126.0,157.9148406982422
XGBoost,3,2024-06-07,2024-06-10,163.0,212.78590393066406
XGBoost,3,2024-06-08,2024-06-11,221.0,213.38754272460938
XGBoost,3,2024-06-09,2024-06-12,207.0,181.28993225097656
XGBoost,3,2024-06-10,2024-06-13,203.0,201.4170379638672
XGBoost,3,2024-06-11,2024-06-14,150.0,207.54469299316406
XGBoost,3,2024-06-12,2024-06-15,146.0,188.6927032470703
XGBoost,3,2024-06-13,2024-06-16,176.0,161.8367462158203
XGBoost,3,2024-06-14,2024-06-17,209.0,209.1206512451172
XGBoost,3,2024-06-15,2024-06-18,175.0,191.71109008789062
XGBoost,3,2024-06-16,2024-06-19,171.0,189.79090881347656
XGBoost,3,2024-06-17,2024-06-20,179.0,189.58692932128906
XGBoost,3,2024-06-18,2024-06-21,186.0,192.83071899414062
XGBoost,3,2024-06-19,2024-06-22,176.0,183.62257385253906
XGBoost,3,2024-06-20,2024-06-23,153.0,157.3026123046875
XGBoost,3,2024-06-21,2024-06-24,213.0,181.4774627685547
XGBoost,3,2024-06-22,2024-06-25,217.0,186.25657653808594
XGBoost,3,2024-06-23,2024-06-26,245.0,189.2883758544922
XGBoost,3,2024-06-24,2024-06-27,203.0,230.75048828125
XGBoost,3,2024-06-25,2024-06-28,228.0,209.3517303466797
XGBoost,3,2024-06-26,2024-06-29,178.0,194.74864196777344
XGBoost,3,2024-06-27,2024-06-30,133.0,174.5823974609375
XGBoost,3,2024-06-28,2024-07-01,219.0,217.4560089111328
XGBoost,3,2024-06-29,2024-07-02,159.0,216.75193786621094
XGBoost,3,2024-06-30,2024-07-03,183.0,190.67428588867188
XGBoost,3,2024-07-01,2024-07-04,190.0,222.25889587402344
XGBoost,3,2024-07-02,2024-07-05,189.0,192.9996795654297
XGBoost,3,2024-07-03,2024-07-06,147.0,164.16197204589844
XGBoost,3,2024-07-04,2024-07-07,158.0,171.96966552734375
XGBoost,3,2024-07-05,2024-07-08,190.0,207.05288696289062
XGBoost,3,2024-07-06,2024-07-09,207.0,196.2269287109375
XGBoost,3,2024-07-07,2024-07-10,256.0,186.6124267578125
XGBoost,3,2024-07-08,2024-07-11,174.0,216.56158447265625
XGBoost,3,2024-07-09,2024-07-12,177.0,188.84722900390625
XGBoost,3,2024-07-10,2024-07-13,167.0,197.59031677246094
XGBoost,3,2024-07-11,2024-07-14,134.0,174.8096160888672
XGBoost,3,2024-07-12,2024-07-15,179.0,201.0442352294922
XGBoost,3,2024-07-13,2024-07-16,188.0,193.91363525390625
XGBoost,3,2024-07-14,2024-07-17,187.0,179.0462188720703
XGBoost,3,2024-07-15,2024-07-18,226.0,189.0207977294922
XGBoost,3,2024-07-16,2024-07-19,173.0,192.47100830078125
XGBoost,3,2024-07-17,2024-07-20,187.0,167.08999633789062
XGBoost,3,2024-07-18,2024-07-21,156.0,171.13612365722656
XGBoost,3,2024-07-19,2024-07-22,198.0,209.62274169921875
XGBoost,3,2024-07-20,2024-07-23,230.0,203.04913330078125
XGBoost,3,2024-07-21,2024-07-24,252.0,191.42779541015625
XGBoost,3,2024-07-22,2024-07-25,206.0,204.2620391845703
XGBoost,3,2024-07-23,2024-07-26,173.0,211.7248992919922
XGBoost,3,2024-07-24,2024-07-27,185.0,205.7145538330078
XGBoost,3,2024-07-25,2024-07-28,156.0,182.5334930419922
XGBoost,3,2024-07-26,2024-07-29,200.0,227.03746032714844
XGBoost,3,2024-07-27,2024-07-30,244.0,219.3209228515625
XGBoost,3,2024-07-28,2024-07-31,184.0,191.23606872558594
XGBoost,3,2024-07-29,2024-08-01,265.0,207.30776977539062
XGBoost,3,2024-07-30,2024-08-02,197.0,212.69647216796875
XGBoost,3,2024-07-31,2024-08-03,195.0,195.3999481201172
XGBoost,3,2024-08-01,2024-08-04,169.0,169.58616638183594
XGBoost,3,2024-08-02,2024-08-05,215.0,239.65391540527344
XGBoost,3,2024-08-03,2024-08-06,165.0,208.29835510253906
XGBoost,3,2024-08-04,2024-08-07,205.0,210.5891876220703
XGBoost,3,2024-08-05,2024-08-08,245.0,203.8798065185547
XGBoost,3,2024-08-06,2024-08-09,313.0,200.87542724609375
XGBoost,3,2024-08-07,2024-08-10,194.0,192.11817932128906
XGBoost,3,2024-08-08,2024-08-11,191.0,183.93881225585938
XGBoost,3,2024-08-09,2024-08-12,259.0,246.1936798095703
XGBoost,3,2024-08-10,2024-08-13,260.0,247.26181030273438
XGBoost,3,2024-08-11,2024-08-14,221.0,242.3084716796875
XGBoost,3,2024-08-12,2024-08-15,249.0,267.6628723144531
XGBoost,3,2024-08-13,2024-08-16,455.0,238.95199584960938
XGBoost,3,2024-08-14,2024-08-17,185.0,228.16163635253906
XGBoost,3,2024-08-15,2024-08-18,172.0,231.71377563476562
XGBoost,3,2024-08-16,2024-08-19,199.0,350.3749694824219
XGBoost,3,2024-08-17,2024-08-20,274.0,289.2334289550781
XGBoost,3,2024-08-18,2024-08-21,238.0,273.431884765625
XGBoost,3,2024-08-19,2024-08-22,197.0,284.0765380859375
XGBoost,3,2024-08-20,2024-08-23,214.0,248.9425811767578
XGBoost,3,2024-08-21,2024-08-24,264.0,241.57354736328125
XGBoost,3,2024-08-22,2024-08-25,183.0,257.8062744140625
XGBoost,3,2024-08-23,2024-08-26,247.0,385.3695983886719
XGBoost,3,2024-08-24,2024-08-27,220.0,397.7548522949219
XGBoost,3,2024-08-25,2024-08-28,225.0,365.72430419921875
XGBoost,3,2024-08-26,2024-08-29,228.0,376.090087890625
XGBoost,3,2024-08-27,2024-08-30,191.0,420.0406188964844
XGBoost,3,2024-08-28,2024-08-31,178.0,297.5246887207031
XGBoost,3,2024-08-29,2024-09-01,229.0,305.8846740722656
XGBoost,3,2024-08-30,2024-09-02,215.0,286.6259460449219
XGBoost,3,2024-08-31,2024-09-03,279.0,300.8813171386719
XGBoost,3,2024-09-01,2024-09-04,268.0,356.8139343261719
XGBoost,3,2024-09-02,2024-09-05,217.0,389.2198486328125
XGBoost,3,2024-09-03,2024-09-06,224.0,381.419189453125
XGBoost,3,2024-09-04,2024-09-07,252.0,370.8009948730469
XGBoost,3,2024-09-05,2024-09-08,274.0,429.4220275878906
XGBoost,3,2024-09-06,2024-09-09,225.0,458.3970642089844
XGBoost,3,2024-09-07,2024-09-10,237.0,417.2888488769531
XGBoost,3,2024-09-08,2024-09-11,251.0,357.022705078125
XGBoost,3,2024-09-09,2024-09-12,233.0,358.3052062988281
XGBoost,3,2024-09-10,2024-09-13,211.0,401.3934326171875
XGBoost,3,2024-09-11,2024-09-14,180.0,386.599609375
XGBoost,3,2024-09-12,2024-09-15,162.0,383.05853271484375
XGBoost,3,2024-09-13,2024-09-16,265.0,475.1859130859375
XGBoost,3,2024-09-14,2024-09-17,241.0,443.7465515136719
XGBoost,3,2024-09-15,2024-09-18,314.0,431.9726867675781
XGBoost,3,2024-09-16,2024-09-19,207.0,443.3672180175781
XGBoost,3,2024-09-17,2024-09-20,245.0,522.1051635742188
XGBoost,3,2024-09-18,2024-09-21,185.0,412.6214599609375
XGBoost,3,2024-09-19,2024-09-22,144.0,425.9742736816406
XGBoost,3,2024-09-20,2024-09-23,210.0,475.40875244140625
XGBoost,3,2024-09-21,2024-09-24,189.0,492.83660888671875
XGBoost,3,2024-09-22,2024-09-25,269.0,465.0928955078125
XGBoost,3,2024-09-23,2024-09-26,221.0,456.65570068359375
XGBoost,3,2024-09-24,2024-09-27,230.0,445.6871337890625
XGBoost,3,2024-09-25,2024-09-28,356.0,482.08355712890625
XGBoost,3,2024-09-26,2024-09-29,225.0,502.6897888183594
XGBoost,3,2024-09-27,2024-09-30,273.0,582.072998046875
XGBoost,3,2024-09-28,2024-10-01,252.0,581.2313842773438
XGBoost,3,2024-09-29,2024-10-02,219.0,510.6012878417969
XGBoost,3,2024-09-30,2024-10-03,238.0,500.2132568359375
XGBoost,3,2024-10-01,2024-10-04,278.0,430.9807434082031
XGBoost,3,2024-10-02,2024-10-05,289.0,468.6676940917969
XGBoost,3,2024-10-03,2024-10-06,203.0,455.75439453125
XGBoost,3,2024-10-04,2024-10-07,514.0,483.1767578125
XGBoost,3,2024-10-05,2024-10-08,636.0,522.709716796875
XGBoost,3,2024-10-06,2024-10-09,529.0,464.3538513183594
XGBoost,3,2024-10-07,2024-10-10,1059.0,600.4990234375
XGBoost,3,2024-10-08,2024-10-11,1127.0,541.6888427734375
XGBoost,3,2024-10-09,2024-10-12,682.0,580.673828125
XGBoost,3,2024-10-10,2024-10-13,367.0,442.56591796875
XGBoost,3,2024-10-11,2024-10-14,521.0,468.09381103515625
XGBoost,3,2024-10-12,2024-10-15,389.0,513.61767578125
XGBoost,3,2024-10-13,2024-10-16,471.0,452.8033142089844
XGBoost,3,2024-10-14,2024-10-17,506.0,538.794189453125
XGBoost,3,2024-10-15,2024-10-18,533.0,422.3035888671875
XGBoost,3,2024-10-16,2024-10-19,470.0,397.95025634765625
XGBoost,3,2024-10-17,2024-10-20,353.0,412.7261047363281
XGBoost,3,2024-10-18,2024-10-21,391.0,434.8558349609375
XGBoost,3,2024-10-19,2024-10-22,482.0,405.9712829589844
XGBoost,3,2024-10-20,2024-10-23,489.0,371.2618408203125
XGBoost,3,2024-10-21,2024-10-24,491.0,411.73358154296875
XGBoost,3,2024-10-22,2024-10-25,521.0,360.1373596191406
XGBoost,3,2024-10-23,2024-10-26,264.0,372.7320251464844
XGBoost,3,2024-10-24,2024-10-27,433.0,534.2243041992188
XGBoost,3,2024-10-25,2024-10-28,327.0,533.282958984375
XGBoost,3,2024-10-26,2024-10-29,362.0,496.9505310058594
XGBoost,3,2024-10-27,2024-10-30,316.0,426.93707275390625
XGBoost,3,2024-10-28,2024-10-31,265.0,425.1238708496094
XGBoost,3,2024-10-29,2024-11-01,228.0,364.6836242675781
XGBoost,3,2024-10-30,2024-11-02,272.0,315.61810302734375
XGBoost,3,2024-10-31,2024-11-03,210.0,281.77362060546875
XGBoost,3,2024-11-01,2024-11-04,344.0,295.3998107910156
XGBoost,3,2024-11-02,2024-11-05,469.0,268.7005920410156
XGBoost,3,2024-11-03,2024-11-06,338.0,274.9249572753906
XGBoost,3,2024-11-04,2024-11-07,358.0,333.2829284667969
XGBoost,3,2024-11-05,2024-11-08,515.0,359.49920654296875
XGBoost,3,2024-11-06,2024-11-09,335.0,325.9503173828125
XGBoost,3,2024-11-07,2024-11-10,257.0,343.6541442871094
XGBoost,3,2024-11-08,2024-11-11,378.0,380.401611328125
XGBoost,3,2024-11-09,2024-11-12,306.0,387.9591064453125
XGBoost,3,2024-11-10,2024-11-13,310.0,324.8489685058594
XGBoost,3,2024-11-11,2024-11-14,308.0,349.9515380859375
XGBoost,3,2024-11-12,2024-11-15,351.0,364.9600830078125
XGBoost,3,2024-11-13,2024-11-16,343.0,309.41156005859375
XGBoost,3,2024-11-14,2024-11-17,288.0,284.64874267578125
XGBoost,3,2024-11-15,2024-11-18,432.0,365.50848388671875
XGBoost,3,2024-11-16,2024-11-19,465.0,363.49261474609375
XGBoost,3,2024-11-17,2024-11-20,335.0,325.77984619140625
XGBoost,3,2024-11-18,2024-11-21,638.0,367.2437744140625
XGBoost,3,2024-11-19,2024-11-22,533.0,411.0000305175781
XGBoost,3,2024-11-20,2024-11-23,427.0,492.5085754394531
XGBoost,3,2024-11-21,2024-11-24,305.0,412.4031677246094
XGBoost,3,2024-11-22,2024-11-25,342.0,412.3504333496094
XGBoost,3,2024-11-23,2024-11-26,441.0,416.7867431640625
XGBoost,3,2024-11-24,2024-11-27,281.0,391.2535400390625
XGBoost,3,2024-11-25,2024-11-28,325.0,328.2268981933594
XGBoost,3,2024-11-26,2024-11-29,282.0,346.5578308105469
XGBoost,3,2024-11-27,2024-11-30,232.0,328.522216796875
XGBoost,3,2024-11-28,2024-12-01,272.0,343.6923828125
XGBoost,3,2024-11-29,2024-12-02,326.0,377.4234313964844
XGBoost,3,2024-11-30,2024-12-03,346.0,353.1302185058594
XGBoost,3,2024-12-01,2024-12-04,295.0,363.7885437011719
XGBoost,3,2024-12-02,2024-12-05,312.0,363.235595703125
XGBoost,3,2024-12-03,2024-12-06,468.0,358.1361083984375
XGBoost,3,2024-12-04,2024-12-07,249.0,352.50836181640625
XGBoost,3,2024-12-05,2024-12-08,302.0,323.0168762207031
XGBoost,3,2024-12-06,2024-12-09,370.0,405.9053649902344
XGBoost,3,2024-12-07,2024-12-10,459.0,383.5102233886719
XGBoost,3,2024-12-08,2024-12-11,404.0,404.444580078125
XGBoost,3,2024-12-09,2024-12-12,328.0,365.2664489746094
XGBoost,3,2024-12-10,2024-12-13,399.0,396.46612548828125
XGBoost,3,2024-12-11,2024-12-14,481.0,366.32818603515625
XGBoost,3,2024-12-12,2024-12-15,369.0,330.24908447265625
XGBoost,3,2024-12-13,2024-12-16,439.0,358.14080810546875
XGBoost,3,2024-12-14,2024-12-17,401.0,362.6519775390625
XGBoost,3,2024-12-15,2024-12-18,321.0,305.9523010253906
XGBoost,3,2024-12-16,2024-12-19,581.0,310.1228332519531
XGBoost,3,2024-12-17,2024-12-20,376.0,365.8050231933594
XGBoost,3,2024-12-18,2024-12-21,420.0,323.103271484375
XGBoost,3,2024-12-19,2024-12-22,299.0,305.64129638671875
XGBoost,3,2024-12-20,2024-12-23,359.0,432.8270568847656
XGBoost,3,2024-12-21,2024-12-24,615.0,385.1131591796875
XGBoost,3,2024-12-22,2024-12-25,380.0,371.30224609375
XGBoost,3,2024-12-23,2024-12-26,440.0,361.1710510253906
XGBoost,3,2024-12-24,2024-12-27,419.0,357.9494934082031
XGBoost,3,2024-12-25,2024-12-28,255.0,362.7349853515625
XGBoost,3,2024-12-26,2024-12-29,267.0,351.0829162597656
XGBoost,3,2024-12-27,2024-12-30,520.0,386.6499938964844
XGBoost,3,2024-12-28,2024-12-31,443.0,327.29510498046875
XGBoost,3,2024-12-29,2025-01-01,255.0,340.1766052246094
XGBoost,3,2024-12-30,2025-01-02,311.0,321.2348327636719
XGBoost,3,2024-12-31,2025-01-03,309.0,358.7799377441406
XGBoost,3,2025-01-01,2025-01-04,279.0,334.6043701171875
XGBoost,3,2025-01-02,2025-01-05,343.0,266.7840881347656
XGBoost,3,2025-01-03,2025-01-06,453.0,311.1159362792969
XGBoost,3,2025-01-04,2025-01-07,356.0,328.58270263671875
XGBoost,3,2025-01-05,2025-01-08,374.0,323.2158203125
XGBoost,3,2025-01-06,2025-01-09,409.0,346.172119140625
XGBoost,3,2025-01-07,2025-01-10,348.0,383.0657653808594
XGBoost,3,2025-01-08,2025-01-11,289.0,467.3579406738281
XGBoost,3,2025-01-09,2025-01-12,252.0,333.4071350097656
XGBoost,3,2025-01-10,2025-01-13,346.0,356.8341064453125
XGBoost,3,2025-01-11,2025-01-14,419.0,333.9893493652344
XGBoost,3,2025-01-12,2025-01-15,374.0,324.2990417480469
XGBoost,3,2025-01-13,2025-01-16,316.0,314.9694519042969
XGBoost,3,2025-01-14,2025-01-17,338.0,322.6837463378906
XGBoost,3,2025-01-15,2025-01-18,305.0,332.9224853515625
XGBoost,3,2025-01-16,2025-01-19,313.0,280.707763671875
XGBoost,3,2025-01-17,2025-01-20,358.0,293.1004638671875
XGBoost,3,2025-01-18,2025-01-21,398.0,299.94085693359375
XGBoost,3,2025-01-19,2025-01-22,734.0,314.27117919921875
XGBoost,3,2025-01-20,2025-01-23,1017.0,327.3070068359375
XGBoost,3,2025-01-21,2025-01-24,550.0,342.2205505371094
XGBoost,3,2025-01-22,2025-01-25,340.0,313.5110168457031
XGBoost,3,2025-01-23,2025-01-26,247.0,333.6574401855469
XGBoost,3,2025-01-24,2025-01-27,357.0,384.0869140625
XGBoost,3,2025-01-25,2025-01-28,334.0,378.9485778808594
XGBoost,3,2025-01-26,2025-01-29,483.0,344.99700927734375
XGBoost,3,2025-01-27,2025-01-30,366.0,348.32305908203125
XGBoost,3,2025-01-28,2025-01-31,474.0,323.4908447265625
XGBoost,3,2025-01-29,2025-02-01,290.0,369.4189758300781
XGBoost,3,2025-01-30,2025-02-02,333.0,337.9076843261719
XGBoost,3,2025-01-31,2025-02-03,289.0,359.0677795410156
XGBoost,3,2025-02-01,2025-02-04,346.0,332.95928955078125
XGBoost,3,2025-02-02,2025-02-05,269.0,333.99407958984375
XGBoost,3,2025-02-03,2025-02-06,228.0,309.25146484375
XGBoost,3,2025-02-04,2025-02-07,199.0,310.2364807128906
XGBoost,3,2025-02-05,2025-02-08,289.0,292.98046875
XGBoost,3,2025-02-06,2025-02-09,219.0,244.1337432861328
XGBoost,3,2025-02-07,2025-02-10,275.0,308.381591796875
XGBoost,3,2025-02-08,2025-02-11,384.0,296.3241882324219
XGBoost,3,2025-02-09,2025-02-12,319.0,290.8846740722656
XGBoost,3,2025-02-10,2025-02-13,310.0,247.24085998535156
XGBoost,3,2025-02-11,2025-02-14,297.0,281.2720947265625
XGBoost,3,2025-02-12,2025-02-15,325.0,269.5465087890625
XGBoost,3,2025-02-13,2025-02-16,281.0,245.00685119628906
XGBoost,3,2025-02-14,2025-02-17,350.0,300.6025085449219
XGBoost,3,2025-02-15,2025-02-18,285.0,342.52392578125
XGBoost,3,2025-02-16,2025-02-19,273.0,342.3173828125
XGBoost,3,2025-02-17,2025-02-20,251.0,330.4185791015625
XGBoost,3,2025-02-18,2025-02-21,237.0,327.16021728515625
XGBoost,3,2025-02-19,2025-02-22,220.0,317.7301940917969
XGBoost,3,2025-02-20,2025-02-23,156.0,261.2872009277344
XGBoost,3,2025-02-21,2025-02-24,374.0,315.3143310546875
XGBoost,3,2025-02-22,2025-02-25,378.0,299.7222595214844
XGBoost,3,2025-02-23,2025-02-26,305.0,305.8133850097656
XGBoost,3,2025-02-24,2025-02-27,302.0,327.99884033203125
XGBoost,3,2025-02-25,2025-02-28,227.0,291.2170104980469
XGBoost,3,2025-02-26,2025-03-01,287.0,304.54339599609375
XGBoost,3,2025-02-27,2025-03-02,189.0,273.87353515625
XGBoost,3,2025-02-28,2025-03-03,206.0,314.7542419433594
XGBoost,3,2025-03-01,2025-03-04,273.0,302.91851806640625
XGBoost,3,2025-03-02,2025-03-05,321.0,263.3125
XGBoost,3,2025-03-03,2025-03-06,270.0,236.8317413330078
XGBoost,3,2025-03-04,2025-03-07,323.0,253.20770263671875
XGBoost,3,2025-03-05,2025-03-08,182.0,240.21571350097656
XGBoost,3,2025-03-06,2025-03-09,156.0,196.73202514648438
XGBoost,3,2025-03-07,2025-03-10,257.0,262.4081115722656
XGBoost,3,2025-03-08,2025-03-11,341.0,265.9898986816406
XGBoost,3,2025-03-09,2025-03-12,380.0,269.1193542480469
XGBoost,3,2025-03-10,2025-03-13,405.0,277.6261291503906
XGBoost,3,2025-03-11,2025-03-14,1022.0,306.44482421875
XGBoost,3,2025-03-12,2025-03-15,418.0,291.2939453125
XGBoost,3,2025-03-13,2025-03-16,192.0,257.8819885253906
XGBoost,3,2025-03-14,2025-03-17,272.0,335.741455078125
XGBoost,3,2025-03-15,2025-03-18,319.0,419.96893310546875
XGBoost,3,2025-03-16,2025-03-19,388.0,342.6590576171875
XGBoost,3,2025-03-17,2025-03-20,440.0,301.0535888671875
XGBoost,3,2025-03-18,2025-03-21,365.0,360.2196960449219
XGBoost,3,2025-03-19,2025-03-22,347.0,323.00299072265625
XGBoost,3,2025-03-20,2025-03-23,294.0,287.7597961425781
XGBoost,3,2025-03-21,2025-03-24,328.0,355.9250793457031
XGBoost,3,2025-03-22,2025-03-25,323.0,306.9171142578125
XGBoost,3,2025-03-23,2025-03-26,351.0,276.3800354003906
XGBoost,3,2025-03-24,2025-03-27,320.0,285.625
XGBoost,3,2025-03-25,2025-03-28,297.0,268.80548095703125
XGBoost,3,2025-03-26,2025-03-29,261.0,309.0954895019531
XGBoost,3,2025-03-27,2025-03-30,214.0,265.0207214355469
XGBoost,3,2025-03-28,2025-03-31,252.0,309.7388610839844
XGBoost,3,2025-03-29,2025-04-01,206.0,278.65203857421875
XGBoost,3,2025-03-30,2025-04-02,230.0,283.17144775390625
XGBoost,3,2025-03-31,2025-04-03,266.0,286.18365478515625
XGBoost,3,2025-04-01,2025-04-04,239.0,257.9925231933594
XGBoost,3,2025-04-02,2025-04-05,288.0,227.70127868652344
XGBoost,3,2025-04-03,2025-04-06,174.0,241.44557189941406
XGBoost,3,2025-04-04,2025-04-07,276.0,266.0185241699219
XGBoost,3,2025-04-05,2025-04-08,246.0,289.3517150878906
XGBoost,3,2025-04-06,2025-04-09,349.0,257.97857666015625
XGBoost,3,2025-04-07,2025-04-10,346.0,222.81971740722656
XGBoost,3,2025-04-08,2025-04-11,339.0,248.05238342285156
XGBoost,3,2025-04-09,2025-04-12,246.0,231.82797241210938
XGBoost,3,2025-04-10,2025-04-13,241.0,244.58506774902344
XGBoost,3,2025-04-11,2025-04-14,374.0,263.4231262207031
XGBoost,3,2025-04-12,2025-04-15,314.0,249.29750061035156
XGBoost,3,2025-04-13,2025-04-16,237.0,278.74310302734375
XGBoost,3,2025-04-14,2025-04-17,375.0,306.0632629394531
XGBoost,3,2025-04-15,2025-04-18,370.0,271.00408935546875
XGBoost,3,2025-04-16,2025-04-19,288.0,245.33786010742188
XGBoost,3,2025-04-17,2025-04-20,145.0,249.11639404296875
XGBoost,3,2025-04-18,2025-04-21,242.0,295.4662780761719
XGBoost,3,2025-04-19,2025-04-22,321.0,261.0852966308594
XGBoost,3,2025-04-20,2025-04-23,241.0,251.95436096191406
XGBoost,3,2025-04-21,2025-04-24,271.0,249.98146057128906
XGBoost,3,2025-04-22,2025-04-25,322.0,246.47845458984375
XGBoost,3,2025-04-23,2025-04-26,330.0,202.79115295410156
XGBoost,3,2025-04-24,2025-04-27,297.0,223.23403930664062
XGBoost,3,2025-04-25,2025-04-28,376.0,297.3080749511719
XGBoost,3,2025-04-26,2025-04-29,355.0,271.1067810058594
XGBoost,3,2025-04-27,2025-04-30,310.0,247.0657501220703
XGBoost,3,2025-04-28,2025-05-01,224.0,296.3868408203125
XGBoost,3,2025-04-29,2025-05-02,269.0,314.8924255371094
XGBoost,3,2025-04-30,2025-05-03,244.0,243.2522735595703
XGBoost,3,2025-05-01,2025-05-04,182.0,204.95669555664062
XGBoost,3,2025-05-02,2025-05-05,189.0,255.75885009765625
XGBoost,3,2025-05-03,2025-05-06,195.0,253.40797424316406
XGBoost,3,2025-05-04,2025-05-07,192.0,223.6188507080078
XGBoost,3,2025-05-05,2025-05-08,271.0,237.85874938964844
XGBoost,3,2025-05-06,2025-05-09,234.0,239.13424682617188
XGBoost,3,2025-05-07,2025-05-10,192.0,200.17578125
XGBoost,3,2025-05-08,2025-05-11,126.0,182.1561279296875
XGBoost,3,2025-05-09,2025-05-12,243.0,235.15777587890625
XGBoost,3,2025-05-10,2025-05-13,237.0,230.31216430664062
XGBoost,3,2025-05-11,2025-05-14,223.0,211.9251708984375
XGBoost,3,2025-05-12,2025-05-15,258.0,209.7814483642578
XGBoost,3,2025-05-13,2025-05-16,220.0,208.2884979248047
XGBoost,3,2025-05-14,2025-05-17,237.0,184.1055145263672
XGBoost,3,2025-05-15,2025-05-18,233.0,189.35275268554688
XGBoost,3,2025-05-16,2025-05-19,358.0,226.47972106933594
XGBoost,3,2025-05-17,2025-05-20,241.0,215.73178100585938
XGBoost,3,2025-05-18,2025-05-21,255.0,224.7893524169922
XGBoost,3,2025-05-19,2025-05-22,257.0,275.7166442871094
XGBoost,3,2025-05-20,2025-05-23,222.0,260.0001525878906
XGBoost,3,2025-05-21,2025-05-24,232.0,236.249267578125
XGBoost,3,2025-05-22,2025-05-25,194.0,209.1845245361328
XGBoost,3,2025-05-23,2025-05-26,242.0,236.53121948242188
XGBoost,3,2025-05-24,2025-05-27,219.0,241.04739379882812
XGBoost,3,2025-05-25,2025-05-28,286.0,236.93463134765625
XGBoost,3,2025-05-26,2025-05-29,193.0,227.14039611816406
XGBoost,3,2025-05-27,2025-05-30,268.0,229.17788696289062
XGBoost,3,2025-05-28,2025-05-31,206.0,215.6295623779297
XGBoost,7,2024-05-25,2024-06-01,220.0,173.8966064453125
XGBoost,7,2024-05-26,2024-06-02,153.0,139.94183349609375
XGBoost,7,2024-05-27,2024-06-03,229.0,208.54541015625
XGBoost,7,2024-05-28,2024-06-04,194.0,217.076416015625
XGBoost,7,2024-05-29,2024-06-05,204.0,211.98721313476562
XGBoost,7,2024-05-30,2024-06-06,164.0,176.20468139648438
XGBoost,7,2024-05-31,2024-06-07,201.0,219.16043090820312
XGBoost,7,2024-06-01,2024-06-08,198.0,176.7843475341797
XGBoost,7,2024-06-02,2024-06-09,126.0,150.5657196044922
XGBoost,7,2024-06-03,2024-06-10,163.0,223.1439971923828
XGBoost,7,2024-06-04,2024-06-11,221.0,228.123046875
XGBoost,7,2024-06-05,2024-06-12,207.0,218.04945373535156
XGBoost,7,2024-06-06,2024-06-13,203.0,203.97303771972656
XGBoost,7,2024-06-07,2024-06-14,150.0,218.37020874023438
XGBoost,7,2024-06-08,2024-06-15,146.0,211.10629272460938
XGBoost,7,2024-06-09,2024-06-16,176.0,153.76962280273438
XGBoost,7,2024-06-10,2024-06-17,209.0,212.1923828125
XGBoost,7,2024-06-11,2024-06-18,175.0,223.97531127929688
XGBoost,7,2024-06-12,2024-06-19,171.0,209.0464630126953
XGBoost,7,2024-06-13,2024-06-20,179.0,193.97232055664062
XGBoost,7,2024-06-14,2024-06-21,186.0,208.6287384033203
XGBoost,7,2024-06-15,2024-06-22,176.0,192.88511657714844
XGBoost,7,2024-06-16,2024-06-23,153.0,163.61463928222656
XGBoost,7,2024-06-17,2024-06-24,213.0,179.99099731445312
XGBoost,7,2024-06-18,2024-06-25,217.0,203.74620056152344
XGBoost,7,2024-06-19,2024-06-26,245.0,209.1177978515625
XGBoost,7,2024-06-20,2024-06-27,203.0,218.02264404296875
XGBoost,7,2024-06-21,2024-06-28,228.0,181.64590454101562
XGBoost,7,2024-06-22,2024-06-29,178.0,162.9374237060547
XGBoost,7,2024-06-23,2024-06-30,133.0,165.6389923095703
XGBoost,7,2024-06-24,2024-07-01,219.0,216.458984375
XGBoost,7,2024-06-25,2024-07-02,159.0,201.0065155029297
XGBoost,7,2024-06-26,2024-07-03,183.0,197.89617919921875
XGBoost,7,2024-06-27,2024-07-04,190.0,206.95240783691406
XGBoost,7,2024-06-28,2024-07-05,189.0,211.72711181640625
XGBoost,7,2024-06-29,2024-07-06,147.0,188.1697998046875
XGBoost,7,2024-06-30,2024-07-07,158.0,153.22975158691406
XGBoost,7,2024-07-01,2024-07-08,190.0,237.06336975097656
XGBoost,7,2024-07-02,2024-07-09,207.0,207.1551513671875
XGBoost,7,2024-07-03,2024-07-10,256.0,209.00762939453125
XGBoost,7,2024-07-04,2024-07-11,174.0,227.47425842285156
XGBoost,7,2024-07-05,2024-07-12,177.0,217.28451538085938
XGBoost,7,2024-07-06,2024-07-13,167.0,170.05960083007812
XGBoost,7,2024-07-07,2024-07-14,134.0,148.58444213867188
XGBoost,7,2024-07-08,2024-07-15,179.0,205.2260284423828
XGBoost,7,2024-07-09,2024-07-16,188.0,173.54771423339844
XGBoost,7,2024-07-10,2024-07-17,187.0,215.46153259277344
XGBoost,7,2024-07-11,2024-07-18,226.0,206.93357849121094
XGBoost,7,2024-07-12,2024-07-19,173.0,201.33827209472656
XGBoost,7,2024-07-13,2024-07-20,187.0,171.36276245117188
XGBoost,7,2024-07-14,2024-07-21,156.0,146.14892578125
XGBoost,7,2024-07-15,2024-07-22,198.0,206.05979919433594
XGBoost,7,2024-07-16,2024-07-23,230.0,208.0364532470703
XGBoost,7,2024-07-17,2024-07-24,252.0,212.4349365234375
XGBoost,7,2024-07-18,2024-07-25,206.0,199.97091674804688
XGBoost,7,2024-07-19,2024-07-26,173.0,193.83213806152344
XGBoost,7,2024-07-20,2024-07-27,185.0,182.83702087402344
XGBoost,7,2024-07-21,2024-07-28,156.0,162.1484832763672
XGBoost,7,2024-07-22,2024-07-29,200.0,198.80233764648438
XGBoost,7,2024-07-23,2024-07-30,244.0,212.1836700439453
XGBoost,7,2024-07-24,2024-07-31,184.0,229.4500732421875
XGBoost,7,2024-07-25,2024-08-01,265.0,225.40692138671875
XGBoost,7,2024-07-26,2024-08-02,197.0,200.58419799804688
XGBoost,7,2024-07-27,2024-08-03,195.0,198.8110809326172
XGBoost,7,2024-07-28,2024-08-04,169.0,163.88636779785156
XGBoost,7,2024-07-29,2024-08-05,215.0,219.66049194335938
XGBoost,7,2024-07-30,2024-08-06,165.0,250.470947265625
XGBoost,7,2024-07-31,2024-08-07,205.0,220.21144104003906
XGBoost,7,2024-08-01,2024-08-08,245.0,277.12860107421875
XGBoost,7,2024-08-02,2024-08-09,313.0,205.99755859375
XGBoost,7,2024-08-03,2024-08-10,194.0,194.00572204589844
XGBoost,7,2024-08-04,2024-08-11,191.0,169.08624267578125
XGBoost,7,2024-08-05,2024-08-12,259.0,225.51966857910156
XGBoost,7,2024-08-06,2024-08-13,260.0,208.37716674804688
XGBoost,7,2024-08-07,2024-08-14,221.0,209.1577606201172
XGBoost,7,2024-08-08,2024-08-15,249.0,239.09219360351562
XGBoost,7,2024-08-09,2024-08-16,455.0,247.24212646484375
XGBoost,7,2024-08-10,2024-08-17,185.0,241.07557678222656
XGBoost,7,2024-08-11,2024-08-18,172.0,188.76121520996094
XGBoost,7,2024-08-12,2024-08-19,199.0,258.6486511230469
XGBoost,7,2024-08-13,2024-08-20,274.0,213.70352172851562
XGBoost,7,2024-08-14,2024-08-21,238.0,221.45689392089844
XGBoost,7,2024-08-15,2024-08-22,197.0,264.8944091796875
XGBoost,7,2024-08-16,2024-08-23,214.0,304.6663818359375
XGBoost,7,2024-08-17,2024-08-24,264.0,260.1976623535156
XGBoost,7,2024-08-18,2024-08-25,183.0,217.60150146484375
XGBoost,7,2024-08-19,2024-08-26,247.0,301.120849609375
XGBoost,7,2024-08-20,2024-08-27,220.0,348.92364501953125
XGBoost,7,2024-08-21,2024-08-28,225.0,338.59906005859375
XGBoost,7,2024-08-22,2024-08-29,228.0,402.5762634277344
XGBoost,7,2024-08-23,2024-08-30,191.0,377.63470458984375
XGBoost,7,2024-08-24,2024-08-31,178.0,335.17633056640625
XGBoost,7,2024-08-25,2024-09-01,229.0,364.699951171875
XGBoost,7,2024-08-26,2024-09-02,215.0,354.6585998535156
XGBoost,7,2024-08-27,2024-09-03,279.0,343.3553771972656
XGBoost,7,2024-08-28,2024-09-04,268.0,350.1548156738281
XGBoost,7,2024-08-29,2024-09-05,217.0,378.7397766113281
XGBoost,7,2024-08-30,2024-09-06,224.0,422.2185974121094
XGBoost,7,2024-08-31,2024-09-07,252.0,439.69476318359375
XGBoost,7,2024-09-01,2024-09-08,274.0,514.3897705078125
XGBoost,7,2024-09-02,2024-09-09,225.0,504.8258972167969
XGBoost,7,2024-09-03,2024-09-10,237.0,484.7286071777344
XGBoost,7,2024-09-04,2024-09-11,251.0,401.0823059082031
XGBoost,7,2024-09-05,2024-09-12,233.0,374.3132019042969
XGBoost,7,2024-09-06,2024-09-13,211.0,458.073974609375
XGBoost,7,2024-09-07,2024-09-14,180.0,575.1852416992188
XGBoost,7,2024-09-08,2024-09-15,162.0,498.31622314453125
XGBoost,7,2024-09-09,2024-09-16,265.0,481.9389953613281
XGBoost,7,2024-09-10,2024-09-17,241.0,445.137451171875
XGBoost,7,2024-09-11,2024-09-18,314.0,447.9412536621094
XGBoost,7,2024-09-12,2024-09-19,207.0,484.94952392578125
XGBoost,7,2024-09-13,2024-09-20,245.0,459.97552490234375
XGBoost,7,2024-09-14,2024-09-21,185.0,429.20196533203125
XGBoost,7,2024-09-15,2024-09-22,144.0,391.9272155761719
XGBoost,7,2024-09-16,2024-09-23,210.0,461.88470458984375
XGBoost,7,2024-09-17,2024-09-24,189.0,521.3348388671875
XGBoost,7,2024-09-18,2024-09-25,269.0,528.5835571289062
XGBoost,7,2024-09-19,2024-09-26,221.0,449.72412109375
XGBoost,7,2024-09-20,2024-09-27,230.0,497.0384216308594
XGBoost,7,2024-09-21,2024-09-28,356.0,511.2184143066406
XGBoost,7,2024-09-22,2024-09-29,225.0,446.9610900878906
XGBoost,7,2024-09-23,2024-09-30,273.0,443.2281494140625
XGBoost,7,2024-09-24,2024-10-01,252.0,567.7528076171875
XGBoost,7,2024-09-25,2024-10-02,219.0,451.12042236328125
XGBoost,7,2024-09-26,2024-10-03,238.0,491.7684020996094
XGBoost,7,2024-09-27,2024-10-04,278.0,448.5240478515625
XGBoost,7,2024-09-28,2024-10-05,289.0,531.1693725585938
XGBoost,7,2024-09-29,2024-10-06,203.0,563.2650146484375
XGBoost,7,2024-09-30,2024-10-07,514.0,466.62738037109375
XGBoost,7,2024-10-01,2024-10-08,636.0,440.3065490722656
XGBoost,7,2024-10-02,2024-10-09,529.0,371.2398376464844
XGBoost,7,2024-10-03,2024-10-10,1059.0,399.9025573730469
XGBoost,7,2024-10-04,2024-10-11,1127.0,449.5912170410156
XGBoost,7,2024-10-05,2024-10-12,682.0,419.56756591796875
XGBoost,7,2024-10-06,2024-10-13,367.0,386.52239990234375
XGBoost,7,2024-10-07,2024-10-14,521.0,374.4916687011719
XGBoost,7,2024-10-08,2024-10-15,389.0,440.47491455078125
XGBoost,7,2024-10-09,2024-10-16,471.0,444.54229736328125
XGBoost,7,2024-10-10,2024-10-17,506.0,486.7851867675781
XGBoost,7,2024-10-11,2024-10-18,533.0,483.08203125
XGBoost,7,2024-10-12,2024-10-19,470.0,488.2556457519531
XGBoost,7,2024-10-13,2024-10-20,353.0,433.17388916015625
XGBoost,7,2024-10-14,2024-10-21,391.0,553.9950561523438
XGBoost,7,2024-10-15,2024-10-22,482.0,424.87786865234375
XGBoost,7,2024-10-16,2024-10-23,489.0,382.0278625488281
XGBoost,7,2024-10-17,2024-10-24,491.0,391.67498779296875
XGBoost,7,2024-10-18,2024-10-25,521.0,388.9896545410156
XGBoost,7,2024-10-19,2024-10-26,264.0,405.2270812988281
XGBoost,7,2024-10-20,2024-10-27,433.0,322.36907958984375
XGBoost,7,2024-10-21,2024-10-28,327.0,412.49920654296875
XGBoost,7,2024-10-22,2024-10-29,362.0,363.7685852050781
XGBoost,7,2024-10-23,2024-10-30,316.0,375.48004150390625
XGBoost,7,2024-10-24,2024-10-31,265.0,592.5963745117188
XGBoost,7,2024-10-25,2024-11-01,228.0,407.35491943359375
XGBoost,7,2024-10-26,2024-11-02,272.0,354.8006591796875
XGBoost,7,2024-10-27,2024-11-03,210.0,288.0990905761719
XGBoost,7,2024-10-28,2024-11-04,344.0,338.7003479003906
XGBoost,7,2024-10-29,2024-11-05,469.0,340.4294738769531
XGBoost,7,2024-10-30,2024-11-06,338.0,333.81915283203125
XGBoost,7,2024-10-31,2024-11-07,358.0,324.5439758300781
XGBoost,7,2024-11-01,2024-11-08,515.0,289.44482421875
XGBoost,7,2024-11-02,2024-11-09,335.0,264.2858581542969
XGBoost,7,2024-11-03,2024-11-10,257.0,263.71875
XGBoost,7,2024-11-04,2024-11-11,378.0,372.0309143066406
XGBoost,7,2024-11-05,2024-11-12,306.0,348.8172912597656
XGBoost,7,2024-11-06,2024-11-13,310.0,368.3233947753906
XGBoost,7,2024-11-07,2024-11-14,308.0,351.1202697753906
XGBoost,7,2024-11-08,2024-11-15,351.0,309.83172607421875
XGBoost,7,2024-11-09,2024-11-16,343.0,333.05877685546875
XGBoost,7,2024-11-10,2024-11-17,288.0,295.05706787109375
XGBoost,7,2024-11-11,2024-11-18,432.0,329.16864013671875
XGBoost,7,2024-11-12,2024-11-19,465.0,345.73785400390625
XGBoost,7,2024-11-13,2024-11-20,335.0,328.8899841308594
XGBoost,7,2024-11-14,2024-11-21,638.0,327.63787841796875
XGBoost,7,2024-11-15,2024-11-22,533.0,333.02947998046875
XGBoost,7,2024-11-16,2024-11-23,427.0,356.8028259277344
XGBoost,7,2024-11-17,2024-11-24,305.0,307.74462890625
XGBoost,7,2024-11-18,2024-11-25,342.0,357.55322265625
XGBoost,7,2024-11-19,2024-11-26,441.0,326.73223876953125
XGBoost,7,2024-11-20,2024-11-27,281.0,353.4933776855469
XGBoost,7,2024-11-21,2024-11-28,325.0,364.5146789550781
XGBoost,7,2024-11-22,2024-11-29,282.0,385.8449401855469
XGBoost,7,2024-11-23,2024-11-30,232.0,338.37286376953125
XGBoost,7,2024-11-24,2024-12-01,272.0,332.0616149902344
XGBoost,7,2024-11-25,2024-12-02,326.0,352.5031433105469
XGBoost,7,2024-11-26,2024-12-03,346.0,360.7495422363281
XGBoost,7,2024-11-27,2024-12-04,295.0,324.6284484863281
XGBoost,7,2024-11-28,2024-12-05,312.0,341.36273193359375
XGBoost,7,2024-11-29,2024-12-06,468.0,305.0751953125
XGBoost,7,2024-11-30,2024-12-07,249.0,301.2991943359375
XGBoost,7,2024-12-01,2024-12-08,302.0,306.6678466796875
XGBoost,7,2024-12-02,2024-12-09,370.0,378.9244384765625
XGBoost,7,2024-12-03,2024-12-10,459.0,344.85760498046875
XGBoost,7,2024-12-04,2024-12-11,404.0,329.19146728515625
XGBoost,7,2024-12-05,2024-12-12,328.0,356.95440673828125
XGBoost,7,2024-12-06,2024-12-13,399.0,325.6745910644531
XGBoost,7,2024-12-07,2024-12-14,481.0,314.7372741699219
XGBoost,7,2024-12-08,2024-12-15,369.0,303.6985778808594
XGBoost,7,2024-12-09,2024-12-16,439.0,344.86962890625
XGBoost,7,2024-12-10,2024-12-17,401.0,351.9422302246094
XGBoost,7,2024-12-11,2024-12-18,321.0,375.57867431640625
XGBoost,7,2024-12-12,2024-12-19,581.0,301.7958679199219
XGBoost,7,2024-12-13,2024-12-20,376.0,304.3103332519531
XGBoost,7,2024-12-14,2024-12-21,420.0,266.0885314941406
XGBoost,7,2024-12-15,2024-12-22,299.0,238.8070831298828
XGBoost,7,2024-12-16,2024-12-23,359.0,315.9426574707031
XGBoost,7,2024-12-17,2024-12-24,615.0,362.1120300292969
XGBoost,7,2024-12-18,2024-12-25,380.0,318.1096496582031
XGBoost,7,2024-12-19,2024-12-26,440.0,322.6191101074219
XGBoost,7,2024-12-20,2024-12-27,419.0,373.52325439453125
XGBoost,7,2024-12-21,2024-12-28,255.0,313.4197082519531
XGBoost,7,2024-12-22,2024-12-29,267.0,317.4204406738281
XGBoost,7,2024-12-23,2024-12-30,520.0,362.7662353515625
XGBoost,7,2024-12-24,2024-12-31,443.0,332.7194519042969
XGBoost,7,2024-12-25,2025-01-01,255.0,365.1397399902344
XGBoost,7,2024-12-26,2025-01-02,311.0,402.74249267578125
XGBoost,7,2024-12-27,2025-01-03,309.0,372.1155090332031
XGBoost,7,2024-12-28,2025-01-04,279.0,288.1283264160156
XGBoost,7,2024-12-29,2025-01-05,343.0,259.364013671875
XGBoost,7,2024-12-30,2025-01-06,453.0,307.6897277832031
XGBoost,7,2024-12-31,2025-01-07,356.0,326.9258728027344
XGBoost,7,2025-01-01,2025-01-08,374.0,325.1272277832031
XGBoost,7,2025-01-02,2025-01-09,409.0,320.7693176269531
XGBoost,7,2025-01-03,2025-01-10,348.0,323.296875
XGBoost,7,2025-01-04,2025-01-11,289.0,307.1711730957031
XGBoost,7,2025-01-05,2025-01-12,252.0,309.0684814453125
XGBoost,7,2025-01-06,2025-01-13,346.0,370.0800476074219
XGBoost,7,2025-01-07,2025-01-14,419.0,414.4603576660156
XGBoost,7,2025-01-08,2025-01-15,374.0,391.2525939941406
XGBoost,7,2025-01-09,2025-01-16,316.0,477.4287109375
XGBoost,7,2025-01-10,2025-01-17,338.0,451.78955078125
XGBoost,7,2025-01-11,2025-01-18,305.0,292.0736083984375
XGBoost,7,2025-01-12,2025-01-19,313.0,288.7623291015625
XGBoost,7,2025-01-13,2025-01-20,358.0,334.6917419433594
XGBoost,7,2025-01-14,2025-01-21,398.0,320.1739196777344
XGBoost,7,2025-01-15,2025-01-22,734.0,318.60894775390625
XGBoost,7,2025-01-16,2025-01-23,1017.0,337.72637939453125
XGBoost,7,2025-01-17,2025-01-24,550.0,340.01708984375
XGBoost,7,2025-01-18,2025-01-25,340.0,310.44921875
XGBoost,7,2025-01-19,2025-01-26,247.0,287.2228088378906
XGBoost,7,2025-01-20,2025-01-27,357.0,351.0320129394531
XGBoost,7,2025-01-21,2025-01-28,334.0,343.92791748046875
XGBoost,7,2025-01-22,2025-01-29,483.0,355.2539978027344
XGBoost,7,2025-01-23,2025-01-30,366.0,384.44354248046875
XGBoost,7,2025-01-24,2025-01-31,474.0,378.8509521484375
XGBoost,7,2025-01-25,2025-02-01,290.0,389.83953857421875
XGBoost,7,2025-01-26,2025-02-02,333.0,339.0158386230469
XGBoost,7,2025-01-27,2025-02-03,289.0,341.2602233886719
XGBoost,7,2025-01-28,2025-02-04,346.0,317.4122619628906
XGBoost,7,2025-01-29,2025-02-05,269.0,362.9319763183594
XGBoost,7,2025-01-30,2025-02-06,228.0,381.9228515625
XGBoost,7,2025-01-31,2025-02-07,199.0,313.96673583984375
XGBoost,7,2025-02-01,2025-02-08,289.0,300.0666198730469
XGBoost,7,2025-02-02,2025-02-09,219.0,269.638671875
XGBoost,7,2025-02-03,2025-02-10,275.0,306.2926940917969
XGBoost,7,2025-02-04,2025-02-11,384.0,334.65216064453125
XGBoost,7,2025-02-05,2025-02-12,319.0,307.9067077636719
XGBoost,7,2025-02-06,2025-02-13,310.0,295.8463134765625
XGBoost,7,2025-02-07,2025-02-14,297.0,259.4239807128906
XGBoost,7,2025-02-08,2025-02-15,325.0,274.6129455566406
XGBoost,7,2025-02-09,2025-02-16,281.0,271.2835998535156
XGBoost,7,2025-02-10,2025-02-17,350.0,286.67181396484375
XGBoost,7,2025-02-11,2025-02-18,285.0,312.9207458496094
XGBoost,7,2025-02-12,2025-02-19,273.0,303.8616943359375
XGBoost,7,2025-02-13,2025-02-20,251.0,308.178466796875
XGBoost,7,2025-02-14,2025-02-21,237.0,307.9512634277344
XGBoost,7,2025-02-15,2025-02-22,220.0,293.1096496582031
XGBoost,7,2025-02-16,2025-02-23,156.0,247.00527954101562
XGBoost,7,2025-02-17,2025-02-24,374.0,345.5452575683594
XGBoost,7,2025-02-18,2025-02-25,378.0,311.3722229003906
XGBoost,7,2025-02-19,2025-02-26,305.0,328.55511474609375
XGBoost,7,2025-02-20,2025-02-27,302.0,323.35479736328125
XGBoost,7,2025-02-21,2025-02-28,227.0,299.5639953613281
XGBoost,7,2025-02-22,2025-03-01,287.0,291.9644775390625
XGBoost,7,2025-02-23,2025-03-02,189.0,257.30194091796875
XGBoost,7,2025-02-24,2025-03-03,206.0,321.30596923828125
XGBoost,7,2025-02-25,2025-03-04,273.0,307.13775634765625
XGBoost,7,2025-02-26,2025-03-05,321.0,324.1341552734375
XGBoost,7,2025-02-27,2025-03-06,270.0,328.2843322753906
XGBoost,7,2025-02-28,2025-03-07,323.0,298.48822021484375
XGBoost,7,2025-03-01,2025-03-08,182.0,253.84011840820312
XGBoost,7,2025-03-02,2025-03-09,156.0,202.61549377441406
XGBoost,7,2025-03-03,2025-03-10,257.0,262.52667236328125
XGBoost,7,2025-03-04,2025-03-11,341.0,248.5693359375
XGBoost,7,2025-03-05,2025-03-12,380.0,230.38575744628906
XGBoost,7,2025-03-06,2025-03-13,405.0,244.91734313964844
XGBoost,7,2025-03-07,2025-03-14,1022.0,262.1561279296875
XGBoost,7,2025-03-08,2025-03-15,418.0,244.18695068359375
XGBoost,7,2025-03-09,2025-03-16,192.0,203.40631103515625
XGBoost,7,2025-03-10,2025-03-17,272.0,287.8887023925781
XGBoost,7,2025-03-11,2025-03-18,319.0,257.07452392578125
XGBoost,7,2025-03-12,2025-03-19,388.0,268.2115783691406
XGBoost,7,2025-03-13,2025-03-20,440.0,238.99298095703125
XGBoost,7,2025-03-14,2025-03-21,365.0,322.53802490234375
XGBoost,7,2025-03-15,2025-03-22,347.0,318.6016845703125
XGBoost,7,2025-03-16,2025-03-23,294.0,263.480224609375
XGBoost,7,2025-03-17,2025-03-24,328.0,328.7087707519531
XGBoost,7,2025-03-18,2025-03-25,323.0,344.9329833984375
XGBoost,7,2025-03-19,2025-03-26,351.0,295.78045654296875
XGBoost,7,2025-03-20,2025-03-27,320.0,310.0630187988281
XGBoost,7,2025-03-21,2025-03-28,297.0,346.4383239746094
XGBoost,7,2025-03-22,2025-03-29,261.0,315.5853576660156
XGBoost,7,2025-03-23,2025-03-30,214.0,255.50726318359375
XGBoost,7,2025-03-24,2025-03-31,252.0,288.6032409667969
XGBoost,7,2025-03-25,2025-04-01,206.0,288.3642272949219
XGBoost,7,2025-03-26,2025-04-02,230.0,294.64178466796875
XGBoost,7,2025-03-27,2025-04-03,266.0,286.1455383300781
XGBoost,7,2025-03-28,2025-04-04,239.0,300.3621826171875
XGBoost,7,2025-03-29,2025-04-05,288.0,265.94732666015625
XGBoost,7,2025-03-30,2025-04-06,174.0,231.3933563232422
XGBoost,7,2025-03-31,2025-04-07,276.0,284.9696350097656
XGBoost,7,2025-04-01,2025-04-08,246.0,271.8865051269531
XGBoost,7,2025-04-02,2025-04-09,349.0,276.6558837890625
XGBoost,7,2025-04-03,2025-04-10,346.0,285.50201416015625
XGBoost,7,2025-04-04,2025-04-11,339.0,264.142333984375
XGBoost,7,2025-04-05,2025-04-12,246.0,251.42127990722656
XGBoost,7,2025-04-06,2025-04-13,241.0,213.20391845703125
XGBoost,7,2025-04-07,2025-04-14,374.0,243.1787872314453
XGBoost,7,2025-04-08,2025-04-15,314.0,240.0861358642578
XGBoost,7,2025-04-09,2025-04-16,237.0,251.3185577392578
XGBoost,7,2025-04-10,2025-04-17,375.0,258.6494140625
XGBoost,7,2025-04-11,2025-04-18,370.0,257.7898254394531
XGBoost,7,2025-04-12,2025-04-19,288.0,233.0974884033203
XGBoost,7,2025-04-13,2025-04-20,145.0,211.9644775390625
XGBoost,7,2025-04-14,2025-04-21,242.0,271.5585021972656
XGBoost,7,2025-04-15,2025-04-22,321.0,245.05300903320312
XGBoost,7,2025-04-16,2025-04-23,241.0,269.2909851074219
XGBoost,7,2025-04-17,2025-04-24,271.0,276.7774658203125
XGBoost,7,2025-04-18,2025-04-25,322.0,276.0184020996094
XGBoost,7,2025-04-19,2025-04-26,330.0,238.05421447753906
XGBoost,7,2025-04-20,2025-04-27,297.0,169.9361114501953
XGBoost,7,2025-04-21,2025-04-28,376.0,243.5560760498047
XGBoost,7,2025-04-22,2025-04-29,355.0,246.1298828125
XGBoost,7,2025-04-23,2025-04-30,310.0,222.46823120117188
XGBoost,7,2025-04-24,2025-05-01,224.0,259.9911193847656
XGBoost,7,2025-04-25,2025-05-02,269.0,269.12347412109375
XGBoost,7,2025-04-26,2025-05-03,244.0,241.67300415039062
XGBoost,7,2025-04-27,2025-05-04,182.0,208.52786254882812
XGBoost,7,2025-04-28,2025-05-05,189.0,297.3515319824219
XGBoost,7,2025-04-29,2025-05-06,195.0,317.07891845703125
XGBoost,7,2025-04-30,2025-05-07,192.0,277.09234619140625
XGBoost,7,2025-05-01,2025-05-08,271.0,248.49407958984375
XGBoost,7,2025-05-02,2025-05-09,234.0,262.7112731933594
XGBoost,7,2025-05-03,2025-05-10,192.0,243.2543182373047
XGBoost,7,2025-05-04,2025-05-11,126.0,196.0297393798828
XGBoost,7,2025-05-05,2025-05-12,243.0,235.07106018066406
XGBoost,7,2025-05-06,2025-05-13,237.0,235.732666015625
XGBoost,7,2025-05-07,2025-05-14,223.0,224.5030059814453
XGBoost,7,2025-05-08,2025-05-15,258.0,230.35086059570312
XGBoost,7,2025-05-09,2025-05-16,220.0,232.1739959716797
XGBoost,7,2025-05-10,2025-05-17,237.0,203.63677978515625
XGBoost,7,2025-05-11,2025-05-18,233.0,155.21688842773438
XGBoost,7,2025-05-12,2025-05-19,358.0,222.05770874023438
XGBoost,7,2025-05-13,2025-05-20,241.0,217.1002960205078
XGBoost,7,2025-05-14,2025-05-21,255.0,204.5528106689453
XGBoost,7,2025-05-15,2025-05-22,257.0,246.36032104492188
XGBoost,7,2025-05-16,2025-05-23,222.0,227.18014526367188
XGBoost,7,2025-05-17,2025-05-24,232.0,216.89877319335938
XGBoost,7,2025-05-18,2025-05-25,194.0,175.35450744628906
XGBoost,7,2025-05-19,2025-05-26,242.0,270.2958068847656
XGBoost,7,2025-05-20,2025-05-27,219.0,255.2783966064453
XGBoost,7,2025-05-21,2025-05-28,286.0,269.9757385253906
XGBoost,7,2025-05-22,2025-05-29,193.0,262.3836975097656
XGBoost,7,2025-05-23,2025-05-30,268.0,227.36184692382812
XGBoost,7,2025-05-24,2025-05-31,206.0,213.08621215820312
XGBoost,14,2024-05-18,2024-06-01,220.0,188.89476013183594
XGBoost,14,2024-05-19,2024-06-02,153.0,150.28164672851562
XGBoost,14,2024-05-20,2024-06-03,229.0,219.31158447265625
XGBoost,14,2024-05-21,2024-06-04,194.0,206.54652404785156
XGBoost,14,2024-05-22,2024-06-05,204.0,222.17025756835938
XGBoost,14,2024-05-23,2024-06-06,164.0,205.36270141601562
XGBoost,14,2024-05-24,2024-06-07,201.0,227.65377807617188
XGBoost,14,2024-05-25,2024-06-08,198.0,181.51698303222656
XGBoost,14,2024-05-26,2024-06-09,126.0,140.8580780029297
XGBoost,14,2024-05-27,2024-06-10,163.0,202.8890838623047
XGBoost,14,2024-05-28,2024-06-11,221.0,207.7279815673828
XGBoost,14,2024-05-29,2024-06-12,207.0,229.21487426757812
XGBoost,14,2024-05-30,2024-06-13,203.0,194.5724639892578
XGBoost,14,2024-05-31,2024-06-14,150.0,228.54685974121094
XGBoost,14,2024-06-01,2024-06-15,146.0,204.2962646484375
XGBoost,14,2024-06-02,2024-06-16,176.0,168.93515014648438
XGBoost,14,2024-06-03,2024-06-17,209.0,220.84698486328125
XGBoost,14,2024-06-04,2024-06-18,175.0,228.76712036132812
XGBoost,14,2024-06-05,2024-06-19,171.0,220.88421630859375
XGBoost,14,2024-06-06,2024-06-20,179.0,195.5106658935547
XGBoost,14,2024-06-07,2024-06-21,186.0,212.53587341308594
XGBoost,14,2024-06-08,2024-06-22,176.0,217.11138916015625
XGBoost,14,2024-06-09,2024-06-23,153.0,147.6326904296875
XGBoost,14,2024-06-10,2024-06-24,213.0,195.90814208984375
XGBoost,14,2024-06-11,2024-06-25,217.0,211.95126342773438
XGBoost,14,2024-06-12,2024-06-26,245.0,222.49386596679688
XGBoost,14,2024-06-13,2024-06-27,203.0,209.02940368652344
XGBoost,14,2024-06-14,2024-06-28,228.0,197.8692169189453
XGBoost,14,2024-06-15,2024-06-29,178.0,178.4795379638672
XGBoost,14,2024-06-16,2024-06-30,133.0,140.57391357421875
XGBoost,14,2024-06-17,2024-07-01,219.0,187.71409606933594
XGBoost,14,2024-06-18,2024-07-02,159.0,208.89065551757812
XGBoost,14,2024-06-19,2024-07-03,183.0,200.34251403808594
XGBoost,14,2024-06-20,2024-07-04,190.0,196.9339599609375
XGBoost,14,2024-06-21,2024-07-05,189.0,172.5927276611328
XGBoost,14,2024-06-22,2024-07-06,147.0,163.0491180419922
XGBoost,14,2024-06-23,2024-07-07,158.0,156.31378173828125
XGBoost,14,2024-06-24,2024-07-08,190.0,220.74591064453125
XGBoost,14,2024-06-25,2024-07-09,207.0,203.28515625
XGBoost,14,2024-06-26,2024-07-10,256.0,214.10511779785156
XGBoost,14,2024-06-27,2024-07-11,174.0,228.8699493408203
XGBoost,14,2024-06-28,2024-07-12,177.0,225.80299377441406
XGBoost,14,2024-06-29,2024-07-13,167.0,200.3751678466797
XGBoost,14,2024-06-30,2024-07-14,134.0,163.21495056152344
XGBoost,14,2024-07-01,2024-07-15,179.0,231.1481170654297
XGBoost,14,2024-07-02,2024-07-16,188.0,201.85438537597656
XGBoost,14,2024-07-03,2024-07-17,187.0,214.6265106201172
XGBoost,14,2024-07-04,2024-07-18,226.0,214.88296508789062
XGBoost,14,2024-07-05,2024-07-19,173.0,207.49822998046875
XGBoost,14,2024-07-06,2024-07-20,187.0,176.1060333251953
XGBoost,14,2024-07-07,2024-07-21,156.0,149.67079162597656
XGBoost,14,2024-07-08,2024-07-22,198.0,206.94802856445312
XGBoost,14,2024-07-09,2024-07-23,230.0,187.03207397460938
XGBoost,14,2024-07-10,2024-07-24,252.0,218.61355590820312
XGBoost,14,2024-07-11,2024-07-25,206.0,231.40721130371094
XGBoost,14,2024-07-12,2024-07-26,173.0,213.8569793701172
XGBoost,14,2024-07-13,2024-07-27,185.0,160.7616729736328
XGBoost,14,2024-07-14,2024-07-28,156.0,153.72666931152344
XGBoost,14,2024-07-15,2024-07-29,200.0,199.36756896972656
XGBoost,14,2024-07-16,2024-07-30,244.0,206.0130157470703
XGBoost,14,2024-07-17,2024-07-31,184.0,209.4053955078125
XGBoost,14,2024-07-18,2024-08-01,265.0,205.6692352294922
XGBoost,14,2024-07-19,2024-08-02,197.0,204.8131561279297
XGBoost,14,2024-07-20,2024-08-03,195.0,195.2782745361328
XGBoost,14,2024-07-21,2024-08-04,169.0,146.3876495361328
XGBoost,14,2024-07-22,2024-08-05,215.0,203.84579467773438
XGBoost,14,2024-07-23,2024-08-06,165.0,219.23043823242188
XGBoost,14,2024-07-24,2024-08-07,205.0,231.4531707763672
XGBoost,14,2024-07-25,2024-08-08,245.0,243.09678649902344
XGBoost,14,2024-07-26,2024-08-09,313.0,205.73927307128906
XGBoost,14,2024-07-27,2024-08-10,194.0,215.75921630859375
XGBoost,14,2024-07-28,2024-08-11,191.0,168.3210906982422
XGBoost,14,2024-07-29,2024-08-12,259.0,224.59454345703125
XGBoost,14,2024-07-30,2024-08-13,260.0,234.1314697265625
XGBoost,14,2024-07-31,2024-08-14,221.0,228.59461975097656
XGBoost,14,2024-08-01,2024-08-15,249.0,233.41636657714844
XGBoost,14,2024-08-02,2024-08-16,455.0,219.64141845703125
XGBoost,14,2024-08-03,2024-08-17,185.0,227.59976196289062
XGBoost,14,2024-08-04,2024-08-18,172.0,176.45925903320312
XGBoost,14,2024-08-05,2024-08-19,199.0,227.7716522216797
XGBoost,14,2024-08-06,2024-08-20,274.0,210.10897827148438
XGBoost,14,2024-08-07,2024-08-21,238.0,229.17868041992188
XGBoost,14,2024-08-08,2024-08-22,197.0,233.33396911621094
XGBoost,14,2024-08-09,2024-08-23,214.0,249.01113891601562
XGBoost,14,2024-08-10,2024-08-24,264.0,260.5219421386719
XGBoost,14,2024-08-11,2024-08-25,183.0,220.07247924804688
XGBoost,14,2024-08-12,2024-08-26,247.0,291.86181640625
XGBoost,14,2024-08-13,2024-08-27,220.0,318.9778137207031
XGBoost,14,2024-08-14,2024-08-28,225.0,301.13311767578125
XGBoost,14,2024-08-15,2024-08-29,228.0,317.2460632324219
XGBoost,14,2024-08-16,2024-08-30,191.0,318.86077880859375
XGBoost,14,2024-08-17,2024-08-31,178.0,268.9336242675781
XGBoost,14,2024-08-18,2024-09-01,229.0,295.83367919921875
XGBoost,14,2024-08-19,2024-09-02,215.0,370.998046875
XGBoost,14,2024-08-20,2024-09-03,279.0,320.0365905761719
XGBoost,14,2024-08-21,2024-09-04,268.0,330.47802734375
XGBoost,14,2024-08-22,2024-09-05,217.0,353.46026611328125
XGBoost,14,2024-08-23,2024-09-06,224.0,346.0161437988281
XGBoost,14,2024-08-24,2024-09-07,252.0,326.2136535644531
XGBoost,14,2024-08-25,2024-09-08,274.0,268.1712646484375
XGBoost,14,2024-08-26,2024-09-09,225.0,335.0856018066406
XGBoost,14,2024-08-27,2024-09-10,237.0,359.08233642578125
XGBoost,14,2024-08-28,2024-09-11,251.0,355.8316650390625
XGBoost,14,2024-08-29,2024-09-12,233.0,385.49176025390625
XGBoost,14,2024-08-30,2024-09-13,211.0,379.883056640625
XGBoost,14,2024-08-31,2024-09-14,180.0,377.1192626953125
XGBoost,14,2024-09-01,2024-09-15,162.0,364.8234558105469
XGBoost,14,2024-09-02,2024-09-16,265.0,385.23968505859375
XGBoost,14,2024-09-03,2024-09-17,241.0,350.2462463378906
XGBoost,14,2024-09-04,2024-09-18,314.0,394.156005859375
XGBoost,14,2024-09-05,2024-09-19,207.0,412.96478271484375
XGBoost,14,2024-09-06,2024-09-20,245.0,399.249755859375
XGBoost,14,2024-09-07,2024-09-21,185.0,347.5376281738281
XGBoost,14,2024-09-08,2024-09-22,144.0,373.18829345703125
XGBoost,14,2024-09-09,2024-09-23,210.0,364.8544616699219
XGBoost,14,2024-09-10,2024-09-24,189.0,406.01470947265625
XGBoost,14,2024-09-11,2024-09-25,269.0,406.1894226074219
XGBoost,14,2024-09-12,2024-09-26,221.0,362.2572937011719
XGBoost,14,2024-09-13,2024-09-27,230.0,383.9365539550781
XGBoost,14,2024-09-14,2024-09-28,356.0,361.5402526855469
XGBoost,14,2024-09-15,2024-09-29,225.0,396.7926330566406
XGBoost,14,2024-09-16,2024-09-30,273.0,353.699951171875
XGBoost,14,2024-09-17,2024-10-01,252.0,342.02044677734375
XGBoost,14,2024-09-18,2024-10-02,219.0,405.6253356933594
XGBoost,14,2024-09-19,2024-10-03,238.0,401.943359375
XGBoost,14,2024-09-20,2024-10-04,278.0,377.55755615234375
XGBoost,14,2024-09-21,2024-10-05,289.0,374.6302490234375
XGBoost,14,2024-09-22,2024-10-06,203.0,348.76837158203125
XGBoost,14,2024-09-23,2024-10-07,514.0,365.459228515625
XGBoost,14,2024-09-24,2024-10-08,636.0,345.62188720703125
XGBoost,14,2024-09-25,2024-10-09,529.0,422.8565673828125
XGBoost,14,2024-09-26,2024-10-10,1059.0,409.1841735839844
XGBoost,14,2024-09-27,2024-10-11,1127.0,373.6332092285156
XGBoost,14,2024-09-28,2024-10-12,682.0,401.06787109375
XGBoost,14,2024-09-29,2024-10-13,367.0,365.0793151855469
XGBoost,14,2024-09-30,2024-10-14,521.0,352.1717529296875
XGBoost,14,2024-10-01,2024-10-15,389.0,349.68133544921875
XGBoost,14,2024-10-02,2024-10-16,471.0,361.6435852050781
XGBoost,14,2024-10-03,2024-10-17,506.0,336.4068603515625
XGBoost,14,2024-10-04,2024-10-18,533.0,359.1062316894531
XGBoost,14,2024-10-05,2024-10-19,470.0,397.3744201660156
XGBoost,14,2024-10-06,2024-10-20,353.0,367.8608093261719
XGBoost,14,2024-10-07,2024-10-21,391.0,434.6689758300781
XGBoost,14,2024-10-08,2024-10-22,482.0,413.7048034667969
XGBoost,14,2024-10-09,2024-10-23,489.0,384.4281005859375
XGBoost,14,2024-10-10,2024-10-24,491.0,388.4622497558594
XGBoost,14,2024-10-11,2024-10-25,521.0,397.28582763671875
XGBoost,14,2024-10-12,2024-10-26,264.0,356.2427062988281
XGBoost,14,2024-10-13,2024-10-27,433.0,288.4352111816406
XGBoost,14,2024-10-14,2024-10-28,327.0,360.6217346191406
XGBoost,14,2024-10-15,2024-10-29,362.0,355.08990478515625
XGBoost,14,2024-10-16,2024-10-30,316.0,363.8710021972656
XGBoost,14,2024-10-17,2024-10-31,265.0,349.4056396484375
XGBoost,14,2024-10-18,2024-11-01,228.0,346.327392578125
XGBoost,14,2024-10-19,2024-11-02,272.0,303.39617919921875
XGBoost,14,2024-10-20,2024-11-03,210.0,271.8624572753906
XGBoost,14,2024-10-21,2024-11-04,344.0,353.41265869140625
XGBoost,14,2024-10-22,2024-11-05,469.0,329.402587890625
XGBoost,14,2024-10-23,2024-11-06,338.0,355.4822082519531
XGBoost,14,2024-10-24,2024-11-07,358.0,355.2425842285156
XGBoost,14,2024-10-25,2024-11-08,515.0,337.1859130859375
XGBoost,14,2024-10-26,2024-11-09,335.0,311.0634765625
XGBoost,14,2024-10-27,2024-11-10,257.0,298.3453063964844
XGBoost,14,2024-10-28,2024-11-11,378.0,332.2665100097656
XGBoost,14,2024-10-29,2024-11-12,306.0,326.26593017578125
XGBoost,14,2024-10-30,2024-11-13,310.0,322.6446838378906
XGBoost,14,2024-10-31,2024-11-14,308.0,303.26776123046875
XGBoost,14,2024-11-01,2024-11-15,351.0,324.5965576171875
XGBoost,14,2024-11-02,2024-11-16,343.0,304.7550354003906
XGBoost,14,2024-11-03,2024-11-17,288.0,275.569580078125
XGBoost,14,2024-11-04,2024-11-18,432.0,369.3192443847656
XGBoost,14,2024-11-05,2024-11-19,465.0,385.9957580566406
XGBoost,14,2024-11-06,2024-11-20,335.0,380.59014892578125
XGBoost,14,2024-11-07,2024-11-21,638.0,356.6019592285156
XGBoost,14,2024-11-08,2024-11-22,533.0,324.11199951171875
XGBoost,14,2024-11-09,2024-11-23,427.0,371.3537292480469
XGBoost,14,2024-11-10,2024-11-24,305.0,288.5315856933594
XGBoost,14,2024-11-11,2024-11-25,342.0,320.5727844238281
XGBoost,14,2024-11-12,2024-11-26,441.0,324.0067443847656
XGBoost,14,2024-11-13,2024-11-27,281.0,302.504150390625
XGBoost,14,2024-11-14,2024-11-28,325.0,323.534423828125
XGBoost,14,2024-11-15,2024-11-29,282.0,396.5633850097656
XGBoost,14,2024-11-16,2024-11-30,232.0,342.0237121582031
XGBoost,14,2024-11-17,2024-12-01,272.0,297.053466796875
XGBoost,14,2024-11-18,2024-12-02,326.0,346.8288879394531
XGBoost,14,2024-11-19,2024-12-03,346.0,382.4186096191406
XGBoost,14,2024-11-20,2024-12-04,295.0,338.47509765625
XGBoost,14,2024-11-21,2024-12-05,312.0,355.0096435546875
XGBoost,14,2024-11-22,2024-12-06,468.0,363.1465148925781
XGBoost,14,2024-11-23,2024-12-07,249.0,373.1020202636719
XGBoost,14,2024-11-24,2024-12-08,302.0,317.10467529296875
XGBoost,14,2024-11-25,2024-12-09,370.0,383.6986999511719
XGBoost,14,2024-11-26,2024-12-10,459.0,372.7158203125
XGBoost,14,2024-11-27,2024-12-11,404.0,328.6789245605469
XGBoost,14,2024-11-28,2024-12-12,328.0,355.8918762207031
XGBoost,14,2024-11-29,2024-12-13,399.0,317.2844543457031
XGBoost,14,2024-11-30,2024-12-14,481.0,299.89495849609375
XGBoost,14,2024-12-01,2024-12-15,369.0,290.5532531738281
XGBoost,14,2024-12-02,2024-12-16,439.0,349.4543151855469
XGBoost,14,2024-12-03,2024-12-17,401.0,344.87420654296875
XGBoost,14,2024-12-04,2024-12-18,321.0,309.0103759765625
XGBoost,14,2024-12-05,2024-12-19,581.0,316.92437744140625
XGBoost,14,2024-12-06,2024-12-20,376.0,323.5979919433594
XGBoost,14,2024-12-07,2024-12-21,420.0,281.1601257324219
XGBoost,14,2024-12-08,2024-12-22,299.0,256.1189880371094
XGBoost,14,2024-12-09,2024-12-23,359.0,311.0480651855469
XGBoost,14,2024-12-10,2024-12-24,615.0,323.63629150390625
XGBoost,14,2024-12-11,2024-12-25,380.0,343.1960144042969
XGBoost,14,2024-12-12,2024-12-26,440.0,334.626953125
XGBoost,14,2024-12-13,2024-12-27,419.0,515.9922485351562
XGBoost,14,2024-12-14,2024-12-28,255.0,335.70867919921875
XGBoost,14,2024-12-15,2024-12-29,267.0,265.2070617675781
XGBoost,14,2024-12-16,2024-12-30,520.0,318.0303955078125
XGBoost,14,2024-12-17,2024-12-31,443.0,311.6633605957031
XGBoost,14,2024-12-18,2025-01-01,255.0,345.0267028808594
XGBoost,14,2024-12-19,2025-01-02,311.0,327.9366455078125
XGBoost,14,2024-12-20,2025-01-03,309.0,341.6514587402344
XGBoost,14,2024-12-21,2025-01-04,279.0,314.6268310546875
XGBoost,14,2024-12-22,2025-01-05,343.0,260.0218200683594
XGBoost,14,2024-12-23,2025-01-06,453.0,377.2154846191406
XGBoost,14,2024-12-24,2025-01-07,356.0,333.4510192871094
XGBoost,14,2024-12-25,2025-01-08,374.0,380.6319885253906
XGBoost,14,2024-12-26,2025-01-09,409.0,363.7901306152344
XGBoost,14,2024-12-27,2025-01-10,348.0,351.58966064453125
XGBoost,14,2024-12-28,2025-01-11,289.0,315.21160888671875
XGBoost,14,2024-12-29,2025-01-12,252.0,268.89227294921875
XGBoost,14,2024-12-30,2025-01-13,346.0,329.092041015625
XGBoost,14,2024-12-31,2025-01-14,419.0,340.9676818847656
XGBoost,14,2025-01-01,2025-01-15,374.0,292.4618225097656
XGBoost,14,2025-01-02,2025-01-16,316.0,299.5
XGBoost,14,2025-01-03,2025-01-17,338.0,296.471435546875
XGBoost,14,2025-01-04,2025-01-18,305.0,278.8428039550781
XGBoost,14,2025-01-05,2025-01-19,313.0,268.03173828125
XGBoost,14,2025-01-06,2025-01-20,358.0,341.5453796386719
XGBoost,14,2025-01-07,2025-01-21,398.0,347.7226257324219
XGBoost,14,2025-01-08,2025-01-22,734.0,333.3865051269531
XGBoost,14,2025-01-09,2025-01-23,1017.0,332.3273620605469
XGBoost,14,2025-01-10,2025-01-24,550.0,335.4482116699219
XGBoost,14,2025-01-11,2025-01-25,340.0,303.4802551269531
XGBoost,14,2025-01-12,2025-01-26,247.0,268.285888671875
XGBoost,14,2025-01-13,2025-01-27,357.0,332.5854187011719
XGBoost,14,2025-01-14,2025-01-28,334.0,320.724609375
XGBoost,14,2025-01-15,2025-01-29,483.0,291.2353515625
XGBoost,14,2025-01-16,2025-01-30,366.0,328.84356689453125
XGBoost,14,2025-01-17,2025-01-31,474.0,329.19915771484375
XGBoost,14,2025-01-18,2025-02-01,290.0,308.9964904785156
XGBoost,14,2025-01-19,2025-02-02,333.0,273.32086181640625
XGBoost,14,2025-01-20,2025-02-03,289.0,371.0148620605469
XGBoost,14,2025-01-21,2025-02-04,346.0,350.3148498535156
XGBoost,14,2025-01-22,2025-02-05,269.0,386.58392333984375
XGBoost,14,2025-01-23,2025-02-06,228.0,332.1935729980469
XGBoost,14,2025-01-24,2025-02-07,199.0,307.5787658691406
XGBoost,14,2025-01-25,2025-02-08,289.0,272.4031066894531
XGBoost,14,2025-01-26,2025-02-09,219.0,259.8038330078125
XGBoost,14,2025-01-27,2025-02-10,275.0,344.2814025878906
XGBoost,14,2025-01-28,2025-02-11,384.0,319.9626159667969
XGBoost,14,2025-01-29,2025-02-12,319.0,346.5469665527344
XGBoost,14,2025-01-30,2025-02-13,310.0,346.4877624511719
XGBoost,14,2025-01-31,2025-02-14,297.0,327.1944885253906
XGBoost,14,2025-02-01,2025-02-15,325.0,296.8401794433594
XGBoost,14,2025-02-02,2025-02-16,281.0,230.1571502685547
XGBoost,14,2025-02-03,2025-02-17,350.0,262.5080261230469
XGBoost,14,2025-02-04,2025-02-18,285.0,295.2243957519531
XGBoost,14,2025-02-05,2025-02-19,273.0,295.13519287109375
XGBoost,14,2025-02-06,2025-02-20,251.0,274.43218994140625
XGBoost,14,2025-02-07,2025-02-21,237.0,276.3880310058594
XGBoost,14,2025-02-08,2025-02-22,220.0,270.5066223144531
XGBoost,14,2025-02-09,2025-02-23,156.0,258.89239501953125
XGBoost,14,2025-02-10,2025-02-24,374.0,282.7129211425781
XGBoost,14,2025-02-11,2025-02-25,378.0,309.5721130371094
XGBoost,14,2025-02-12,2025-02-26,305.0,301.42449951171875
XGBoost,14,2025-02-13,2025-02-27,302.0,275.6405944824219
XGBoost,14,2025-02-14,2025-02-28,227.0,273.47576904296875
XGBoost,14,2025-02-15,2025-03-01,287.0,281.4233703613281
XGBoost,14,2025-02-16,2025-03-02,189.0,212.4737548828125
XGBoost,14,2025-02-17,2025-03-03,206.0,288.461181640625
XGBoost,14,2025-02-18,2025-03-04,273.0,284.74334716796875
XGBoost,14,2025-02-19,2025-03-05,321.0,282.0040283203125
XGBoost,14,2025-02-20,2025-03-06,270.0,293.96807861328125
XGBoost,14,2025-02-21,2025-03-07,323.0,266.79168701171875
XGBoost,14,2025-02-22,2025-03-08,182.0,294.6397705078125
XGBoost,14,2025-02-23,2025-03-09,156.0,257.28448486328125
XGBoost,14,2025-02-24,2025-03-10,257.0,309.6210021972656
XGBoost,14,2025-02-25,2025-03-11,341.0,299.6996154785156
XGBoost,14,2025-02-26,2025-03-12,380.0,294.2668151855469
XGBoost,14,2025-02-27,2025-03-13,405.0,310.68701171875
XGBoost,14,2025-02-28,2025-03-14,1022.0,304.8550109863281
XGBoost,14,2025-03-01,2025-03-15,418.0,246.52220153808594
XGBoost,14,2025-03-02,2025-03-16,192.0,206.19866943359375
XGBoost,14,2025-03-03,2025-03-17,272.0,269.3316955566406
XGBoost,14,2025-03-04,2025-03-18,319.0,245.555419921875
XGBoost,14,2025-03-05,2025-03-19,388.0,269.8974914550781
XGBoost,14,2025-03-06,2025-03-20,440.0,292.6782531738281
XGBoost,14,2025-03-07,2025-03-21,365.0,271.7305603027344
XGBoost,14,2025-03-08,2025-03-22,347.0,247.817626953125
XGBoost,14,2025-03-09,2025-03-23,294.0,193.04708862304688
XGBoost,14,2025-03-10,2025-03-24,328.0,258.135498046875
XGBoost,14,2025-03-11,2025-03-25,323.0,301.4593811035156
XGBoost,14,2025-03-12,2025-03-26,351.0,314.3186950683594
XGBoost,14,2025-03-13,2025-03-27,320.0,271.69976806640625
XGBoost,14,2025-03-14,2025-03-28,297.0,347.9942626953125
XGBoost,14,2025-03-15,2025-03-29,261.0,308.470947265625
XGBoost,14,2025-03-16,2025-03-30,214.0,226.4064178466797
XGBoost,14,2025-03-17,2025-03-31,252.0,305.1748046875
XGBoost,14,2025-03-18,2025-04-01,206.0,319.31005859375
XGBoost,14,2025-03-19,2025-04-02,230.0,311.4408874511719
XGBoost,14,2025-03-20,2025-04-03,266.0,280.7715148925781
XGBoost,14,2025-03-21,2025-04-04,239.0,283.850341796875
XGBoost,14,2025-03-22,2025-04-05,288.0,267.75518798828125
XGBoost,14,2025-03-23,2025-04-06,174.0,218.0366973876953
XGBoost,14,2025-03-24,2025-04-07,276.0,278.6790466308594
XGBoost,14,2025-03-25,2025-04-08,246.0,312.1211853027344
XGBoost,14,2025-03-26,2025-04-09,349.0,293.9013977050781
XGBoost,14,2025-03-27,2025-04-10,346.0,299.8518371582031
XGBoost,14,2025-03-28,2025-04-11,339.0,286.1466979980469
XGBoost,14,2025-03-29,2025-04-12,246.0,269.5663146972656
XGBoost,14,2025-03-30,2025-04-13,241.0,241.12905883789062
XGBoost,14,2025-03-31,2025-04-14,374.0,274.39495849609375
XGBoost,14,2025-04-01,2025-04-15,314.0,251.09080505371094
XGBoost,14,2025-04-02,2025-04-16,237.0,244.2210235595703
XGBoost,14,2025-04-03,2025-04-17,375.0,259.9565124511719
XGBoost,14,2025-04-04,2025-04-18,370.0,250.10946655273438
XGBoost,14,2025-04-05,2025-04-19,288.0,234.55972290039062
XGBoost,14,2025-04-06,2025-04-20,145.0,196.0330352783203
XGBoost,14,2025-04-07,2025-04-21,242.0,239.29315185546875
XGBoost,14,2025-04-08,2025-04-22,321.0,240.5958709716797
XGBoost,14,2025-04-09,2025-04-23,241.0,239.60861206054688
XGBoost,14,2025-04-10,2025-04-24,271.0,260.00518798828125
XGBoost,14,2025-04-11,2025-04-25,322.0,246.63026428222656
XGBoost,14,2025-04-12,2025-04-26,330.0,236.373291015625
XGBoost,14,2025-04-13,2025-04-27,297.0,204.5685577392578
XGBoost,14,2025-04-14,2025-04-28,376.0,248.10902404785156
XGBoost,14,2025-04-15,2025-04-29,355.0,219.98915100097656
XGBoost,14,2025-04-16,2025-04-30,310.0,219.18284606933594
XGBoost,14,2025-04-17,2025-05-01,224.0,253.11447143554688
XGBoost,14,2025-04-18,2025-05-02,269.0,243.94766235351562
XGBoost,14,2025-04-19,2025-05-03,244.0,210.1169891357422
XGBoost,14,2025-04-20,2025-05-04,182.0,202.99557495117188
XGBoost,14,2025-04-21,2025-05-05,189.0,243.52232360839844
XGBoost,14,2025-04-22,2025-05-06,195.0,242.98780822753906
XGBoost,14,2025-04-23,2025-05-07,192.0,222.7516632080078
XGBoost,14,2025-04-24,2025-05-08,271.0,254.7440185546875
XGBoost,14,2025-04-25,2025-05-09,234.0,279.0696105957031
XGBoost,14,2025-04-26,2025-05-10,192.0,243.18341064453125
XGBoost,14,2025-04-27,2025-05-11,126.0,160.65359497070312
XGBoost,14,2025-04-28,2025-05-12,243.0,286.6624755859375
XGBoost,14,2025-04-29,2025-05-13,237.0,292.8676452636719
XGBoost,14,2025-04-30,2025-05-14,223.0,248.5938720703125
XGBoost,14,2025-05-01,2025-05-15,258.0,247.2038116455078
XGBoost,14,2025-05-02,2025-05-16,220.0,256.8811340332031
XGBoost,14,2025-05-03,2025-05-17,237.0,239.2731475830078
XGBoost,14,2025-05-04,2025-05-18,233.0,200.33413696289062
XGBoost,14,2025-05-05,2025-05-19,358.0,224.62661743164062
XGBoost,14,2025-05-06,2025-05-20,241.0,234.64561462402344
XGBoost,14,2025-05-07,2025-05-21,255.0,218.91867065429688
XGBoost,14,2025-05-08,2025-05-22,257.0,223.51255798339844
XGBoost,14,2025-05-09,2025-05-23,222.0,236.357421875
XGBoost,14,2025-05-10,2025-05-24,232.0,227.15054321289062
XGBoost,14,2025-05-11,2025-05-25,194.0,165.1217041015625
XGBoost,14,2025-05-12,2025-05-26,242.0,220.73533630371094
XGBoost,14,2025-05-13,2025-05-27,219.0,232.08370971679688
XGBoost,14,2025-05-14,2025-05-28,286.0,216.29791259765625
XGBoost,14,2025-05-15,2025-05-29,193.0,239.44029235839844
XGBoost,14,2025-05-16,2025-05-30,268.0,233.32281494140625
XGBoost,14,2025-05-17,2025-05-31,206.0,216.33335876464844
Bi-LSTM,1,2024-05-31,2024-06-01,220.0,212.21195115149024
Bi-LSTM,1,2024-06-01,2024-06-02,153.0,199.7813653275371
Bi-LSTM,1,2024-06-02,2024-06-03,229.0,205.0326712355018
Bi-LSTM,1,2024-06-03,2024-06-04,194.0,213.05449356883767
Bi-LSTM,1,2024-06-04,2024-06-05,204.0,209.93293216824534
Bi-LSTM,1,2024-06-05,2024-06-06,164.0,214.04217324405911
Bi-LSTM,1,2024-06-06,2024-06-07,201.00000000000003,203.63986868411305
Bi-LSTM,1,2024-06-07,2024-06-08,198.0,197.71209721267226
Bi-LSTM,1,2024-06-08,2024-06-09,126.00000000000001,195.479013517499
Bi-LSTM,1,2024-06-09,2024-06-10,163.0,201.68085540086034
Bi-LSTM,1,2024-06-10,2024-06-11,221.0,212.6795379072428
Bi-LSTM,1,2024-06-11,2024-06-12,207.0,216.19226921349767
Bi-LSTM,1,2024-06-12,2024-06-13,203.0,214.0159911438823
Bi-LSTM,1,2024-06-13,2024-06-14,150.0,214.57566142082217
Bi-LSTM,1,2024-06-14,2024-06-15,146.0,199.62886625528338
Bi-LSTM,1,2024-06-15,2024-06-16,176.0,197.03234621137383
Bi-LSTM,1,2024-06-16,2024-06-17,208.99999999999997,204.50956666469577
Bi-LSTM,1,2024-06-17,2024-06-18,175.00000000000003,212.61264274269345
Bi-LSTM,1,2024-06-18,2024-06-19,171.0,211.40330755710605
Bi-LSTM,1,2024-06-19,2024-06-20,179.0,217.41792004555467
Bi-LSTM,1,2024-06-20,2024-06-21,186.0,206.6121251881123
Bi-LSTM,1,2024-06-21,2024-06-22,176.0,199.90706374496224
Bi-LSTM,1,2024-06-22,2024-06-23,153.0,201.74570223689082
Bi-LSTM,1,2024-06-23,2024-06-24,213.0,207.4211439713836
Bi-LSTM,1,2024-06-24,2024-06-25,216.99999999999997,211.26032003015283
Bi-LSTM,1,2024-06-25,2024-06-26,245.00000000000006,212.64964447915557
Bi-LSTM,1,2024-06-26,2024-06-27,203.0,224.53299196064475
Bi-LSTM,1,2024-06-27,2024-06-28,228.0,228.58377455174926
Bi-LSTM,1,2024-06-28,2024-06-29,178.0,224.29107625037435
Bi-LSTM,1,2024-06-29,2024-06-30,133.0,216.24720903486016
Bi-LSTM,1,2024-06-30,2024-07-01,219.0,222.82909698039296
Bi-LSTM,1,2024-07-01,2024-07-02,159.0,218.16697958856824
Bi-LSTM,1,2024-07-02,2024-07-03,182.99999999999997,213.40889496356252
Bi-LSTM,1,2024-07-03,2024-07-04,190.0,217.13366883248094
Bi-LSTM,1,2024-07-04,2024-07-05,189.0,217.70680534839633
Bi-LSTM,1,2024-07-05,2024-07-06,147.0,202.29074014723304
Bi-LSTM,1,2024-07-06,2024-07-07,158.0,200.38179937005046
Bi-LSTM,1,2024-07-07,2024-07-08,190.0,205.80912970751527
Bi-LSTM,1,2024-07-08,2024-07-09,207.0,213.67550215870145
Bi-LSTM,1,2024-07-09,2024-07-10,256.0,214.84557433426383
Bi-LSTM,1,2024-07-10,2024-07-11,173.99999999999997,249.79555487632754
Bi-LSTM,1,2024-07-11,2024-07-12,177.0,219.9068825617433
Bi-LSTM,1,2024-07-12,2024-07-13,167.0,206.37929513305428
Bi-LSTM,1,2024-07-13,2024-07-14,134.0,200.5440127924085
Bi-LSTM,1,2024-07-14,2024-07-15,179.0,206.9442484751344
Bi-LSTM,1,2024-07-15,2024-07-16,188.0,211.83062741905454
Bi-LSTM,1,2024-07-16,2024-07-17,187.0,214.16069237142804
Bi-LSTM,1,2024-07-17,2024-07-18,225.99999999999997,222.99803338199857
Bi-LSTM,1,2024-07-18,2024-07-19,173.0,215.6253689453006
Bi-LSTM,1,2024-07-19,2024-07-20,187.0,203.31913288682702
Bi-LSTM,1,2024-07-20,2024-07-21,156.0,201.2593357563019
Bi-LSTM,1,2024-07-21,2024-07-22,198.0,202.78590835630897
Bi-LSTM,1,2024-07-22,2024-07-23,230.0,211.18983522057536
Bi-LSTM,1,2024-07-23,2024-07-24,252.00000000000003,214.9705730751157
Bi-LSTM,1,2024-07-24,2024-07-25,206.0,230.75363384932282
Bi-LSTM,1,2024-07-25,2024-07-26,173.0,216.83094210177663
Bi-LSTM,1,2024-07-26,2024-07-27,185.0,201.41015154868367
Bi-LSTM,1,2024-07-27,2024-07-28,156.0,202.29645924270156
Bi-LSTM,1,2024-07-28,2024-07-29,199.99999999999997,214.43840312957767
Bi-LSTM,1,2024-07-29,2024-07-30,244.00000000000006,214.91972991079095
Bi-LSTM,1,2024-07-30,2024-07-31,184.00000000000003,218.76590273529294
Bi-LSTM,1,2024-07-31,2024-08-01,265.00000000000006,206.75625856220725
Bi-LSTM,1,2024-08-01,2024-08-02,197.0,224.98979964107278
Bi-LSTM,1,2024-08-02,2024-08-03,195.0,201.27215301990512
Bi-LSTM,1,2024-08-03,2024-08-04,169.0,195.77735966444018
Bi-LSTM,1,2024-08-04,2024-08-05,215.0,199.3731699585915
Bi-LSTM,1,2024-08-05,2024-08-06,165.0,207.14132404327395
Bi-LSTM,1,2024-08-06,2024-08-07,205.0,209.36181356012824
Bi-LSTM,1,2024-08-07,2024-08-08,245.00000000000006,217.48762405663732
Bi-LSTM,1,2024-08-08,2024-08-09,313.00000000000006,239.0693913251162
Bi-LSTM,1,2024-08-09,2024-08-10,194.0,237.9384908974171
Bi-LSTM,1,2024-08-10,2024-08-11,190.99999999999997,217.94720002263787
Bi-LSTM,1,2024-08-11,2024-08-12,259.0,363.0314143002034
Bi-LSTM,1,2024-08-12,2024-08-13,260.0,348.19176091253763
Bi-LSTM,1,2024-08-13,2024-08-14,221.0,274.41792386770254
Bi-LSTM,1,2024-08-14,2024-08-15,249.00000000000003,257.52426342666155
Bi-LSTM,1,2024-08-15,2024-08-16,455.0,241.681050747633
Bi-LSTM,1,2024-08-16,2024-08-17,185.0,280.7572369873524
Bi-LSTM,1,2024-08-17,2024-08-18,172.0,213.4686615392566
Bi-LSTM,1,2024-08-18,2024-08-19,199.0,253.0562099516392
Bi-LSTM,1,2024-08-19,2024-08-20,274.0,217.22613768279555
Bi-LSTM,1,2024-08-20,2024-08-21,238.0,235.0320749729872
Bi-LSTM,1,2024-08-21,2024-08-22,197.0,241.3249863535166
Bi-LSTM,1,2024-08-22,2024-08-23,214.0,249.96063798666003
Bi-LSTM,1,2024-08-23,2024-08-24,264.00000000000006,238.77650062739852
Bi-LSTM,1,2024-08-24,2024-08-25,182.99999999999997,215.38883770257237
Bi-LSTM,1,2024-08-25,2024-08-26,247.00000000000003,212.2082803845406
Bi-LSTM,1,2024-08-26,2024-08-27,220.0,230.71712898463014
Bi-LSTM,1,2024-08-27,2024-08-28,225.0,338.153267890215
Bi-LSTM,1,2024-08-28,2024-08-29,228.0,285.80417649447924
Bi-LSTM,1,2024-08-29,2024-08-30,190.99999999999997,264.62127557396894
Bi-LSTM,1,2024-08-30,2024-08-31,178.0,238.77307322621348
Bi-LSTM,1,2024-08-31,2024-09-01,229.0,226.26384983956817
Bi-LSTM,1,2024-09-01,2024-09-02,215.0,247.03511784970763
Bi-LSTM,1,2024-09-02,2024-09-03,279.00000000000006,227.33939469605687
Bi-LSTM,1,2024-09-03,2024-09-04,268.0,270.48138122260576
Bi-LSTM,1,2024-09-04,2024-09-05,216.99999999999997,298.97967450320726
Bi-LSTM,1,2024-09-05,2024-09-06,224.0,342.7054853588343
Bi-LSTM,1,2024-09-06,2024-09-07,252.00000000000003,285.98743091523653
Bi-LSTM,1,2024-09-07,2024-09-08,274.0,278.44449156522757
Bi-LSTM,1,2024-09-08,2024-09-09,225.0,267.97903358936315
Bi-LSTM,1,2024-09-09,2024-09-10,237.0,240.8327182531357
Bi-LSTM,1,2024-09-10,2024-09-11,251.00000000000003,271.13938140869146
Bi-LSTM,1,2024-09-11,2024-09-12,233.0,268.06538787484175
Bi-LSTM,1,2024-09-12,2024-09-13,211.0,266.77047920227056
Bi-LSTM,1,2024-09-13,2024-09-14,180.0,240.3520911484957
Bi-LSTM,1,2024-09-14,2024-09-15,162.0,222.03072544932368
Bi-LSTM,1,2024-09-15,2024-09-16,265.00000000000006,224.22387687861922
Bi-LSTM,1,2024-09-16,2024-09-17,241.0,270.57858556509024
Bi-LSTM,1,2024-09-17,2024-09-18,314.00000000000006,275.42839880287653
Bi-LSTM,1,2024-09-18,2024-09-19,207.0,325.9754883944989
Bi-LSTM,1,2024-09-19,2024-09-20,245.00000000000006,287.0046389698983
Bi-LSTM,1,2024-09-20,2024-09-21,185.0,273.58248975873
Bi-LSTM,1,2024-09-21,2024-09-22,144.0,224.4952398464084
Bi-LSTM,1,2024-09-22,2024-09-23,210.00000000000003,230.604764983058
Bi-LSTM,1,2024-09-23,2024-09-24,189.0,254.57355493307116
Bi-LSTM,1,2024-09-24,2024-09-25,269.0,240.50356605648997
Bi-LSTM,1,2024-09-25,2024-09-26,221.0,251.83126893639567
Bi-LSTM,1,2024-09-26,2024-09-27,230.0,266.76062288880354
Bi-LSTM,1,2024-09-27,2024-09-28,356.0,295.4791419059039
Bi-LSTM,1,2024-09-28,2024-09-29,225.0,371.983806475997
Bi-LSTM,1,2024-09-29,2024-09-30,273.0,506.2946341037751
Bi-LSTM,1,2024-09-30,2024-10-01,252.00000000000003,319.99019134044653
Bi-LSTM,1,2024-10-01,2024-10-02,219.0,289.27593109011656
Bi-LSTM,1,2024-10-02,2024-10-03,238.0,292.44376240670687
Bi-LSTM,1,2024-10-03,2024-10-04,278.00000000000006,380.49781578779226
Bi-LSTM,1,2024-10-04,2024-10-05,289.0,373.96216733753687
Bi-LSTM,1,2024-10-05,2024-10-06,203.0,305.42724482715136
Bi-LSTM,1,2024-10-06,2024-10-07,514.0,267.37877193093306
Bi-LSTM,1,2024-10-07,2024-10-08,636.0,702.6025454998016
Bi-LSTM,1,2024-10-08,2024-10-09,529.0,338.7622095942498
Bi-LSTM,1,2024-10-09,2024-10-10,1059.0,695.4626806974411
Bi-LSTM,1,2024-10-10,2024-10-11,1127.0,695.1718586087227
Bi-LSTM,1,2024-10-11,2024-10-12,682.0,434.7519135475159
Bi-LSTM,1,2024-10-12,2024-10-13,367.00000000000006,392.9162434637547
Bi-LSTM,1,2024-10-13,2024-10-14,521.0,608.8114889860154
Bi-LSTM,1,2024-10-14,2024-10-15,389.0,447.69726866483694
Bi-LSTM,1,2024-10-15,2024-10-16,471.00000000000006,344.6422509551049
Bi-LSTM,1,2024-10-16,2024-10-17,506.0,399.389752522111
Bi-LSTM,1,2024-10-17,2024-10-18,533.0,475.96769046783453
Bi-LSTM,1,2024-10-18,2024-10-19,470.00000000000006,363.97133344411856
Bi-LSTM,1,2024-10-19,2024-10-20,353.0,391.48070994019514
Bi-LSTM,1,2024-10-20,2024-10-21,391.0,560.4623370170594
Bi-LSTM,1,2024-10-21,2024-10-22,482.0,579.8238682746888
Bi-LSTM,1,2024-10-22,2024-10-23,489.0,335.244580551982
Bi-LSTM,1,2024-10-23,2024-10-24,491.0,392.9146615862847
Bi-LSTM,1,2024-10-24,2024-10-25,521.0,538.3113473653793
Bi-LSTM,1,2024-10-25,2024-10-26,264.00000000000006,479.15825620293623
Bi-LSTM,1,2024-10-26,2024-10-27,433.0,332.37258060276514
Bi-LSTM,1,2024-10-27,2024-10-28,327.0,377.64477808773523
Bi-LSTM,1,2024-10-28,2024-10-29,362.0,366.9077847599984
Bi-LSTM,1,2024-10-29,2024-10-30,316.00000000000006,336.62355181574827
Bi-LSTM,1,2024-10-30,2024-10-31,265.00000000000006,382.5095988810063
Bi-LSTM,1,2024-10-31,2024-11-01,228.0,362.92161577939993
Bi-LSTM,1,2024-11-01,2024-11-02,272.0,296.45797929167753
Bi-LSTM,1,2024-11-02,2024-11-03,210.00000000000003,296.5787292718888
Bi-LSTM,1,2024-11-03,2024-11-04,344.0,268.1121141016484
Bi-LSTM,1,2024-11-04,2024-11-05,468.99999999999994,287.2963939607144
Bi-LSTM,1,2024-11-05,2024-11-06,338.0,344.4705766886473
Bi-LSTM,1,2024-11-06,2024-11-07,358.0,333.7254914492369
Bi-LSTM,1,2024-11-07,2024-11-08,515.0,509.10485970973974
Bi-LSTM,1,2024-11-08,2024-11-09,335.0,463.8624339699746
Bi-LSTM,1,2024-11-09,2024-11-10,257.0,343.0149046480656
Bi-LSTM,1,2024-11-10,2024-11-11,378.0,339.41477461159235
Bi-LSTM,1,2024-11-11,2024-11-12,306.0,485.39632916450506
Bi-LSTM,1,2024-11-12,2024-11-13,310.0,356.03550034761435
Bi-LSTM,1,2024-11-13,2024-11-14,308.0,348.6637688130141
Bi-LSTM,1,2024-11-14,2024-11-15,351.00000000000006,310.5814883559943
Bi-LSTM,1,2024-11-15,2024-11-16,343.0,322.20982907712465
Bi-LSTM,1,2024-11-16,2024-11-17,288.0,346.78151714801794
Bi-LSTM,1,2024-11-17,2024-11-18,432.0,436.827255666256
Bi-LSTM,1,2024-11-18,2024-11-19,465.0,496.23470461368566
Bi-LSTM,1,2024-11-19,2024-11-20,335.0,364.78535136580473
Bi-LSTM,1,2024-11-20,2024-11-21,638.0,401.192524984479
Bi-LSTM,1,2024-11-21,2024-11-22,533.0,522.6530318260193
Bi-LSTM,1,2024-11-22,2024-11-23,427.0,461.06299757957464
Bi-LSTM,1,2024-11-23,2024-11-24,305.0,355.1429564058781
Bi-LSTM,1,2024-11-24,2024-11-25,342.0,333.04445263743406
Bi-LSTM,1,2024-11-25,2024-11-26,441.0,373.6510647684336
Bi-LSTM,1,2024-11-26,2024-11-27,281.00000000000006,387.07211883366114
Bi-LSTM,1,2024-11-27,2024-11-28,325.0,430.63521939516073
Bi-LSTM,1,2024-11-28,2024-11-29,282.00000000000006,550.5798617303373
Bi-LSTM,1,2024-11-29,2024-11-30,232.0,564.4099730849267
Bi-LSTM,1,2024-11-30,2024-12-01,272.0,467.9733684659005
Bi-LSTM,1,2024-12-01,2024-12-02,326.0,343.47356799244886
Bi-LSTM,1,2024-12-02,2024-12-03,346.0,329.2335070073605
Bi-LSTM,1,2024-12-03,2024-12-04,295.00000000000006,324.79289302229887
Bi-LSTM,1,2024-12-04,2024-12-05,312.00000000000006,336.5253942906857
Bi-LSTM,1,2024-12-05,2024-12-06,467.99999999999994,352.52831575274473
Bi-LSTM,1,2024-12-06,2024-12-07,249.00000000000003,329.22863969206816
Bi-LSTM,1,2024-12-07,2024-12-08,302.0,282.3656210452319
Bi-LSTM,1,2024-12-08,2024-12-09,370.0,332.9586053639651
Bi-LSTM,1,2024-12-09,2024-12-10,459.0,652.0338166356088
Bi-LSTM,1,2024-12-10,2024-12-11,404.0,589.5625955164434
Bi-LSTM,1,2024-12-11,2024-12-12,328.0,681.5707949995995
Bi-LSTM,1,2024-12-12,2024-12-13,398.99999999999994,424.746660232544
Bi-LSTM,1,2024-12-13,2024-12-14,481.0,340.9659677147866
Bi-LSTM,1,2024-12-14,2024-12-15,369.00000000000006,346.1488675624133
Bi-LSTM,1,2024-12-15,2024-12-16,439.0,366.5056836754084
Bi-LSTM,1,2024-12-16,2024-12-17,400.99999999999994,333.0677549093962
Bi-LSTM,1,2024-12-17,2024-12-18,321.0,339.2334468364716
Bi-LSTM,1,2024-12-18,2024-12-19,581.0,464.9620416164399
Bi-LSTM,1,2024-12-19,2024-12-20,376.0,684.8123458623886
Bi-LSTM,1,2024-12-20,2024-12-21,420.00000000000006,338.4444955885411
Bi-LSTM,1,2024-12-21,2024-12-22,299.00000000000006,308.16661043465143
Bi-LSTM,1,2024-12-22,2024-12-23,359.0,347.238274127245
Bi-LSTM,1,2024-12-23,2024-12-24,615.0,464.3387818932534
Bi-LSTM,1,2024-12-24,2024-12-25,380.0,394.9159596711398
Bi-LSTM,1,2024-12-25,2024-12-26,440.0,388.1336600184441
Bi-LSTM,1,2024-12-26,2024-12-27,419.00000000000006,359.8905357420445
Bi-LSTM,1,2024-12-27,2024-12-28,255.0,391.225317850709
Bi-LSTM,1,2024-12-28,2024-12-29,267.0,302.9354024827481
Bi-LSTM,1,2024-12-29,2024-12-30,520.0,321.36176022887236
Bi-LSTM,1,2024-12-30,2024-12-31,443.0,333.9457780271769
Bi-LSTM,1,2024-12-31,2025-01-01,255.0,354.8348756283522
Bi-LSTM,1,2025-01-01,2025-01-02,311.0,382.82777933776384
Bi-LSTM,1,2025-01-02,2025-01-03,309.0,364.4447204172612
Bi-LSTM,1,2025-01-03,2025-01-04,279.00000000000006,307.8625451922417
Bi-LSTM,1,2025-01-04,2025-01-05,343.0,283.9962527900935
Bi-LSTM,1,2025-01-05,2025-01-06,453.00000000000006,347.35206790268427
Bi-LSTM,1,2025-01-06,2025-01-07,356.0,354.7764881253243
Bi-LSTM,1,2025-01-07,2025-01-08,374.0,345.5446917712689
Bi-LSTM,1,2025-01-08,2025-01-09,409.0,346.07940691709524
Bi-LSTM,1,2025-01-09,2025-01-10,347.99999999999994,337.9396333098412
Bi-LSTM,1,2025-01-10,2025-01-11,289.0,335.42615169286734
Bi-LSTM,1,2025-01-11,2025-01-12,252.00000000000003,323.3465500026942
Bi-LSTM,1,2025-01-12,2025-01-13,346.0,349.970784932375
Bi-LSTM,1,2025-01-13,2025-01-14,419.00000000000006,330.44240616261965
Bi-LSTM,1,2025-01-14,2025-01-15,374.0,342.6067194193602
Bi-LSTM,1,2025-01-15,2025-01-16,316.00000000000006,362.59489724040037
Bi-LSTM,1,2025-01-16,2025-01-17,338.0,318.2004389464856
Bi-LSTM,1,2025-01-17,2025-01-18,305.0,270.1452931016684
Bi-LSTM,1,2025-01-18,2025-01-19,313.00000000000006,304.03026449680334
Bi-LSTM,1,2025-01-19,2025-01-20,358.0,425.49947166442877
Bi-LSTM,1,2025-01-20,2025-01-21,398.0,372.46068169176584
Bi-LSTM,1,2025-01-21,2025-01-22,734.0000000000001,331.5432711988688
Bi-LSTM,1,2025-01-22,2025-01-23,1017.0,364.70203915238386
Bi-LSTM,1,2025-01-23,2025-01-24,550.0,395.5087378323079
Bi-LSTM,1,2025-01-24,2025-01-25,340.0,373.0762348324061
Bi-LSTM,1,2025-01-25,2025-01-26,247.00000000000003,321.9669297635556
Bi-LSTM,1,2025-01-26,2025-01-27,357.0,370.7015122622252
Bi-LSTM,1,2025-01-27,2025-01-28,334.00000000000006,420.7755393683911
Bi-LSTM,1,2025-01-28,2025-01-29,483.0,347.1736199557782
Bi-LSTM,1,2025-01-29,2025-01-30,365.99999999999994,345.75329679250723
Bi-LSTM,1,2025-01-30,2025-01-31,474.0,327.2037756890059
Bi-LSTM,1,2025-01-31,2025-02-01,290.0,330.26168680191046
Bi-LSTM,1,2025-02-01,2025-02-02,333.00000000000006,340.6986507028342
Bi-LSTM,1,2025-02-02,2025-02-03,289.0,366.2051269561053
Bi-LSTM,1,2025-02-03,2025-02-04,346.0,342.72497490048414
Bi-LSTM,1,2025-02-04,2025-02-05,269.0,354.6163940131665
Bi-LSTM,1,2025-02-05,2025-02-06,228.0,384.7334346771241
Bi-LSTM,1,2025-02-06,2025-02-07,199.0,311.52998614311224
Bi-LSTM,1,2025-02-07,2025-02-08,289.0,248.09422537684443
Bi-LSTM,1,2025-02-08,2025-02-09,219.0,239.43182379007342
Bi-LSTM,1,2025-02-09,2025-02-10,275.0,240.4256078898907
Bi-LSTM,1,2025-02-10,2025-02-11,383.99999999999994,252.26218858361247
Bi-LSTM,1,2025-02-11,2025-02-12,319.0,331.44430245459085
Bi-LSTM,1,2025-02-12,2025-02-13,310.0,340.8240043520928
Bi-LSTM,1,2025-02-13,2025-02-14,297.00000000000006,366.89448076486593
Bi-LSTM,1,2025-02-14,2025-02-15,325.0,324.01367640495306
Bi-LSTM,1,2025-02-15,2025-02-16,281.00000000000006,304.1820436120034
Bi-LSTM,1,2025-02-16,2025-02-17,350.00000000000006,320.04616546630865
Bi-LSTM,1,2025-02-17,2025-02-18,285.0,351.7503565251828
Bi-LSTM,1,2025-02-18,2025-02-19,273.0,331.01498496532446
Bi-LSTM,1,2025-02-19,2025-02-20,251.00000000000003,301.1404582858086
Bi-LSTM,1,2025-02-20,2025-02-21,237.0,247.71684619784358
Bi-LSTM,1,2025-02-21,2025-02-22,220.0,225.5191810205579
Bi-LSTM,1,2025-02-22,2025-02-23,156.0,241.79583826661113
Bi-LSTM,1,2025-02-23,2025-02-24,374.0,304.92402526736265
Bi-LSTM,1,2025-02-24,2025-02-25,378.0,351.5037458837033
Bi-LSTM,1,2025-02-25,2025-02-26,305.0,330.51243466138845
Bi-LSTM,1,2025-02-26,2025-02-27,302.0,335.5499437451363
Bi-LSTM,1,2025-02-27,2025-02-28,227.00000000000003,333.27437244355684
Bi-LSTM,1,2025-02-28,2025-03-01,287.0,267.1673682034016
Bi-LSTM,1,2025-03-01,2025-03-02,189.0,225.11574142426255
Bi-LSTM,1,2025-03-02,2025-03-03,206.0,218.59964335709813
Bi-LSTM,1,2025-03-03,2025-03-04,273.0,241.0743804574013
Bi-LSTM,1,2025-03-04,2025-03-05,321.0,282.68868909776216
Bi-LSTM,1,2025-03-05,2025-03-06,270.0,311.197487667203
Bi-LSTM,1,2025-03-06,2025-03-07,323.0,260.6733150184155
Bi-LSTM,1,2025-03-07,2025-03-08,182.0,262.8340379595757
Bi-LSTM,1,2025-03-08,2025-03-09,156.0,224.05783044546845
Bi-LSTM,1,2025-03-09,2025-03-10,257.0,245.30529427528384
Bi-LSTM,1,2025-03-10,2025-03-11,341.0,241.7498826980591
Bi-LSTM,1,2025-03-11,2025-03-12,380.0,485.9750529527665
Bi-LSTM,1,2025-03-12,2025-03-13,405.0,395.6958455443383
Bi-LSTM,1,2025-03-13,2025-03-14,1022.0,372.68252986669546
Bi-LSTM,1,2025-03-14,2025-03-15,417.99999999999994,397.8856709748507
Bi-LSTM,1,2025-03-15,2025-03-16,191.99999999999997,351.1370747983456
Bi-LSTM,1,2025-03-16,2025-03-17,272.0,349.19923433661467
Bi-LSTM,1,2025-03-17,2025-03-18,319.0,325.2886290848256
Bi-LSTM,1,2025-03-18,2025-03-19,388.0,295.82188202440744
Bi-LSTM,1,2025-03-19,2025-03-20,440.0,353.8999454826117
Bi-LSTM,1,2025-03-20,2025-03-21,364.99999999999994,355.32434502244
Bi-LSTM,1,2025-03-21,2025-03-22,347.0,321.41655808687216
Bi-LSTM,1,2025-03-22,2025-03-23,294.0,318.66721448302275
Bi-LSTM,1,2025-03-23,2025-03-24,328.0,427.75774371624
Bi-LSTM,1,2025-03-24,2025-03-25,323.0,338.84669807553297
Bi-LSTM,1,2025-03-25,2025-03-26,351.00000000000006,298.7826496362687
Bi-LSTM,1,2025-03-26,2025-03-27,320.0,346.14621081948286
Bi-LSTM,1,2025-03-27,2025-03-28,297.00000000000006,372.6062752604485
Bi-LSTM,1,2025-03-28,2025-03-29,261.00000000000006,320.3749120533467
Bi-LSTM,1,2025-03-29,2025-03-30,214.0,254.9088521152735
Bi-LSTM,1,2025-03-30,2025-03-31,252.00000000000003,221.48211817443374
Bi-LSTM,1,2025-03-31,2025-04-01,206.0,237.24110601842406
Bi-LSTM,1,2025-04-01,2025-04-02,230.0,222.97199324518445
Bi-LSTM,1,2025-04-02,2025-04-03,266.00000000000006,250.24111703038218
Bi-LSTM,1,2025-04-03,2025-04-04,239.0,251.6326013505459
Bi-LSTM,1,2025-04-04,2025-04-05,288.0,235.3898834884167
Bi-LSTM,1,2025-04-05,2025-04-06,173.99999999999997,252.4730447381735
Bi-LSTM,1,2025-04-06,2025-04-07,276.0,217.15878620743754
Bi-LSTM,1,2025-04-07,2025-04-08,246.00000000000006,263.73899355530745
Bi-LSTM,1,2025-04-08,2025-04-09,348.99999999999994,264.2794075161219
Bi-LSTM,1,2025-04-09,2025-04-10,346.0,313.82060556113726
Bi-LSTM,1,2025-04-10,2025-04-11,339.0,317.6878498047591
Bi-LSTM,1,2025-04-11,2025-04-12,246.00000000000006,301.85923907160765
Bi-LSTM,1,2025-04-12,2025-04-13,241.0,279.8074818104506
Bi-LSTM,1,2025-04-13,2025-04-14,374.0,303.41033077239996
Bi-LSTM,1,2025-04-14,2025-04-15,314.00000000000006,376.4270366430283
Bi-LSTM,1,2025-04-15,2025-04-16,237.0,372.4581871926785
Bi-LSTM,1,2025-04-16,2025-04-17,375.0,422.40503540635115
Bi-LSTM,1,2025-04-17,2025-04-18,370.0,361.9649043977261
Bi-LSTM,1,2025-04-18,2025-04-19,288.0,286.35815809667116
Bi-LSTM,1,2025-04-19,2025-04-20,145.0,258.01316496729856
Bi-LSTM,1,2025-04-20,2025-04-21,242.0,272.33483460545546
Bi-LSTM,1,2025-04-21,2025-04-22,321.0,226.88526403903964
Bi-LSTM,1,2025-04-22,2025-04-23,241.0,247.99848122894767
Bi-LSTM,1,2025-04-23,2025-04-24,271.0,260.0383128970862
Bi-LSTM,1,2025-04-24,2025-04-25,322.0,245.6440391391516
Bi-LSTM,1,2025-04-25,2025-04-26,330.00000000000006,240.36056838929656
Bi-LSTM,1,2025-04-26,2025-04-27,297.00000000000006,264.4458494186402
Bi-LSTM,1,2025-04-27,2025-04-28,376.0,416.1769810020924
Bi-LSTM,1,2025-04-28,2025-04-29,355.0,450.31280165910727
Bi-LSTM,1,2025-04-29,2025-04-30,310.0,339.99335643649107
Bi-LSTM,1,2025-04-30,2025-05-01,224.0,330.0738489925862
Bi-LSTM,1,2025-05-01,2025-05-02,269.0,267.56107316911226
Bi-LSTM,1,2025-05-02,2025-05-03,244.00000000000006,220.06066944450143
Bi-LSTM,1,2025-05-03,2025-05-04,182.0,215.53566838055852
Bi-LSTM,1,2025-05-04,2025-05-05,189.0,216.85593779385093
Bi-LSTM,1,2025-05-05,2025-05-06,195.0,216.4015232101083
Bi-LSTM,1,2025-05-06,2025-05-07,191.99999999999997,219.3509945943952
Bi-LSTM,1,2025-05-07,2025-05-08,271.0,217.5173349604011
Bi-LSTM,1,2025-05-08,2025-05-09,234.00000000000003,219.72760311514142
Bi-LSTM,1,2025-05-09,2025-05-10,191.99999999999997,214.3086993172765
Bi-LSTM,1,2025-05-10,2025-05-11,126.00000000000001,216.84628428518775
Bi-LSTM,1,2025-05-11,2025-05-12,242.99999999999997,212.11900570988658
Bi-LSTM,1,2025-05-12,2025-05-13,237.0,212.42567699402574
Bi-LSTM,1,2025-05-13,2025-05-14,223.0,216.2779136821628
Bi-LSTM,1,2025-05-14,2025-05-15,258.0,219.08649656921628
Bi-LSTM,1,2025-05-15,2025-05-16,220.0,232.13829378783706
Bi-LSTM,1,2025-05-16,2025-05-17,237.0,212.35522260516885
Bi-LSTM,1,2025-05-17,2025-05-18,233.0,206.51823670417073
Bi-LSTM,1,2025-05-18,2025-05-19,358.0,208.33022664487365
Bi-LSTM,1,2025-05-19,2025-05-20,241.0,231.38108149170878
Bi-LSTM,1,2025-05-20,2025-05-21,255.0,223.94699762016538
Bi-LSTM,1,2025-05-21,2025-05-22,257.0,238.78088121116164
Bi-LSTM,1,2025-05-22,2025-05-23,222.0,225.38798659294847
Bi-LSTM,1,2025-05-23,2025-05-24,232.0,218.33285363763574
Bi-LSTM,1,2025-05-24,2025-05-25,194.0,214.96823067963126
Bi-LSTM,1,2025-05-25,2025-05-26,242.0,214.5624081268907
Bi-LSTM,1,2025-05-26,2025-05-27,219.0,216.27302608639005
Bi-LSTM,1,2025-05-27,2025-05-28,286.0,218.69639138877395
Bi-LSTM,1,2025-05-28,2025-05-29,193.00000000000003,262.4580986946822
Bi-LSTM,1,2025-05-29,2025-05-30,268.0,237.99491119384768
Bi-LSTM,1,2025-05-30,2025-05-31,206.0,227.92190079391005
Bi-LSTM,3,2024-05-29,2024-06-01,220.0,185.7377207949758
Bi-LSTM,3,2024-05-30,2024-06-02,153.0,182.2645769864321
Bi-LSTM,3,2024-05-31,2024-06-03,229.0,201.25669929385188
Bi-LSTM,3,2024-06-01,2024-06-04,194.0,196.69002184271815
Bi-LSTM,3,2024-06-02,2024-06-05,204.0,192.49658635258677
Bi-LSTM,3,2024-06-03,2024-06-06,164.0,204.73777277022603
Bi-LSTM,3,2024-06-04,2024-06-07,201.00000000000003,203.18271623551848
Bi-LSTM,3,2024-06-05,2024-06-08,198.0,180.14577379822734
Bi-LSTM,3,2024-06-06,2024-06-09,126.00000000000001,162.61829764395952
Bi-LSTM,3,2024-06-07,2024-06-10,163.0,195.146474480629
Bi-LSTM,3,2024-06-08,2024-06-11,221.0,219.33153547346595
Bi-LSTM,3,2024-06-09,2024-06-12,207.0,214.35142014920714
Bi-LSTM,3,2024-06-10,2024-06-13,203.0,218.20022943615916
Bi-LSTM,3,2024-06-11,2024-06-14,150.0,200.50152518600228
Bi-LSTM,3,2024-06-12,2024-06-15,146.0,169.30196318030357
Bi-LSTM,3,2024-06-13,2024-06-16,176.0,180.38449533283713
Bi-LSTM,3,2024-06-14,2024-06-17,208.99999999999997,205.08668829500678
Bi-LSTM,3,2024-06-15,2024-06-18,175.00000000000003,212.69952432066205
Bi-LSTM,3,2024-06-16,2024-06-19,171.0,198.95887016505006
Bi-LSTM,3,2024-06-17,2024-06-20,179.0,203.77141802012923
Bi-LSTM,3,2024-06-18,2024-06-21,186.0,189.97633105516437
Bi-LSTM,3,2024-06-19,2024-06-22,176.0,169.60872572660446
Bi-LSTM,3,2024-06-20,2024-06-23,153.0,177.7317983582616
Bi-LSTM,3,2024-06-21,2024-06-24,213.0,196.45455532521012
Bi-LSTM,3,2024-06-22,2024-06-25,216.99999999999997,208.25608120858672
Bi-LSTM,3,2024-06-23,2024-06-26,245.00000000000006,200.9992284551263
Bi-LSTM,3,2024-06-24,2024-06-27,203.0,205.27292394638064
Bi-LSTM,3,2024-06-25,2024-06-28,228.0,196.3121153712273
Bi-LSTM,3,2024-06-26,2024-06-29,178.0,176.46401482820514
Bi-LSTM,3,2024-06-27,2024-06-30,133.0,193.04422016441825
Bi-LSTM,3,2024-06-28,2024-07-01,219.0,235.7476717233658
Bi-LSTM,3,2024-06-29,2024-07-02,159.0,251.9619563519955
Bi-LSTM,3,2024-06-30,2024-07-03,182.99999999999997,229.50681019574407
Bi-LSTM,3,2024-07-01,2024-07-04,190.0,231.7464850470424
Bi-LSTM,3,2024-07-02,2024-07-05,189.0,218.94427970051768
Bi-LSTM,3,2024-07-03,2024-07-06,147.0,189.25575544685128
Bi-LSTM,3,2024-07-04,2024-07-07,158.0,168.86049768328667
Bi-LSTM,3,2024-07-05,2024-07-08,190.0,199.1138434559107
Bi-LSTM,3,2024-07-06,2024-07-09,207.0,212.65204771608117
Bi-LSTM,3,2024-07-07,2024-07-10,256.0,205.58169426023963
Bi-LSTM,3,2024-07-08,2024-07-11,173.99999999999997,211.4434527680278
Bi-LSTM,3,2024-07-09,2024-07-12,177.0,201.57248665392402
Bi-LSTM,3,2024-07-10,2024-07-13,167.0,188.93886280059817
Bi-LSTM,3,2024-07-11,2024-07-14,134.0,189.65582848340276
Bi-LSTM,3,2024-07-12,2024-07-15,179.0,203.3287661150098
Bi-LSTM,3,2024-07-13,2024-07-16,188.0,209.2858023196459
Bi-LSTM,3,2024-07-14,2024-07-17,187.0,206.20075592398646
Bi-LSTM,3,2024-07-15,2024-07-18,225.99999999999997,213.2041432335973
Bi-LSTM,3,2024-07-16,2024-07-19,173.0,209.9918064028025
Bi-LSTM,3,2024-07-17,2024-07-20,187.0,183.48400171101096
Bi-LSTM,3,2024-07-18,2024-07-21,156.0,173.83081753551963
Bi-LSTM,3,2024-07-19,2024-07-22,198.0,203.23791970312598
Bi-LSTM,3,2024-07-20,2024-07-23,230.0,215.04932218045
Bi-LSTM,3,2024-07-21,2024-07-24,252.00000000000003,208.76911652088168
Bi-LSTM,3,2024-07-22,2024-07-25,206.0,214.68432423472407
Bi-LSTM,3,2024-07-23,2024-07-26,173.0,210.21083559095862
Bi-LSTM,3,2024-07-24,2024-07-27,185.0,182.39151251316073
Bi-LSTM,3,2024-07-25,2024-07-28,156.0,182.1233133003116
Bi-LSTM,3,2024-07-26,2024-07-29,199.99999999999997,216.66705553978684
Bi-LSTM,3,2024-07-27,2024-07-30,244.00000000000006,229.40107791125777
Bi-LSTM,3,2024-07-28,2024-07-31,184.00000000000003,216.538000702858
Bi-LSTM,3,2024-07-29,2024-08-01,265.00000000000006,220.70780943334105
Bi-LSTM,3,2024-07-30,2024-08-02,197.0,214.21777178347114
Bi-LSTM,3,2024-07-31,2024-08-03,195.0,180.49369557946923
Bi-LSTM,3,2024-08-01,2024-08-04,169.0,180.1752311959863
Bi-LSTM,3,2024-08-02,2024-08-05,215.0,218.06109520047906
Bi-LSTM,3,2024-08-03,2024-08-06,165.0,230.748056717217
Bi-LSTM,3,2024-08-04,2024-08-07,205.0,227.610544718802
Bi-LSTM,3,2024-08-05,2024-08-08,245.00000000000006,227.78887098282578
Bi-LSTM,3,2024-08-06,2024-08-09,313.00000000000006,209.14408232271674
Bi-LSTM,3,2024-08-07,2024-08-10,194.0,182.8949247375131
Bi-LSTM,3,2024-08-08,2024-08-11,190.99999999999997,229.30738209187987
Bi-LSTM,3,2024-08-09,2024-08-12,259.0,292.77110964059835
Bi-LSTM,3,2024-08-10,2024-08-13,260.0,295.4626944363118
Bi-LSTM,3,2024-08-11,2024-08-14,221.0,238.83503009378913
Bi-LSTM,3,2024-08-12,2024-08-15,249.00000000000003,243.72907505929473
Bi-LSTM,3,2024-08-13,2024-08-16,455.0,232.4290854558349
Bi-LSTM,3,2024-08-14,2024-08-17,185.0,223.1007742956281
Bi-LSTM,3,2024-08-15,2024-08-18,172.0,196.23602300882342
Bi-LSTM,3,2024-08-16,2024-08-19,199.0,261.6852704286576
Bi-LSTM,3,2024-08-17,2024-08-20,274.0,331.79460719227797
Bi-LSTM,3,2024-08-18,2024-08-21,238.0,261.7150827348233
Bi-LSTM,3,2024-08-19,2024-08-22,197.0,239.83207935094836
Bi-LSTM,3,2024-08-20,2024-08-23,214.0,233.26063585281375
Bi-LSTM,3,2024-08-21,2024-08-24,264.00000000000006,225.20531016588214
Bi-LSTM,3,2024-08-22,2024-08-25,182.99999999999997,210.31436744332316
Bi-LSTM,3,2024-08-23,2024-08-26,247.00000000000003,282.14135949313646
Bi-LSTM,3,2024-08-24,2024-08-27,220.0,316.45074050128466
Bi-LSTM,3,2024-08-25,2024-08-28,225.0,247.80666844546798
Bi-LSTM,3,2024-08-26,2024-08-29,228.0,235.82447390258315
Bi-LSTM,3,2024-08-27,2024-08-30,190.99999999999997,232.00119774043563
Bi-LSTM,3,2024-08-28,2024-08-31,178.0,219.41182589530948
Bi-LSTM,3,2024-08-29,2024-09-01,229.0,200.9190495759249
Bi-LSTM,3,2024-08-30,2024-09-02,215.0,226.04250867664817
Bi-LSTM,3,2024-08-31,2024-09-03,279.00000000000006,233.15574520826343
Bi-LSTM,3,2024-09-01,2024-09-04,268.0,232.32526967674497
Bi-LSTM,3,2024-09-02,2024-09-05,216.99999999999997,232.32526967674497
Bi-LSTM,3,2024-09-03,2024-09-06,224.0,232.31953030079606
Bi-LSTM,3,2024-09-04,2024-09-07,252.00000000000003,242.09467114508155
Bi-LSTM,3,2024-09-05,2024-09-08,274.0,316.52385163307196
Bi-LSTM,3,2024-09-06,2024-09-09,225.0,358.241570442915
Bi-LSTM,3,2024-09-07,2024-09-10,237.0,317.6979494839907
Bi-LSTM,3,2024-09-08,2024-09-11,251.00000000000003,250.6033264100552
Bi-LSTM,3,2024-09-09,2024-09-12,233.0,246.42017312347892
Bi-LSTM,3,2024-09-10,2024-09-13,211.0,244.91244108974936
Bi-LSTM,3,2024-09-11,2024-09-14,180.0,239.80670846998694
Bi-LSTM,3,2024-09-12,2024-09-15,162.0,240.82424101233485
Bi-LSTM,3,2024-09-13,2024-09-16,265.00000000000006,305.06051290035253
Bi-LSTM,3,2024-09-14,2024-09-17,241.0,336.14493247866636
Bi-LSTM,3,2024-09-15,2024-09-18,314.00000000000006,259.3589370846749
Bi-LSTM,3,2024-09-16,2024-09-19,207.0,259.54091383516794
Bi-LSTM,3,2024-09-17,2024-09-20,245.00000000000006,280.9151002466679
Bi-LSTM,3,2024-09-18,2024-09-21,185.0,263.1834706366063
Bi-LSTM,3,2024-09-19,2024-09-22,144.0,251.1904665976763
Bi-LSTM,3,2024-09-20,2024-09-23,210.00000000000003,297.0430711507798
Bi-LSTM,3,2024-09-21,2024-09-24,189.0,338.5094336867333
Bi-LSTM,3,2024-09-22,2024-09-25,269.0,263.17105898261076
Bi-LSTM,3,2024-09-23,2024-09-26,221.0,258.0422674566508
Bi-LSTM,3,2024-09-24,2024-09-27,230.0,254.3780916631222
Bi-LSTM,3,2024-09-25,2024-09-28,356.0,285.9031249582768
Bi-LSTM,3,2024-09-26,2024-09-29,225.0,348.57840827107435
Bi-LSTM,3,2024-09-27,2024-09-30,273.0,407.9453773796559
Bi-LSTM,3,2024-09-28,2024-10-01,252.00000000000003,396.81459796428686
Bi-LSTM,3,2024-09-29,2024-10-02,219.0,278.90266817808157
Bi-LSTM,3,2024-09-30,2024-10-03,238.0,264.19396585226065
Bi-LSTM,3,2024-10-01,2024-10-04,278.00000000000006,265.5003938376904
Bi-LSTM,3,2024-10-02,2024-10-05,289.0,281.9593016207219
Bi-LSTM,3,2024-10-03,2024-10-06,203.0,304.33680395782
Bi-LSTM,3,2024-10-04,2024-10-07,514.0,302.2509159892798
Bi-LSTM,3,2024-10-05,2024-10-08,636.0,377.29366213083273
Bi-LSTM,3,2024-10-06,2024-10-09,529.0,410.2437642216683
Bi-LSTM,3,2024-10-07,2024-10-10,1059.0,491.2491946816445
Bi-LSTM,3,2024-10-08,2024-10-11,1127.0,517.3577172756195
Bi-LSTM,3,2024-10-09,2024-10-12,682.0,421.79382228851324
Bi-LSTM,3,2024-10-10,2024-10-13,367.00000000000006,385.5754396617413
Bi-LSTM,3,2024-10-11,2024-10-14,521.0,439.72079348564154
Bi-LSTM,3,2024-10-12,2024-10-15,389.0,493.2771615982056
Bi-LSTM,3,2024-10-13,2024-10-16,471.00000000000006,341.9094562232495
Bi-LSTM,3,2024-10-14,2024-10-17,506.0,378.57392829656607
Bi-LSTM,3,2024-10-15,2024-10-18,533.0,494.0268903970719
Bi-LSTM,3,2024-10-16,2024-10-19,470.00000000000006,400.40306672453886
Bi-LSTM,3,2024-10-17,2024-10-20,353.0,523.5626924932003
Bi-LSTM,3,2024-10-18,2024-10-21,391.0,565.4534849226476
Bi-LSTM,3,2024-10-19,2024-10-22,482.0,559.2471711933614
Bi-LSTM,3,2024-10-20,2024-10-23,489.0,495.67707252502447
Bi-LSTM,3,2024-10-21,2024-10-24,491.0,451.89171817898756
Bi-LSTM,3,2024-10-22,2024-10-25,521.0,381.3334121406079
Bi-LSTM,3,2024-10-23,2024-10-26,264.00000000000006,329.23813095688826
Bi-LSTM,3,2024-10-24,2024-10-27,433.0,351.7041981518269
Bi-LSTM,3,2024-10-25,2024-10-28,327.0,508.2603399455548
Bi-LSTM,3,2024-10-26,2024-10-29,362.0,684.1776885092258
Bi-LSTM,3,2024-10-27,2024-10-30,316.00000000000006,565.2717718183995
Bi-LSTM,3,2024-10-28,2024-10-31,265.00000000000006,584.0257404446603
Bi-LSTM,3,2024-10-29,2024-11-01,228.0,545.2677955031396
Bi-LSTM,3,2024-10-30,2024-11-02,272.0,410.27657803893095
Bi-LSTM,3,2024-10-31,2024-11-03,210.00000000000003,284.5528911352158
Bi-LSTM,3,2024-11-01,2024-11-04,344.0,277.51665958762175
Bi-LSTM,3,2024-11-02,2024-11-05,468.99999999999994,375.9032729566098
Bi-LSTM,3,2024-11-03,2024-11-06,338.0,390.0490297079087
Bi-LSTM,3,2024-11-04,2024-11-07,358.0,292.0191905498505
Bi-LSTM,3,2024-11-05,2024-11-08,515.0,294.70607027411467
Bi-LSTM,3,2024-11-06,2024-11-09,335.0,304.65565367043024
Bi-LSTM,3,2024-11-07,2024-11-10,257.0,391.30719015002256
Bi-LSTM,3,2024-11-08,2024-11-11,378.0,740.4351732432842
Bi-LSTM,3,2024-11-09,2024-11-12,306.0,819.1778293848038
Bi-LSTM,3,2024-11-10,2024-11-13,310.0,587.6078816950322
Bi-LSTM,3,2024-11-11,2024-11-14,308.0,501.06661018729216
Bi-LSTM,3,2024-11-12,2024-11-15,351.00000000000006,290.0996025204659
Bi-LSTM,3,2024-11-13,2024-11-16,343.0,276.6626079976559
Bi-LSTM,3,2024-11-14,2024-11-17,288.0,270.2844171971083
Bi-LSTM,3,2024-11-15,2024-11-18,432.0,299.05509760975843
Bi-LSTM,3,2024-11-16,2024-11-19,465.0,379.75640198588377
Bi-LSTM,3,2024-11-17,2024-11-20,335.0,423.70286446809774
Bi-LSTM,3,2024-11-18,2024-11-21,638.0,700.8573696017265
Bi-LSTM,3,2024-11-19,2024-11-22,533.0,836.5970584750175
Bi-LSTM,3,2024-11-20,2024-11-23,427.0,804.5993277430534
Bi-LSTM,3,2024-11-21,2024-11-24,305.0,523.5931537747383
Bi-LSTM,3,2024-11-22,2024-11-25,342.0,373.79229803383356
Bi-LSTM,3,2024-11-23,2024-11-26,441.0,303.0810568928719
Bi-LSTM,3,2024-11-24,2024-11-27,281.00000000000006,315.68221169710165
Bi-LSTM,3,2024-11-25,2024-11-28,325.0,312.7420490533114
Bi-LSTM,3,2024-11-26,2024-11-29,282.00000000000006,281.897385314107
Bi-LSTM,3,2024-11-27,2024-11-30,232.0,286.72896640002733
Bi-LSTM,3,2024-11-28,2024-12-01,272.0,330.26610794663435
Bi-LSTM,3,2024-11-29,2024-12-02,326.0,466.1044005155564
Bi-LSTM,3,2024-11-30,2024-12-03,346.0,528.6378827095032
Bi-LSTM,3,2024-12-01,2024-12-04,295.00000000000006,407.40757960081106
Bi-LSTM,3,2024-12-02,2024-12-05,312.00000000000006,382.1054494678975
Bi-LSTM,3,2024-12-03,2024-12-06,467.99999999999994,409.83227327466017
Bi-LSTM,3,2024-12-04,2024-12-07,249.00000000000003,343.20546004176146
Bi-LSTM,3,2024-12-05,2024-12-08,302.0,274.4158349782229
Bi-LSTM,3,2024-12-06,2024-12-09,370.0,334.03943328559404
Bi-LSTM,3,2024-12-07,2024-12-10,459.0,521.8673254549503
Bi-LSTM,3,2024-12-08,2024-12-11,404.0,578.3611183464528
Bi-LSTM,3,2024-12-09,2024-12-12,328.0,545.5670137107373
Bi-LSTM,3,2024-12-10,2024-12-13,398.99999999999994,476.54669818282133
Bi-LSTM,3,2024-12-11,2024-12-14,481.0,312.55954501032835
Bi-LSTM,3,2024-12-12,2024-12-15,369.00000000000006,266.3256471455098
Bi-LSTM,3,2024-12-13,2024-12-16,439.0,292.502109348774
Bi-LSTM,3,2024-12-14,2024-12-17,400.99999999999994,406.70283290743834
Bi-LSTM,3,2024-12-15,2024-12-18,321.0,362.9092041254044
Bi-LSTM,3,2024-12-16,2024-12-19,581.0,364.568715274334
Bi-LSTM,3,2024-12-17,2024-12-20,376.0,423.93998384475714
Bi-LSTM,3,2024-12-18,2024-12-21,420.00000000000006,363.1442143321038
Bi-LSTM,3,2024-12-19,2024-12-22,299.00000000000006,277.356200426817
Bi-LSTM,3,2024-12-20,2024-12-23,359.0,313.3297773748637
Bi-LSTM,3,2024-12-21,2024-12-24,615.0,469.3096898794175
Bi-LSTM,3,2024-12-22,2024-12-25,380.0,482.3151969015599
Bi-LSTM,3,2024-12-23,2024-12-26,440.0,470.91724243760115
Bi-LSTM,3,2024-12-24,2024-12-27,419.00000000000006,442.23597866296774
Bi-LSTM,3,2024-12-25,2024-12-28,255.0,402.0000734329224
Bi-LSTM,3,2024-12-26,2024-12-29,267.0,303.44188719987875
Bi-LSTM,3,2024-12-27,2024-12-30,520.0,321.9653073251248
Bi-LSTM,3,2024-12-28,2024-12-31,443.0,381.59235331416136
Bi-LSTM,3,2024-12-29,2025-01-01,255.0,417.66739350557333
Bi-LSTM,3,2024-12-30,2025-01-02,311.0,510.1434636712075
Bi-LSTM,3,2024-12-31,2025-01-03,309.0,512.45714199543
Bi-LSTM,3,2025-01-01,2025-01-04,279.00000000000006,345.4815789163113
Bi-LSTM,3,2025-01-02,2025-01-05,343.0,299.96863184869295
Bi-LSTM,3,2025-01-03,2025-01-06,453.00000000000006,320.9728617370129
Bi-LSTM,3,2025-01-04,2025-01-07,356.0,356.76302202045923
Bi-LSTM,3,2025-01-05,2025-01-08,374.0,344.5662802755833
Bi-LSTM,3,2025-01-06,2025-01-09,409.0,349.91314780712133
Bi-LSTM,3,2025-01-07,2025-01-10,347.99999999999994,348.2912366688252
Bi-LSTM,3,2025-01-08,2025-01-11,289.0,331.0515709519387
Bi-LSTM,3,2025-01-09,2025-01-12,252.00000000000003,318.6309529840947
Bi-LSTM,3,2025-01-10,2025-01-13,346.0,335.44856162369257
Bi-LSTM,3,2025-01-11,2025-01-14,419.00000000000006,343.4798143804074
Bi-LSTM,3,2025-01-12,2025-01-15,374.0,345.9773555397988
Bi-LSTM,3,2025-01-13,2025-01-16,316.00000000000006,354.5117264539004
Bi-LSTM,3,2025-01-14,2025-01-17,338.0,342.26079526543623
Bi-LSTM,3,2025-01-15,2025-01-18,305.0,333.8309702277184
Bi-LSTM,3,2025-01-16,2025-01-19,313.00000000000006,279.02992819249636
Bi-LSTM,3,2025-01-17,2025-01-20,358.0,254.96247370541099
Bi-LSTM,3,2025-01-18,2025-01-21,398.0,316.1365755796433
Bi-LSTM,3,2025-01-19,2025-01-22,734.0000000000001,374.15785369277006
Bi-LSTM,3,2025-01-20,2025-01-23,1017.0,369.7433609664441
Bi-LSTM,3,2025-01-21,2025-01-24,550.0,349.35738152265554
Bi-LSTM,3,2025-01-22,2025-01-25,340.0,343.2961543500424
Bi-LSTM,3,2025-01-23,2025-01-26,247.00000000000003,341.923449754715
Bi-LSTM,3,2025-01-24,2025-01-27,357.0,338.3972826302052
Bi-LSTM,3,2025-01-25,2025-01-28,334.00000000000006,312.6441146135331
Bi-LSTM,3,2025-01-26,2025-01-29,483.0,307.3392885178328
Bi-LSTM,3,2025-01-27,2025-01-30,365.99999999999994,317.275730162859
Bi-LSTM,3,2025-01-28,2025-01-31,474.0,314.13949583470827
Bi-LSTM,3,2025-01-29,2025-02-01,290.0,326.33761665225035
Bi-LSTM,3,2025-01-30,2025-02-02,333.00000000000006,345.9960541427136
Bi-LSTM,3,2025-01-31,2025-02-03,289.0,333.7064075171948
Bi-LSTM,3,2025-02-01,2025-02-04,346.0,316.61685791611677
Bi-LSTM,3,2025-02-02,2025-02-05,269.0,326.767684519291
Bi-LSTM,3,2025-02-03,2025-02-06,228.0,354.73312845826155
Bi-LSTM,3,2025-02-04,2025-02-07,199.0,334.2086738944054
Bi-LSTM,3,2025-02-05,2025-02-08,289.0,302.3753367364407
Bi-LSTM,3,2025-02-06,2025-02-09,219.0,273.17902988195425
Bi-LSTM,3,2025-02-07,2025-02-10,275.0,294.5266285836697
Bi-LSTM,3,2025-02-08,2025-02-11,383.99999999999994,307.9633797407151
Bi-LSTM,3,2025-02-09,2025-02-12,319.0,279.5370821654797
Bi-LSTM,3,2025-02-10,2025-02-13,310.0,277.9149073809386
Bi-LSTM,3,2025-02-11,2025-02-14,297.00000000000006,297.254251793027
Bi-LSTM,3,2025-02-12,2025-02-15,325.0,291.88511629402643
Bi-LSTM,3,2025-02-13,2025-02-16,281.00000000000006,272.58667761087423
Bi-LSTM,3,2025-02-14,2025-02-17,350.00000000000006,303.2374599575997
Bi-LSTM,3,2025-02-15,2025-02-18,285.0,347.523012071848
Bi-LSTM,3,2025-02-16,2025-02-19,273.0,362.3763142228127
Bi-LSTM,3,2025-02-17,2025-02-20,251.00000000000003,336.76377105712896
Bi-LSTM,3,2025-02-18,2025-02-21,237.0,303.42426346242434
Bi-LSTM,3,2025-02-19,2025-02-22,220.0,253.6778675168753
Bi-LSTM,3,2025-02-20,2025-02-23,156.0,244.72241298854354
Bi-LSTM,3,2025-02-21,2025-02-24,374.0,285.1215963661671
Bi-LSTM,3,2025-02-22,2025-02-25,378.0,331.1428331136704
Bi-LSTM,3,2025-02-23,2025-02-26,305.0,304.32591333985334
Bi-LSTM,3,2025-02-24,2025-02-27,302.0,325.49317800998693
Bi-LSTM,3,2025-02-25,2025-02-28,227.00000000000003,327.6216144263745
Bi-LSTM,3,2025-02-26,2025-03-01,287.0,293.28327289223677
Bi-LSTM,3,2025-02-27,2025-03-02,189.0,288.8036798238755
Bi-LSTM,3,2025-02-28,2025-03-03,206.0,302.42956674098974
Bi-LSTM,3,2025-03-01,2025-03-04,273.0,304.8748856633902
Bi-LSTM,3,2025-03-02,2025-03-05,321.0,286.08151206374174
Bi-LSTM,3,2025-03-03,2025-03-06,270.0,323.8444155156613
Bi-LSTM,3,2025-03-04,2025-03-07,323.0,285.4176913797856
Bi-LSTM,3,2025-03-05,2025-03-08,182.0,234.47334773838523
Bi-LSTM,3,2025-03-06,2025-03-09,156.0,231.37043423950675
Bi-LSTM,3,2025-03-07,2025-03-10,257.0,270.73310254514223
Bi-LSTM,3,2025-03-08,2025-03-11,341.0,318.6961750090123
Bi-LSTM,3,2025-03-09,2025-03-12,380.0,265.60234381258493
Bi-LSTM,3,2025-03-10,2025-03-13,405.0,250.43365991115573
Bi-LSTM,3,2025-03-11,2025-03-14,1022.0,259.97023132443434
Bi-LSTM,3,2025-03-12,2025-03-15,417.99999999999994,255.9257154017687
Bi-LSTM,3,2025-03-13,2025-03-16,191.99999999999997,257.5657370090485
Bi-LSTM,3,2025-03-14,2025-03-17,272.0,315.7649966180325
Bi-LSTM,3,2025-03-15,2025-03-18,319.0,339.1630127280951
Bi-LSTM,3,2025-03-16,2025-03-19,388.0,292.51902326941496
Bi-LSTM,3,2025-03-17,2025-03-20,440.0,314.99239143729216
Bi-LSTM,3,2025-03-18,2025-03-21,364.99999999999994,350.912326514721
Bi-LSTM,3,2025-03-19,2025-03-22,347.0,316.07972939312464
Bi-LSTM,3,2025-03-20,2025-03-23,294.0,288.14373271167284
Bi-LSTM,3,2025-03-21,2025-03-24,328.0,335.27230396866804
Bi-LSTM,3,2025-03-22,2025-03-25,323.0,316.5528121590615
Bi-LSTM,3,2025-03-23,2025-03-26,351.00000000000006,301.0536172688008
Bi-LSTM,3,2025-03-24,2025-03-27,320.0,366.56820839643484
Bi-LSTM,3,2025-03-25,2025-03-28,297.00000000000006,369.9986110925675
Bi-LSTM,3,2025-03-26,2025-03-29,261.00000000000006,357.95979344844824
Bi-LSTM,3,2025-03-27,2025-03-30,214.0,310.62336754798895
Bi-LSTM,3,2025-03-28,2025-03-31,252.00000000000003,275.95767877995974
Bi-LSTM,3,2025-03-29,2025-04-01,206.0,265.92752103507524
Bi-LSTM,3,2025-03-30,2025-04-02,230.0,278.94533830881124
Bi-LSTM,3,2025-03-31,2025-04-03,266.00000000000006,334.43784332275396
Bi-LSTM,3,2025-04-01,2025-04-04,239.0,305.46401333808905
Bi-LSTM,3,2025-04-02,2025-04-05,288.0,247.44208624958995
Bi-LSTM,3,2025-04-03,2025-04-06,173.99999999999997,236.62137509882453
Bi-LSTM,3,2025-04-04,2025-04-07,276.0,239.15915273129943
Bi-LSTM,3,2025-04-05,2025-04-08,246.00000000000006,255.91040363907817
Bi-LSTM,3,2025-04-06,2025-04-09,348.99999999999994,238.202725276351
Bi-LSTM,3,2025-04-07,2025-04-10,346.0,236.72882108390334
Bi-LSTM,3,2025-04-08,2025-04-11,339.0,233.65093369781974
Bi-LSTM,3,2025-04-09,2025-04-12,246.00000000000006,231.9786458462477
Bi-LSTM,3,2025-04-10,2025-04-13,241.0,233.42835542559627
Bi-LSTM,3,2025-04-11,2025-04-14,374.0,272.2186477333308
Bi-LSTM,3,2025-04-12,2025-04-15,314.00000000000006,286.076624467969
Bi-LSTM,3,2025-04-13,2025-04-16,237.0,284.8200661838055
Bi-LSTM,3,2025-04-14,2025-04-17,375.0,313.0732698589564
Bi-LSTM,3,2025-04-15,2025-04-18,370.0,274.00333000719553
Bi-LSTM,3,2025-04-16,2025-04-19,288.0,235.12025450170043
Bi-LSTM,3,2025-04-17,2025-04-20,145.0,225.0384220927954
Bi-LSTM,3,2025-04-18,2025-04-21,242.0,248.66149069368842
Bi-LSTM,3,2025-04-19,2025-04-22,321.0,273.86921519041067
Bi-LSTM,3,2025-04-20,2025-04-23,241.0,280.59069368243223
Bi-LSTM,3,2025-04-21,2025-04-24,271.0,291.2517163306475
Bi-LSTM,3,2025-04-22,2025-04-25,322.0,247.2167903929949
Bi-LSTM,3,2025-04-23,2025-04-26,330.00000000000006,232.31990548968318
Bi-LSTM,3,2025-04-24,2025-04-27,297.00000000000006,214.32310859858993
Bi-LSTM,3,2025-04-25,2025-04-28,376.0,262.84241379797464
Bi-LSTM,3,2025-04-26,2025-04-29,355.0,324.6328800320626
Bi-LSTM,3,2025-04-27,2025-04-30,310.0,291.5467364788056
Bi-LSTM,3,2025-04-28,2025-05-01,224.0,320.1671588122845
Bi-LSTM,3,2025-04-29,2025-05-02,269.0,301.57332485914236
Bi-LSTM,3,2025-04-30,2025-05-03,244.00000000000006,245.01773734390738
Bi-LSTM,3,2025-05-01,2025-05-04,182.0,233.9525044411421
Bi-LSTM,3,2025-05-02,2025-05-05,189.0,212.17090345919135
Bi-LSTM,3,2025-05-03,2025-05-06,195.0,256.9476285278798
Bi-LSTM,3,2025-05-04,2025-05-07,191.99999999999997,283.3762785047293
Bi-LSTM,3,2025-05-05,2025-05-08,271.0,260.7797266989947
Bi-LSTM,3,2025-05-06,2025-05-09,234.00000000000003,235.58593489229682
Bi-LSTM,3,2025-05-07,2025-05-10,191.99999999999997,219.2615475356579
Bi-LSTM,3,2025-05-08,2025-05-11,126.00000000000001,186.81641926616433
Bi-LSTM,3,2025-05-09,2025-05-12,242.99999999999997,223.89842586964372
Bi-LSTM,3,2025-05-10,2025-05-13,237.0,278.71596607565886
Bi-LSTM,3,2025-05-11,2025-05-14,223.0,237.42993757128718
Bi-LSTM,3,2025-05-12,2025-05-15,258.0,232.83717942237857
Bi-LSTM,3,2025-05-13,2025-05-16,220.0,219.0804631263018
Bi-LSTM,3,2025-05-14,2025-05-17,237.0,189.11730060726407
Bi-LSTM,3,2025-05-15,2025-05-18,233.0,186.01875755190852
Bi-LSTM,3,2025-05-16,2025-05-19,358.0,208.87571072578433
Bi-LSTM,3,2025-05-17,2025-05-20,241.0,219.60114417970183
Bi-LSTM,3,2025-05-18,2025-05-21,255.0,217.2486794367433
Bi-LSTM,3,2025-05-19,2025-05-22,257.0,225.97239905595782
Bi-LSTM,3,2025-05-20,2025-05-23,222.0,222.0166812166572
Bi-LSTM,3,2025-05-21,2025-05-24,232.0,207.00983554869893
Bi-LSTM,3,2025-05-22,2025-05-25,194.0,217.99000197649005
Bi-LSTM,3,2025-05-23,2025-05-26,242.0,271.07858052849775
Bi-LSTM,3,2025-05-24,2025-05-27,219.0,263.7742410302163
Bi-LSTM,3,2025-05-25,2025-05-28,286.0,236.07629662752154
Bi-LSTM,3,2025-05-26,2025-05-29,193.00000000000003,235.75977917015555
Bi-LSTM,3,2025-05-27,2025-05-30,268.0,227.59688581526282
Bi-LSTM,3,2025-05-28,2025-05-31,206.0,199.40490891039374
Bi-LSTM,7,2024-05-25,2024-06-01,220.0,197.954083904624
Bi-LSTM,7,2024-05-26,2024-06-02,153.0,178.2425115555525
Bi-LSTM,7,2024-05-27,2024-06-03,229.0,220.26056399941447
Bi-LSTM,7,2024-05-28,2024-06-04,194.0,226.12143016606572
Bi-LSTM,7,2024-05-29,2024-06-05,204.0,225.33924245834353
Bi-LSTM,7,2024-05-30,2024-06-06,164.0,216.99743470549586
Bi-LSTM,7,2024-05-31,2024-06-07,201.00000000000003,207.6852363869548
Bi-LSTM,7,2024-06-01,2024-06-08,198.0,185.5368020758033
Bi-LSTM,7,2024-06-02,2024-06-09,126.00000000000001,175.1675648391247
Bi-LSTM,7,2024-06-03,2024-06-10,163.0,230.32494505494836
Bi-LSTM,7,2024-06-04,2024-06-11,221.0,240.87372538447383
Bi-LSTM,7,2024-06-05,2024-06-12,207.0,238.07733106613162
Bi-LSTM,7,2024-06-06,2024-06-13,203.0,234.93768961727622
Bi-LSTM,7,2024-06-07,2024-06-14,150.0,222.03214508295062
Bi-LSTM,7,2024-06-08,2024-06-15,146.0,206.5782872065902
Bi-LSTM,7,2024-06-09,2024-06-16,176.0,191.85550008714202
Bi-LSTM,7,2024-06-10,2024-06-17,208.99999999999997,243.01155166327956
Bi-LSTM,7,2024-06-11,2024-06-18,175.00000000000003,240.96861775219443
Bi-LSTM,7,2024-06-12,2024-06-19,171.0,234.73634500801566
Bi-LSTM,7,2024-06-13,2024-06-20,179.0,228.8660179972649
Bi-LSTM,7,2024-06-14,2024-06-21,186.0,222.75323784351352
Bi-LSTM,7,2024-06-15,2024-06-22,176.0,210.59825360774997
Bi-LSTM,7,2024-06-16,2024-06-23,153.0,194.67636280506852
Bi-LSTM,7,2024-06-17,2024-06-24,213.0,243.79279632866385
Bi-LSTM,7,2024-06-18,2024-06-25,216.99999999999997,242.70040853321555
Bi-LSTM,7,2024-06-19,2024-06-26,245.00000000000006,242.19929814338687
Bi-LSTM,7,2024-06-20,2024-06-27,203.0,223.2127935290337
Bi-LSTM,7,2024-06-21,2024-06-28,228.0,209.6970904618502
Bi-LSTM,7,2024-06-22,2024-06-29,178.0,202.523620903492
Bi-LSTM,7,2024-06-23,2024-06-30,133.0,189.7417264580727
Bi-LSTM,7,2024-06-24,2024-07-01,219.0,245.5965828150511
Bi-LSTM,7,2024-06-25,2024-07-02,159.0,239.31003950536254
Bi-LSTM,7,2024-06-26,2024-07-03,182.99999999999997,240.04705244302752
Bi-LSTM,7,2024-06-27,2024-07-04,190.0,234.368882983923
Bi-LSTM,7,2024-06-28,2024-07-05,189.0,219.11178632825616
Bi-LSTM,7,2024-06-29,2024-07-06,147.0,211.0561260133982
Bi-LSTM,7,2024-06-30,2024-07-07,158.0,199.94887195527556
Bi-LSTM,7,2024-07-01,2024-07-08,190.0,246.14729925990108
Bi-LSTM,7,2024-07-02,2024-07-09,207.0,243.35049933195117
Bi-LSTM,7,2024-07-03,2024-07-10,256.0,240.81606797873977
Bi-LSTM,7,2024-07-04,2024-07-11,173.99999999999997,249.97974219918254
Bi-LSTM,7,2024-07-05,2024-07-12,177.0,238.74985207617286
Bi-LSTM,7,2024-07-06,2024-07-13,167.0,227.2802973762155
Bi-LSTM,7,2024-07-07,2024-07-14,134.0,205.63249686360362
Bi-LSTM,7,2024-07-08,2024-07-15,179.0,255.95974604785445
Bi-LSTM,7,2024-07-09,2024-07-16,188.0,254.0609252303839
Bi-LSTM,7,2024-07-10,2024-07-17,187.0,253.34622082114223
Bi-LSTM,7,2024-07-11,2024-07-18,225.99999999999997,244.66548568010333
Bi-LSTM,7,2024-07-12,2024-07-19,173.0,227.06338749825957
Bi-LSTM,7,2024-07-13,2024-07-20,187.0,198.73992209881547
Bi-LSTM,7,2024-07-14,2024-07-21,156.0,179.67263019084933
Bi-LSTM,7,2024-07-15,2024-07-22,198.0,226.3897206410766
Bi-LSTM,7,2024-07-16,2024-07-23,230.0,226.65629741549495
Bi-LSTM,7,2024-07-17,2024-07-24,252.00000000000003,222.5058565437794
Bi-LSTM,7,2024-07-18,2024-07-25,206.0,212.4956446513534
Bi-LSTM,7,2024-07-19,2024-07-26,173.0,199.99142040312293
Bi-LSTM,7,2024-07-20,2024-07-27,185.0,186.18201541900638
Bi-LSTM,7,2024-07-21,2024-07-28,156.0,171.74374315887692
Bi-LSTM,7,2024-07-22,2024-07-29,199.99999999999997,212.80189004540446
Bi-LSTM,7,2024-07-23,2024-07-30,244.00000000000006,218.51591539382937
Bi-LSTM,7,2024-07-24,2024-07-31,184.00000000000003,220.1506742164493
Bi-LSTM,7,2024-07-25,2024-08-01,265.00000000000006,220.45170752704146
Bi-LSTM,7,2024-07-26,2024-08-02,197.0,210.1219969466329
Bi-LSTM,7,2024-07-27,2024-08-03,195.0,206.95150888711217
Bi-LSTM,7,2024-07-28,2024-08-04,169.0,199.24876949191096
Bi-LSTM,7,2024-07-29,2024-08-05,215.0,252.9273680597544
Bi-LSTM,7,2024-07-30,2024-08-06,165.0,260.5812619179488
Bi-LSTM,7,2024-07-31,2024-08-07,205.0,251.3392442017794
Bi-LSTM,7,2024-08-01,2024-08-08,245.00000000000006,252.35568159818652
Bi-LSTM,7,2024-08-02,2024-08-09,313.00000000000006,245.60757483541968
Bi-LSTM,7,2024-08-03,2024-08-10,194.0,231.8584839999676
Bi-LSTM,7,2024-08-04,2024-08-11,190.99999999999997,221.67646601796153
Bi-LSTM,7,2024-08-05,2024-08-12,259.0,264.59507319331175
Bi-LSTM,7,2024-08-06,2024-08-13,260.0,266.29159621894365
Bi-LSTM,7,2024-08-07,2024-08-14,221.0,267.1214126348496
Bi-LSTM,7,2024-08-08,2024-08-15,249.00000000000003,267.66389520466333
Bi-LSTM,7,2024-08-09,2024-08-16,455.0,264.3949048519135
Bi-LSTM,7,2024-08-10,2024-08-17,185.0,238.41279049217704
Bi-LSTM,7,2024-08-11,2024-08-18,172.0,215.90942749381068
Bi-LSTM,7,2024-08-12,2024-08-19,199.0,250.54759564995769
Bi-LSTM,7,2024-08-13,2024-08-20,274.0,243.66513070464137
Bi-LSTM,7,2024-08-14,2024-08-21,238.0,244.55114433169368
Bi-LSTM,7,2024-08-15,2024-08-22,197.0,256.0984645336867
Bi-LSTM,7,2024-08-16,2024-08-23,214.0,263.43440102040773
Bi-LSTM,7,2024-08-17,2024-08-24,264.00000000000006,264.3319745212794
Bi-LSTM,7,2024-08-18,2024-08-25,182.99999999999997,263.44598117470747
Bi-LSTM,7,2024-08-19,2024-08-26,247.00000000000003,287.11857470870024
Bi-LSTM,7,2024-08-20,2024-08-27,220.0,292.4653611183167
Bi-LSTM,7,2024-08-21,2024-08-28,225.0,293.85120746493345
Bi-LSTM,7,2024-08-22,2024-08-29,228.0,294.17386990785604
Bi-LSTM,7,2024-08-23,2024-08-30,190.99999999999997,297.0388933718205
Bi-LSTM,7,2024-08-24,2024-08-31,178.0,290.2456828206778
Bi-LSTM,7,2024-08-25,2024-09-01,229.0,297.72275117039686
Bi-LSTM,7,2024-08-26,2024-09-02,215.0,306.9195028543473
Bi-LSTM,7,2024-08-27,2024-09-03,279.00000000000006,304.86283905804163
Bi-LSTM,7,2024-08-28,2024-09-04,268.0,286.1507901847363
Bi-LSTM,7,2024-08-29,2024-09-05,216.99999999999997,279.36031749844557
Bi-LSTM,7,2024-08-30,2024-09-06,224.0,274.3185089528561
Bi-LSTM,7,2024-08-31,2024-09-07,252.00000000000003,270.00704106688505
Bi-LSTM,7,2024-09-01,2024-09-08,274.0,267.6634287536145
Bi-LSTM,7,2024-09-02,2024-09-09,225.0,303.80340704321867
Bi-LSTM,7,2024-09-03,2024-09-10,237.0,327.3045899569989
Bi-LSTM,7,2024-09-04,2024-09-11,251.00000000000003,354.6729359924794
Bi-LSTM,7,2024-09-05,2024-09-12,233.0,364.26929426193243
Bi-LSTM,7,2024-09-06,2024-09-13,211.0,310.1598774492741
Bi-LSTM,7,2024-09-07,2024-09-14,180.0,270.6523862332106
Bi-LSTM,7,2024-09-08,2024-09-15,162.0,259.3942251205445
Bi-LSTM,7,2024-09-09,2024-09-16,265.00000000000006,301.7538819760085
Bi-LSTM,7,2024-09-10,2024-09-17,241.0,327.2422477602959
Bi-LSTM,7,2024-09-11,2024-09-18,314.00000000000006,345.3126425147057
Bi-LSTM,7,2024-09-12,2024-09-19,207.0,307.77803643047815
Bi-LSTM,7,2024-09-13,2024-09-20,245.00000000000006,276.09463286399847
Bi-LSTM,7,2024-09-14,2024-09-21,185.0,263.21129545569426
Bi-LSTM,7,2024-09-15,2024-09-22,144.0,259.894220083952
Bi-LSTM,7,2024-09-16,2024-09-23,210.00000000000003,314.24588723480707
Bi-LSTM,7,2024-09-17,2024-09-24,189.0,384.0493537932635
Bi-LSTM,7,2024-09-18,2024-09-25,269.0,307.4207146465779
Bi-LSTM,7,2024-09-19,2024-09-26,221.0,275.98866735398775
Bi-LSTM,7,2024-09-20,2024-09-27,230.0,273.20507001876837
Bi-LSTM,7,2024-09-21,2024-09-28,356.0,273.62759354710585
Bi-LSTM,7,2024-09-22,2024-09-29,225.0,265.4540326595307
Bi-LSTM,7,2024-09-23,2024-09-30,273.0,303.2791769057513
Bi-LSTM,7,2024-09-24,2024-10-01,252.00000000000003,301.1711020916701
Bi-LSTM,7,2024-09-25,2024-10-02,219.0,299.6607741564513
Bi-LSTM,7,2024-09-26,2024-10-03,238.0,306.02215243875986
Bi-LSTM,7,2024-09-27,2024-10-04,278.00000000000006,314.81331479549414
Bi-LSTM,7,2024-09-28,2024-10-05,289.0,306.29271432757383
Bi-LSTM,7,2024-09-29,2024-10-06,203.0,266.43220078945166
Bi-LSTM,7,2024-09-30,2024-10-07,514.0,306.56950232386595
Bi-LSTM,7,2024-10-01,2024-10-08,636.0,318.5774530768395
Bi-LSTM,7,2024-10-02,2024-10-09,529.0,330.69059868156916
Bi-LSTM,7,2024-10-03,2024-10-10,1059.0,320.4906324744225
Bi-LSTM,7,2024-10-04,2024-10-11,1127.0,304.2873601466418
Bi-LSTM,7,2024-10-05,2024-10-12,682.0,311.94699338078505
Bi-LSTM,7,2024-10-06,2024-10-13,367.00000000000006,295.16010966897016
Bi-LSTM,7,2024-10-07,2024-10-14,521.0,348.100397348404
Bi-LSTM,7,2024-10-08,2024-10-15,389.0,486.226936519146
Bi-LSTM,7,2024-10-09,2024-10-16,471.00000000000006,620.4475768506528
Bi-LSTM,7,2024-10-10,2024-10-17,506.0,717.930289208889
Bi-LSTM,7,2024-10-11,2024-10-18,533.0,784.0933284163475
Bi-LSTM,7,2024-10-12,2024-10-19,470.00000000000006,814.8509483337402
Bi-LSTM,7,2024-10-13,2024-10-20,353.0,797.854932308197
Bi-LSTM,7,2024-10-14,2024-10-21,391.0,774.9375027418137
Bi-LSTM,7,2024-10-15,2024-10-22,482.0,501.31403204798704
Bi-LSTM,7,2024-10-16,2024-10-23,489.0,337.28118695318705
Bi-LSTM,7,2024-10-17,2024-10-24,491.0,343.90197286009794
Bi-LSTM,7,2024-10-18,2024-10-25,521.0,392.36404654383665
Bi-LSTM,7,2024-10-19,2024-10-26,264.00000000000006,427.10033166408545
Bi-LSTM,7,2024-10-20,2024-10-27,433.0,404.00747594237333
Bi-LSTM,7,2024-10-21,2024-10-28,327.0,441.4215145707131
Bi-LSTM,7,2024-10-22,2024-10-29,362.0,403.4904048144818
Bi-LSTM,7,2024-10-23,2024-10-30,316.00000000000006,454.90803402662283
Bi-LSTM,7,2024-10-24,2024-10-31,265.00000000000006,546.1088675856591
Bi-LSTM,7,2024-10-25,2024-11-01,228.0,482.36577641963964
Bi-LSTM,7,2024-10-26,2024-11-02,272.0,377.7775138318539
Bi-LSTM,7,2024-10-27,2024-11-03,210.00000000000003,307.41943697631365
Bi-LSTM,7,2024-10-28,2024-11-04,344.0,339.6039914935828
Bi-LSTM,7,2024-10-29,2024-11-05,468.99999999999994,372.9904281198979
Bi-LSTM,7,2024-10-30,2024-11-06,338.0,371.3974775075913
Bi-LSTM,7,2024-10-31,2024-11-07,358.0,360.50288456678396
Bi-LSTM,7,2024-11-01,2024-11-08,515.0,353.53459262847906
Bi-LSTM,7,2024-11-02,2024-11-09,335.0,319.85222323238855
Bi-LSTM,7,2024-11-03,2024-11-10,257.0,299.07687884569174
Bi-LSTM,7,2024-11-04,2024-11-11,378.0,378.2806522697211
Bi-LSTM,7,2024-11-05,2024-11-12,306.0,490.9393900632859
Bi-LSTM,7,2024-11-06,2024-11-13,310.0,530.8322712481022
Bi-LSTM,7,2024-11-07,2024-11-14,308.0,592.1086070239545
Bi-LSTM,7,2024-11-08,2024-11-15,351.00000000000006,532.9283805787563
Bi-LSTM,7,2024-11-09,2024-11-16,343.0,524.0489778518677
Bi-LSTM,7,2024-11-10,2024-11-17,288.0,466.4021990895272
Bi-LSTM,7,2024-11-11,2024-11-18,432.0,460.662863701582
Bi-LSTM,7,2024-11-12,2024-11-19,465.0,489.0490059256554
Bi-LSTM,7,2024-11-13,2024-11-20,335.0,452.63459217548376
Bi-LSTM,7,2024-11-14,2024-11-21,638.0,381.40763869881636
Bi-LSTM,7,2024-11-15,2024-11-22,533.0,359.79274326562887
Bi-LSTM,7,2024-11-16,2024-11-23,427.0,342.495298460126
Bi-LSTM,7,2024-11-17,2024-11-24,305.0,322.997928544879
Bi-LSTM,7,2024-11-18,2024-11-25,342.0,398.2230773270131
Bi-LSTM,7,2024-11-19,2024-11-26,441.0,450.58119353652006
Bi-LSTM,7,2024-11-20,2024-11-27,281.00000000000006,581.3460805714132
Bi-LSTM,7,2024-11-21,2024-11-28,325.0,614.8160524964334
Bi-LSTM,7,2024-11-22,2024-11-29,282.00000000000006,513.8158936202526
Bi-LSTM,7,2024-11-23,2024-11-30,232.0,421.7760971486569
Bi-LSTM,7,2024-11-24,2024-12-01,272.0,350.00347706675535
Bi-LSTM,7,2024-11-25,2024-12-02,326.0,359.406035065651
Bi-LSTM,7,2024-11-26,2024-12-03,346.0,376.7275528013707
Bi-LSTM,7,2024-11-27,2024-12-04,295.00000000000006,349.42779535055166
Bi-LSTM,7,2024-11-28,2024-12-05,312.00000000000006,344.832664385438
Bi-LSTM,7,2024-11-29,2024-12-06,467.99999999999994,341.03816622495657
Bi-LSTM,7,2024-11-30,2024-12-07,249.00000000000003,313.32192882895475
Bi-LSTM,7,2024-12-01,2024-12-08,302.0,283.995279327035
Bi-LSTM,7,2024-12-02,2024-12-09,370.0,326.02683857083326
Bi-LSTM,7,2024-12-03,2024-12-10,459.0,318.8332507759333
Bi-LSTM,7,2024-12-04,2024-12-11,404.0,302.2903209626675
Bi-LSTM,7,2024-12-05,2024-12-12,328.0,295.740435615182
Bi-LSTM,7,2024-12-06,2024-12-13,398.99999999999994,276.07062077522284
Bi-LSTM,7,2024-12-07,2024-12-14,481.0,265.54736343026167
Bi-LSTM,7,2024-12-08,2024-12-15,369.00000000000006,274.84426012635237
Bi-LSTM,7,2024-12-09,2024-12-16,439.0,334.50176739692694
Bi-LSTM,7,2024-12-10,2024-12-17,400.99999999999994,336.2067473828793
Bi-LSTM,7,2024-12-11,2024-12-18,321.0,336.7966254353524
Bi-LSTM,7,2024-12-12,2024-12-19,581.0,314.64571690559393
Bi-LSTM,7,2024-12-13,2024-12-20,376.0,286.8171864897013
Bi-LSTM,7,2024-12-14,2024-12-21,420.00000000000006,268.92483407258993
Bi-LSTM,7,2024-12-15,2024-12-22,299.00000000000006,269.02542525529867
Bi-LSTM,7,2024-12-16,2024-12-23,359.0,321.4978828132153
Bi-LSTM,7,2024-12-17,2024-12-24,615.0,373.14969073235994
Bi-LSTM,7,2024-12-18,2024-12-25,380.0,316.49697999656206
Bi-LSTM,7,2024-12-19,2024-12-26,440.0,275.99041147530085
Bi-LSTM,7,2024-12-20,2024-12-27,419.00000000000006,252.792117536068
Bi-LSTM,7,2024-12-21,2024-12-28,255.0,253.4550458788872
Bi-LSTM,7,2024-12-22,2024-12-29,267.0,267.5642572045327
Bi-LSTM,7,2024-12-23,2024-12-30,520.0,334.9757830649615
Bi-LSTM,7,2024-12-24,2024-12-31,443.0,378.7322985678912
Bi-LSTM,7,2024-12-25,2025-01-01,255.0,354.28872229158884
Bi-LSTM,7,2024-12-26,2025-01-02,311.0,355.803653895855
Bi-LSTM,7,2024-12-27,2025-01-03,309.0,339.62571188807493
Bi-LSTM,7,2024-12-28,2025-01-04,279.00000000000006,316.3500073552132
Bi-LSTM,7,2024-12-29,2025-01-05,343.0,306.68070019781595
Bi-LSTM,7,2024-12-30,2025-01-06,453.00000000000006,333.09726300835615
Bi-LSTM,7,2024-12-31,2025-01-07,356.0,338.00720787048346
Bi-LSTM,7,2025-01-01,2025-01-08,374.0,318.52125586569315
Bi-LSTM,7,2025-01-02,2025-01-09,409.0,316.6209342926741
Bi-LSTM,7,2025-01-03,2025-01-10,347.99999999999994,307.89166796207434
Bi-LSTM,7,2025-01-04,2025-01-11,289.0,291.46245080232626
Bi-LSTM,7,2025-01-05,2025-01-12,252.00000000000003,301.5644622892142
Bi-LSTM,7,2025-01-06,2025-01-13,346.0,359.8643739223481
Bi-LSTM,7,2025-01-07,2025-01-14,419.00000000000006,384.595040678978
Bi-LSTM,7,2025-01-08,2025-01-15,374.0,376.4028420299292
Bi-LSTM,7,2025-01-09,2025-01-16,316.00000000000006,362.0216086208821
Bi-LSTM,7,2025-01-10,2025-01-17,338.0,344.69039681553846
Bi-LSTM,7,2025-01-11,2025-01-18,305.0,327.1932298392058
Bi-LSTM,7,2025-01-12,2025-01-19,313.00000000000006,300.08558937907225
Bi-LSTM,7,2025-01-13,2025-01-20,358.0,354.380430623889
Bi-LSTM,7,2025-01-14,2025-01-21,398.0,358.0004963725806
Bi-LSTM,7,2025-01-15,2025-01-22,734.0000000000001,346.8404116630555
Bi-LSTM,7,2025-01-16,2025-01-23,1017.0,341.6693961769343
Bi-LSTM,7,2025-01-17,2025-01-24,550.0,329.9811874777079
Bi-LSTM,7,2025-01-18,2025-01-25,340.0,333.7392618954182
Bi-LSTM,7,2025-01-19,2025-01-26,247.00000000000003,329.9095365405083
Bi-LSTM,7,2025-01-20,2025-01-27,357.0,401.3911722898484
Bi-LSTM,7,2025-01-21,2025-01-28,334.00000000000006,400.8069524914027
Bi-LSTM,7,2025-01-22,2025-01-29,483.0,392.9553036689759
Bi-LSTM,7,2025-01-23,2025-01-30,365.99999999999994,389.5086360275746
Bi-LSTM,7,2025-01-24,2025-01-31,474.0,386.9263224601746
Bi-LSTM,7,2025-01-25,2025-02-01,290.0,385.6605771183968
Bi-LSTM,7,2025-01-26,2025-02-02,333.00000000000006,360.4401367604733
Bi-LSTM,7,2025-01-27,2025-02-03,289.0,371.0841846466065
Bi-LSTM,7,2025-01-28,2025-02-04,346.0,353.13214677572256
Bi-LSTM,7,2025-01-29,2025-02-05,269.0,358.5160059034825
Bi-LSTM,7,2025-01-30,2025-02-06,228.0,374.93414992094046
Bi-LSTM,7,2025-01-31,2025-02-07,199.0,338.57996919751173
Bi-LSTM,7,2025-02-01,2025-02-08,289.0,315.4935221076012
Bi-LSTM,7,2025-02-02,2025-02-09,219.0,279.0077007859946
Bi-LSTM,7,2025-02-03,2025-02-10,275.0,325.01492372155195
Bi-LSTM,7,2025-02-04,2025-02-11,383.99999999999994,315.25693002343183
Bi-LSTM,7,2025-02-05,2025-02-12,319.0,304.82497540116316
Bi-LSTM,7,2025-02-06,2025-02-13,310.0,297.6083084195853
Bi-LSTM,7,2025-02-07,2025-02-14,297.00000000000006,292.2688635438681
Bi-LSTM,7,2025-02-08,2025-02-15,325.0,271.35194112360483
Bi-LSTM,7,2025-02-09,2025-02-16,281.00000000000006,262.73054666817194
Bi-LSTM,7,2025-02-10,2025-02-17,350.00000000000006,306.5016438364983
Bi-LSTM,7,2025-02-11,2025-02-18,285.0,330.30524927377706
Bi-LSTM,7,2025-02-12,2025-02-19,273.0,331.6909536570311
Bi-LSTM,7,2025-02-13,2025-02-20,251.00000000000003,326.2856783419848
Bi-LSTM,7,2025-02-14,2025-02-21,237.0,309.03311423957354
Bi-LSTM,7,2025-02-15,2025-02-22,220.0,286.56562741100794
Bi-LSTM,7,2025-02-16,2025-02-23,156.0,264.59265981614595
Bi-LSTM,7,2025-02-17,2025-02-24,374.0,327.09614717960363
Bi-LSTM,7,2025-02-18,2025-02-25,378.0,336.2448949664832
Bi-LSTM,7,2025-02-19,2025-02-26,305.0,319.36944639682775
Bi-LSTM,7,2025-02-20,2025-02-27,302.0,309.6355864703656
Bi-LSTM,7,2025-02-21,2025-02-28,227.00000000000003,293.9765205532313
Bi-LSTM,7,2025-02-22,2025-03-01,287.0,287.40365742146975
Bi-LSTM,7,2025-02-23,2025-03-02,189.0,274.2978025823832
Bi-LSTM,7,2025-02-24,2025-03-03,206.0,331.6964699476958
Bi-LSTM,7,2025-02-25,2025-03-04,273.0,337.5339831411839
Bi-LSTM,7,2025-02-26,2025-03-05,321.0,330.4554667919875
Bi-LSTM,7,2025-02-27,2025-03-06,270.0,331.2403011023999
Bi-LSTM,7,2025-02-28,2025-03-07,323.0,302.8167008310557
Bi-LSTM,7,2025-03-01,2025-03-08,182.0,261.69054335355764
Bi-LSTM,7,2025-03-02,2025-03-09,156.0,249.90123645961287
Bi-LSTM,7,2025-03-03,2025-03-10,257.0,283.6262557059527
Bi-LSTM,7,2025-03-04,2025-03-11,341.0,277.0826167464257
Bi-LSTM,7,2025-03-05,2025-03-12,380.0,263.93384841084486
Bi-LSTM,7,2025-03-06,2025-03-13,405.0,266.89706996083265
Bi-LSTM,7,2025-03-07,2025-03-14,1022.0,267.4722852259875
Bi-LSTM,7,2025-03-08,2025-03-15,417.99999999999994,267.81222663819796
Bi-LSTM,7,2025-03-09,2025-03-16,191.99999999999997,266.3091388344765
Bi-LSTM,7,2025-03-10,2025-03-17,272.0,297.2688942998648
Bi-LSTM,7,2025-03-11,2025-03-18,319.0,294.42062251269823
Bi-LSTM,7,2025-03-12,2025-03-19,388.0,300.8165992945433
Bi-LSTM,7,2025-03-13,2025-03-20,440.0,303.88173025846487
Bi-LSTM,7,2025-03-14,2025-03-21,364.99999999999994,312.34834408760076
Bi-LSTM,7,2025-03-15,2025-03-22,347.0,303.8989281058312
Bi-LSTM,7,2025-03-16,2025-03-23,294.0,269.6642806679011
Bi-LSTM,7,2025-03-17,2025-03-24,328.0,311.62471626698976
Bi-LSTM,7,2025-03-18,2025-03-25,323.0,297.7949091196061
Bi-LSTM,7,2025-03-19,2025-03-26,351.00000000000006,291.7076823711396
Bi-LSTM,7,2025-03-20,2025-03-27,320.0,296.0686751902104
Bi-LSTM,7,2025-03-21,2025-03-28,297.00000000000006,332.26085543632513
Bi-LSTM,7,2025-03-22,2025-03-29,261.00000000000006,301.3173040747643
Bi-LSTM,7,2025-03-23,2025-03-30,214.0,264.61861883103853
Bi-LSTM,7,2025-03-24,2025-03-31,252.00000000000003,320.6346238851548
Bi-LSTM,7,2025-03-25,2025-04-01,206.0,316.6137752830983
Bi-LSTM,7,2025-03-26,2025-04-02,230.0,312.2082465291024
Bi-LSTM,7,2025-03-27,2025-04-03,266.00000000000006,313.4381765425206
Bi-LSTM,7,2025-03-28,2025-04-04,239.0,295.1490770876408
Bi-LSTM,7,2025-03-29,2025-04-05,288.0,278.7213606834412
Bi-LSTM,7,2025-03-30,2025-04-06,173.99999999999997,258.82410025596624
Bi-LSTM,7,2025-03-31,2025-04-07,276.0,308.7828328311444
Bi-LSTM,7,2025-04-01,2025-04-08,246.00000000000006,291.0935083031655
Bi-LSTM,7,2025-04-02,2025-04-09,348.99999999999994,284.98683257400995
Bi-LSTM,7,2025-04-03,2025-04-10,346.0,290.29721552133566
Bi-LSTM,7,2025-04-04,2025-04-11,339.0,272.969268873334
Bi-LSTM,7,2025-04-05,2025-04-12,246.00000000000006,260.3054676651955
Bi-LSTM,7,2025-04-06,2025-04-13,241.0,243.18186713755134
Bi-LSTM,7,2025-04-07,2025-04-14,374.0,264.0284365713597
Bi-LSTM,7,2025-04-08,2025-04-15,314.00000000000006,268.9001527279616
Bi-LSTM,7,2025-04-09,2025-04-16,237.0,269.52118159830576
Bi-LSTM,7,2025-04-10,2025-04-17,375.0,269.77298404276377
Bi-LSTM,7,2025-04-11,2025-04-18,370.0,262.03016027808195
Bi-LSTM,7,2025-04-12,2025-04-19,288.0,253.56543253362182
Bi-LSTM,7,2025-04-13,2025-04-20,145.0,244.0861129164696
Bi-LSTM,7,2025-04-14,2025-04-21,242.0,262.73991625010973
Bi-LSTM,7,2025-04-15,2025-04-22,321.0,259.8398481160403
Bi-LSTM,7,2025-04-16,2025-04-23,241.0,255.8361973613501
Bi-LSTM,7,2025-04-17,2025-04-24,271.0,251.41975770890716
Bi-LSTM,7,2025-04-18,2025-04-25,322.0,244.1593457311392
Bi-LSTM,7,2025-04-19,2025-04-26,330.00000000000006,231.43527093529704
Bi-LSTM,7,2025-04-20,2025-04-27,297.00000000000006,225.09303742647174
Bi-LSTM,7,2025-04-21,2025-04-28,376.0,261.76525664329534
Bi-LSTM,7,2025-04-22,2025-04-29,355.0,255.81970933079722
Bi-LSTM,7,2025-04-23,2025-04-30,310.0,252.771776214242
Bi-LSTM,7,2025-04-24,2025-05-01,224.0,254.68317092955115
Bi-LSTM,7,2025-04-25,2025-05-02,269.0,256.8835624903441
Bi-LSTM,7,2025-04-26,2025-05-03,244.00000000000006,248.47637046873572
Bi-LSTM,7,2025-04-27,2025-05-04,182.0,231.4131550714374
Bi-LSTM,7,2025-04-28,2025-05-05,189.0,278.98877909779554
Bi-LSTM,7,2025-04-29,2025-05-06,195.0,292.8474048078061
Bi-LSTM,7,2025-04-30,2025-05-07,191.99999999999997,286.15890237689024
Bi-LSTM,7,2025-05-01,2025-05-08,271.0,261.1324448138476
Bi-LSTM,7,2025-05-02,2025-05-09,234.00000000000003,248.49490682780745
Bi-LSTM,7,2025-05-03,2025-05-10,191.99999999999997,243.450989112258
Bi-LSTM,7,2025-05-04,2025-05-11,126.00000000000001,230.77168347686532
Bi-LSTM,7,2025-05-05,2025-05-12,242.99999999999997,257.79480503499514
Bi-LSTM,7,2025-05-06,2025-05-13,237.0,257.68052452802664
Bi-LSTM,7,2025-05-07,2025-05-14,223.0,257.1360747516156
Bi-LSTM,7,2025-05-08,2025-05-15,258.0,256.12255774438387
Bi-LSTM,7,2025-05-09,2025-05-16,220.0,252.5738387256861
Bi-LSTM,7,2025-05-10,2025-05-17,237.0,245.202695325017
Bi-LSTM,7,2025-05-11,2025-05-18,233.0,217.62501417100432
Bi-LSTM,7,2025-05-12,2025-05-19,358.0,251.5033741295338
Bi-LSTM,7,2025-05-13,2025-05-20,241.0,248.60156187415126
Bi-LSTM,7,2025-05-14,2025-05-21,255.0,242.00462581217292
Bi-LSTM,7,2025-05-15,2025-05-22,257.0,238.83608467876914
Bi-LSTM,7,2025-05-16,2025-05-23,222.0,223.79423490166667
Bi-LSTM,7,2025-05-17,2025-05-24,232.0,210.5023674964905
Bi-LSTM,7,2025-05-18,2025-05-25,194.0,199.1843079850078
Bi-LSTM,7,2025-05-19,2025-05-26,242.0,251.63692109286788
Bi-LSTM,7,2025-05-20,2025-05-27,219.0,255.99799503386024
Bi-LSTM,7,2025-05-21,2025-05-28,286.0,256.26504839956766
Bi-LSTM,7,2025-05-22,2025-05-29,193.00000000000003,255.06393694877627
Bi-LSTM,7,2025-05-23,2025-05-30,268.0,246.81578445434573
Bi-LSTM,7,2025-05-24,2025-05-31,206.0,226.2708973065019
Bi-LSTM,14,2024-05-18,2024-06-01,220.0,180.02013622224334
Bi-LSTM,14,2024-05-19,2024-06-02,153.0,171.76295891404155
Bi-LSTM,14,2024-05-20,2024-06-03,229.0,213.51072325557473
Bi-LSTM,14,2024-05-21,2024-06-04,194.0,214.25597006827596
Bi-LSTM,14,2024-05-22,2024-06-05,204.0,211.6427389085293
Bi-LSTM,14,2024-05-23,2024-06-06,164.0,204.31059487164023
Bi-LSTM,14,2024-05-24,2024-06-07,201.00000000000003,198.39439341425899
Bi-LSTM,14,2024-05-25,2024-06-08,198.0,187.68704000860455
Bi-LSTM,14,2024-05-26,2024-06-09,126.00000000000001,175.56142190843823
Bi-LSTM,14,2024-05-27,2024-06-10,163.0,224.0071292445064
Bi-LSTM,14,2024-05-28,2024-06-11,221.0,227.39825879037383
Bi-LSTM,14,2024-05-29,2024-06-12,207.0,225.14874790608886
Bi-LSTM,14,2024-05-30,2024-06-13,203.0,219.94231256097558
Bi-LSTM,14,2024-05-31,2024-06-14,150.0,213.62441562861207
Bi-LSTM,14,2024-06-01,2024-06-15,146.0,192.08549087494615
Bi-LSTM,14,2024-06-02,2024-06-16,176.0,176.46683381497863
Bi-LSTM,14,2024-06-03,2024-06-17,208.99999999999997,225.281138882041
Bi-LSTM,14,2024-06-04,2024-06-18,175.00000000000003,228.70249648392203
Bi-LSTM,14,2024-06-05,2024-06-19,171.0,224.00581101328137
Bi-LSTM,14,2024-06-06,2024-06-20,179.0,219.47465482354167
Bi-LSTM,14,2024-06-07,2024-06-21,186.0,207.3446764200926
Bi-LSTM,14,2024-06-08,2024-06-22,176.0,194.53599146008494
Bi-LSTM,14,2024-06-09,2024-06-23,153.0,180.34274796396497
Bi-LSTM,14,2024-06-10,2024-06-24,213.0,232.3385939523578
Bi-LSTM,14,2024-06-11,2024-06-25,216.99999999999997,229.5810874551535
Bi-LSTM,14,2024-06-12,2024-06-26,245.00000000000006,225.78955024480823
Bi-LSTM,14,2024-06-13,2024-06-27,203.0,216.91913177073005
Bi-LSTM,14,2024-06-14,2024-06-28,228.0,202.21089589595798
Bi-LSTM,14,2024-06-15,2024-06-29,178.0,180.98674447834495
Bi-LSTM,14,2024-06-16,2024-06-30,133.0,162.01389876753092
Bi-LSTM,14,2024-06-17,2024-07-01,219.0,207.9905285984278
Bi-LSTM,14,2024-06-18,2024-07-02,159.0,206.33605714887383
Bi-LSTM,14,2024-06-19,2024-07-03,182.99999999999997,199.88845640420917
Bi-LSTM,14,2024-06-20,2024-07-04,190.0,181.01211535930636
Bi-LSTM,14,2024-06-21,2024-07-05,189.0,164.74569975584745
Bi-LSTM,14,2024-06-22,2024-07-06,147.0,153.86683432757854
Bi-LSTM,14,2024-06-23,2024-07-07,158.0,145.50029452890158
Bi-LSTM,14,2024-06-24,2024-07-08,190.0,203.78355588763955
Bi-LSTM,14,2024-06-25,2024-07-09,207.0,202.9437209144235
Bi-LSTM,14,2024-06-26,2024-07-10,256.0,204.66688235104087
Bi-LSTM,14,2024-06-27,2024-07-11,173.99999999999997,201.44855263829234
Bi-LSTM,14,2024-06-28,2024-07-12,177.0,189.2912767082453
Bi-LSTM,14,2024-06-29,2024-07-13,167.0,183.69643974304202
Bi-LSTM,14,2024-06-30,2024-07-14,134.0,174.19028905034068
Bi-LSTM,14,2024-07-01,2024-07-15,179.0,227.40045922249558
Bi-LSTM,14,2024-07-02,2024-07-16,188.0,227.02623365819457
Bi-LSTM,14,2024-07-03,2024-07-17,187.0,221.97262187302115
Bi-LSTM,14,2024-07-04,2024-07-18,225.99999999999997,223.73567501455548
Bi-LSTM,14,2024-07-05,2024-07-19,173.0,211.69735424220565
Bi-LSTM,14,2024-07-06,2024-07-20,187.0,204.62759906053546
Bi-LSTM,14,2024-07-07,2024-07-21,156.0,189.89963027834895
Bi-LSTM,14,2024-07-08,2024-07-22,198.0,236.65410779416564
Bi-LSTM,14,2024-07-09,2024-07-23,230.0,236.74636369943622
Bi-LSTM,14,2024-07-10,2024-07-24,252.00000000000003,236.22491198778155
Bi-LSTM,14,2024-07-11,2024-07-25,206.0,232.32756137102845
Bi-LSTM,14,2024-07-12,2024-07-26,173.0,220.1151123940945
Bi-LSTM,14,2024-07-13,2024-07-27,185.0,193.51146215200427
Bi-LSTM,14,2024-07-14,2024-07-28,156.0,176.78051200509074
Bi-LSTM,14,2024-07-15,2024-07-29,199.99999999999997,222.83174358308318
Bi-LSTM,14,2024-07-16,2024-07-30,244.00000000000006,224.1146969124675
Bi-LSTM,14,2024-07-17,2024-07-31,184.00000000000003,219.0395371168852
Bi-LSTM,14,2024-07-18,2024-08-01,265.00000000000006,208.79365590214732
Bi-LSTM,14,2024-07-19,2024-08-02,197.0,192.0978518277407
Bi-LSTM,14,2024-07-20,2024-08-03,195.0,174.23079930990937
Bi-LSTM,14,2024-07-21,2024-08-04,169.0,162.45548594743013
Bi-LSTM,14,2024-07-22,2024-08-05,215.0,212.1688247099519
Bi-LSTM,14,2024-07-23,2024-08-06,165.0,227.26554332673552
Bi-LSTM,14,2024-07-24,2024-08-07,205.0,228.57145415991548
Bi-LSTM,14,2024-07-25,2024-08-08,245.00000000000006,223.64586290717128
Bi-LSTM,14,2024-07-26,2024-08-09,313.00000000000006,207.56119082868102
Bi-LSTM,14,2024-07-27,2024-08-10,194.0,195.79717369377616
Bi-LSTM,14,2024-07-28,2024-08-11,190.99999999999997,178.69052764773372
Bi-LSTM,14,2024-07-29,2024-08-12,259.0,230.4585528597236
Bi-LSTM,14,2024-07-30,2024-08-13,260.0,239.56401196122172
Bi-LSTM,14,2024-07-31,2024-08-14,221.0,227.94664297997954
Bi-LSTM,14,2024-08-01,2024-08-15,249.00000000000003,235.21717491745952
Bi-LSTM,14,2024-08-02,2024-08-16,455.0,229.53037611395123
Bi-LSTM,14,2024-08-03,2024-08-17,185.0,221.13244213163856
Bi-LSTM,14,2024-08-04,2024-08-18,172.0,212.59782785177234
Bi-LSTM,14,2024-08-05,2024-08-19,199.0,257.20709699392324
Bi-LSTM,14,2024-08-06,2024-08-20,274.0,258.97297926247126
Bi-LSTM,14,2024-08-07,2024-08-21,238.0,259.03925587236887
Bi-LSTM,14,2024-08-08,2024-08-22,197.0,259.40272264182573
Bi-LSTM,14,2024-08-09,2024-08-23,214.0,255.34946583211425
Bi-LSTM,14,2024-08-10,2024-08-24,264.00000000000006,238.32574667036536
Bi-LSTM,14,2024-08-11,2024-08-25,182.99999999999997,223.9632727056742
Bi-LSTM,14,2024-08-12,2024-08-26,247.00000000000003,246.185609087348
Bi-LSTM,14,2024-08-13,2024-08-27,220.0,245.03893044590953
Bi-LSTM,14,2024-08-14,2024-08-28,225.0,243.10457822680476
Bi-LSTM,14,2024-08-15,2024-08-29,228.0,244.15533019602302
Bi-LSTM,14,2024-08-16,2024-08-30,190.99999999999997,246.0800289064646
Bi-LSTM,14,2024-08-17,2024-08-31,178.0,243.94919939339164
Bi-LSTM,14,2024-08-18,2024-09-01,229.0,242.68481284379962
Bi-LSTM,14,2024-08-19,2024-09-02,215.0,266.3824527710677
Bi-LSTM,14,2024-08-20,2024-09-03,279.00000000000006,267.16199387609964
Bi-LSTM,14,2024-08-21,2024-09-04,268.0,266.0978973507882
Bi-LSTM,14,2024-08-22,2024-09-05,216.99999999999997,265.5548266470433
Bi-LSTM,14,2024-08-23,2024-09-06,224.0,273.0660067647696
Bi-LSTM,14,2024-08-24,2024-09-07,252.00000000000003,272.4467625766993
Bi-LSTM,14,2024-08-25,2024-09-08,274.0,254.74691247940066
Bi-LSTM,14,2024-08-26,2024-09-09,225.0,257.4305067658425
Bi-LSTM,14,2024-08-27,2024-09-10,237.0,253.76695966720584
Bi-LSTM,14,2024-08-28,2024-09-11,251.00000000000003,250.21465100348
Bi-LSTM,14,2024-08-29,2024-09-12,233.0,251.1837943196297
Bi-LSTM,14,2024-08-30,2024-09-13,211.0,248.70138239860538
Bi-LSTM,14,2024-08-31,2024-09-14,180.0,245.98067483305934
Bi-LSTM,14,2024-09-01,2024-09-15,162.0,249.56182233989242
Bi-LSTM,14,2024-09-02,2024-09-16,265.00000000000006,279.04302938282495
Bi-LSTM,14,2024-09-03,2024-09-17,241.0,286.6935972422362
Bi-LSTM,14,2024-09-04,2024-09-18,314.00000000000006,289.4193952083588
Bi-LSTM,14,2024-09-05,2024-09-19,207.0,289.69403347373014
Bi-LSTM,14,2024-09-06,2024-09-20,245.00000000000006,293.62252476811415
Bi-LSTM,14,2024-09-07,2024-09-21,185.0,286.8484792709351
Bi-LSTM,14,2024-09-08,2024-09-22,144.0,284.0544780492783
Bi-LSTM,14,2024-09-09,2024-09-23,210.00000000000003,311.68018338084227
Bi-LSTM,14,2024-09-10,2024-09-24,189.0,335.08732570707804
Bi-LSTM,14,2024-09-11,2024-09-25,269.0,360.1716232001782
Bi-LSTM,14,2024-09-12,2024-09-26,221.0,362.1832034885884
Bi-LSTM,14,2024-09-13,2024-09-27,230.0,355.169037103653
Bi-LSTM,14,2024-09-14,2024-09-28,356.0,307.38266846537596
Bi-LSTM,14,2024-09-15,2024-09-29,225.0,263.23725447058683
Bi-LSTM,14,2024-09-16,2024-09-30,273.0,330.7164968550206
Bi-LSTM,14,2024-09-17,2024-10-01,252.00000000000003,386.0381996631623
Bi-LSTM,14,2024-09-18,2024-10-02,219.0,373.24429917335516
Bi-LSTM,14,2024-09-19,2024-10-03,238.0,385.7430375516415
Bi-LSTM,14,2024-09-20,2024-10-04,278.00000000000006,385.17238539457327
Bi-LSTM,14,2024-09-21,2024-10-05,289.0,351.72338348627096
Bi-LSTM,14,2024-09-22,2024-10-06,203.0,320.10871046781546
Bi-LSTM,14,2024-09-23,2024-10-07,514.0,436.75197452306753
Bi-LSTM,14,2024-09-24,2024-10-08,636.0,488.0050479173661
Bi-LSTM,14,2024-09-25,2024-10-09,529.0,517.3890303373337
Bi-LSTM,14,2024-09-26,2024-10-10,1059.0,543.7220984101295
Bi-LSTM,14,2024-09-27,2024-10-11,1127.0,516.970765709877
Bi-LSTM,14,2024-09-28,2024-10-12,682.0,513.5525313019753
Bi-LSTM,14,2024-09-29,2024-10-13,367.00000000000006,484.67657491564756
Bi-LSTM,14,2024-09-30,2024-10-14,521.0,713.8833193480968
Bi-LSTM,14,2024-10-01,2024-10-15,389.0,773.1675846576691
Bi-LSTM,14,2024-10-02,2024-10-16,471.00000000000006,814.8015450835228
Bi-LSTM,14,2024-10-03,2024-10-17,506.0,796.6978092193604
Bi-LSTM,14,2024-10-04,2024-10-18,533.0,683.6970816850662
Bi-LSTM,14,2024-10-05,2024-10-19,470.00000000000006,406.904867053032
Bi-LSTM,14,2024-10-06,2024-10-20,353.0,361.24882091581827
Bi-LSTM,14,2024-10-07,2024-10-21,391.0,411.7924628257752
Bi-LSTM,14,2024-10-08,2024-10-22,482.0,497.93940067291265
Bi-LSTM,14,2024-10-09,2024-10-23,489.0,684.8797987401485
Bi-LSTM,14,2024-10-10,2024-10-24,491.0,707.3722711205482
Bi-LSTM,14,2024-10-11,2024-10-25,521.0,676.4868841767312
Bi-LSTM,14,2024-10-12,2024-10-26,264.00000000000006,605.5056895613671
Bi-LSTM,14,2024-10-13,2024-10-27,433.0,507.46992850303656
Bi-LSTM,14,2024-10-14,2024-10-28,327.0,553.6618052124978
Bi-LSTM,14,2024-10-15,2024-10-29,362.0,537.1110674142838
Bi-LSTM,14,2024-10-16,2024-10-30,316.00000000000006,450.43042844533926
Bi-LSTM,14,2024-10-17,2024-10-31,265.00000000000006,376.7995282262564
Bi-LSTM,14,2024-10-18,2024-11-01,228.0,376.66837435960775
Bi-LSTM,14,2024-10-19,2024-11-02,272.0,303.25999157130724
Bi-LSTM,14,2024-10-20,2024-11-03,210.00000000000003,253.4723045676947
Bi-LSTM,14,2024-10-21,2024-11-04,344.0,279.46902087330824
Bi-LSTM,14,2024-10-22,2024-11-05,468.99999999999994,361.74780185520655
Bi-LSTM,14,2024-10-23,2024-11-06,338.0,374.7546879500151
Bi-LSTM,14,2024-10-24,2024-11-07,358.0,352.64200812578207
Bi-LSTM,14,2024-10-25,2024-11-08,515.0,353.64394497871405
Bi-LSTM,14,2024-10-26,2024-11-09,335.0,353.67710356414324
Bi-LSTM,14,2024-10-27,2024-11-10,257.0,380.0117535144091
Bi-LSTM,14,2024-10-28,2024-11-11,378.0,470.8510063886643
Bi-LSTM,14,2024-10-29,2024-11-12,306.0,453.72284275293356
Bi-LSTM,14,2024-10-30,2024-11-13,310.0,445.4986617863179
Bi-LSTM,14,2024-10-31,2024-11-14,308.0,421.6691378951073
Bi-LSTM,14,2024-11-01,2024-11-15,351.00000000000006,411.2004756033421
Bi-LSTM,14,2024-11-02,2024-11-16,343.0,369.4427636861802
Bi-LSTM,14,2024-11-03,2024-11-17,288.0,290.4411258101464
Bi-LSTM,14,2024-11-04,2024-11-18,432.0,343.484641134739
Bi-LSTM,14,2024-11-05,2024-11-19,465.0,418.28846293687826
Bi-LSTM,14,2024-11-06,2024-11-20,335.0,441.1572599112988
Bi-LSTM,14,2024-11-07,2024-11-21,638.0,432.4566498994828
Bi-LSTM,14,2024-11-08,2024-11-22,533.0,403.7141390740872
Bi-LSTM,14,2024-11-09,2024-11-23,427.0,385.1049730777741
Bi-LSTM,14,2024-11-10,2024-11-24,305.0,346.98134072124964
Bi-LSTM,14,2024-11-11,2024-11-25,342.0,384.62574532628065
Bi-LSTM,14,2024-11-12,2024-11-26,441.0,395.942942917347
Bi-LSTM,14,2024-11-13,2024-11-27,281.00000000000006,395.9692872613669
Bi-LSTM,14,2024-11-14,2024-11-28,325.0,400.9348412007094
Bi-LSTM,14,2024-11-15,2024-11-29,282.00000000000006,416.4267959594727
Bi-LSTM,14,2024-11-16,2024-11-30,232.0,389.9118525385857
Bi-LSTM,14,2024-11-17,2024-12-01,272.0,356.7492921352387
Bi-LSTM,14,2024-11-18,2024-12-02,326.0,407.13468545675283
Bi-LSTM,14,2024-11-19,2024-12-03,346.0,470.0848504006863
Bi-LSTM,14,2024-11-20,2024-12-04,295.00000000000006,463.1876618266106
Bi-LSTM,14,2024-11-21,2024-12-05,312.00000000000006,439.5688521265984
Bi-LSTM,14,2024-11-22,2024-12-06,467.99999999999994,432.00321891903883
Bi-LSTM,14,2024-11-23,2024-12-07,249.00000000000003,419.46643435955053
Bi-LSTM,14,2024-11-24,2024-12-08,302.0,388.04061317443853
Bi-LSTM,14,2024-11-25,2024-12-09,370.0,419.76954641938215
Bi-LSTM,14,2024-11-26,2024-12-10,459.0,433.93789562582975
Bi-LSTM,14,2024-11-27,2024-12-11,404.0,422.7245746552945
Bi-LSTM,14,2024-11-28,2024-12-12,328.0,413.8990368843079
Bi-LSTM,14,2024-11-29,2024-12-13,398.99999999999994,407.48083269596106
Bi-LSTM,14,2024-11-30,2024-12-14,481.0,369.9606257528067
Bi-LSTM,14,2024-12-01,2024-12-15,369.00000000000006,331.22790972888475
Bi-LSTM,14,2024-12-02,2024-12-16,439.0,369.5567197054625
Bi-LSTM,14,2024-12-03,2024-12-17,400.99999999999994,381.5643256902695
Bi-LSTM,14,2024-12-04,2024-12-18,321.0,377.5333774089814
Bi-LSTM,14,2024-12-05,2024-12-19,581.0,352.86000300943857
Bi-LSTM,14,2024-12-06,2024-12-20,376.0,311.64708563685423
Bi-LSTM,14,2024-12-07,2024-12-21,420.00000000000006,298.01947487890726
Bi-LSTM,14,2024-12-08,2024-12-22,299.00000000000006,279.4333677887917
Bi-LSTM,14,2024-12-09,2024-12-23,359.0,325.51840692758566
Bi-LSTM,14,2024-12-10,2024-12-24,615.0,323.59334316849714
Bi-LSTM,14,2024-12-11,2024-12-25,380.0,313.95520710945135
Bi-LSTM,14,2024-12-12,2024-12-26,440.0,309.68640935420996
Bi-LSTM,14,2024-12-13,2024-12-27,419.00000000000006,298.5364243239165
Bi-LSTM,14,2024-12-14,2024-12-28,255.0,280.24505345523363
Bi-LSTM,14,2024-12-15,2024-12-29,267.0,256.3057716041804
Bi-LSTM,14,2024-12-16,2024-12-30,520.0,283.4199018180371
Bi-LSTM,14,2024-12-17,2024-12-31,443.0,287.8565813899041
Bi-LSTM,14,2024-12-18,2025-01-01,255.0,282.3534324765206
Bi-LSTM,14,2024-12-19,2025-01-02,311.0,282.00529775023466
Bi-LSTM,14,2024-12-20,2025-01-03,309.0,280.6412326395512
Bi-LSTM,14,2024-12-21,2025-01-04,279.00000000000006,289.4345447272063
Bi-LSTM,14,2024-12-22,2025-01-05,343.0,281.71765969693666
Bi-LSTM,14,2024-12-23,2025-01-06,453.00000000000006,347.17177443206316
Bi-LSTM,14,2024-12-24,2025-01-07,356.0,371.79529941082006
Bi-LSTM,14,2024-12-25,2025-01-08,374.0,378.0401866137982
Bi-LSTM,14,2024-12-26,2025-01-09,409.0,356.7985939830542
Bi-LSTM,14,2024-12-27,2025-01-10,347.99999999999994,333.2329799830914
Bi-LSTM,14,2024-12-28,2025-01-11,289.0,319.01674856245523
Bi-LSTM,14,2024-12-29,2025-01-12,252.00000000000003,294.9653359353543
Bi-LSTM,14,2024-12-30,2025-01-13,346.0,351.0411684066058
Bi-LSTM,14,2024-12-31,2025-01-14,419.00000000000006,374.50138475000864
Bi-LSTM,14,2025-01-01,2025-01-15,374.0,324.2969744354487
Bi-LSTM,14,2025-01-02,2025-01-16,316.00000000000006,297.37043866515165
Bi-LSTM,14,2025-01-03,2025-01-17,338.0,285.23930427432066
Bi-LSTM,14,2025-01-04,2025-01-18,305.0,275.0747477859259
Bi-LSTM,14,2025-01-05,2025-01-19,313.00000000000006,269.0545277446509
Bi-LSTM,14,2025-01-06,2025-01-20,358.0,314.53579670190817
Bi-LSTM,14,2025-01-07,2025-01-21,398.0,322.12053412199026
Bi-LSTM,14,2025-01-08,2025-01-22,734.0000000000001,318.90510451793676
Bi-LSTM,14,2025-01-09,2025-01-23,1017.0,321.8519800007344
Bi-LSTM,14,2025-01-10,2025-01-24,550.0,320.12197390198713
Bi-LSTM,14,2025-01-11,2025-01-25,340.0,297.28319203853613
Bi-LSTM,14,2025-01-12,2025-01-26,247.00000000000003,283.74877008795744
Bi-LSTM,14,2025-01-13,2025-01-27,357.0,319.43479010462767
Bi-LSTM,14,2025-01-14,2025-01-28,334.00000000000006,335.27587333321577
Bi-LSTM,14,2025-01-15,2025-01-29,483.0,322.215223684907
Bi-LSTM,14,2025-01-16,2025-01-30,365.99999999999994,323.5956348627806
Bi-LSTM,14,2025-01-17,2025-01-31,474.0,319.43535795807844
Bi-LSTM,14,2025-01-18,2025-02-01,290.0,312.0927694737912
Bi-LSTM,14,2025-01-19,2025-02-02,333.00000000000006,297.46881927549845
Bi-LSTM,14,2025-01-20,2025-02-03,289.0,338.4682643115521
Bi-LSTM,14,2025-01-21,2025-02-04,346.0,358.46007233858114
Bi-LSTM,14,2025-01-22,2025-02-05,269.0,367.4197046458722
Bi-LSTM,14,2025-01-23,2025-02-06,228.0,361.7507019639016
Bi-LSTM,14,2025-01-24,2025-02-07,199.0,318.88721713423735
Bi-LSTM,14,2025-01-25,2025-02-08,289.0,275.99521794915205
Bi-LSTM,14,2025-01-26,2025-02-09,219.0,245.33399115502837
Bi-LSTM,14,2025-01-27,2025-02-10,275.0,288.92601168155676
Bi-LSTM,14,2025-01-28,2025-02-11,383.99999999999994,310.8434107601643
Bi-LSTM,14,2025-01-29,2025-02-12,319.0,321.06359660625463
Bi-LSTM,14,2025-01-30,2025-02-13,310.0,327.4829973429442
Bi-LSTM,14,2025-01-31,2025-02-14,297.00000000000006,330.5229196697474
Bi-LSTM,14,2025-02-01,2025-02-15,325.0,304.77512598037725
Bi-LSTM,14,2025-02-02,2025-02-16,281.00000000000006,279.86367902159697
Bi-LSTM,14,2025-02-03,2025-02-17,350.00000000000006,303.41154760122305
Bi-LSTM,14,2025-02-04,2025-02-18,285.0,303.4291307777167
Bi-LSTM,14,2025-02-05,2025-02-19,273.0,293.23717536032206
Bi-LSTM,14,2025-02-06,2025-02-20,251.00000000000003,284.23262178897863
Bi-LSTM,14,2025-02-07,2025-02-21,237.0,273.2955209612847
Bi-LSTM,14,2025-02-08,2025-02-22,220.0,261.92561440169817
Bi-LSTM,14,2025-02-09,2025-02-23,156.0,250.30749504268172
Bi-LSTM,14,2025-02-10,2025-02-24,374.0,295.6245123893023
Bi-LSTM,14,2025-02-11,2025-02-25,378.0,320.39904582500463
Bi-LSTM,14,2025-02-12,2025-02-26,305.0,317.9889540970326
Bi-LSTM,14,2025-02-13,2025-02-27,302.0,313.3379301279784
Bi-LSTM,14,2025-02-14,2025-02-28,227.00000000000003,300.75080941617495
Bi-LSTM,14,2025-02-15,2025-03-01,287.0,291.2159618437291
Bi-LSTM,14,2025-02-16,2025-03-02,189.0,262.7653885334731
Bi-LSTM,14,2025-02-17,2025-03-03,206.0,293.16365861892706
Bi-LSTM,14,2025-02-18,2025-03-04,273.0,291.4712119698525
Bi-LSTM,14,2025-02-19,2025-03-05,321.0,293.6396820545197
Bi-LSTM,14,2025-02-20,2025-03-06,270.0,299.04649868607527
Bi-LSTM,14,2025-02-21,2025-03-07,323.0,285.90732301771646
Bi-LSTM,14,2025-02-22,2025-03-08,182.0,269.06219376623636
Bi-LSTM,14,2025-02-23,2025-03-09,156.0,256.35659448802477
Bi-LSTM,14,2025-02-24,2025-03-10,257.0,328.61049064993864
Bi-LSTM,14,2025-02-25,2025-03-11,341.0,347.9697910547257
Bi-LSTM,14,2025-02-26,2025-03-12,380.0,356.9737159311772
Bi-LSTM,14,2025-02-27,2025-03-13,405.0,357.7212949991227
Bi-LSTM,14,2025-02-28,2025-03-14,1022.0,330.3071759194136
Bi-LSTM,14,2025-03-01,2025-03-15,417.99999999999994,275.6289119124413
Bi-LSTM,14,2025-03-02,2025-03-16,191.99999999999997,229.82199928164485
Bi-LSTM,14,2025-03-03,2025-03-17,272.0,281.4353351294995
Bi-LSTM,14,2025-03-04,2025-03-18,319.0,280.86277660727507
Bi-LSTM,14,2025-03-05,2025-03-19,388.0,267.5322748869658
Bi-LSTM,14,2025-03-06,2025-03-20,440.0,260.7293297052384
Bi-LSTM,14,2025-03-07,2025-03-21,364.99999999999994,255.2133432477713
Bi-LSTM,14,2025-03-08,2025-03-22,347.0,251.9883006960154
Bi-LSTM,14,2025-03-09,2025-03-23,294.0,239.8879115134478
Bi-LSTM,14,2025-03-10,2025-03-24,328.0,277.2502146363259
Bi-LSTM,14,2025-03-11,2025-03-25,323.0,273.83540762960916
Bi-LSTM,14,2025-03-12,2025-03-26,351.00000000000006,289.1696208119393
Bi-LSTM,14,2025-03-13,2025-03-27,320.0,286.60519462823873
Bi-LSTM,14,2025-03-14,2025-03-28,297.00000000000006,291.1146405637265
Bi-LSTM,14,2025-03-15,2025-03-29,261.00000000000006,284.2559037804604
Bi-LSTM,14,2025-03-16,2025-03-30,214.0,259.9514110386372
Bi-LSTM,14,2025-03-17,2025-03-31,252.00000000000003,283.4005136787892
Bi-LSTM,14,2025-03-18,2025-04-01,206.0,294.6404020786286
Bi-LSTM,14,2025-03-19,2025-04-02,230.0,312.9715226888657
Bi-LSTM,14,2025-03-20,2025-04-03,266.00000000000006,316.25371563434607
Bi-LSTM,14,2025-03-21,2025-04-04,239.0,312.2003168612719
Bi-LSTM,14,2025-03-22,2025-04-05,288.0,275.4861576110125
Bi-LSTM,14,2025-03-23,2025-04-06,173.99999999999997,246.43901368975642
Bi-LSTM,14,2025-03-24,2025-04-07,276.0,301.78704056143766
Bi-LSTM,14,2025-03-25,2025-04-08,246.00000000000006,305.07103846967226
Bi-LSTM,14,2025-03-26,2025-04-09,348.99999999999994,308.8647659718991
Bi-LSTM,14,2025-03-27,2025-04-10,346.0,308.87231031060224
Bi-LSTM,14,2025-03-28,2025-04-11,339.0,299.0555437803269
Bi-LSTM,14,2025-03-29,2025-04-12,246.00000000000006,280.63117352128035
Bi-LSTM,14,2025-03-30,2025-04-13,241.0,252.22493334114554
Bi-LSTM,14,2025-03-31,2025-04-14,374.0,307.4892626702786
Bi-LSTM,14,2025-04-01,2025-04-15,314.00000000000006,298.00185114145285
Bi-LSTM,14,2025-04-02,2025-04-16,237.0,283.6959191560746
Bi-LSTM,14,2025-04-03,2025-04-17,375.0,273.38327459990984
Bi-LSTM,14,2025-04-04,2025-04-18,370.0,250.72624640166762
Bi-LSTM,14,2025-04-05,2025-04-19,288.0,235.2997975945473
Bi-LSTM,14,2025-04-06,2025-04-20,145.0,222.67137568444016
Bi-LSTM,14,2025-04-07,2025-04-21,242.0,239.27649559080604
Bi-LSTM,14,2025-04-08,2025-04-22,321.0,242.59030580520633
Bi-LSTM,14,2025-04-09,2025-04-23,241.0,240.74137496948245
Bi-LSTM,14,2025-04-10,2025-04-24,271.0,238.95835569500926
Bi-LSTM,14,2025-04-11,2025-04-25,322.0,234.74855385720733
Bi-LSTM,14,2025-04-12,2025-04-26,330.00000000000006,232.70931099355224
Bi-LSTM,14,2025-04-13,2025-04-27,297.00000000000006,226.2548453062773
Bi-LSTM,14,2025-04-14,2025-04-28,376.0,241.80664776265624
Bi-LSTM,14,2025-04-15,2025-04-29,355.0,238.86640399694446
Bi-LSTM,14,2025-04-16,2025-04-30,310.0,238.1478057354689
Bi-LSTM,14,2025-04-17,2025-05-01,224.0,239.02617362141612
Bi-LSTM,14,2025-04-18,2025-05-02,269.0,237.48451234400275
Bi-LSTM,14,2025-04-19,2025-05-03,244.00000000000006,230.73407332599166
Bi-LSTM,14,2025-04-20,2025-05-04,182.0,225.41060946881774
Bi-LSTM,14,2025-04-21,2025-05-05,189.0,242.81517577171329
Bi-LSTM,14,2025-04-22,2025-05-06,195.0,245.06764760613444
Bi-LSTM,14,2025-04-23,2025-05-07,191.99999999999997,245.83031535148623
Bi-LSTM,14,2025-04-24,2025-05-08,271.0,244.91862663626674
Bi-LSTM,14,2025-04-25,2025-05-09,234.00000000000003,241.0926937311888
Bi-LSTM,14,2025-04-26,2025-05-10,191.99999999999997,236.0373175442219
Bi-LSTM,14,2025-04-27,2025-05-11,126.00000000000001,228.70625851303342
Bi-LSTM,14,2025-04-28,2025-05-12,242.99999999999997,254.47468759119513
Bi-LSTM,14,2025-04-29,2025-05-13,237.0,263.2312920093537
Bi-LSTM,14,2025-04-30,2025-05-14,223.0,265.36881408095365
Bi-LSTM,14,2025-05-01,2025-05-15,258.0,255.93956696987155
Bi-LSTM,14,2025-05-02,2025-05-16,220.0,242.210634931922
Bi-LSTM,14,2025-05-03,2025-05-17,237.0,232.77902514487508
Bi-LSTM,14,2025-05-04,2025-05-18,233.0,221.67789579182866
Bi-LSTM,14,2025-05-05,2025-05-19,358.0,241.05890645086768
Bi-LSTM,14,2025-05-06,2025-05-20,241.0,241.22303637862208
Bi-LSTM,14,2025-05-07,2025-05-21,255.0,239.83820405602458
Bi-LSTM,14,2025-05-08,2025-05-22,257.0,236.73892076313498
Bi-LSTM,14,2025-05-09,2025-05-23,222.0,232.0663285031915
Bi-LSTM,14,2025-05-10,2025-05-24,232.0,226.3298425227404
Bi-LSTM,14,2025-05-11,2025-05-25,194.0,214.59228127449754
Bi-LSTM,14,2025-05-12,2025-05-26,242.0,235.8435172736645
Bi-LSTM,14,2025-05-13,2025-05-27,219.0,235.53486864268783
Bi-LSTM,14,2025-05-14,2025-05-28,286.0,231.97057421505454
Bi-LSTM,14,2025-05-15,2025-05-29,193.00000000000003,229.68243915587666
Bi-LSTM,14,2025-05-16,2025-05-30,268.0,221.54490654170516
Bi-LSTM,14,2025-05-17,2025-05-31,206.0,211.5749716833234
Bi-GRU,1,2024-05-31,2024-06-01,220.0,206.45244682580235
Bi-GRU,1,2024-06-01,2024-06-02,153.0,195.40446247160438
Bi-GRU,1,2024-06-02,2024-06-03,229.0,220.4955032244325
Bi-GRU,1,2024-06-03,2024-06-04,194.0,222.77601282298568
Bi-GRU,1,2024-06-04,2024-06-05,204.0,224.1378166601062
Bi-GRU,1,2024-06-05,2024-06-06,164.0,226.39046087861064
Bi-GRU,1,2024-06-06,2024-06-07,201.00000000000003,216.35388436168435
Bi-GRU,1,2024-06-07,2024-06-08,198.0,206.66632477194074
Bi-GRU,1,2024-06-08,2024-06-09,126.00000000000001,205.6976174861193
Bi-GRU,1,2024-06-09,2024-06-10,163.0,220.94586171209815
Bi-GRU,1,2024-06-10,2024-06-11,221.0,223.08480341732505
Bi-GRU,1,2024-06-11,2024-06-12,207.0,222.9046924710274
Bi-GRU,1,2024-06-12,2024-06-13,203.0,219.48805008083585
Bi-GRU,1,2024-06-13,2024-06-14,150.0,215.50206362456086
Bi-GRU,1,2024-06-14,2024-06-15,146.0,202.68809559941295
Bi-GRU,1,2024-06-15,2024-06-16,176.0,209.34122887253764
Bi-GRU,1,2024-06-16,2024-06-17,208.99999999999997,221.93612714856866
Bi-GRU,1,2024-06-17,2024-06-18,175.00000000000003,221.18872046470645
Bi-GRU,1,2024-06-18,2024-06-19,171.0,219.69972759485248
Bi-GRU,1,2024-06-19,2024-06-20,179.0,223.9511246979237
Bi-GRU,1,2024-06-20,2024-06-21,186.0,214.13610228896144
Bi-GRU,1,2024-06-21,2024-06-22,176.0,204.80194021016362
Bi-GRU,1,2024-06-22,2024-06-23,153.0,210.2436088472605
Bi-GRU,1,2024-06-23,2024-06-24,213.0,223.01939886808398
Bi-GRU,1,2024-06-24,2024-06-25,216.99999999999997,220.011002548039
Bi-GRU,1,2024-06-25,2024-06-26,245.00000000000006,219.89741157740357
Bi-GRU,1,2024-06-26,2024-06-27,203.0,224.20874764025214
Bi-GRU,1,2024-06-27,2024-06-28,228.0,222.69399856030944
Bi-GRU,1,2024-06-28,2024-06-29,178.0,215.84783567488196
Bi-GRU,1,2024-06-29,2024-06-30,133.0,208.43538093566897
Bi-GRU,1,2024-06-30,2024-07-01,219.0,232.47796141356233
Bi-GRU,1,2024-07-01,2024-07-02,159.0,238.44633440673354
Bi-GRU,1,2024-07-02,2024-07-03,182.99999999999997,232.59918798506263
Bi-GRU,1,2024-07-03,2024-07-04,190.0,231.10943459719422
Bi-GRU,1,2024-07-04,2024-07-05,189.0,225.4558247998357
Bi-GRU,1,2024-07-05,2024-07-06,147.0,218.2745066955686
Bi-GRU,1,2024-07-06,2024-07-07,158.0,219.98201160132888
Bi-GRU,1,2024-07-07,2024-07-08,190.0,226.65895415842536
Bi-GRU,1,2024-07-08,2024-07-09,207.0,237.02209711074832
Bi-GRU,1,2024-07-09,2024-07-10,256.0,241.5268176943064
Bi-GRU,1,2024-07-10,2024-07-11,173.99999999999997,277.2523238062859
Bi-GRU,1,2024-07-11,2024-07-12,177.0,230.43720765411857
Bi-GRU,1,2024-07-12,2024-07-13,167.0,204.73824936151507
Bi-GRU,1,2024-07-13,2024-07-14,134.0,204.316537052393
Bi-GRU,1,2024-07-14,2024-07-15,179.0,231.94771811366084
Bi-GRU,1,2024-07-15,2024-07-16,188.0,243.9262621700764
Bi-GRU,1,2024-07-16,2024-07-17,187.0,244.3141466379166
Bi-GRU,1,2024-07-17,2024-07-18,225.99999999999997,236.50368747115138
Bi-GRU,1,2024-07-18,2024-07-19,173.0,219.18543489277366
Bi-GRU,1,2024-07-19,2024-07-20,187.0,213.7818124368787
Bi-GRU,1,2024-07-20,2024-07-21,156.0,221.54972315579656
Bi-GRU,1,2024-07-21,2024-07-22,198.0,222.35092381387952
Bi-GRU,1,2024-07-22,2024-07-23,230.0,221.77170315384868
Bi-GRU,1,2024-07-23,2024-07-24,252.00000000000003,223.20349492877725
Bi-GRU,1,2024-07-24,2024-07-25,206.0,226.2170222103596
Bi-GRU,1,2024-07-25,2024-07-26,173.0,222.8498844727874
Bi-GRU,1,2024-07-26,2024-07-27,185.0,214.5140087604523
Bi-GRU,1,2024-07-27,2024-07-28,156.0,207.09255962818864
Bi-GRU,1,2024-07-28,2024-07-29,199.99999999999997,231.99556990712884
Bi-GRU,1,2024-07-29,2024-07-30,244.00000000000006,232.08535159379247
Bi-GRU,1,2024-07-30,2024-07-31,184.00000000000003,239.97201466560367
Bi-GRU,1,2024-07-31,2024-08-01,265.00000000000006,227.74374691396955
Bi-GRU,1,2024-08-01,2024-08-02,197.0,219.85144586861136
Bi-GRU,1,2024-08-02,2024-08-03,195.0,201.80714195221665
Bi-GRU,1,2024-08-03,2024-08-04,169.0,216.35138986259702
Bi-GRU,1,2024-08-04,2024-08-05,215.0,227.8028847947717
Bi-GRU,1,2024-08-05,2024-08-06,165.0,226.23605544120076
Bi-GRU,1,2024-08-06,2024-08-07,205.0,222.64920911937955
Bi-GRU,1,2024-08-07,2024-08-08,245.00000000000006,220.0867602825165
Bi-GRU,1,2024-08-08,2024-08-09,313.00000000000006,231.0601327493787
Bi-GRU,1,2024-08-09,2024-08-10,194.0,238.26673047244552
Bi-GRU,1,2024-08-10,2024-08-11,190.99999999999997,277.93674945831305
Bi-GRU,1,2024-08-11,2024-08-12,259.0,439.4078251123429
Bi-GRU,1,2024-08-12,2024-08-13,260.0,449.8732830882073
Bi-GRU,1,2024-08-13,2024-08-14,221.0,365.211079210043
Bi-GRU,1,2024-08-14,2024-08-15,249.00000000000003,312.5771079063416
Bi-GRU,1,2024-08-15,2024-08-16,455.0,268.45978237688547
Bi-GRU,1,2024-08-16,2024-08-17,185.0,254.73940870165828
Bi-GRU,1,2024-08-17,2024-08-18,172.0,229.6867994591594
Bi-GRU,1,2024-08-18,2024-08-19,199.0,469.32177704572683
Bi-GRU,1,2024-08-19,2024-08-20,274.0,498.42296844720846
Bi-GRU,1,2024-08-20,2024-08-21,238.0,392.3962925076485
Bi-GRU,1,2024-08-21,2024-08-22,197.0,306.8039041161538
Bi-GRU,1,2024-08-22,2024-08-23,214.0,239.09354537725451
Bi-GRU,1,2024-08-23,2024-08-24,264.00000000000006,222.90959020704034
Bi-GRU,1,2024-08-24,2024-08-25,182.99999999999997,221.78549388051036
Bi-GRU,1,2024-08-25,2024-08-26,247.00000000000003,250.5954373031855
Bi-GRU,1,2024-08-26,2024-08-27,220.0,270.2004965692759
Bi-GRU,1,2024-08-27,2024-08-28,225.0,281.5399824082852
Bi-GRU,1,2024-08-28,2024-08-29,228.0,270.62158018350607
Bi-GRU,1,2024-08-29,2024-08-30,190.99999999999997,244.51910117268565
Bi-GRU,1,2024-08-30,2024-08-31,178.0,219.3884120807052
Bi-GRU,1,2024-08-31,2024-09-01,229.0,216.9091537743807
Bi-GRU,1,2024-09-01,2024-09-02,215.0,317.36457894742495
Bi-GRU,1,2024-09-02,2024-09-03,279.00000000000006,278.3177385628224
Bi-GRU,1,2024-09-03,2024-09-04,268.0,268.8098031878472
Bi-GRU,1,2024-09-04,2024-09-05,216.99999999999997,288.62046596407896
Bi-GRU,1,2024-09-05,2024-09-06,224.0,318.7538932561875
Bi-GRU,1,2024-09-06,2024-09-07,252.00000000000003,338.47917520999914
Bi-GRU,1,2024-09-07,2024-09-08,274.0,223.45533793419602
Bi-GRU,1,2024-09-08,2024-09-09,225.0,372.4206277430058
Bi-GRU,1,2024-09-09,2024-09-10,237.0,300.57035370171076
Bi-GRU,1,2024-09-10,2024-09-11,251.00000000000003,316.1336349099875
Bi-GRU,1,2024-09-11,2024-09-12,233.0,294.89390808343893
Bi-GRU,1,2024-09-12,2024-09-13,211.0,254.38208691775802
Bi-GRU,1,2024-09-13,2024-09-14,180.0,230.0114493891597
Bi-GRU,1,2024-09-14,2024-09-15,162.0,222.50341274589303
Bi-GRU,1,2024-09-15,2024-09-16,265.00000000000006,282.61103513836866
Bi-GRU,1,2024-09-16,2024-09-17,241.0,267.1255498528481
Bi-GRU,1,2024-09-17,2024-09-18,314.00000000000006,308.55684743821627
Bi-GRU,1,2024-09-18,2024-09-19,207.0,538.4577724337578
Bi-GRU,1,2024-09-19,2024-09-20,245.00000000000006,294.2010254710913
Bi-GRU,1,2024-09-20,2024-09-21,185.0,295.1985614597798
Bi-GRU,1,2024-09-21,2024-09-22,144.0,232.57659552991393
Bi-GRU,1,2024-09-22,2024-09-23,210.00000000000003,728.7258728444576
Bi-GRU,1,2024-09-23,2024-09-24,189.0,645.1783247292043
Bi-GRU,1,2024-09-24,2024-09-25,269.0,380.2108267098666
Bi-GRU,1,2024-09-25,2024-09-26,221.0,283.6482803076506
Bi-GRU,1,2024-09-26,2024-09-27,230.0,252.94537712633613
Bi-GRU,1,2024-09-27,2024-09-28,356.0,408.81326025724417
Bi-GRU,1,2024-09-28,2024-09-29,225.0,500.02342283725744
Bi-GRU,1,2024-09-29,2024-09-30,273.0,459.21666264534
Bi-GRU,1,2024-09-30,2024-10-01,252.00000000000003,347.6968563497067
Bi-GRU,1,2024-10-01,2024-10-02,219.0,359.6844252198935
Bi-GRU,1,2024-10-02,2024-10-03,238.0,470.089312106371
Bi-GRU,1,2024-10-03,2024-10-04,278.00000000000006,505.8696769177914
Bi-GRU,1,2024-10-04,2024-10-05,289.0,511.10252758860594
Bi-GRU,1,2024-10-05,2024-10-06,203.0,531.0712158679962
Bi-GRU,1,2024-10-06,2024-10-07,514.0,443.3844217061997
Bi-GRU,1,2024-10-07,2024-10-08,636.0,690.6557606756687
Bi-GRU,1,2024-10-08,2024-10-09,529.0,491.2630665302277
Bi-GRU,1,2024-10-09,2024-10-10,1059.0,643.6367648541928
Bi-GRU,1,2024-10-10,2024-10-11,1127.0,570.629469126463
Bi-GRU,1,2024-10-11,2024-10-12,682.0,464.4694693088532
Bi-GRU,1,2024-10-12,2024-10-13,367.00000000000006,396.0319945067168
Bi-GRU,1,2024-10-13,2024-10-14,521.0,507.14219594001776
Bi-GRU,1,2024-10-14,2024-10-15,389.0,322.3345743119717
Bi-GRU,1,2024-10-15,2024-10-16,471.00000000000006,406.3636215925217
Bi-GRU,1,2024-10-16,2024-10-17,506.0,406.9474966228009
Bi-GRU,1,2024-10-17,2024-10-18,533.0,403.5442292094231
Bi-GRU,1,2024-10-18,2024-10-19,470.00000000000006,366.1007027626038
Bi-GRU,1,2024-10-19,2024-10-20,353.0,384.2640226781369
Bi-GRU,1,2024-10-20,2024-10-21,391.0,807.2723761796951
Bi-GRU,1,2024-10-21,2024-10-22,482.0,663.7135075330735
Bi-GRU,1,2024-10-22,2024-10-23,489.0,350.60560452938086
Bi-GRU,1,2024-10-23,2024-10-24,491.0,404.7515667676926
Bi-GRU,1,2024-10-24,2024-10-25,521.0,538.7562199831009
Bi-GRU,1,2024-10-25,2024-10-26,264.00000000000006,503.44157612323767
Bi-GRU,1,2024-10-26,2024-10-27,433.0,473.98081180453306
Bi-GRU,1,2024-10-27,2024-10-28,327.0,349.62642237544065
Bi-GRU,1,2024-10-28,2024-10-29,362.0,373.21556173264986
Bi-GRU,1,2024-10-29,2024-10-30,316.00000000000006,374.67086872458464
Bi-GRU,1,2024-10-30,2024-10-31,265.00000000000006,389.8828514516354
Bi-GRU,1,2024-10-31,2024-11-01,228.0,338.07670907676226
Bi-GRU,1,2024-11-01,2024-11-02,272.0,342.17736136913305
Bi-GRU,1,2024-11-02,2024-11-03,210.00000000000003,519.8976040780544
Bi-GRU,1,2024-11-03,2024-11-04,344.0,570.674370110035
Bi-GRU,1,2024-11-04,2024-11-05,468.99999999999994,325.61409023404127
Bi-GRU,1,2024-11-05,2024-11-06,338.0,335.55379703640943
Bi-GRU,1,2024-11-06,2024-11-07,358.0,384.866920799017
Bi-GRU,1,2024-11-07,2024-11-08,515.0,524.2194961309433
Bi-GRU,1,2024-11-08,2024-11-09,335.0,371.3286455571652
Bi-GRU,1,2024-11-09,2024-11-10,257.0,286.7880840003491
Bi-GRU,1,2024-11-10,2024-11-11,378.0,353.7282306551934
Bi-GRU,1,2024-11-11,2024-11-12,306.0,431.0101649165154
Bi-GRU,1,2024-11-12,2024-11-13,310.0,409.877904355526
Bi-GRU,1,2024-11-13,2024-11-14,308.0,481.2402908802033
Bi-GRU,1,2024-11-14,2024-11-15,351.00000000000006,345.44318796694284
Bi-GRU,1,2024-11-15,2024-11-16,343.0,384.66504889726644
Bi-GRU,1,2024-11-16,2024-11-17,288.0,385.0560565590859
Bi-GRU,1,2024-11-17,2024-11-18,432.0,471.2693521380425
Bi-GRU,1,2024-11-18,2024-11-19,465.0,643.5710155367852
Bi-GRU,1,2024-11-19,2024-11-20,335.0,425.2451138794423
Bi-GRU,1,2024-11-20,2024-11-21,638.0,391.5717490166426
Bi-GRU,1,2024-11-21,2024-11-22,533.0,642.7046334147454
Bi-GRU,1,2024-11-22,2024-11-23,427.0,534.3970118463039
Bi-GRU,1,2024-11-23,2024-11-24,305.0,361.74246808886534
Bi-GRU,1,2024-11-24,2024-11-25,342.0,348.3401531875134
Bi-GRU,1,2024-11-25,2024-11-26,441.0,378.2924352288247
Bi-GRU,1,2024-11-26,2024-11-27,281.00000000000006,439.82608973979956
Bi-GRU,1,2024-11-27,2024-11-28,325.0,416.11476048827177
Bi-GRU,1,2024-11-28,2024-11-29,282.00000000000006,462.2702540159226
Bi-GRU,1,2024-11-29,2024-11-30,232.0,556.8298190534116
Bi-GRU,1,2024-11-30,2024-12-01,272.0,659.6372932195665
Bi-GRU,1,2024-12-01,2024-12-02,326.0,857.50550365448
Bi-GRU,1,2024-12-02,2024-12-03,346.0,382.05963586270815
Bi-GRU,1,2024-12-03,2024-12-04,295.00000000000006,303.60415132343775
Bi-GRU,1,2024-12-04,2024-12-05,312.00000000000006,315.1106266379357
Bi-GRU,1,2024-12-05,2024-12-06,467.99999999999994,308.6778813451529
Bi-GRU,1,2024-12-06,2024-12-07,249.00000000000003,297.7048029452563
Bi-GRU,1,2024-12-07,2024-12-08,302.0,355.53643828630453
Bi-GRU,1,2024-12-08,2024-12-09,370.0,378.5677224695683
Bi-GRU,1,2024-12-09,2024-12-10,459.0,441.10749161243444
Bi-GRU,1,2024-12-10,2024-12-11,404.0,322.21475723385817
Bi-GRU,1,2024-12-11,2024-12-12,328.0,491.23297029733664
Bi-GRU,1,2024-12-12,2024-12-13,398.99999999999994,373.102842822671
Bi-GRU,1,2024-12-13,2024-12-14,481.0,371.7755665034056
Bi-GRU,1,2024-12-14,2024-12-15,369.00000000000006,377.3073311746121
Bi-GRU,1,2024-12-15,2024-12-16,439.0,358.4771079421044
Bi-GRU,1,2024-12-16,2024-12-17,400.99999999999994,364.3587717413903
Bi-GRU,1,2024-12-17,2024-12-18,321.0,336.9808938801289
Bi-GRU,1,2024-12-18,2024-12-19,581.0,464.130014628172
Bi-GRU,1,2024-12-19,2024-12-20,376.0,508.77818173170095
Bi-GRU,1,2024-12-20,2024-12-21,420.00000000000006,363.18542426824575
Bi-GRU,1,2024-12-21,2024-12-22,299.00000000000006,275.4431427121163
Bi-GRU,1,2024-12-22,2024-12-23,359.0,368.5287629961968
Bi-GRU,1,2024-12-23,2024-12-24,615.0,391.9579502046109
Bi-GRU,1,2024-12-24,2024-12-25,380.0,423.1318067014218
Bi-GRU,1,2024-12-25,2024-12-26,440.0,361.97717408835894
Bi-GRU,1,2024-12-26,2024-12-27,419.00000000000006,343.3946972042323
Bi-GRU,1,2024-12-27,2024-12-28,255.0,325.67825767397886
Bi-GRU,1,2024-12-28,2024-12-29,267.0,299.9434637725354
Bi-GRU,1,2024-12-29,2024-12-30,520.0,364.1284260451794
Bi-GRU,1,2024-12-30,2024-12-31,443.0,377.2588202655316
Bi-GRU,1,2024-12-31,2025-01-01,255.0,338.9527649879456
Bi-GRU,1,2025-01-01,2025-01-02,311.0,376.12757506966597
Bi-GRU,1,2025-01-02,2025-01-03,309.0,426.3617571294308
Bi-GRU,1,2025-01-03,2025-01-04,279.00000000000006,294.9643624722958
Bi-GRU,1,2025-01-04,2025-01-05,343.0,260.82870405912405
Bi-GRU,1,2025-01-05,2025-01-06,453.00000000000006,361.41230186820036
Bi-GRU,1,2025-01-06,2025-01-07,356.0,332.81228169798857
Bi-GRU,1,2025-01-07,2025-01-08,374.0,349.86794261634356
Bi-GRU,1,2025-01-08,2025-01-09,409.0,331.6042140424252
Bi-GRU,1,2025-01-09,2025-01-10,347.99999999999994,377.118235975504
Bi-GRU,1,2025-01-10,2025-01-11,289.0,319.1692983359099
Bi-GRU,1,2025-01-11,2025-01-12,252.00000000000003,280.36440408229834
Bi-GRU,1,2025-01-12,2025-01-13,346.0,376.826541826129
Bi-GRU,1,2025-01-13,2025-01-14,419.00000000000006,317.9858511835337
Bi-GRU,1,2025-01-14,2025-01-15,374.0,355.27054090797907
Bi-GRU,1,2025-01-15,2025-01-16,316.00000000000006,319.2500349283219
Bi-GRU,1,2025-01-16,2025-01-17,338.0,324.9396020174027
Bi-GRU,1,2025-01-17,2025-01-18,305.0,259.04304832220083
Bi-GRU,1,2025-01-18,2025-01-19,313.00000000000006,224.92756898701194
Bi-GRU,1,2025-01-19,2025-01-20,358.0,357.13324218988424
Bi-GRU,1,2025-01-20,2025-01-21,398.0,401.338240236044
Bi-GRU,1,2025-01-21,2025-01-22,734.0000000000001,403.1457988917828
Bi-GRU,1,2025-01-22,2025-01-23,1017.0,338.2977460324765
Bi-GRU,1,2025-01-23,2025-01-24,550.0,637.1400346457959
Bi-GRU,1,2025-01-24,2025-01-25,340.0,553.3306249678136
Bi-GRU,1,2025-01-25,2025-01-26,247.00000000000003,373.17305384576326
Bi-GRU,1,2025-01-26,2025-01-27,357.0,333.09977778792387
Bi-GRU,1,2025-01-27,2025-01-28,334.00000000000006,328.2146562337876
Bi-GRU,1,2025-01-28,2025-01-29,483.0,305.23370820283895
Bi-GRU,1,2025-01-29,2025-01-30,365.99999999999994,352.2893914133311
Bi-GRU,1,2025-01-30,2025-01-31,474.0,343.25934527814394
Bi-GRU,1,2025-01-31,2025-02-01,290.0,354.5625290572644
Bi-GRU,1,2025-02-01,2025-02-02,333.00000000000006,342.31023907661444
Bi-GRU,1,2025-02-02,2025-02-03,289.0,359.8143216967583
Bi-GRU,1,2025-02-03,2025-02-04,346.0,344.5160860866309
Bi-GRU,1,2025-02-04,2025-02-05,269.0,402.12435221672064
Bi-GRU,1,2025-02-05,2025-02-06,228.0,363.09844128787523
Bi-GRU,1,2025-02-06,2025-02-07,199.0,293.200386568904
Bi-GRU,1,2025-02-07,2025-02-08,289.0,248.1553507447243
Bi-GRU,1,2025-02-08,2025-02-09,219.0,252.50652781128886
Bi-GRU,1,2025-02-09,2025-02-10,275.0,303.0368048846722
Bi-GRU,1,2025-02-10,2025-02-11,383.99999999999994,288.44674336910253
Bi-GRU,1,2025-02-11,2025-02-12,319.0,338.85730476677423
Bi-GRU,1,2025-02-12,2025-02-13,310.0,308.16312219202524
Bi-GRU,1,2025-02-13,2025-02-14,297.00000000000006,303.78095655143267
Bi-GRU,1,2025-02-14,2025-02-15,325.0,325.52619463205343
Bi-GRU,1,2025-02-15,2025-02-16,281.00000000000006,268.19704875350004
Bi-GRU,1,2025-02-16,2025-02-17,350.00000000000006,327.4455392956734
Bi-GRU,1,2025-02-17,2025-02-18,285.0,299.7847690135241
Bi-GRU,1,2025-02-18,2025-02-19,273.0,286.4108670651913
Bi-GRU,1,2025-02-19,2025-02-20,251.00000000000003,290.4376375675202
Bi-GRU,1,2025-02-20,2025-02-21,237.0,235.34185931086543
Bi-GRU,1,2025-02-21,2025-02-22,220.0,246.19956205785277
Bi-GRU,1,2025-02-22,2025-02-23,156.0,316.8339807391167
Bi-GRU,1,2025-02-23,2025-02-24,374.0,305.92555651068693
Bi-GRU,1,2025-02-24,2025-02-25,378.0,336.4088626503945
Bi-GRU,1,2025-02-25,2025-02-26,305.0,315.5204140245915
Bi-GRU,1,2025-02-26,2025-02-27,302.0,352.9488517940045
Bi-GRU,1,2025-02-27,2025-02-28,227.00000000000003,356.1635918617249
Bi-GRU,1,2025-02-28,2025-03-01,287.0,257.09666977822786
Bi-GRU,1,2025-03-01,2025-03-02,189.0,224.49464157223704
Bi-GRU,1,2025-03-02,2025-03-03,206.0,231.38057447969916
Bi-GRU,1,2025-03-03,2025-03-04,273.0,263.51055422425276
Bi-GRU,1,2025-03-04,2025-03-05,321.0,324.559119924903
Bi-GRU,1,2025-03-05,2025-03-06,270.0,307.87199589610105
Bi-GRU,1,2025-03-06,2025-03-07,323.0,249.08156028389934
Bi-GRU,1,2025-03-07,2025-03-08,182.0,233.25337544083598
Bi-GRU,1,2025-03-08,2025-03-09,156.0,213.06404567509892
Bi-GRU,1,2025-03-09,2025-03-10,257.0,290.16675119102007
Bi-GRU,1,2025-03-10,2025-03-11,341.0,245.3175031244755
Bi-GRU,1,2025-03-11,2025-03-12,380.0,527.0781920850277
Bi-GRU,1,2025-03-12,2025-03-13,405.0,397.8033525049687
Bi-GRU,1,2025-03-13,2025-03-14,1022.0,408.22638371586805
Bi-GRU,1,2025-03-14,2025-03-15,417.99999999999994,388.85779485106474
Bi-GRU,1,2025-03-15,2025-03-16,191.99999999999997,367.1122728437186
Bi-GRU,1,2025-03-16,2025-03-17,272.0,325.8124333322049
Bi-GRU,1,2025-03-17,2025-03-18,319.0,314.7330040931702
Bi-GRU,1,2025-03-18,2025-03-19,388.0,322.2693725675345
Bi-GRU,1,2025-03-19,2025-03-20,440.0,331.65988396108156
Bi-GRU,1,2025-03-20,2025-03-21,364.99999999999994,343.6948483139277
Bi-GRU,1,2025-03-21,2025-03-22,347.0,305.07921150326735
Bi-GRU,1,2025-03-22,2025-03-23,294.0,288.04064702987677
Bi-GRU,1,2025-03-23,2025-03-24,328.0,299.3597509860993
Bi-GRU,1,2025-03-24,2025-03-25,323.0,398.61885090172296
Bi-GRU,1,2025-03-25,2025-03-26,351.00000000000006,328.6510718911887
Bi-GRU,1,2025-03-26,2025-03-27,320.0,306.55865226686007
Bi-GRU,1,2025-03-27,2025-03-28,297.00000000000006,298.02243582904345
Bi-GRU,1,2025-03-28,2025-03-29,261.00000000000006,258.293238401413
Bi-GRU,1,2025-03-29,2025-03-30,214.0,257.03290794789797
Bi-GRU,1,2025-03-30,2025-03-31,252.00000000000003,264.9402469694615
Bi-GRU,1,2025-03-31,2025-04-01,206.0,271.33817067742353
Bi-GRU,1,2025-04-01,2025-04-02,230.0,264.08197703957563
Bi-GRU,1,2025-04-02,2025-04-03,266.00000000000006,262.06346082687384
Bi-GRU,1,2025-04-03,2025-04-04,239.0,248.9737289696932
Bi-GRU,1,2025-04-04,2025-04-05,288.0,309.8792361617089
Bi-GRU,1,2025-04-05,2025-04-06,173.99999999999997,263.7299687415362
Bi-GRU,1,2025-04-06,2025-04-07,276.0,226.26025005429986
Bi-GRU,1,2025-04-07,2025-04-08,246.00000000000006,311.1150069534779
Bi-GRU,1,2025-04-08,2025-04-09,348.99999999999994,289.316796258092
Bi-GRU,1,2025-04-09,2025-04-10,346.0,358.9589721560479
Bi-GRU,1,2025-04-10,2025-04-11,339.0,289.05071635544306
Bi-GRU,1,2025-04-11,2025-04-12,246.00000000000006,252.7808821499348
Bi-GRU,1,2025-04-12,2025-04-13,241.0,223.5093752741814
Bi-GRU,1,2025-04-13,2025-04-14,374.0,427.39346572756773
Bi-GRU,1,2025-04-14,2025-04-15,314.00000000000006,349.7175222933293
Bi-GRU,1,2025-04-15,2025-04-16,237.0,331.22444176673895
Bi-GRU,1,2025-04-16,2025-04-17,375.0,336.65403337776667
Bi-GRU,1,2025-04-17,2025-04-18,370.0,334.11039468646055
Bi-GRU,1,2025-04-18,2025-04-19,288.0,246.25320392847064
Bi-GRU,1,2025-04-19,2025-04-20,145.0,262.2749456763268
Bi-GRU,1,2025-04-20,2025-04-21,242.0,288.2511178553105
Bi-GRU,1,2025-04-21,2025-04-22,321.0,286.06401000916964
Bi-GRU,1,2025-04-22,2025-04-23,241.0,332.8798968195916
Bi-GRU,1,2025-04-23,2025-04-24,271.0,309.9333444833756
Bi-GRU,1,2025-04-24,2025-04-25,322.0,352.9326679706574
Bi-GRU,1,2025-04-25,2025-04-26,330.00000000000006,310.0238562673331
Bi-GRU,1,2025-04-26,2025-04-27,297.00000000000006,289.72303456068045
Bi-GRU,1,2025-04-27,2025-04-28,376.0,378.8150226473809
Bi-GRU,1,2025-04-28,2025-04-29,355.0,337.7321031540633
Bi-GRU,1,2025-04-29,2025-04-30,310.0,334.56281164288526
Bi-GRU,1,2025-04-30,2025-05-01,224.0,291.7368254214526
Bi-GRU,1,2025-05-01,2025-05-02,269.0,244.91659858822825
Bi-GRU,1,2025-05-02,2025-05-03,244.00000000000006,225.72299984842542
Bi-GRU,1,2025-05-03,2025-05-04,182.0,211.73974044620994
Bi-GRU,1,2025-05-04,2025-05-05,189.0,246.37936879694465
Bi-GRU,1,2025-05-05,2025-05-06,195.0,278.6563009023667
Bi-GRU,1,2025-05-06,2025-05-07,191.99999999999997,288.00471001863485
Bi-GRU,1,2025-05-07,2025-05-08,271.0,259.2835748195649
Bi-GRU,1,2025-05-08,2025-05-09,234.00000000000003,252.47040827572349
Bi-GRU,1,2025-05-09,2025-05-10,191.99999999999997,233.4446203708649
Bi-GRU,1,2025-05-10,2025-05-11,126.00000000000001,215.60098166763785
Bi-GRU,1,2025-05-11,2025-05-12,242.99999999999997,220.20695254951718
Bi-GRU,1,2025-05-12,2025-05-13,237.0,222.1913671344519
Bi-GRU,1,2025-05-13,2025-05-14,223.0,219.42104337364438
Bi-GRU,1,2025-05-14,2025-05-15,258.0,231.70080326497558
Bi-GRU,1,2025-05-15,2025-05-16,220.0,228.13452135026458
Bi-GRU,1,2025-05-16,2025-05-17,237.0,205.6634144559503
Bi-GRU,1,2025-05-17,2025-05-18,233.0,202.26467972993854
Bi-GRU,1,2025-05-18,2025-05-19,358.0,216.30378143489364
Bi-GRU,1,2025-05-19,2025-05-20,241.0,246.5864527821541
Bi-GRU,1,2025-05-20,2025-05-21,255.0,237.323789536953
Bi-GRU,1,2025-05-21,2025-05-22,257.0,233.9283301085234
Bi-GRU,1,2025-05-22,2025-05-23,222.0,225.43922522664073
Bi-GRU,1,2025-05-23,2025-05-24,232.0,217.3001107349992
Bi-GRU,1,2025-05-24,2025-05-25,194.0,209.33562131971124
Bi-GRU,1,2025-05-25,2025-05-26,242.0,221.2635047361255
Bi-GRU,1,2025-05-26,2025-05-27,219.0,222.41996870934966
Bi-GRU,1,2025-05-27,2025-05-28,286.0,234.17179727554324
Bi-GRU,1,2025-05-28,2025-05-29,193.00000000000003,247.6578705608845
Bi-GRU,1,2025-05-29,2025-05-30,268.0,229.55670017749074
Bi-GRU,1,2025-05-30,2025-05-31,206.0,220.5132587850094
Bi-GRU,3,2024-05-29,2024-06-01,220.0,185.1280794143677
Bi-GRU,3,2024-05-30,2024-06-02,153.0,177.69324516505006
Bi-GRU,3,2024-05-31,2024-06-03,229.0,201.77823212742808
Bi-GRU,3,2024-06-01,2024-06-04,194.0,208.6237967386842
Bi-GRU,3,2024-06-02,2024-06-05,204.0,203.13386055827144
Bi-GRU,3,2024-06-03,2024-06-06,164.0,214.51701027154925
Bi-GRU,3,2024-06-04,2024-06-07,201.00000000000003,206.06163182854655
Bi-GRU,3,2024-06-05,2024-06-08,198.0,189.9183998629451
Bi-GRU,3,2024-06-06,2024-06-09,126.00000000000001,187.82553540915254
Bi-GRU,3,2024-06-07,2024-06-10,163.0,204.539723739028
Bi-GRU,3,2024-06-08,2024-06-11,221.0,230.2582019940019
Bi-GRU,3,2024-06-09,2024-06-12,207.0,219.82169440388682
Bi-GRU,3,2024-06-10,2024-06-13,203.0,231.00542615354064
Bi-GRU,3,2024-06-11,2024-06-14,150.0,211.58265798538926
Bi-GRU,3,2024-06-12,2024-06-15,146.0,187.29920624196532
Bi-GRU,3,2024-06-13,2024-06-16,176.0,182.71550332754853
Bi-GRU,3,2024-06-14,2024-06-17,208.99999999999997,207.12217926979068
Bi-GRU,3,2024-06-15,2024-06-18,175.00000000000003,231.39926294237378
Bi-GRU,3,2024-06-16,2024-06-19,171.0,215.56126234680417
Bi-GRU,3,2024-06-17,2024-06-20,179.0,221.88351958245042
Bi-GRU,3,2024-06-18,2024-06-21,186.0,200.22543686628345
Bi-GRU,3,2024-06-19,2024-06-22,176.0,182.9309935718775
Bi-GRU,3,2024-06-20,2024-06-23,153.0,175.0510230585933
Bi-GRU,3,2024-06-21,2024-06-24,213.0,197.53998691588643
Bi-GRU,3,2024-06-22,2024-06-25,216.99999999999997,229.4343277588487
Bi-GRU,3,2024-06-23,2024-06-26,245.00000000000006,219.53867015987638
Bi-GRU,3,2024-06-24,2024-06-27,203.0,229.46089518815282
Bi-GRU,3,2024-06-25,2024-06-28,228.0,208.2736035436392
Bi-GRU,3,2024-06-26,2024-06-29,178.0,186.45683620870116
Bi-GRU,3,2024-06-27,2024-06-30,133.0,178.30526950210336
Bi-GRU,3,2024-06-28,2024-07-01,219.0,211.22925033420327
Bi-GRU,3,2024-06-29,2024-07-02,159.0,254.45331196486953
Bi-GRU,3,2024-06-30,2024-07-03,182.99999999999997,233.817639246583
Bi-GRU,3,2024-07-01,2024-07-04,190.0,226.94954302161935
Bi-GRU,3,2024-07-02,2024-07-05,189.0,205.0835853815079
Bi-GRU,3,2024-07-03,2024-07-06,147.0,180.1372559964657
Bi-GRU,3,2024-07-04,2024-07-07,158.0,184.85218375921252
Bi-GRU,3,2024-07-05,2024-07-08,190.0,220.32645528018477
Bi-GRU,3,2024-07-06,2024-07-09,207.0,239.71210002899173
Bi-GRU,3,2024-07-07,2024-07-10,256.0,218.2899807021022
Bi-GRU,3,2024-07-08,2024-07-11,173.99999999999997,240.65157300233844
Bi-GRU,3,2024-07-09,2024-07-12,177.0,227.33477074652913
Bi-GRU,3,2024-07-10,2024-07-13,167.0,219.3298623338342
Bi-GRU,3,2024-07-11,2024-07-14,134.0,202.6368366852403
Bi-GRU,3,2024-07-12,2024-07-15,179.0,218.46439283341172
Bi-GRU,3,2024-07-13,2024-07-16,188.0,224.10912992060187
Bi-GRU,3,2024-07-14,2024-07-17,187.0,210.09910028427842
Bi-GRU,3,2024-07-15,2024-07-18,225.99999999999997,212.3865559473634
Bi-GRU,3,2024-07-16,2024-07-19,173.0,197.6790197491646
Bi-GRU,3,2024-07-17,2024-07-20,187.0,183.10602425783875
Bi-GRU,3,2024-07-18,2024-07-21,156.0,183.91202124953273
Bi-GRU,3,2024-07-19,2024-07-22,198.0,209.94108492136004
Bi-GRU,3,2024-07-20,2024-07-23,230.0,234.3015112280846
Bi-GRU,3,2024-07-21,2024-07-24,252.00000000000003,214.65143943578008
Bi-GRU,3,2024-07-22,2024-07-25,206.0,229.50759099423888
Bi-GRU,3,2024-07-23,2024-07-26,173.0,217.83177366852763
Bi-GRU,3,2024-07-24,2024-07-27,185.0,193.46310334652665
Bi-GRU,3,2024-07-25,2024-07-28,156.0,184.13893954455855
Bi-GRU,3,2024-07-26,2024-07-29,199.99999999999997,212.71464341878894
Bi-GRU,3,2024-07-27,2024-07-30,244.00000000000006,255.87858356535438
Bi-GRU,3,2024-07-28,2024-07-31,184.00000000000003,228.42002995312217
Bi-GRU,3,2024-07-29,2024-08-01,265.00000000000006,225.4569098055363
Bi-GRU,3,2024-07-30,2024-08-02,197.0,212.5687557831407
Bi-GRU,3,2024-07-31,2024-08-03,195.0,178.50941281765702
Bi-GRU,3,2024-08-01,2024-08-04,169.0,182.65383038669827
Bi-GRU,3,2024-08-02,2024-08-05,215.0,222.35418897122148
Bi-GRU,3,2024-08-03,2024-08-06,165.0,229.47003154456618
Bi-GRU,3,2024-08-04,2024-08-07,205.0,213.08242993056777
Bi-GRU,3,2024-08-05,2024-08-08,245.00000000000006,210.5808428153396
Bi-GRU,3,2024-08-06,2024-08-09,313.00000000000006,199.12198606878522
Bi-GRU,3,2024-08-07,2024-08-10,194.0,187.4826330468059
Bi-GRU,3,2024-08-08,2024-08-11,190.99999999999997,217.21003498137
Bi-GRU,3,2024-08-09,2024-08-12,259.0,337.70498815178877
Bi-GRU,3,2024-08-10,2024-08-13,260.0,347.36650760471827
Bi-GRU,3,2024-08-11,2024-08-14,221.0,245.18874235451224
Bi-GRU,3,2024-08-12,2024-08-15,249.00000000000003,243.48280918598178
Bi-GRU,3,2024-08-13,2024-08-16,455.0,224.31179276108745
Bi-GRU,3,2024-08-14,2024-08-17,185.0,195.109847933054
Bi-GRU,3,2024-08-15,2024-08-18,172.0,192.43863487988713
Bi-GRU,3,2024-08-16,2024-08-19,199.0,240.67546340823176
Bi-GRU,3,2024-08-17,2024-08-20,274.0,295.3617787659169
Bi-GRU,3,2024-08-18,2024-08-21,238.0,235.3614299744368
Bi-GRU,3,2024-08-19,2024-08-22,197.0,233.4305659979582
Bi-GRU,3,2024-08-20,2024-08-23,214.0,222.3947702124715
Bi-GRU,3,2024-08-21,2024-08-24,264.00000000000006,198.94640780985358
Bi-GRU,3,2024-08-22,2024-08-25,182.99999999999997,204.11742329597476
Bi-GRU,3,2024-08-23,2024-08-26,247.00000000000003,298.1586598157883
Bi-GRU,3,2024-08-24,2024-08-27,220.0,320.0849620252848
Bi-GRU,3,2024-08-25,2024-08-28,225.0,253.39895007014277
Bi-GRU,3,2024-08-26,2024-08-29,228.0,229.71530367434028
Bi-GRU,3,2024-08-27,2024-08-30,190.99999999999997,212.95429785549643
Bi-GRU,3,2024-08-28,2024-08-31,178.0,180.06757226586345
Bi-GRU,3,2024-08-29,2024-09-01,229.0,178.85131129622462
Bi-GRU,3,2024-08-30,2024-09-02,215.0,203.88672269135716
Bi-GRU,3,2024-08-31,2024-09-03,279.00000000000006,223.84950935095551
Bi-GRU,3,2024-09-01,2024-09-04,268.0,232.64875347912314
Bi-GRU,3,2024-09-02,2024-09-05,216.99999999999997,249.34553101658824
Bi-GRU,3,2024-09-03,2024-09-06,224.0,250.4338424354792
Bi-GRU,3,2024-09-04,2024-09-07,252.00000000000003,227.151049874723
Bi-GRU,3,2024-09-05,2024-09-08,274.0,249.1651564240456
Bi-GRU,3,2024-09-06,2024-09-09,225.0,281.9539475739003
Bi-GRU,3,2024-09-07,2024-09-10,237.0,274.18733480572706
Bi-GRU,3,2024-09-08,2024-09-11,251.00000000000003,245.70305533707145
Bi-GRU,3,2024-09-09,2024-09-12,233.0,249.72080102562907
Bi-GRU,3,2024-09-10,2024-09-13,211.0,250.3454803824425
Bi-GRU,3,2024-09-11,2024-09-14,180.0,243.35984863340857
Bi-GRU,3,2024-09-12,2024-09-15,162.0,278.6005295813084
Bi-GRU,3,2024-09-13,2024-09-16,265.00000000000006,329.66746872663504
Bi-GRU,3,2024-09-14,2024-09-17,241.0,328.2086126506329
Bi-GRU,3,2024-09-15,2024-09-18,314.00000000000006,299.1033854335547
Bi-GRU,3,2024-09-16,2024-09-19,207.0,437.7628753483296
Bi-GRU,3,2024-09-17,2024-09-20,245.00000000000006,499.7013688087464
Bi-GRU,3,2024-09-18,2024-09-21,185.0,324.0679064095021
Bi-GRU,3,2024-09-19,2024-09-22,144.0,253.4843106120825
Bi-GRU,3,2024-09-20,2024-09-23,210.00000000000003,283.07807432115084
Bi-GRU,3,2024-09-21,2024-09-24,189.0,294.1620463877917
Bi-GRU,3,2024-09-22,2024-09-25,269.0,293.6038870066405
Bi-GRU,3,2024-09-23,2024-09-26,221.0,297.1009313613177
Bi-GRU,3,2024-09-24,2024-09-27,230.0,303.5423161387444
Bi-GRU,3,2024-09-25,2024-09-28,356.0,295.2744510173798
Bi-GRU,3,2024-09-26,2024-09-29,225.0,333.698092520237
Bi-GRU,3,2024-09-27,2024-09-30,273.0,380.37552449107176
Bi-GRU,3,2024-09-28,2024-10-01,252.00000000000003,382.98813709616667
Bi-GRU,3,2024-09-29,2024-10-02,219.0,303.43961578607565
Bi-GRU,3,2024-09-30,2024-10-03,238.0,322.12454965710646
Bi-GRU,3,2024-10-01,2024-10-04,278.00000000000006,313.06278485059744
Bi-GRU,3,2024-10-02,2024-10-05,289.0,301.05475297570234
Bi-GRU,3,2024-10-03,2024-10-06,203.0,334.6330632269383
Bi-GRU,3,2024-10-04,2024-10-07,514.0,351.86027672886854
Bi-GRU,3,2024-10-05,2024-10-08,636.0,392.2825595736504
Bi-GRU,3,2024-10-06,2024-10-09,529.0,360.27156540751463
Bi-GRU,3,2024-10-07,2024-10-10,1059.0,399.69507515430456
Bi-GRU,3,2024-10-08,2024-10-11,1127.0,446.41079667210585
Bi-GRU,3,2024-10-09,2024-10-12,682.0,455.2175141572953
Bi-GRU,3,2024-10-10,2024-10-13,367.00000000000006,411.62531110644346
Bi-GRU,3,2024-10-11,2024-10-14,521.0,436.3341966271401
Bi-GRU,3,2024-10-12,2024-10-15,389.0,362.52517294883734
Bi-GRU,3,2024-10-13,2024-10-16,471.00000000000006,271.22291670739656
Bi-GRU,3,2024-10-14,2024-10-17,506.0,350.562082618475
Bi-GRU,3,2024-10-15,2024-10-18,533.0,379.35703876614576
Bi-GRU,3,2024-10-16,2024-10-19,470.00000000000006,374.1238230466843
Bi-GRU,3,2024-10-17,2024-10-20,353.0,378.5484965741635
Bi-GRU,3,2024-10-18,2024-10-21,391.0,428.93681028485304
Bi-GRU,3,2024-10-19,2024-10-22,482.0,611.9083994627
Bi-GRU,3,2024-10-20,2024-10-23,489.0,335.0949917286635
Bi-GRU,3,2024-10-21,2024-10-24,491.0,355.4859398901463
Bi-GRU,3,2024-10-22,2024-10-25,521.0,354.5261661559344
Bi-GRU,3,2024-10-23,2024-10-26,264.00000000000006,303.44963434338575
Bi-GRU,3,2024-10-24,2024-10-27,433.0,309.99128581583506
Bi-GRU,3,2024-10-25,2024-10-28,327.0,484.50873365998274
Bi-GRU,3,2024-10-26,2024-10-29,362.0,676.433749318123
Bi-GRU,3,2024-10-27,2024-10-30,316.00000000000006,327.427651911974
Bi-GRU,3,2024-10-28,2024-10-31,265.00000000000006,320.96239700913435
Bi-GRU,3,2024-10-29,2024-11-01,228.0,258.2610735595227
Bi-GRU,3,2024-10-30,2024-11-02,272.0,343.4435934424401
Bi-GRU,3,2024-10-31,2024-11-03,210.00000000000003,383.219456255436
Bi-GRU,3,2024-11-01,2024-11-04,344.0,522.6462987065315
Bi-GRU,3,2024-11-02,2024-11-05,468.99999999999994,541.7378967702389
Bi-GRU,3,2024-11-03,2024-11-06,338.0,624.062247991562
Bi-GRU,3,2024-11-04,2024-11-07,358.0,545.1171520948411
Bi-GRU,3,2024-11-05,2024-11-08,515.0,460.1101800501347
Bi-GRU,3,2024-11-06,2024-11-09,335.0,434.07223352789885
Bi-GRU,3,2024-11-07,2024-11-10,257.0,370.32772272825247
Bi-GRU,3,2024-11-08,2024-11-11,378.0,440.18136319518095
Bi-GRU,3,2024-11-09,2024-11-12,306.0,639.343752205372
Bi-GRU,3,2024-11-10,2024-11-13,310.0,585.499644637108
Bi-GRU,3,2024-11-11,2024-11-14,308.0,506.47111484408384
Bi-GRU,3,2024-11-12,2024-11-15,351.00000000000006,313.68937057256704
Bi-GRU,3,2024-11-13,2024-11-16,343.0,251.3799876868725
Bi-GRU,3,2024-11-14,2024-11-17,288.0,247.17620915174487
Bi-GRU,3,2024-11-15,2024-11-18,432.0,275.8113348335028
Bi-GRU,3,2024-11-16,2024-11-19,465.0,483.52809131145483
Bi-GRU,3,2024-11-17,2024-11-20,335.0,476.571764856577
Bi-GRU,3,2024-11-18,2024-11-21,638.0,540.0359588563442
Bi-GRU,3,2024-11-19,2024-11-22,533.0,527.3488959372044
Bi-GRU,3,2024-11-20,2024-11-23,427.0,587.7131373882295
Bi-GRU,3,2024-11-21,2024-11-24,305.0,608.0513765811921
Bi-GRU,3,2024-11-22,2024-11-25,342.0,479.11440980434423
Bi-GRU,3,2024-11-23,2024-11-26,441.0,517.8060375750065
Bi-GRU,3,2024-11-24,2024-11-27,281.00000000000006,730.3537058830261
Bi-GRU,3,2024-11-25,2024-11-28,325.0,427.404336065054
Bi-GRU,3,2024-11-26,2024-11-29,282.00000000000006,320.670682579279
Bi-GRU,3,2024-11-27,2024-11-30,232.0,296.77204281091696
Bi-GRU,3,2024-11-28,2024-12-01,272.0,264.8119526505471
Bi-GRU,3,2024-11-29,2024-12-02,326.0,258.564063936472
Bi-GRU,3,2024-11-30,2024-12-03,346.0,367.4891450107098
Bi-GRU,3,2024-12-01,2024-12-04,295.00000000000006,448.72228470444685
Bi-GRU,3,2024-12-02,2024-12-05,312.00000000000006,342.96286493539816
Bi-GRU,3,2024-12-03,2024-12-06,467.99999999999994,326.7156853675843
Bi-GRU,3,2024-12-04,2024-12-07,249.00000000000003,295.85731202363974
Bi-GRU,3,2024-12-05,2024-12-08,302.0,256.0479255765677
Bi-GRU,3,2024-12-06,2024-12-09,370.0,278.6578016579152
Bi-GRU,3,2024-12-07,2024-12-10,459.0,376.70796185731894
Bi-GRU,3,2024-12-08,2024-12-11,404.0,452.7065878808499
Bi-GRU,3,2024-12-09,2024-12-12,328.0,377.7479854524136
Bi-GRU,3,2024-12-10,2024-12-13,398.99999999999994,327.5181434154511
Bi-GRU,3,2024-12-11,2024-12-14,481.0,270.33436802029615
Bi-GRU,3,2024-12-12,2024-12-15,369.00000000000006,236.2952852547169
Bi-GRU,3,2024-12-13,2024-12-16,439.0,242.34821771085265
Bi-GRU,3,2024-12-14,2024-12-17,400.99999999999994,269.33474314212805
Bi-GRU,3,2024-12-15,2024-12-18,321.0,306.49182808399206
Bi-GRU,3,2024-12-16,2024-12-19,581.0,342.54468142986303
Bi-GRU,3,2024-12-17,2024-12-20,376.0,332.6263502538205
Bi-GRU,3,2024-12-18,2024-12-21,420.00000000000006,297.3322910815478
Bi-GRU,3,2024-12-19,2024-12-22,299.00000000000006,253.40858329832557
Bi-GRU,3,2024-12-20,2024-12-23,359.0,234.03094933927062
Bi-GRU,3,2024-12-21,2024-12-24,615.0,373.66945916414267
Bi-GRU,3,2024-12-22,2024-12-25,380.0,367.2880032062531
Bi-GRU,3,2024-12-23,2024-12-26,440.0,328.98113670945173
Bi-GRU,3,2024-12-24,2024-12-27,419.00000000000006,327.4588027298451
Bi-GRU,3,2024-12-25,2024-12-28,255.0,300.5586924254895
Bi-GRU,3,2024-12-26,2024-12-29,267.0,269.0913773775101
Bi-GRU,3,2024-12-27,2024-12-30,520.0,293.1259369254113
Bi-GRU,3,2024-12-28,2024-12-31,443.0,327.1578404009343
Bi-GRU,3,2024-12-29,2025-01-01,255.0,399.0093921124936
Bi-GRU,3,2024-12-30,2025-01-02,311.0,481.7770340740681
Bi-GRU,3,2024-12-31,2025-01-03,309.0,416.5277521908284
Bi-GRU,3,2025-01-01,2025-01-04,279.00000000000006,298.4748325049878
Bi-GRU,3,2025-01-02,2025-01-05,343.0,249.63700208067897
Bi-GRU,3,2025-01-03,2025-01-06,453.00000000000006,277.0371884703637
Bi-GRU,3,2025-01-04,2025-01-07,356.0,313.63510000705725
Bi-GRU,3,2025-01-05,2025-01-08,374.0,346.8006619215012
Bi-GRU,3,2025-01-06,2025-01-09,409.0,387.71137985587126
Bi-GRU,3,2025-01-07,2025-01-10,347.99999999999994,411.5129978060723
Bi-GRU,3,2025-01-08,2025-01-11,289.0,397.91878899931913
Bi-GRU,3,2025-01-09,2025-01-12,252.00000000000003,372.35360075533396
Bi-GRU,3,2025-01-10,2025-01-13,346.0,371.87187850475317
Bi-GRU,3,2025-01-11,2025-01-14,419.00000000000006,384.7919235825539
Bi-GRU,3,2025-01-12,2025-01-15,374.0,382.5650457143784
Bi-GRU,3,2025-01-13,2025-01-16,316.00000000000006,401.29577291011816
Bi-GRU,3,2025-01-14,2025-01-17,338.0,372.69390721619135
Bi-GRU,3,2025-01-15,2025-01-18,305.0,349.1600321680308
Bi-GRU,3,2025-01-16,2025-01-19,313.00000000000006,285.19586348533636
Bi-GRU,3,2025-01-17,2025-01-20,358.0,263.81143543124205
Bi-GRU,3,2025-01-18,2025-01-21,398.0,285.6014730930329
Bi-GRU,3,2025-01-19,2025-01-22,734.0000000000001,308.5681436657906
Bi-GRU,3,2025-01-20,2025-01-23,1017.0,355.3447877466679
Bi-GRU,3,2025-01-21,2025-01-24,550.0,363.9912083148957
Bi-GRU,3,2025-01-22,2025-01-25,340.0,364.40574133396154
Bi-GRU,3,2025-01-23,2025-01-26,247.00000000000003,334.4691969454289
Bi-GRU,3,2025-01-24,2025-01-27,357.0,338.98545712232595
Bi-GRU,3,2025-01-25,2025-01-28,334.00000000000006,318.71680025756365
Bi-GRU,3,2025-01-26,2025-01-29,483.0,299.4741734564305
Bi-GRU,3,2025-01-27,2025-01-30,365.99999999999994,309.4684753119946
Bi-GRU,3,2025-01-28,2025-01-31,474.0,300.7233699262143
Bi-GRU,3,2025-01-29,2025-02-01,290.0,271.9541497081519
Bi-GRU,3,2025-01-30,2025-02-02,333.00000000000006,301.39104390144354
Bi-GRU,3,2025-01-31,2025-02-03,289.0,354.65910470485693
Bi-GRU,3,2025-02-01,2025-02-04,346.0,381.83965349197393
Bi-GRU,3,2025-02-02,2025-02-05,269.0,346.7472431361676
Bi-GRU,3,2025-02-03,2025-02-06,228.0,346.43171942234045
Bi-GRU,3,2025-02-04,2025-02-07,199.0,311.2226151823998
Bi-GRU,3,2025-02-05,2025-02-08,289.0,272.8447061628104
Bi-GRU,3,2025-02-06,2025-02-09,219.0,261.7409809082747
Bi-GRU,3,2025-02-07,2025-02-10,275.0,300.17070655524736
Bi-GRU,3,2025-02-08,2025-02-11,383.99999999999994,331.2889336943627
Bi-GRU,3,2025-02-09,2025-02-12,319.0,294.2685797512532
Bi-GRU,3,2025-02-10,2025-02-13,310.0,292.1641351431609
Bi-GRU,3,2025-02-11,2025-02-14,297.00000000000006,314.60024806857115
Bi-GRU,3,2025-02-12,2025-02-15,325.0,310.01773156225687
Bi-GRU,3,2025-02-13,2025-02-16,281.00000000000006,289.2169554531575
Bi-GRU,3,2025-02-14,2025-02-17,350.00000000000006,308.58132597804075
Bi-GRU,3,2025-02-15,2025-02-18,285.0,324.0917968153954
Bi-GRU,3,2025-02-16,2025-02-19,273.0,322.9447328448296
Bi-GRU,3,2025-02-17,2025-02-20,251.00000000000003,300.70574618875986
Bi-GRU,3,2025-02-18,2025-02-21,237.0,268.3224429637194
Bi-GRU,3,2025-02-19,2025-02-22,220.0,244.52287334203723
Bi-GRU,3,2025-02-20,2025-02-23,156.0,262.3214488178492
Bi-GRU,3,2025-02-21,2025-02-24,374.0,322.33704853057867
Bi-GRU,3,2025-02-22,2025-02-25,378.0,360.86695975065237
Bi-GRU,3,2025-02-23,2025-02-26,305.0,350.3332985192538
Bi-GRU,3,2025-02-24,2025-02-27,302.0,339.8377645909787
Bi-GRU,3,2025-02-25,2025-02-28,227.00000000000003,333.04019373655325
Bi-GRU,3,2025-02-26,2025-03-01,287.0,304.014121234417
Bi-GRU,3,2025-02-27,2025-03-02,189.0,313.30041123926645
Bi-GRU,3,2025-02-28,2025-03-03,206.0,318.94278565049177
Bi-GRU,3,2025-03-01,2025-03-04,273.0,318.6361650675536
Bi-GRU,3,2025-03-02,2025-03-05,321.0,304.0191102325917
Bi-GRU,3,2025-03-03,2025-03-06,270.0,314.2639165818692
Bi-GRU,3,2025-03-04,2025-03-07,323.0,276.08769693970686
Bi-GRU,3,2025-03-05,2025-03-08,182.0,239.12102542817595
Bi-GRU,3,2025-03-06,2025-03-09,156.0,236.63741695880893
Bi-GRU,3,2025-03-07,2025-03-10,257.0,249.3749985545874
Bi-GRU,3,2025-03-08,2025-03-11,341.0,254.69462940096858
Bi-GRU,3,2025-03-09,2025-03-12,380.0,245.8045591413975
Bi-GRU,3,2025-03-10,2025-03-13,405.0,262.8068215548993
Bi-GRU,3,2025-03-11,2025-03-14,1022.0,253.5670549720526
Bi-GRU,3,2025-03-12,2025-03-15,417.99999999999994,262.48032610118395
Bi-GRU,3,2025-03-13,2025-03-16,191.99999999999997,251.39321056008342
Bi-GRU,3,2025-03-14,2025-03-17,272.0,281.79509057104593
Bi-GRU,3,2025-03-15,2025-03-18,319.0,304.0145674049855
Bi-GRU,3,2025-03-16,2025-03-19,388.0,282.3384249210358
Bi-GRU,3,2025-03-17,2025-03-20,440.0,321.89477181434637
Bi-GRU,3,2025-03-18,2025-03-21,364.99999999999994,361.8767045885325
Bi-GRU,3,2025-03-19,2025-03-22,347.0,369.38386917114263
Bi-GRU,3,2025-03-20,2025-03-23,294.0,373.27922216057783
Bi-GRU,3,2025-03-21,2025-03-24,328.0,395.92016793787485
Bi-GRU,3,2025-03-22,2025-03-25,323.0,380.9538021087647
Bi-GRU,3,2025-03-23,2025-03-26,351.00000000000006,382.9175204634667
Bi-GRU,3,2025-03-24,2025-03-27,320.0,394.61635613441473
Bi-GRU,3,2025-03-25,2025-03-28,297.00000000000006,449.49578222632414
Bi-GRU,3,2025-03-26,2025-03-29,261.00000000000006,355.6286739110947
Bi-GRU,3,2025-03-27,2025-03-30,214.0,289.28260336816317
Bi-GRU,3,2025-03-28,2025-03-31,252.00000000000003,283.20959323644644
Bi-GRU,3,2025-03-29,2025-04-01,206.0,319.8758499920369
Bi-GRU,3,2025-03-30,2025-04-02,230.0,338.0081813335419
Bi-GRU,3,2025-03-31,2025-04-03,266.00000000000006,356.3714262247086
Bi-GRU,3,2025-04-01,2025-04-04,239.0,292.7184209525586
Bi-GRU,3,2025-04-02,2025-04-05,288.0,250.15912304818633
Bi-GRU,3,2025-04-03,2025-04-06,173.99999999999997,247.14560590684417
Bi-GRU,3,2025-04-04,2025-04-07,276.0,271.056353121996
Bi-GRU,3,2025-04-05,2025-04-08,246.00000000000006,317.60545021295553
Bi-GRU,3,2025-04-06,2025-04-09,348.99999999999994,273.2262834012509
Bi-GRU,3,2025-04-07,2025-04-10,346.0,256.2275903522969
Bi-GRU,3,2025-04-08,2025-04-11,339.0,239.70540747046473
Bi-GRU,3,2025-04-09,2025-04-12,246.00000000000006,231.39753910154107
Bi-GRU,3,2025-04-10,2025-04-13,241.0,235.9922745972872
Bi-GRU,3,2025-04-11,2025-04-14,374.0,265.69893974065786
Bi-GRU,3,2025-04-12,2025-04-15,314.00000000000006,284.33578859269625
Bi-GRU,3,2025-04-13,2025-04-16,237.0,254.09278586506846
Bi-GRU,3,2025-04-14,2025-04-17,375.0,268.804205775261
Bi-GRU,3,2025-04-15,2025-04-18,370.0,263.631304204464
Bi-GRU,3,2025-04-16,2025-04-19,288.0,227.09625201672318
Bi-GRU,3,2025-04-17,2025-04-20,145.0,212.1894195377827
Bi-GRU,3,2025-04-18,2025-04-21,242.0,226.3588233292103
Bi-GRU,3,2025-04-19,2025-04-22,321.0,245.9943641573191
Bi-GRU,3,2025-04-20,2025-04-23,241.0,259.6230700612069
Bi-GRU,3,2025-04-21,2025-04-24,271.0,256.68018983304506
Bi-GRU,3,2025-04-22,2025-04-25,322.0,249.1860047578812
Bi-GRU,3,2025-04-23,2025-04-26,330.00000000000006,229.80195202678445
Bi-GRU,3,2025-04-24,2025-04-27,297.00000000000006,208.53194644302133
Bi-GRU,3,2025-04-25,2025-04-28,376.0,240.7276856452227
Bi-GRU,3,2025-04-26,2025-04-29,355.0,305.2169362455607
Bi-GRU,3,2025-04-27,2025-04-30,310.0,269.48660337924963
Bi-GRU,3,2025-04-28,2025-05-01,224.0,305.5399840176106
Bi-GRU,3,2025-04-29,2025-05-02,269.0,313.81381160020834
Bi-GRU,3,2025-04-30,2025-05-03,244.00000000000006,284.9290332049132
Bi-GRU,3,2025-05-01,2025-05-04,182.0,247.92048250138762
Bi-GRU,3,2025-05-02,2025-05-05,189.0,251.087685123086
Bi-GRU,3,2025-05-03,2025-05-06,195.0,297.6059964448214
Bi-GRU,3,2025-05-04,2025-05-07,191.99999999999997,273.50181400775915
Bi-GRU,3,2025-05-05,2025-05-08,271.0,281.9584701210261
Bi-GRU,3,2025-05-06,2025-05-09,234.00000000000003,257.79547429084784
Bi-GRU,3,2025-05-07,2025-05-10,191.99999999999997,227.81334952265027
Bi-GRU,3,2025-05-08,2025-05-11,126.00000000000001,210.39710166305306
Bi-GRU,3,2025-05-09,2025-05-12,242.99999999999997,230.75992079824212
Bi-GRU,3,2025-05-10,2025-05-13,237.0,274.0853239893914
Bi-GRU,3,2025-05-11,2025-05-14,223.0,243.08494672179225
Bi-GRU,3,2025-05-12,2025-05-15,258.0,238.0730721652508
Bi-GRU,3,2025-05-13,2025-05-16,220.0,213.12279822677377
Bi-GRU,3,2025-05-14,2025-05-17,237.0,184.08252938836816
Bi-GRU,3,2025-05-15,2025-05-18,233.0,183.60031026601794
Bi-GRU,3,2025-05-16,2025-05-19,358.0,206.67286522686484
Bi-GRU,3,2025-05-17,2025-05-20,241.0,222.34544808417562
Bi-GRU,3,2025-05-18,2025-05-21,255.0,223.0160424485803
Bi-GRU,3,2025-05-19,2025-05-22,257.0,239.60315328836444
Bi-GRU,3,2025-05-20,2025-05-23,222.0,244.13697636127475
Bi-GRU,3,2025-05-21,2025-05-24,232.0,233.36169348657134
Bi-GRU,3,2025-05-22,2025-05-25,194.0,240.1462645530701
Bi-GRU,3,2025-05-23,2025-05-26,242.0,264.3232944756747
Bi-GRU,3,2025-05-24,2025-05-27,219.0,260.06765875220304
Bi-GRU,3,2025-05-25,2025-05-28,286.0,242.54138928651813
Bi-GRU,3,2025-05-26,2025-05-29,193.00000000000003,249.24621750414374
Bi-GRU,3,2025-05-27,2025-05-30,268.0,239.9714468121529
Bi-GRU,3,2025-05-28,2025-05-31,206.0,233.78160083293918
Bi-GRU,7,2024-05-25,2024-06-01,220.0,192.8166833147407
Bi-GRU,7,2024-05-26,2024-06-02,153.0,170.40781721472743
Bi-GRU,7,2024-05-27,2024-06-03,229.0,210.47902466356757
Bi-GRU,7,2024-05-28,2024-06-04,194.0,214.93279054015878
Bi-GRU,7,2024-05-29,2024-06-05,204.0,214.32185120880607
Bi-GRU,7,2024-05-30,2024-06-06,164.0,207.4734169095755
Bi-GRU,7,2024-05-31,2024-06-07,201.00000000000003,198.49017812311652
Bi-GRU,7,2024-06-01,2024-06-08,198.0,178.89394086599353
Bi-GRU,7,2024-06-02,2024-06-09,126.00000000000001,165.6886001303792
Bi-GRU,7,2024-06-03,2024-06-10,163.0,224.86878601461652
Bi-GRU,7,2024-06-04,2024-06-11,221.0,227.11958470940593
Bi-GRU,7,2024-06-05,2024-06-12,207.0,222.14848405867818
Bi-GRU,7,2024-06-06,2024-06-13,203.0,219.77811165153983
Bi-GRU,7,2024-06-07,2024-06-14,150.0,209.4333935156465
Bi-GRU,7,2024-06-08,2024-06-15,146.0,195.74596548080447
Bi-GRU,7,2024-06-09,2024-06-16,176.0,178.12486448884013
Bi-GRU,7,2024-06-10,2024-06-17,208.99999999999997,232.44073659181598
Bi-GRU,7,2024-06-11,2024-06-18,175.00000000000003,227.14936659485105
Bi-GRU,7,2024-06-12,2024-06-19,171.0,223.65061867982152
Bi-GRU,7,2024-06-13,2024-06-20,179.0,218.77191589772704
Bi-GRU,7,2024-06-14,2024-06-21,186.0,211.99071139097217
Bi-GRU,7,2024-06-15,2024-06-22,176.0,195.9917243421078
Bi-GRU,7,2024-06-16,2024-06-23,153.0,178.92741379886868
Bi-GRU,7,2024-06-17,2024-06-24,213.0,226.19903342425826
Bi-GRU,7,2024-06-18,2024-06-25,216.99999999999997,222.5359426364303
Bi-GRU,7,2024-06-19,2024-06-26,245.00000000000006,226.0626573339105
Bi-GRU,7,2024-06-20,2024-06-27,203.0,210.79501482844356
Bi-GRU,7,2024-06-21,2024-06-28,228.0,200.0435817986727
Bi-GRU,7,2024-06-22,2024-06-29,178.0,191.97664553672078
Bi-GRU,7,2024-06-23,2024-06-30,133.0,176.08458732068542
Bi-GRU,7,2024-06-24,2024-07-01,219.0,223.07713739573958
Bi-GRU,7,2024-06-25,2024-07-02,159.0,214.18994696438315
Bi-GRU,7,2024-06-26,2024-07-03,182.99999999999997,216.75129051506522
Bi-GRU,7,2024-06-27,2024-07-04,190.0,216.6002719178796
Bi-GRU,7,2024-06-28,2024-07-05,189.0,205.86785183846953
Bi-GRU,7,2024-06-29,2024-07-06,147.0,202.74304556101563
Bi-GRU,7,2024-06-30,2024-07-07,158.0,191.048235565424
Bi-GRU,7,2024-07-01,2024-07-08,190.0,221.00745353102687
Bi-GRU,7,2024-07-02,2024-07-09,207.0,219.2277399748564
Bi-GRU,7,2024-07-03,2024-07-10,256.0,221.4049103856087
Bi-GRU,7,2024-07-04,2024-07-11,173.99999999999997,230.0567661225796
Bi-GRU,7,2024-07-05,2024-07-12,177.0,216.53731116652492
Bi-GRU,7,2024-07-06,2024-07-13,167.0,204.29785872995856
Bi-GRU,7,2024-07-07,2024-07-14,134.0,181.27787077426913
Bi-GRU,7,2024-07-08,2024-07-15,179.0,229.89777729660275
Bi-GRU,7,2024-07-09,2024-07-16,188.0,220.7008025273681
Bi-GRU,7,2024-07-10,2024-07-17,187.0,221.7736602202058
Bi-GRU,7,2024-07-11,2024-07-18,225.99999999999997,209.8846240639687
Bi-GRU,7,2024-07-12,2024-07-19,173.0,196.3209373801947
Bi-GRU,7,2024-07-13,2024-07-20,187.0,179.19060373306277
Bi-GRU,7,2024-07-14,2024-07-21,156.0,163.71916268020868
Bi-GRU,7,2024-07-15,2024-07-22,198.0,217.00064916163686
Bi-GRU,7,2024-07-16,2024-07-23,230.0,211.11676464974883
Bi-GRU,7,2024-07-17,2024-07-24,252.00000000000003,211.28331809490922
Bi-GRU,7,2024-07-18,2024-07-25,206.0,207.64264737814668
Bi-GRU,7,2024-07-19,2024-07-26,173.0,199.63797219097617
Bi-GRU,7,2024-07-20,2024-07-27,185.0,186.22949202358726
Bi-GRU,7,2024-07-21,2024-07-28,156.0,169.2478142976761
Bi-GRU,7,2024-07-22,2024-07-29,199.99999999999997,223.93277086317542
Bi-GRU,7,2024-07-23,2024-07-30,244.00000000000006,231.38588796556
Bi-GRU,7,2024-07-24,2024-07-31,184.00000000000003,232.17680642008784
Bi-GRU,7,2024-07-25,2024-08-01,265.00000000000006,232.29198940843347
Bi-GRU,7,2024-07-26,2024-08-02,197.0,222.14575633406642
Bi-GRU,7,2024-07-27,2024-08-03,195.0,211.796870559454
Bi-GRU,7,2024-07-28,2024-08-04,169.0,196.1207081973553
Bi-GRU,7,2024-07-29,2024-08-05,215.0,252.17877496778968
Bi-GRU,7,2024-07-30,2024-08-06,165.0,260.92749027907854
Bi-GRU,7,2024-07-31,2024-08-07,205.0,232.81358308345082
Bi-GRU,7,2024-08-01,2024-08-08,245.00000000000006,223.16231541335586
Bi-GRU,7,2024-08-02,2024-08-09,313.00000000000006,211.23447255790236
Bi-GRU,7,2024-08-03,2024-08-10,194.0,196.1598698049784
Bi-GRU,7,2024-08-04,2024-08-11,190.99999999999997,182.38508360087874
Bi-GRU,7,2024-08-05,2024-08-12,259.0,243.18251611292365
Bi-GRU,7,2024-08-06,2024-08-13,260.0,242.3313037902117
Bi-GRU,7,2024-08-07,2024-08-14,221.0,246.85786645114425
Bi-GRU,7,2024-08-08,2024-08-15,249.00000000000003,253.38065707683566
Bi-GRU,7,2024-08-09,2024-08-16,455.0,254.53360238671306
Bi-GRU,7,2024-08-10,2024-08-17,185.0,238.38883924484256
Bi-GRU,7,2024-08-11,2024-08-18,172.0,216.8352415636182
Bi-GRU,7,2024-08-12,2024-08-19,199.0,242.9564293175936
Bi-GRU,7,2024-08-13,2024-08-20,274.0,239.00232377648356
Bi-GRU,7,2024-08-14,2024-08-21,238.0,237.4800506383181
Bi-GRU,7,2024-08-15,2024-08-22,197.0,246.31400480866435
Bi-GRU,7,2024-08-16,2024-08-23,214.0,257.0169674903155
Bi-GRU,7,2024-08-17,2024-08-24,264.00000000000006,245.67460182309154
Bi-GRU,7,2024-08-18,2024-08-25,182.99999999999997,231.30436043441298
Bi-GRU,7,2024-08-19,2024-08-26,247.00000000000003,270.820044964552
Bi-GRU,7,2024-08-20,2024-08-27,220.0,270.9746430665255
Bi-GRU,7,2024-08-21,2024-08-28,225.0,271.84830588102346
Bi-GRU,7,2024-08-22,2024-08-29,228.0,276.9303711801768
Bi-GRU,7,2024-08-23,2024-08-30,190.99999999999997,289.5522729158402
Bi-GRU,7,2024-08-24,2024-08-31,178.0,291.09010118246084
Bi-GRU,7,2024-08-25,2024-09-01,229.0,281.6768148094416
Bi-GRU,7,2024-08-26,2024-09-02,215.0,293.7634741067887
Bi-GRU,7,2024-08-27,2024-09-03,279.00000000000006,303.29621250927454
Bi-GRU,7,2024-08-28,2024-09-04,268.0,246.16094802320006
Bi-GRU,7,2024-08-29,2024-09-05,216.99999999999997,238.7884052693844
Bi-GRU,7,2024-08-30,2024-09-06,224.0,233.71816349029544
Bi-GRU,7,2024-08-31,2024-09-07,252.00000000000003,228.48352813720706
Bi-GRU,7,2024-09-01,2024-09-08,274.0,215.49489447474483
Bi-GRU,7,2024-09-02,2024-09-09,225.0,268.18851067125803
Bi-GRU,7,2024-09-03,2024-09-10,237.0,275.932977154851
Bi-GRU,7,2024-09-04,2024-09-11,251.00000000000003,293.4065782129765
Bi-GRU,7,2024-09-05,2024-09-12,233.0,306.16454169154173
Bi-GRU,7,2024-09-06,2024-09-13,211.0,291.5544836223126
Bi-GRU,7,2024-09-07,2024-09-14,180.0,275.128349095583
Bi-GRU,7,2024-09-08,2024-09-15,162.0,254.59923002123836
Bi-GRU,7,2024-09-09,2024-09-16,265.00000000000006,307.14810442924505
Bi-GRU,7,2024-09-10,2024-09-17,241.0,342.6918974369765
Bi-GRU,7,2024-09-11,2024-09-18,314.00000000000006,372.2181271463633
Bi-GRU,7,2024-09-12,2024-09-19,207.0,332.9880323410035
Bi-GRU,7,2024-09-13,2024-09-20,245.00000000000006,307.14652255177504
Bi-GRU,7,2024-09-14,2024-09-21,185.0,291.0142521858216
Bi-GRU,7,2024-09-15,2024-09-22,144.0,275.5225205123425
Bi-GRU,7,2024-09-16,2024-09-23,210.00000000000003,340.64819286763674
Bi-GRU,7,2024-09-17,2024-09-24,189.0,409.28109037876135
Bi-GRU,7,2024-09-18,2024-09-25,269.0,341.77373924851423
Bi-GRU,7,2024-09-19,2024-09-26,221.0,326.3280848264695
Bi-GRU,7,2024-09-20,2024-09-27,230.0,327.2240967303515
Bi-GRU,7,2024-09-21,2024-09-28,356.0,334.03446456789976
Bi-GRU,7,2024-09-22,2024-09-29,225.0,321.2922995835543
Bi-GRU,7,2024-09-23,2024-09-30,273.0,356.1634498983622
Bi-GRU,7,2024-09-24,2024-10-01,252.00000000000003,355.0878137797118
Bi-GRU,7,2024-09-25,2024-10-02,219.0,358.0669149458409
Bi-GRU,7,2024-09-26,2024-10-03,238.0,368.53861930966383
Bi-GRU,7,2024-09-27,2024-10-04,278.00000000000006,379.89424841105944
Bi-GRU,7,2024-09-28,2024-10-05,289.0,379.9242026805878
Bi-GRU,7,2024-09-29,2024-10-06,203.0,325.92125838994986
Bi-GRU,7,2024-09-30,2024-10-07,514.0,357.3718826025725
Bi-GRU,7,2024-10-01,2024-10-08,636.0,361.2995829582215
Bi-GRU,7,2024-10-02,2024-10-09,529.0,388.7944994717837
Bi-GRU,7,2024-10-03,2024-10-10,1059.0,392.84201690554625
Bi-GRU,7,2024-10-04,2024-10-11,1127.0,396.479219660163
Bi-GRU,7,2024-10-05,2024-10-12,682.0,410.5297595560551
Bi-GRU,7,2024-10-06,2024-10-13,367.00000000000006,404.29923093318945
Bi-GRU,7,2024-10-07,2024-10-14,521.0,415.83675566315657
Bi-GRU,7,2024-10-08,2024-10-15,389.0,447.68136876821524
Bi-GRU,7,2024-10-09,2024-10-16,471.00000000000006,466.7514289617539
Bi-GRU,7,2024-10-10,2024-10-17,506.0,515.0769744515419
Bi-GRU,7,2024-10-11,2024-10-18,533.0,526.1660977602005
Bi-GRU,7,2024-10-12,2024-10-19,470.00000000000006,507.80208221077925
Bi-GRU,7,2024-10-13,2024-10-20,353.0,484.1945890188218
Bi-GRU,7,2024-10-14,2024-10-21,391.0,428.26288992166525
Bi-GRU,7,2024-10-15,2024-10-22,482.0,364.560440838337
Bi-GRU,7,2024-10-16,2024-10-23,489.0,331.9517403542996
Bi-GRU,7,2024-10-17,2024-10-24,491.0,327.4959565699101
Bi-GRU,7,2024-10-18,2024-10-25,521.0,327.3369170427323
Bi-GRU,7,2024-10-19,2024-10-26,264.00000000000006,327.40209850668913
Bi-GRU,7,2024-10-20,2024-10-27,433.0,307.81399372220045
Bi-GRU,7,2024-10-21,2024-10-28,327.0,364.49570554494863
Bi-GRU,7,2024-10-22,2024-10-29,362.0,332.1002340316773
Bi-GRU,7,2024-10-23,2024-10-30,316.00000000000006,351.0284119844437
Bi-GRU,7,2024-10-24,2024-10-31,265.00000000000006,369.4762670397759
Bi-GRU,7,2024-10-25,2024-11-01,228.0,367.95048537850386
Bi-GRU,7,2024-10-26,2024-11-02,272.0,353.3688199818135
Bi-GRU,7,2024-10-27,2024-11-03,210.00000000000003,293.6806080639363
Bi-GRU,7,2024-10-28,2024-11-04,344.0,360.8461722582579
Bi-GRU,7,2024-10-29,2024-11-05,468.99999999999994,400.4107327461243
Bi-GRU,7,2024-10-30,2024-11-06,338.0,359.99674461781984
Bi-GRU,7,2024-10-31,2024-11-07,358.0,300.6415179073811
Bi-GRU,7,2024-11-01,2024-11-08,515.0,279.4291088879109
Bi-GRU,7,2024-11-02,2024-11-09,335.0,265.07488907873636
Bi-GRU,7,2024-11-03,2024-11-10,257.0,264.72135974466806
Bi-GRU,7,2024-11-04,2024-11-11,378.0,354.871542736888
Bi-GRU,7,2024-11-05,2024-11-12,306.0,684.113561630249
Bi-GRU,7,2024-11-06,2024-11-13,310.0,619.6398864388467
Bi-GRU,7,2024-11-07,2024-11-14,308.0,687.1785100698471
Bi-GRU,7,2024-11-08,2024-11-15,351.00000000000006,537.8574702143669
Bi-GRU,7,2024-11-09,2024-11-16,343.0,467.830472201109
Bi-GRU,7,2024-11-10,2024-11-17,288.0,405.15944778919226
Bi-GRU,7,2024-11-11,2024-11-18,432.0,392.89265726506716
Bi-GRU,7,2024-11-12,2024-11-19,465.0,424.4699533581734
Bi-GRU,7,2024-11-13,2024-11-20,335.0,366.51953524351126
Bi-GRU,7,2024-11-14,2024-11-21,638.0,335.76159083843237
Bi-GRU,7,2024-11-15,2024-11-22,533.0,314.9396419078112
Bi-GRU,7,2024-11-16,2024-11-23,427.0,294.23361620306974
Bi-GRU,7,2024-11-17,2024-11-24,305.0,271.3366496413947
Bi-GRU,7,2024-11-18,2024-11-25,342.0,395.7555715590716
Bi-GRU,7,2024-11-19,2024-11-26,441.0,556.7734393179418
Bi-GRU,7,2024-11-20,2024-11-27,281.00000000000006,629.6617697477342
Bi-GRU,7,2024-11-21,2024-11-28,325.0,648.2891476154329
Bi-GRU,7,2024-11-22,2024-11-29,282.00000000000006,511.15493234992033
Bi-GRU,7,2024-11-23,2024-11-30,232.0,399.1046698093415
Bi-GRU,7,2024-11-24,2024-12-01,272.0,373.86366504430777
Bi-GRU,7,2024-11-25,2024-12-02,326.0,380.9821542203427
Bi-GRU,7,2024-11-26,2024-12-03,346.0,387.5213923156262
Bi-GRU,7,2024-11-27,2024-12-04,295.00000000000006,347.215559989214
Bi-GRU,7,2024-11-28,2024-12-05,312.00000000000006,332.01984220743185
Bi-GRU,7,2024-11-29,2024-12-06,467.99999999999994,331.6108863204718
Bi-GRU,7,2024-11-30,2024-12-07,249.00000000000003,321.05365917086607
Bi-GRU,7,2024-12-01,2024-12-08,302.0,289.13226416707045
Bi-GRU,7,2024-12-02,2024-12-09,370.0,378.59321503341204
Bi-GRU,7,2024-12-03,2024-12-10,459.0,397.08205693960196
Bi-GRU,7,2024-12-04,2024-12-11,404.0,363.0555480718613
Bi-GRU,7,2024-12-05,2024-12-12,328.0,328.05044518411165
Bi-GRU,7,2024-12-06,2024-12-13,398.99999999999994,299.8999621421099
Bi-GRU,7,2024-12-07,2024-12-14,481.0,264.6855241358281
Bi-GRU,7,2024-12-08,2024-12-15,369.00000000000006,260.2007392644883
Bi-GRU,7,2024-12-09,2024-12-16,439.0,351.8721205294133
Bi-GRU,7,2024-12-10,2024-12-17,400.99999999999994,356.4802512824536
Bi-GRU,7,2024-12-11,2024-12-18,321.0,365.9912895709277
Bi-GRU,7,2024-12-12,2024-12-19,581.0,338.6887739747763
Bi-GRU,7,2024-12-13,2024-12-20,376.0,306.81919559836393
Bi-GRU,7,2024-12-14,2024-12-21,420.00000000000006,278.1001492887736
Bi-GRU,7,2024-12-15,2024-12-22,299.00000000000006,279.38546529412275
Bi-GRU,7,2024-12-16,2024-12-23,359.0,353.0744690895081
Bi-GRU,7,2024-12-17,2024-12-24,615.0,389.64891611039644
Bi-GRU,7,2024-12-18,2024-12-25,380.0,362.8213085234166
Bi-GRU,7,2024-12-19,2024-12-26,440.0,316.28807076811796
Bi-GRU,7,2024-12-20,2024-12-27,419.00000000000006,288.4384689331055
Bi-GRU,7,2024-12-21,2024-12-28,255.0,284.2706476897002
Bi-GRU,7,2024-12-22,2024-12-29,267.0,296.43575188517576
Bi-GRU,7,2024-12-23,2024-12-30,520.0,346.26304666697985
Bi-GRU,7,2024-12-24,2024-12-31,443.0,398.08383154869085
Bi-GRU,7,2024-12-25,2025-01-01,255.0,380.2672267258168
Bi-GRU,7,2024-12-26,2025-01-02,311.0,380.73680096864706
Bi-GRU,7,2024-12-27,2025-01-03,309.0,370.43561488389975
Bi-GRU,7,2024-12-28,2025-01-04,279.00000000000006,350.8142095506192
Bi-GRU,7,2024-12-29,2025-01-05,343.0,323.45551702380186
Bi-GRU,7,2024-12-30,2025-01-06,453.00000000000006,359.3524337559939
Bi-GRU,7,2024-12-31,2025-01-07,356.0,377.5563754737378
Bi-GRU,7,2025-01-01,2025-01-08,374.0,370.9176616221667
Bi-GRU,7,2025-01-02,2025-01-09,409.0,366.96740937232977
Bi-GRU,7,2025-01-03,2025-01-10,347.99999999999994,335.1074236631394
Bi-GRU,7,2025-01-04,2025-01-11,289.0,291.2203424274922
Bi-GRU,7,2025-01-05,2025-01-12,252.00000000000003,289.39019131660467
Bi-GRU,7,2025-01-06,2025-01-13,346.0,371.0768228322268
Bi-GRU,7,2025-01-07,2025-01-14,419.00000000000006,425.57742983102804
Bi-GRU,7,2025-01-08,2025-01-15,374.0,425.9040266871453
Bi-GRU,7,2025-01-09,2025-01-16,316.00000000000006,418.45354604721075
Bi-GRU,7,2025-01-10,2025-01-17,338.0,396.0282020568848
Bi-GRU,7,2025-01-11,2025-01-18,305.0,370.2259958386422
Bi-GRU,7,2025-01-12,2025-01-19,313.00000000000006,345.2339542508126
Bi-GRU,7,2025-01-13,2025-01-20,358.0,367.0704139322043
Bi-GRU,7,2025-01-14,2025-01-21,398.0,369.41232268512255
Bi-GRU,7,2025-01-15,2025-01-22,734.0000000000001,367.38056331872946
Bi-GRU,7,2025-01-16,2025-01-23,1017.0,364.6643985807896
Bi-GRU,7,2025-01-17,2025-01-24,550.0,352.3025940060616
Bi-GRU,7,2025-01-18,2025-01-25,340.0,349.0240921080113
Bi-GRU,7,2025-01-19,2025-01-26,247.00000000000003,323.10198768973356
Bi-GRU,7,2025-01-20,2025-01-27,357.0,397.0035714805127
Bi-GRU,7,2025-01-21,2025-01-28,334.00000000000006,409.48787015676504
Bi-GRU,7,2025-01-22,2025-01-29,483.0,416.90793007612234
Bi-GRU,7,2025-01-23,2025-01-30,365.99999999999994,421.675708770752
Bi-GRU,7,2025-01-24,2025-01-31,474.0,419.00687867403036
Bi-GRU,7,2025-01-25,2025-02-01,290.0,406.0650929212571
Bi-GRU,7,2025-01-26,2025-02-02,333.00000000000006,363.3362907618285
Bi-GRU,7,2025-01-27,2025-02-03,289.0,378.25974309444433
Bi-GRU,7,2025-01-28,2025-02-04,346.0,350.80500221252447
Bi-GRU,7,2025-01-29,2025-02-05,269.0,353.9039812982083
Bi-GRU,7,2025-01-30,2025-02-06,228.0,363.53416740894323
Bi-GRU,7,2025-01-31,2025-02-07,199.0,347.3707665055991
Bi-GRU,7,2025-02-01,2025-02-08,289.0,320.1130910515786
Bi-GRU,7,2025-02-02,2025-02-09,219.0,285.55713996291166
Bi-GRU,7,2025-02-03,2025-02-10,275.0,335.7480840384961
Bi-GRU,7,2025-02-04,2025-02-11,383.99999999999994,345.1349043846131
Bi-GRU,7,2025-02-05,2025-02-12,319.0,328.84359449148184
Bi-GRU,7,2025-02-06,2025-02-13,310.0,304.28819164633757
Bi-GRU,7,2025-02-07,2025-02-14,297.00000000000006,281.15883105993277
Bi-GRU,7,2025-02-08,2025-02-15,325.0,239.34893746674064
Bi-GRU,7,2025-02-09,2025-02-16,281.00000000000006,228.42753373086455
Bi-GRU,7,2025-02-10,2025-02-17,350.00000000000006,275.37224215269094
Bi-GRU,7,2025-02-11,2025-02-18,285.0,296.97052787244326
Bi-GRU,7,2025-02-12,2025-02-19,273.0,296.7141217589379
Bi-GRU,7,2025-02-13,2025-02-20,251.00000000000003,296.26511192321783
Bi-GRU,7,2025-02-14,2025-02-21,237.0,286.47471001744276
Bi-GRU,7,2025-02-15,2025-02-22,220.0,266.68014994263655
Bi-GRU,7,2025-02-16,2025-02-23,156.0,252.87145477533343
Bi-GRU,7,2025-02-17,2025-02-24,374.0,298.32078197598463
Bi-GRU,7,2025-02-18,2025-02-25,378.0,311.88002723455435
Bi-GRU,7,2025-02-19,2025-02-26,305.0,306.05303961038595
Bi-GRU,7,2025-02-20,2025-02-27,302.0,296.29486338794237
Bi-GRU,7,2025-02-21,2025-02-28,227.00000000000003,274.0817140638829
Bi-GRU,7,2025-02-22,2025-03-01,287.0,267.3770886510611
Bi-GRU,7,2025-02-23,2025-03-02,189.0,249.39353491365912
Bi-GRU,7,2025-02-24,2025-03-03,206.0,321.2086831629277
Bi-GRU,7,2025-02-25,2025-03-04,273.0,312.4439665526152
Bi-GRU,7,2025-02-26,2025-03-05,321.0,302.3347352147103
Bi-GRU,7,2025-02-27,2025-03-06,270.0,307.62858957052237
Bi-GRU,7,2025-02-28,2025-03-07,323.0,279.1314725577832
Bi-GRU,7,2025-03-01,2025-03-08,182.0,241.7000535577536
Bi-GRU,7,2025-03-02,2025-03-09,156.0,223.5953239500523
Bi-GRU,7,2025-03-03,2025-03-10,257.0,250.783498197794
Bi-GRU,7,2025-03-04,2025-03-11,341.0,238.1758739203215
Bi-GRU,7,2025-03-05,2025-03-12,380.0,220.5301118642092
Bi-GRU,7,2025-03-06,2025-03-13,405.0,215.8916212320328
Bi-GRU,7,2025-03-07,2025-03-14,1022.0,212.29051773250106
Bi-GRU,7,2025-03-08,2025-03-15,417.99999999999994,215.2440452128649
Bi-GRU,7,2025-03-09,2025-03-16,191.99999999999997,219.6816576868296
Bi-GRU,7,2025-03-10,2025-03-17,272.0,265.07622759044176
Bi-GRU,7,2025-03-11,2025-03-18,319.0,263.74848482012754
Bi-GRU,7,2025-03-12,2025-03-19,388.0,287.929935887456
Bi-GRU,7,2025-03-13,2025-03-20,440.0,290.3247158527375
Bi-GRU,7,2025-03-14,2025-03-21,364.99999999999994,287.8324881792069
Bi-GRU,7,2025-03-15,2025-03-22,347.0,279.14753469824797
Bi-GRU,7,2025-03-16,2025-03-23,294.0,262.56197531521326
Bi-GRU,7,2025-03-17,2025-03-24,328.0,298.33092221617704
Bi-GRU,7,2025-03-18,2025-03-25,323.0,289.2046249210835
Bi-GRU,7,2025-03-19,2025-03-26,351.00000000000006,287.80263531208044
Bi-GRU,7,2025-03-20,2025-03-27,320.0,276.0428365170956
Bi-GRU,7,2025-03-21,2025-03-28,297.00000000000006,306.8882100731135
Bi-GRU,7,2025-03-22,2025-03-29,261.00000000000006,283.65067340433603
Bi-GRU,7,2025-03-23,2025-03-30,214.0,249.7104782611132
Bi-GRU,7,2025-03-24,2025-03-31,252.00000000000003,298.8991407155991
Bi-GRU,7,2025-03-25,2025-04-01,206.0,299.4543999880553
Bi-GRU,7,2025-03-26,2025-04-02,230.0,306.42579483985907
Bi-GRU,7,2025-03-27,2025-04-03,266.00000000000006,312.8178574889899
Bi-GRU,7,2025-03-28,2025-04-04,239.0,300.20974647998815
Bi-GRU,7,2025-03-29,2025-04-05,288.0,287.54947407543665
Bi-GRU,7,2025-03-30,2025-04-06,173.99999999999997,253.530712351203
Bi-GRU,7,2025-03-31,2025-04-07,276.0,307.2608639001847
Bi-GRU,7,2025-04-01,2025-04-08,246.00000000000006,289.0656427890063
Bi-GRU,7,2025-04-02,2025-04-09,348.99999999999994,288.5385936647654
Bi-GRU,7,2025-04-03,2025-04-10,346.0,299.23135526478296
Bi-GRU,7,2025-04-04,2025-04-11,339.0,287.91636824607855
Bi-GRU,7,2025-04-05,2025-04-12,246.00000000000006,267.11106958985334
Bi-GRU,7,2025-04-06,2025-04-13,241.0,221.33972892165187
Bi-GRU,7,2025-04-07,2025-04-14,374.0,258.9944562911988
Bi-GRU,7,2025-04-08,2025-04-15,314.00000000000006,263.42624826729303
Bi-GRU,7,2025-04-09,2025-04-16,237.0,264.58651483058935
Bi-GRU,7,2025-04-10,2025-04-17,375.0,276.5895374268294
Bi-GRU,7,2025-04-11,2025-04-18,370.0,266.76273205876356
Bi-GRU,7,2025-04-12,2025-04-19,288.0,248.27401183545592
Bi-GRU,7,2025-04-13,2025-04-20,145.0,241.26049442589286
Bi-GRU,7,2025-04-14,2025-04-21,242.0,253.01203906536105
Bi-GRU,7,2025-04-15,2025-04-22,321.0,250.98173989355567
Bi-GRU,7,2025-04-16,2025-04-23,241.0,254.8477875888348
Bi-GRU,7,2025-04-17,2025-04-24,271.0,255.61915566027167
Bi-GRU,7,2025-04-18,2025-04-25,322.0,256.2399006038905
Bi-GRU,7,2025-04-19,2025-04-26,330.00000000000006,244.6941419988871
Bi-GRU,7,2025-04-20,2025-04-27,297.00000000000006,235.52517457306388
Bi-GRU,7,2025-04-21,2025-04-28,376.0,277.36496159434324
Bi-GRU,7,2025-04-22,2025-04-29,355.0,273.7912570238114
Bi-GRU,7,2025-04-23,2025-04-30,310.0,270.67347793281084
Bi-GRU,7,2025-04-24,2025-05-01,224.0,268.5701690316201
Bi-GRU,7,2025-04-25,2025-05-02,269.0,274.67051725089556
Bi-GRU,7,2025-04-26,2025-05-03,244.00000000000006,272.5979535579682
Bi-GRU,7,2025-04-27,2025-05-04,182.0,245.94311538338664
Bi-GRU,7,2025-04-28,2025-05-05,189.0,290.7218279391528
Bi-GRU,7,2025-04-29,2025-05-06,195.0,308.5414342731238
Bi-GRU,7,2025-04-30,2025-05-07,191.99999999999997,310.06451863050466
Bi-GRU,7,2025-05-01,2025-05-08,271.0,294.03863966465
Bi-GRU,7,2025-05-02,2025-05-09,234.00000000000003,271.1961464732886
Bi-GRU,7,2025-05-03,2025-05-10,191.99999999999997,254.22110046446326
Bi-GRU,7,2025-05-04,2025-05-11,126.00000000000001,226.23005241900685
Bi-GRU,7,2025-05-05,2025-05-12,242.99999999999997,271.3710656166077
Bi-GRU,7,2025-05-06,2025-05-13,237.0,271.41083563864237
Bi-GRU,7,2025-05-07,2025-05-14,223.0,267.9188208431006
Bi-GRU,7,2025-05-08,2025-05-15,258.0,258.4772026389838
Bi-GRU,7,2025-05-09,2025-05-16,220.0,252.29281210899356
Bi-GRU,7,2025-05-10,2025-05-17,237.0,246.1278705596924
Bi-GRU,7,2025-05-11,2025-05-18,233.0,209.31009833514693
Bi-GRU,7,2025-05-12,2025-05-19,358.0,238.19092203676703
Bi-GRU,7,2025-05-13,2025-05-20,241.0,229.95389338582757
Bi-GRU,7,2025-05-14,2025-05-21,255.0,224.1716343611479
Bi-GRU,7,2025-05-15,2025-05-22,257.0,222.69949457049373
Bi-GRU,7,2025-05-16,2025-05-23,222.0,207.5310134738684
Bi-GRU,7,2025-05-17,2025-05-24,232.0,193.57790100574496
Bi-GRU,7,2025-05-18,2025-05-25,194.0,182.31774226576093
Bi-GRU,7,2025-05-19,2025-05-26,242.0,233.84445004165175
Bi-GRU,7,2025-05-20,2025-05-27,219.0,239.4004498869181
Bi-GRU,7,2025-05-21,2025-05-28,286.0,246.38026113808158
Bi-GRU,7,2025-05-22,2025-05-29,193.00000000000003,256.8876794278622
Bi-GRU,7,2025-05-23,2025-05-30,268.0,256.13687576353556
Bi-GRU,7,2025-05-24,2025-05-31,206.0,234.26591898500922
Bi-GRU,14,2024-05-18,2024-06-01,220.0,182.86321620643142
Bi-GRU,14,2024-05-19,2024-06-02,153.0,171.88725797832015
Bi-GRU,14,2024-05-20,2024-06-03,229.0,207.58370216190818
Bi-GRU,14,2024-05-21,2024-06-04,194.0,213.50259078294042
Bi-GRU,14,2024-05-22,2024-06-05,204.0,213.81840856373313
Bi-GRU,14,2024-05-23,2024-06-06,164.0,208.15498301386836
Bi-GRU,14,2024-05-24,2024-06-07,201.00000000000003,200.86521504074338
Bi-GRU,14,2024-05-25,2024-06-08,198.0,191.41467342525723
Bi-GRU,14,2024-05-26,2024-06-09,126.00000000000001,173.38142237067225
Bi-GRU,14,2024-05-27,2024-06-10,163.0,215.664388589561
Bi-GRU,14,2024-05-28,2024-06-11,221.0,223.47910665720704
Bi-GRU,14,2024-05-29,2024-06-12,207.0,220.10518509894612
Bi-GRU,14,2024-05-30,2024-06-13,203.0,211.9901131168008
Bi-GRU,14,2024-05-31,2024-06-14,150.0,204.73991236090663
Bi-GRU,14,2024-06-01,2024-06-15,146.0,188.6866141855717
Bi-GRU,14,2024-06-02,2024-06-16,176.0,174.24218679964545
Bi-GRU,14,2024-06-03,2024-06-17,208.99999999999997,216.14093931764367
Bi-GRU,14,2024-06-04,2024-06-18,175.00000000000003,221.85283521562818
Bi-GRU,14,2024-06-05,2024-06-19,171.0,218.09145507961514
Bi-GRU,14,2024-06-06,2024-06-20,179.0,213.0858776122332
Bi-GRU,14,2024-06-07,2024-06-21,186.0,200.45322722196582
Bi-GRU,14,2024-06-08,2024-06-22,176.0,184.57869134098294
Bi-GRU,14,2024-06-09,2024-06-23,153.0,162.80854883044958
Bi-GRU,14,2024-06-10,2024-06-24,213.0,227.22899790108207
Bi-GRU,14,2024-06-11,2024-06-25,216.99999999999997,217.4223006293178
Bi-GRU,14,2024-06-12,2024-06-26,245.00000000000006,211.9641845226288
Bi-GRU,14,2024-06-13,2024-06-27,203.0,203.13961007446053
Bi-GRU,14,2024-06-14,2024-06-28,228.0,192.76104381680491
Bi-GRU,14,2024-06-15,2024-06-29,178.0,174.97867244482043
Bi-GRU,14,2024-06-16,2024-06-30,133.0,155.8555990755558
Bi-GRU,14,2024-06-17,2024-07-01,219.0,200.5301105231047
Bi-GRU,14,2024-06-18,2024-07-02,159.0,203.63817526400092
Bi-GRU,14,2024-06-19,2024-07-03,182.99999999999997,202.7497888207436
Bi-GRU,14,2024-06-20,2024-07-04,190.0,190.1794502064586
Bi-GRU,14,2024-06-21,2024-07-05,189.0,178.72380791604522
Bi-GRU,14,2024-06-22,2024-07-06,147.0,168.39614566415548
Bi-GRU,14,2024-06-23,2024-07-07,158.0,154.3435270190239
Bi-GRU,14,2024-06-24,2024-07-08,190.0,206.1620810478926
Bi-GRU,14,2024-06-25,2024-07-09,207.0,210.57425165921453
Bi-GRU,14,2024-06-26,2024-07-10,256.0,213.0239714458585
Bi-GRU,14,2024-06-27,2024-07-11,173.99999999999997,209.50431435555222
Bi-GRU,14,2024-06-28,2024-07-12,177.0,198.84663798660043
Bi-GRU,14,2024-06-29,2024-07-13,167.0,189.82481558620933
Bi-GRU,14,2024-06-30,2024-07-14,134.0,176.26929179579022
Bi-GRU,14,2024-07-01,2024-07-15,179.0,227.61700405180457
Bi-GRU,14,2024-07-02,2024-07-16,188.0,229.04098784178498
Bi-GRU,14,2024-07-03,2024-07-17,187.0,227.28405940532687
Bi-GRU,14,2024-07-04,2024-07-18,225.99999999999997,228.49452015757564
Bi-GRU,14,2024-07-05,2024-07-19,173.0,211.00636785477403
Bi-GRU,14,2024-07-06,2024-07-20,187.0,197.8378361910582
Bi-GRU,14,2024-07-07,2024-07-21,156.0,174.77294725179675
Bi-GRU,14,2024-07-08,2024-07-22,198.0,226.0936661884189
Bi-GRU,14,2024-07-09,2024-07-23,230.0,225.33551084995273
Bi-GRU,14,2024-07-10,2024-07-24,252.00000000000003,225.0269332006574
Bi-GRU,14,2024-07-11,2024-07-25,206.0,216.5361450389028
Bi-GRU,14,2024-07-12,2024-07-26,173.0,200.01173130422833
Bi-GRU,14,2024-07-13,2024-07-27,185.0,179.9129843041301
Bi-GRU,14,2024-07-14,2024-07-28,156.0,164.20448471605778
Bi-GRU,14,2024-07-15,2024-07-29,199.99999999999997,209.1450760662556
Bi-GRU,14,2024-07-16,2024-07-30,244.00000000000006,210.78362733870748
Bi-GRU,14,2024-07-17,2024-07-31,184.00000000000003,210.3668634667993
Bi-GRU,14,2024-07-18,2024-08-01,265.00000000000006,207.92352189123633
Bi-GRU,14,2024-07-19,2024-08-02,197.0,196.9445925727487
Bi-GRU,14,2024-07-20,2024-08-03,195.0,180.88556516170505
Bi-GRU,14,2024-07-21,2024-08-04,169.0,163.1373258382082
Bi-GRU,14,2024-07-22,2024-08-05,215.0,221.56942564249042
Bi-GRU,14,2024-07-23,2024-08-06,165.0,237.8795355409384
Bi-GRU,14,2024-07-24,2024-08-07,205.0,235.35544723272326
Bi-GRU,14,2024-07-25,2024-08-08,245.00000000000006,225.31515938788655
Bi-GRU,14,2024-07-26,2024-08-09,313.00000000000006,211.2907001897693
Bi-GRU,14,2024-07-27,2024-08-10,194.0,204.64047716557982
Bi-GRU,14,2024-07-28,2024-08-11,190.99999999999997,182.4530434906483
Bi-GRU,14,2024-07-29,2024-08-12,259.0,236.1919764876366
Bi-GRU,14,2024-07-30,2024-08-13,260.0,238.20012937486175
Bi-GRU,14,2024-07-31,2024-08-14,221.0,223.67539128661159
Bi-GRU,14,2024-08-01,2024-08-15,249.00000000000003,238.76372392475608
Bi-GRU,14,2024-08-02,2024-08-16,455.0,232.05024608224633
Bi-GRU,14,2024-08-03,2024-08-17,185.0,218.7751607745886
Bi-GRU,14,2024-08-04,2024-08-18,172.0,208.86575300991538
Bi-GRU,14,2024-08-05,2024-08-19,199.0,283.1810383200646
Bi-GRU,14,2024-08-06,2024-08-20,274.0,285.12960715591913
Bi-GRU,14,2024-08-07,2024-08-21,238.0,283.28189314901834
Bi-GRU,14,2024-08-08,2024-08-22,197.0,270.4458092600108
Bi-GRU,14,2024-08-09,2024-08-23,214.0,263.5495333075524
Bi-GRU,14,2024-08-10,2024-08-24,264.00000000000006,236.93969751894477
Bi-GRU,14,2024-08-11,2024-08-25,182.99999999999997,216.24257494509223
Bi-GRU,14,2024-08-12,2024-08-26,247.00000000000003,263.38623487949377
Bi-GRU,14,2024-08-13,2024-08-27,220.0,263.48463577032095
Bi-GRU,14,2024-08-14,2024-08-28,225.0,257.9008516669274
Bi-GRU,14,2024-08-15,2024-08-29,228.0,259.4490229785443
Bi-GRU,14,2024-08-16,2024-08-30,190.99999999999997,258.651756733656
Bi-GRU,14,2024-08-17,2024-08-31,178.0,249.69741763174537
Bi-GRU,14,2024-08-18,2024-09-01,229.0,239.80952745676043
Bi-GRU,14,2024-08-19,2024-09-02,215.0,283.21949011087423
Bi-GRU,14,2024-08-20,2024-09-03,279.00000000000006,288.7216250002385
Bi-GRU,14,2024-08-21,2024-09-04,268.0,297.68442106246954
Bi-GRU,14,2024-08-22,2024-09-05,216.99999999999997,298.3337614834309
Bi-GRU,14,2024-08-23,2024-09-06,224.0,298.3150628805161
Bi-GRU,14,2024-08-24,2024-09-07,252.00000000000003,283.611674040556
Bi-GRU,14,2024-08-25,2024-09-08,274.0,257.30614686012274
Bi-GRU,14,2024-08-26,2024-09-09,225.0,284.07260879874235
Bi-GRU,14,2024-08-27,2024-09-10,237.0,290.99129468202597
Bi-GRU,14,2024-08-28,2024-09-11,251.00000000000003,287.1339878737927
Bi-GRU,14,2024-08-29,2024-09-12,233.0,281.55888381600386
Bi-GRU,14,2024-08-30,2024-09-13,211.0,261.52773165702826
Bi-GRU,14,2024-08-31,2024-09-14,180.0,245.48155193030837
Bi-GRU,14,2024-09-01,2024-09-15,162.0,239.03446833789351
Bi-GRU,14,2024-09-02,2024-09-16,265.00000000000006,301.1289998143912
Bi-GRU,14,2024-09-03,2024-09-17,241.0,323.6969764232636
Bi-GRU,14,2024-09-04,2024-09-18,314.00000000000006,340.07224750518805
Bi-GRU,14,2024-09-05,2024-09-19,207.0,338.0619246065617
Bi-GRU,14,2024-09-06,2024-09-20,245.00000000000006,325.0237051695586
Bi-GRU,14,2024-09-07,2024-09-21,185.0,310.0433863699437
Bi-GRU,14,2024-09-08,2024-09-22,144.0,293.2551844269038
Bi-GRU,14,2024-09-09,2024-09-23,210.00000000000003,351.1992547512055
Bi-GRU,14,2024-09-10,2024-09-24,189.0,352.5034924447537
Bi-GRU,14,2024-09-11,2024-09-25,269.0,356.75566020607954
Bi-GRU,14,2024-09-12,2024-09-26,221.0,347.9916128516198
Bi-GRU,14,2024-09-13,2024-09-27,230.0,340.97683805227285
Bi-GRU,14,2024-09-14,2024-09-28,356.0,321.0752781629563
Bi-GRU,14,2024-09-15,2024-09-29,225.0,301.8927018642426
Bi-GRU,14,2024-09-16,2024-09-30,273.0,358.2794138193131
Bi-GRU,14,2024-09-17,2024-10-01,252.00000000000003,361.7412106990815
Bi-GRU,14,2024-09-18,2024-10-02,219.0,367.55298796296125
Bi-GRU,14,2024-09-19,2024-10-03,238.0,360.71165183186537
Bi-GRU,14,2024-09-20,2024-10-04,278.00000000000006,345.4911107420922
Bi-GRU,14,2024-09-21,2024-10-05,289.0,321.5532079637051
Bi-GRU,14,2024-09-22,2024-10-06,203.0,311.86895409226423
Bi-GRU,14,2024-09-23,2024-10-07,514.0,378.5760577470065
Bi-GRU,14,2024-09-24,2024-10-08,636.0,396.436164200306
Bi-GRU,14,2024-09-25,2024-10-09,529.0,410.71268948912626
Bi-GRU,14,2024-09-26,2024-10-10,1059.0,403.4270080327988
Bi-GRU,14,2024-09-27,2024-10-11,1127.0,389.762304276228
Bi-GRU,14,2024-09-28,2024-10-12,682.0,384.64207111299044
Bi-GRU,14,2024-09-29,2024-10-13,367.00000000000006,351.5735107362271
Bi-GRU,14,2024-09-30,2024-10-14,521.0,407.91978341341024
Bi-GRU,14,2024-10-01,2024-10-15,389.0,404.10222634673124
Bi-GRU,14,2024-10-02,2024-10-16,471.00000000000006,409.78656107187277
Bi-GRU,14,2024-10-03,2024-10-17,506.0,410.8755417466164
Bi-GRU,14,2024-10-04,2024-10-18,533.0,403.32325309515005
Bi-GRU,14,2024-10-05,2024-10-19,470.00000000000006,373.946997538209
Bi-GRU,14,2024-10-06,2024-10-20,353.0,351.7162447571755
Bi-GRU,14,2024-10-07,2024-10-21,391.0,404.5736663937569
Bi-GRU,14,2024-10-08,2024-10-22,482.0,432.00106918811804
Bi-GRU,14,2024-10-09,2024-10-23,489.0,422.67342728376394
Bi-GRU,14,2024-10-10,2024-10-24,491.0,422.3353516757489
Bi-GRU,14,2024-10-11,2024-10-25,521.0,457.65482228994375
Bi-GRU,14,2024-10-12,2024-10-26,264.00000000000006,447.282573401928
Bi-GRU,14,2024-10-13,2024-10-27,433.0,388.29817527532583
Bi-GRU,14,2024-10-14,2024-10-28,327.0,447.4314726889134
Bi-GRU,14,2024-10-15,2024-10-29,362.0,436.55643013119703
Bi-GRU,14,2024-10-16,2024-10-30,316.00000000000006,412.7678728103638
Bi-GRU,14,2024-10-17,2024-10-31,265.00000000000006,388.7672019451857
Bi-GRU,14,2024-10-18,2024-11-01,228.0,400.95335727930075
Bi-GRU,14,2024-10-19,2024-11-02,272.0,340.0892831087113
Bi-GRU,14,2024-10-20,2024-11-03,210.00000000000003,281.6655997037888
Bi-GRU,14,2024-10-21,2024-11-04,344.0,347.4579117298127
Bi-GRU,14,2024-10-22,2024-11-05,468.99999999999994,424.85406565666204
Bi-GRU,14,2024-10-23,2024-11-06,338.0,424.05306780338293
Bi-GRU,14,2024-10-24,2024-11-07,358.0,398.79717716574675
Bi-GRU,14,2024-10-25,2024-11-08,515.0,382.7731640040875
Bi-GRU,14,2024-10-26,2024-11-09,335.0,349.238619029522
Bi-GRU,14,2024-10-27,2024-11-10,257.0,315.04228141903883
Bi-GRU,14,2024-10-28,2024-11-11,378.0,384.19214865565306
Bi-GRU,14,2024-10-29,2024-11-12,306.0,380.4941450208426
Bi-GRU,14,2024-10-30,2024-11-13,310.0,362.70842736959463
Bi-GRU,14,2024-10-31,2024-11-14,308.0,347.601274445653
Bi-GRU,14,2024-11-01,2024-11-15,351.00000000000006,340.04109668731695
Bi-GRU,14,2024-11-02,2024-11-16,343.0,315.49108844995504
Bi-GRU,14,2024-11-03,2024-11-17,288.0,292.9267826080323
Bi-GRU,14,2024-11-04,2024-11-18,432.0,351.00018155574804
Bi-GRU,14,2024-11-05,2024-11-19,465.0,387.1141602694989
Bi-GRU,14,2024-11-06,2024-11-20,335.0,377.689455986023
Bi-GRU,14,2024-11-07,2024-11-21,638.0,364.72814013063913
Bi-GRU,14,2024-11-08,2024-11-22,533.0,354.4055987000466
Bi-GRU,14,2024-11-09,2024-11-23,427.0,348.8514240980149
Bi-GRU,14,2024-11-10,2024-11-24,305.0,326.9105402231217
Bi-GRU,14,2024-11-11,2024-11-25,342.0,362.686524450779
Bi-GRU,14,2024-11-12,2024-11-26,441.0,368.1451982706786
Bi-GRU,14,2024-11-13,2024-11-27,281.00000000000006,359.11058902740484
Bi-GRU,14,2024-11-14,2024-11-28,325.0,364.495725825429
Bi-GRU,14,2024-11-15,2024-11-29,282.00000000000006,373.2256614118815
Bi-GRU,14,2024-11-16,2024-11-30,232.0,356.217720463872
Bi-GRU,14,2024-11-17,2024-12-01,272.0,332.1582767665387
Bi-GRU,14,2024-11-18,2024-12-02,326.0,363.3021587133408
Bi-GRU,14,2024-11-19,2024-12-03,346.0,387.0673934817315
Bi-GRU,14,2024-11-20,2024-12-04,295.00000000000006,374.94378314912325
Bi-GRU,14,2024-11-21,2024-12-05,312.00000000000006,373.23671427369123
Bi-GRU,14,2024-11-22,2024-12-06,467.99999999999994,373.5017801523209
Bi-GRU,14,2024-11-23,2024-12-07,249.00000000000003,366.8432319909335
Bi-GRU,14,2024-11-24,2024-12-08,302.0,345.2163913547993
Bi-GRU,14,2024-11-25,2024-12-09,370.0,389.26318137347704
Bi-GRU,14,2024-11-26,2024-12-10,459.0,390.44938667118555
Bi-GRU,14,2024-11-27,2024-12-11,404.0,375.57306617498404
Bi-GRU,14,2024-11-28,2024-12-12,328.0,359.221584096551
Bi-GRU,14,2024-11-29,2024-12-13,398.99999999999994,341.612042978406
Bi-GRU,14,2024-11-30,2024-12-14,481.0,318.0464289784432
Bi-GRU,14,2024-12-01,2024-12-15,369.00000000000006,291.9447611868382
Bi-GRU,14,2024-12-02,2024-12-16,439.0,333.9445814788342
Bi-GRU,14,2024-12-03,2024-12-17,400.99999999999994,369.32998393476015
Bi-GRU,14,2024-12-04,2024-12-18,321.0,372.88265764713293
Bi-GRU,14,2024-12-05,2024-12-19,581.0,357.40735316276556
Bi-GRU,14,2024-12-06,2024-12-20,376.0,333.4469998925925
Bi-GRU,14,2024-12-07,2024-12-21,420.00000000000006,314.4814855754376
Bi-GRU,14,2024-12-08,2024-12-22,299.00000000000006,295.29207475483423
Bi-GRU,14,2024-12-09,2024-12-23,359.0,327.4234132915736
Bi-GRU,14,2024-12-10,2024-12-24,615.0,331.3934187293053
Bi-GRU,14,2024-12-11,2024-12-25,380.0,325.16623638570314
Bi-GRU,14,2024-12-12,2024-12-26,440.0,316.34812127053743
Bi-GRU,14,2024-12-13,2024-12-27,419.00000000000006,318.3154901117087
Bi-GRU,14,2024-12-14,2024-12-28,255.0,305.0015169829131
Bi-GRU,14,2024-12-15,2024-12-29,267.0,291.39935822784906
Bi-GRU,14,2024-12-16,2024-12-30,520.0,311.6617281436921
Bi-GRU,14,2024-12-17,2024-12-31,443.0,321.1541286706925
Bi-GRU,14,2024-12-18,2025-01-01,255.0,325.3959128260613
Bi-GRU,14,2024-12-19,2025-01-02,311.0,336.3839987814427
Bi-GRU,14,2024-12-20,2025-01-03,309.0,341.1686102747918
Bi-GRU,14,2024-12-21,2025-01-04,279.00000000000006,346.52127802371984
Bi-GRU,14,2024-12-22,2025-01-05,343.0,329.52564732730394
Bi-GRU,14,2024-12-23,2025-01-06,453.00000000000006,389.2673997133971
Bi-GRU,14,2024-12-24,2025-01-07,356.0,414.6200485229493
Bi-GRU,14,2024-12-25,2025-01-08,374.0,416.6885358393193
Bi-GRU,14,2024-12-26,2025-01-09,409.0,409.4471875131131
Bi-GRU,14,2024-12-27,2025-01-10,347.99999999999994,396.64032779634005
Bi-GRU,14,2024-12-28,2025-01-11,289.0,379.3118132948876
Bi-GRU,14,2024-12-29,2025-01-12,252.00000000000003,357.1386773586274
Bi-GRU,14,2024-12-30,2025-01-13,346.0,391.65082260966307
Bi-GRU,14,2024-12-31,2025-01-14,419.00000000000006,402.68701386451727
Bi-GRU,14,2025-01-01,2025-01-15,374.0,351.39579288661486
Bi-GRU,14,2025-01-02,2025-01-16,316.00000000000006,320.5960909724236
Bi-GRU,14,2025-01-03,2025-01-17,338.0,299.49800302088266
Bi-GRU,14,2025-01-04,2025-01-18,305.0,277.46360585093504
Bi-GRU,14,2025-01-05,2025-01-19,313.00000000000006,268.0554301589728
Bi-GRU,14,2025-01-06,2025-01-20,358.0,338.89068643748766
Bi-GRU,14,2025-01-07,2025-01-21,398.0,351.73179988563066
Bi-GRU,14,2025-01-08,2025-01-22,734.0000000000001,355.314488708973
Bi-GRU,14,2025-01-09,2025-01-23,1017.0,356.481326147914
Bi-GRU,14,2025-01-10,2025-01-24,550.0,347.6852559149266
Bi-GRU,14,2025-01-11,2025-01-25,340.0,324.3742633461953
Bi-GRU,14,2025-01-12,2025-01-26,247.00000000000003,306.7045906037093
Bi-GRU,14,2025-01-13,2025-01-27,357.0,352.96426495909697
Bi-GRU,14,2025-01-14,2025-01-28,334.00000000000006,367.58251634240156
Bi-GRU,14,2025-01-15,2025-01-29,483.0,351.18367934226995
Bi-GRU,14,2025-01-16,2025-01-30,365.99999999999994,354.8969541788102
Bi-GRU,14,2025-01-17,2025-01-31,474.0,344.1693101525307
Bi-GRU,14,2025-01-18,2025-02-01,290.0,327.78316873312
Bi-GRU,14,2025-01-19,2025-02-02,333.00000000000006,301.711171284318
Bi-GRU,14,2025-01-20,2025-02-03,289.0,334.25677919387823
Bi-GRU,14,2025-01-21,2025-02-04,346.0,348.2008668482304
Bi-GRU,14,2025-01-22,2025-02-05,269.0,358.3315143734217
Bi-GRU,14,2025-01-23,2025-02-06,228.0,369.91582617163664
Bi-GRU,14,2025-01-24,2025-02-07,199.0,344.55636312067514
Bi-GRU,14,2025-01-25,2025-02-08,289.0,315.2629533261061
Bi-GRU,14,2025-01-26,2025-02-09,219.0,280.9897324144841
Bi-GRU,14,2025-01-27,2025-02-10,275.0,323.7069138586522
Bi-GRU,14,2025-01-28,2025-02-11,383.99999999999994,354.66011872887617
Bi-GRU,14,2025-01-29,2025-02-12,319.0,375.0872269868851
Bi-GRU,14,2025-01-30,2025-02-13,310.0,390.6436533927918
Bi-GRU,14,2025-01-31,2025-02-14,297.00000000000006,391.75044032931334
Bi-GRU,14,2025-02-01,2025-02-15,325.0,354.91540941596037
Bi-GRU,14,2025-02-02,2025-02-16,281.00000000000006,320.0475445389748
Bi-GRU,14,2025-02-03,2025-02-17,350.00000000000006,354.55484275519854
Bi-GRU,14,2025-02-04,2025-02-18,285.0,363.7394869923592
Bi-GRU,14,2025-02-05,2025-02-19,273.0,345.2647805809975
Bi-GRU,14,2025-02-06,2025-02-20,251.00000000000003,325.94987414777285
Bi-GRU,14,2025-02-07,2025-02-21,237.0,302.08337894082075
Bi-GRU,14,2025-02-08,2025-02-22,220.0,279.3363662511111
Bi-GRU,14,2025-02-09,2025-02-23,156.0,257.09855586290365
Bi-GRU,14,2025-02-10,2025-02-24,374.0,328.4486929774285
Bi-GRU,14,2025-02-11,2025-02-25,378.0,353.7548183649779
Bi-GRU,14,2025-02-12,2025-02-26,305.0,339.74382540583616
Bi-GRU,14,2025-02-13,2025-02-27,302.0,321.3012838363648
Bi-GRU,14,2025-02-14,2025-02-28,227.00000000000003,301.0539011955262
Bi-GRU,14,2025-02-15,2025-03-01,287.0,284.53532823920256
Bi-GRU,14,2025-02-16,2025-03-02,189.0,250.4136633574963
Bi-GRU,14,2025-02-17,2025-03-03,206.0,297.9364263117314
Bi-GRU,14,2025-02-18,2025-03-04,273.0,293.40574671328073
Bi-GRU,14,2025-02-19,2025-03-05,321.0,290.147302210331
Bi-GRU,14,2025-02-20,2025-03-06,270.0,295.100971788168
Bi-GRU,14,2025-02-21,2025-03-07,323.0,281.20186623930937
Bi-GRU,14,2025-02-22,2025-03-08,182.0,264.92225818336016
Bi-GRU,14,2025-02-23,2025-03-09,156.0,249.40136317908767
Bi-GRU,14,2025-02-24,2025-03-10,257.0,334.35286810994154
Bi-GRU,14,2025-02-25,2025-03-11,341.0,352.2836317569018
Bi-GRU,14,2025-02-26,2025-03-12,380.0,357.2378489077092
Bi-GRU,14,2025-02-27,2025-03-13,405.0,352.01465174555784
Bi-GRU,14,2025-02-28,2025-03-14,1022.0,320.59763228893286
Bi-GRU,14,2025-03-01,2025-03-15,417.99999999999994,271.63700355589395
Bi-GRU,14,2025-03-02,2025-03-16,191.99999999999997,242.82257814705375
Bi-GRU,14,2025-03-03,2025-03-17,272.0,287.86155010759836
Bi-GRU,14,2025-03-04,2025-03-18,319.0,281.5915759503842
Bi-GRU,14,2025-03-05,2025-03-19,388.0,273.3366903364659
Bi-GRU,14,2025-03-06,2025-03-20,440.0,263.1028354465962
Bi-GRU,14,2025-03-07,2025-03-21,364.99999999999994,249.56841349601748
Bi-GRU,14,2025-03-08,2025-03-22,347.0,240.3133148699999
Bi-GRU,14,2025-03-09,2025-03-23,294.0,228.28385666757825
Bi-GRU,14,2025-03-10,2025-03-24,328.0,271.38666130602365
Bi-GRU,14,2025-03-11,2025-03-25,323.0,274.5798026621342
Bi-GRU,14,2025-03-12,2025-03-26,351.00000000000006,292.41102971136576
Bi-GRU,14,2025-03-13,2025-03-27,320.0,279.92920525372034
Bi-GRU,14,2025-03-14,2025-03-28,297.00000000000006,281.25587315857416
Bi-GRU,14,2025-03-15,2025-03-29,261.00000000000006,268.4289763271809
Bi-GRU,14,2025-03-16,2025-03-30,214.0,227.9751877561212
Bi-GRU,14,2025-03-17,2025-03-31,252.00000000000003,257.19784909486776
Bi-GRU,14,2025-03-18,2025-04-01,206.0,281.2782425284386
Bi-GRU,14,2025-03-19,2025-04-02,230.0,311.3423511385918
Bi-GRU,14,2025-03-20,2025-04-03,266.00000000000006,320.0596317052842
Bi-GRU,14,2025-03-21,2025-04-04,239.0,300.55485941469675
Bi-GRU,14,2025-03-22,2025-04-05,288.0,266.5569663047791
Bi-GRU,14,2025-03-23,2025-04-06,173.99999999999997,236.7414355427027
Bi-GRU,14,2025-03-24,2025-04-07,276.0,283.8447576016188
Bi-GRU,14,2025-03-25,2025-04-08,246.00000000000006,301.5250167548657
Bi-GRU,14,2025-03-26,2025-04-09,348.99999999999994,316.2839741110802
Bi-GRU,14,2025-03-27,2025-04-10,346.0,321.42513673007494
Bi-GRU,14,2025-03-28,2025-04-11,339.0,309.9109953939915
Bi-GRU,14,2025-03-29,2025-04-12,246.00000000000006,286.7245655357838
Bi-GRU,14,2025-03-30,2025-04-13,241.0,254.6641275584698
Bi-GRU,14,2025-03-31,2025-04-14,374.0,319.0750549435616
Bi-GRU,14,2025-04-01,2025-04-15,314.00000000000006,319.30609017610556
Bi-GRU,14,2025-04-02,2025-04-16,237.0,307.7952139973641
Bi-GRU,14,2025-04-03,2025-04-17,375.0,297.7868780493737
Bi-GRU,14,2025-04-04,2025-04-18,370.0,273.4867658913136
Bi-GRU,14,2025-04-05,2025-04-19,288.0,255.32729926705363
Bi-GRU,14,2025-04-06,2025-04-20,145.0,230.28568204492333
Bi-GRU,14,2025-04-07,2025-04-21,242.0,255.92837214469913
Bi-GRU,14,2025-04-08,2025-04-22,321.0,257.26641739904886
Bi-GRU,14,2025-04-09,2025-04-23,241.0,250.7622442543507
Bi-GRU,14,2025-04-10,2025-04-24,271.0,245.69394940137866
Bi-GRU,14,2025-04-11,2025-04-25,322.0,239.14773482084277
Bi-GRU,14,2025-04-12,2025-04-26,330.00000000000006,233.9053523242474
Bi-GRU,14,2025-04-13,2025-04-27,297.00000000000006,223.59191682934764
Bi-GRU,14,2025-04-14,2025-04-28,376.0,239.42740264534953
Bi-GRU,14,2025-04-15,2025-04-29,355.0,236.2939670234919
Bi-GRU,14,2025-04-16,2025-04-30,310.0,234.76867209374907
Bi-GRU,14,2025-04-17,2025-05-01,224.0,236.35845895111564
Bi-GRU,14,2025-04-18,2025-05-02,269.0,237.11745592951777
Bi-GRU,14,2025-04-19,2025-05-03,244.00000000000006,228.3515427708626
Bi-GRU,14,2025-04-20,2025-05-04,182.0,220.24003001302484
Bi-GRU,14,2025-04-21,2025-05-05,189.0,247.17890645563605
Bi-GRU,14,2025-04-22,2025-05-06,195.0,259.57537037134176
Bi-GRU,14,2025-04-23,2025-05-07,191.99999999999997,267.15714684128767
Bi-GRU,14,2025-04-24,2025-05-08,271.0,264.61407600343233
Bi-GRU,14,2025-04-25,2025-05-09,234.00000000000003,253.12108720839026
Bi-GRU,14,2025-04-26,2025-05-10,191.99999999999997,247.75588612258437
Bi-GRU,14,2025-04-27,2025-05-11,126.00000000000001,237.10062313079837
Bi-GRU,14,2025-04-28,2025-05-12,242.99999999999997,279.1988037526608
Bi-GRU,14,2025-04-29,2025-05-13,237.0,299.447322100401
Bi-GRU,14,2025-04-30,2025-05-14,223.0,304.50101500749594
Bi-GRU,14,2025-05-01,2025-05-15,258.0,290.9758815169335
Bi-GRU,14,2025-05-02,2025-05-16,220.0,265.4062924087048
Bi-GRU,14,2025-05-03,2025-05-17,237.0,245.3508036732674
Bi-GRU,14,2025-05-04,2025-05-18,233.0,221.77999787032607
Bi-GRU,14,2025-05-05,2025-05-19,358.0,251.90778718888762
Bi-GRU,14,2025-05-06,2025-05-20,241.0,258.5398896038533
Bi-GRU,14,2025-05-07,2025-05-21,255.0,258.08374103903776
Bi-GRU,14,2025-05-08,2025-05-22,257.0,250.60845737159255
Bi-GRU,14,2025-05-09,2025-05-23,222.0,239.81336046755317
Bi-GRU,14,2025-05-10,2025-05-24,232.0,225.2558998242021
Bi-GRU,14,2025-05-11,2025-05-25,194.0,201.40113687515262
Bi-GRU,14,2025-05-12,2025-05-26,242.0,239.29797261953357
Bi-GRU,14,2025-05-13,2025-05-27,219.0,239.00051881372931
Bi-GRU,14,2025-05-14,2025-05-28,286.0,228.36890286207202
Bi-GRU,14,2025-05-15,2025-05-29,193.00000000000003,222.05684670805934
Bi-GRU,14,2025-05-16,2025-05-30,268.0,209.17267780005935
Bi-GRU,14,2025-05-17,2025-05-31,206.0,197.60800764709714
