mean_fit_time,std_fit_time,mean_score_time,std_score_time,param_colsample_bytree,param_gamma,param_learning_rate,param_max_depth,param_min_child_weight,param_n_estimators,param_subsample,params,split0_test_score,split1_test_score,split2_test_score,split3_test_score,split4_test_score,mean_test_score,std_test_score,rank_test_score
2.4028615951538086,0.19807332508053171,0.0045298576354980465,0.0016427931643738024,0.7,0.0,0.03,4,1,300,0.7,"{'colsample_bytree': 0.7, 'gamma': 0, 'learning_rate': 0.03, 'max_depth': 4, 'min_child_weight': 1, 'n_estimators': 300, 'subsample': 0.7}",-37.61508139716254,-41.546425086127385,-66.24709279378256,-66.05463287353516,-60.534332546657986,-54.39951293945312,12.335007014660695,19
2.9624204635620117,0.5472417462486777,0.007798337936401367,0.0031786243141071857,0.7,0.0,0.03,4,1,300,0.8,"{'colsample_bytree': 0.7, 'gamma': 0, 'learning_rate': 0.03, 'max_depth': 4, 'min_child_weight': 1, 'n_estimators': 300, 'subsample': 0.8}",-37.70762351142036,-41.69833786010742,-64.99524810791016,-66.08085289849176,-59.98889451768663,-54.09419137912327,11.995310819013062,11
3.8075728893280028,0.12598853502875387,0.011858463287353516,0.0007532317082178894,0.7,0.0,0.03,4,1,500,0.7,"{'colsample_bytree': 0.7, 'gamma': 0, 'learning_rate': 0.03, 'max_depth': 4, 'min_child_weight': 1, 'n_estimators': 500, 'subsample': 0.7}",-38.34640901353624,-42.006683875189886,-66.66332331339518,-66.18922502305773,-61.15376793755426,-54.87188183254666,12.208087585680234,50
3.502226972579956,0.4711918402230685,0.009926223754882812,0.0031578292611695946,0.7,0.0,0.03,4,1,500,0.8,"{'colsample_bytree': 0.7, 'gamma': 0, 'learning_rate': 0.03, 'max_depth': 4, 'min_child_weight': 1, 'n_estimators': 500, 'subsample': 0.8}",-38.082254079182945,-42.006192253960506,-65.15104219224717,-66.17996385362413,-60.89379092746311,-54.462648661295574,11.96977406077568,25
2.6646539211273192,0.6250702445396927,0.006046295166015625,0.002840258135851784,0.7,0.0,0.03,4,3,300,0.7,"{'colsample_bytree': 0.7, 'gamma': 0, 'learning_rate': 0.03, 'max_depth': 4, 'min_child_weight': 3, 'n_estimators': 300, 'subsample': 0.7}",-38.05577009412978,-41.58196623060439,-65.1448329671224,-65.68522674560546,-60.04177985297309,-54.101915178087026,11.879638262375977,13
3.2344477653503416,0.2023031114548483,0.008558940887451173,0.0005087253022206733,0.7,0.0,0.03,4,3,300,0.8,"{'colsample_bytree': 0.7, 'gamma': 0, 'learning_rate': 0.03, 'max_depth': 4, 'min_child_weight': 3, 'n_estimators': 300, 'subsample': 0.8}",-37.34995617336697,-41.59420596652561,-65.21587314181858,-65.36741390652126,-60.00603329128689,-53.90669649590386,12.018073909424864,5
1.6333273887634276,1.5707777855209228,0.0065349102020263675,0.003779581506734509,0.7,0.0,0.03,4,3,500,0.7,"{'colsample_bytree': 0.7, 'gamma': 0, 'learning_rate': 0.03, 'max_depth': 4, 'min_child_weight': 3, 'n_estimators': 500, 'subsample': 0.7}",-38.61845694647895,-41.83364547729492,-65.55557696872287,-66.29253112792969,-60.82217254638672,-54.62447661336263,11.948572406276453,33
0.5333996772766113,0.22041930341257152,0.006714773178100586,0.0024718242431304993,0.7,0.0,0.03,4,3,500,0.8,"{'colsample_bytree': 0.7, 'gamma': 0, 'learning_rate': 0.03, 'max_depth': 4, 'min_child_weight': 3, 'n_estimators': 500, 'subsample': 0.8}",-37.791011793348524,-42.1506174214681,-65.4905278693305,-65.71467224121093,-60.78224114312066,-54.38581409369575,11.980479747986791,17
1.3503523349761963,0.6014816008285676,0.011330795288085938,0.003637301813679825,0.7,0.0,0.03,6,1,300,0.7,"{'colsample_bytree': 0.7, 'gamma': 0, 'learning_rate': 0.03, 'max_depth': 6, 'min_child_weight': 1, 'n_estimators': 300, 'subsample': 0.7}",-38.71172651502821,-41.700543111165366,-65.84226879543728,-66.25581414116753,-60.47952985975478,-54.59797648451064,11.963684083267479,32
1.6705204963684082,0.34692443597077227,0.010818004608154297,0.00025712892745741325,0.7,0.0,0.03,6,1,300,0.8,"{'colsample_bytree': 0.7, 'gamma': 0, 'learning_rate': 0.03, 'max_depth': 6, 'min_child_weight': 1, 'n_estimators': 300, 'subsample': 0.8}",-38.17077794392904,-42.093887939453126,-65.9598629252116,-66.8369532945421,-61.28789862738715,-54.8698761461046,12.243165523916367,49
3.157685708999634,0.45951166886323214,0.015228796005249023,0.001919244519656753,0.7,0.0,0.03,6,1,500,0.7,"{'colsample_bytree': 0.7, 'gamma': 0, 'learning_rate': 0.03, 'max_depth': 6, 'min_child_weight': 1, 'n_estimators': 500, 'subsample': 0.7}",-38.99174314710829,-41.946839769151474,-66.31394707573784,-66.6983196343316,-61.164422302246095,-55.02305438571507,12.078930457427683,68
3.1453745365142822,0.7549599354179705,0.01727633476257324,0.004169908669566551,0.7,0.0,0.03,6,1,500,0.8,"{'colsample_bytree': 0.7, 'gamma': 0, 'learning_rate': 0.03, 'max_depth': 6, 'min_child_weight': 1, 'n_estimators': 500, 'subsample': 0.8}",-38.21689744737413,-42.22976321750217,-66.2073097398546,-67.02739298502604,-61.77479682074653,-55.09123204210069,12.335880251762974,81
1.4590333938598632,0.37713804394323136,0.01087651252746582,0.0003142536531559892,0.7,0.0,0.03,6,3,300,0.7,"{'colsample_bytree': 0.7, 'gamma': 0, 'learning_rate': 0.03, 'max_depth': 6, 'min_child_weight': 3, 'n_estimators': 300, 'subsample': 0.7}",-38.18977552625868,-41.266775326199,-66.17934987386067,-66.97471937391494,-61.85010911729601,-54.892145843505865,12.541313382643521,54
1.4385902404785156,0.2955420621486051,0.012349224090576172,0.0022087596986893362,0.7,0.0,0.03,6,3,300,0.8,"{'colsample_bytree': 0.7, 'gamma': 0, 'learning_rate': 0.03, 'max_depth': 6, 'min_child_weight': 3, 'n_estimators': 300, 'subsample': 0.8}",-37.80428743150499,-41.78522650824653,-65.49385904947917,-66.87956634521484,-61.18045572916667,-54.62867901272244,12.321335805176073,35
2.590302896499634,0.7260164318228931,0.014855480194091797,0.0009449190051140786,0.7,0.0,0.03,6,3,500,0.7,"{'colsample_bytree': 0.7, 'gamma': 0, 'learning_rate': 0.03, 'max_depth': 6, 'min_child_weight': 3, 'n_estimators': 500, 'subsample': 0.7}",-38.54319742838542,-41.470028228759766,-66.18909874810113,-67.45067077636719,-63.12087914360894,-55.35477486504449,12.644532198770076,104
2.589698553085327,0.828340666579337,0.016747283935546874,0.0030267072630581504,0.7,0.0,0.03,6,3,500,0.8,"{'colsample_bytree': 0.7, 'gamma': 0, 'learning_rate': 0.03, 'max_depth': 6, 'min_child_weight': 3, 'n_estimators': 500, 'subsample': 0.8}",-38.02480078803168,-42.08254574245877,-65.61769371880425,-67.14422119140625,-61.9503172132704,-54.96391573079427,12.357474985015974,64
5.415957689285278,2.292850569844397,0.01630573272705078,0.0012178637070259176,0.7,0.0,0.03,8,1,300,0.7,"{'colsample_bytree': 0.7, 'gamma': 0, 'learning_rate': 0.03, 'max_depth': 8, 'min_child_weight': 1, 'n_estimators': 300, 'subsample': 0.7}",-39.14061521742079,-41.725028906928166,-66.88818674723308,-66.29819769965277,-60.35635745578342,-54.88167720540365,12.044449031623211,52
5.216025257110596,1.3876172067224932,0.015768051147460938,0.001330487937018769,0.7,0.0,0.03,8,1,300,0.8,"{'colsample_bytree': 0.7, 'gamma': 0, 'learning_rate': 0.03, 'max_depth': 8, 'min_child_weight': 1, 'n_estimators': 300, 'subsample': 0.8}",-37.70820785522461,-42.812996012369794,-66.07376442803277,-67.7771241929796,-61.62634531656901,-55.19968756103516,12.466927285159517,90
8.80448522567749,3.540780003040962,0.02809624671936035,0.004800734678695503,0.7,0.0,0.03,8,1,500,0.7,"{'colsample_bytree': 0.7, 'gamma': 0, 'learning_rate': 0.03, 'max_depth': 8, 'min_child_weight': 1, 'n_estimators': 500, 'subsample': 0.7}",-39.260204467773434,-41.769293212890624,-66.93811031765408,-66.44289184570313,-60.713435940212676,-55.024787156846784,12.073866782923279,69
8.699833202362061,1.7138832836385474,0.021898603439331053,0.001267308520738791,0.7,0.0,0.03,8,1,500,0.8,"{'colsample_bytree': 0.7, 'gamma': 0, 'learning_rate': 0.03, 'max_depth': 8, 'min_child_weight': 1, 'n_estimators': 500, 'subsample': 0.8}",-37.72693518744575,-42.87675776163737,-66.13948569403755,-67.9145932006836,-62.09337375217014,-55.35022911919488,12.537218818093955,102
3.6256925106048583,1.3011823073116147,0.015917158126831053,0.0011507234088706795,0.7,0.0,0.03,8,3,300,0.7,"{'colsample_bytree': 0.7, 'gamma': 0, 'learning_rate': 0.03, 'max_depth': 8, 'min_child_weight': 3, 'n_estimators': 300, 'subsample': 0.7}",-38.809906514485675,-42.34143152872721,-65.8390038892958,-66.98529283311632,-61.779715576171874,-55.151070068359374,12.0775839047827,87
3.5755656719207765,1.2707194587736497,0.014729070663452148,0.0013057065384272505,0.7,0.0,0.03,8,3,300,0.8,"{'colsample_bytree': 0.7, 'gamma': 0, 'learning_rate': 0.03, 'max_depth': 8, 'min_child_weight': 3, 'n_estimators': 300, 'subsample': 0.8}",-37.701050194634334,-42.50040937635634,-65.00706008911133,-67.12104807535808,-63.2278524102105,-55.111484029134125,12.41120380978344,83
4.946090316772461,1.7040038587097635,0.018188905715942384,0.001145194890588804,0.7,0.0,0.03,8,3,500,0.7,"{'colsample_bytree': 0.7, 'gamma': 0, 'learning_rate': 0.03, 'max_depth': 8, 'min_child_weight': 3, 'n_estimators': 500, 'subsample': 0.7}",-38.88768007066515,-42.537755177815754,-65.90336378309462,-67.28147447374133,-62.41357215033637,-55.40476913113065,12.15544502130317,112
6.059567260742187,2.166637340072553,0.021329212188720702,0.006026860803124914,0.7,0.0,0.03,8,3,500,0.8,"{'colsample_bytree': 0.7, 'gamma': 0, 'learning_rate': 0.03, 'max_depth': 8, 'min_child_weight': 3, 'n_estimators': 500, 'subsample': 0.8}",-37.830084313286676,-42.66083670722114,-64.9791443210178,-67.40309814453126,-63.933876783582896,-55.361408053927946,12.487130942648946,106
0.9207464218139648,0.10577000244153842,0.011477518081665038,0.0004980737341666448,0.7,0.0,0.05,4,1,300,0.7,"{'colsample_bytree': 0.7, 'gamma': 0, 'learning_rate': 0.05, 'max_depth': 4, 'min_child_weight': 1, 'n_estimators': 300, 'subsample': 0.7}",-38.41414759318034,-41.36949530707465,-66.57467222425673,-66.54515041775174,-60.54499284532335,-54.68969167751736,12.315926135632969,42
0.9081572532653809,0.10489125986628646,0.010729598999023437,0.0006494831471349451,0.7,0.0,0.05,4,1,300,0.8,"{'colsample_bytree': 0.7, 'gamma': 0, 'learning_rate': 0.05, 'max_depth': 4, 'min_child_weight': 1, 'n_estimators': 300, 'subsample': 0.8}",-38.48404023912218,-42.506667938232425,-66.15565668741861,-66.0701219007704,-62.052265896267365,-55.0537505323622,12.046381668592431,75
1.424708604812622,0.09977433046272903,0.011992788314819336,0.00020542311911226222,0.7,0.0,0.05,4,1,500,0.7,"{'colsample_bytree': 0.7, 'gamma': 0, 'learning_rate': 0.05, 'max_depth': 4, 'min_child_weight': 1, 'n_estimators': 500, 'subsample': 0.7}",-38.83391067504883,-41.93866943359375,-67.04462641398112,-67.16930470784506,-61.6976712375217,-55.33683649359809,12.40481606990461,98
1.5115796089172364,0.18983680880920856,0.01329507827758789,0.0008852115069228874,0.7,0.0,0.05,4,1,500,0.8,"{'colsample_bytree': 0.7, 'gamma': 0, 'learning_rate': 0.05, 'max_depth': 4, 'min_child_weight': 1, 'n_estimators': 500, 'subsample': 0.8}",-38.63174375745985,-42.95798928154839,-66.45715169270834,-66.84038224962022,-62.78153708563911,-55.53376081339519,12.194413701996536,123
0.8030190467834473,0.09227143347719648,0.011091852188110351,0.00036181766351569547,0.7,0.0,0.05,4,3,300,0.7,"{'colsample_bytree': 0.7, 'gamma': 0, 'learning_rate': 0.05, 'max_depth': 4, 'min_child_weight': 3, 'n_estimators': 300, 'subsample': 0.7}",-39.469636840820314,-42.7783452351888,-66.53655707465278,-67.38236694335937,-62.544910753038195,-55.7423633694119,12.092529484876572,160
0.8070054054260254,0.09908723446656932,0.010648250579833984,0.0006672546960859486,0.7,0.0,0.05,4,3,300,0.8,"{'colsample_bytree': 0.7, 'gamma': 0, 'learning_rate': 0.05, 'max_depth': 4, 'min_child_weight': 3, 'n_estimators': 300, 'subsample': 0.8}",-39.23291927761502,-42.25547665066189,-65.85133785671658,-65.49207227918836,-61.141248847113715,-54.79461098225911,11.630673566560832,47
1.3251936435699463,0.16803103624568438,0.01394948959350586,0.0012560260643432648,0.7,0.0,0.05,4,3,500,0.7,"{'colsample_bytree': 0.7, 'gamma': 0, 'learning_rate': 0.05, 'max_depth': 4, 'min_child_weight': 3, 'n_estimators': 500, 'subsample': 0.7}",-39.77391155666775,-43.06959038628472,-66.6253184000651,-68.05325293646918,-63.86951622856988,-56.27831790161132,12.249095622146998,208
1.291872215270996,0.13371256444666274,0.013086795806884766,0.0008852445305426025,0.7,0.0,0.05,4,3,500,0.8,"{'colsample_bytree': 0.7, 'gamma': 0, 'learning_rate': 0.05, 'max_depth': 4, 'min_child_weight': 3, 'n_estimators': 500, 'subsample': 0.8}",-39.485125088161894,-42.67895867241754,-66.56226194593641,-66.02126610649957,-61.95952289157444,-55.34142694091797,11.794284276047696,99
2.371975612640381,0.44109194793485224,0.013303852081298828,0.00041703166487071865,0.7,0.0,0.05,6,1,300,0.7,"{'colsample_bytree': 0.7, 'gamma': 0, 'learning_rate': 0.05, 'max_depth': 6, 'min_child_weight': 1, 'n_estimators': 300, 'subsample': 0.7}",-38.97199974907769,-42.07462212456597,-66.1675978088379,-67.50934438069662,-62.63079305013021,-55.47087142266167,12.347319757839516,115
2.573236083984375,0.4372945567008653,0.014671897888183594,0.002467140635286277,0.7,0.0,0.05,6,1,300,0.8,"{'colsample_bytree': 0.7, 'gamma': 0, 'learning_rate': 0.05, 'max_depth': 6, 'min_child_weight': 1, 'n_estimators': 300, 'subsample': 0.8}",-38.77829111735026,-42.312374131944445,-66.14418341742622,-67.2449016655816,-63.232008124457465,-55.542351691351996,12.365640792597548,126
4.030333852767944,0.5017214453986826,0.016696357727050783,0.0006783991526227284,0.7,0.0,0.05,6,1,500,0.7,"{'colsample_bytree': 0.7, 'gamma': 0, 'learning_rate': 0.05, 'max_depth': 6, 'min_child_weight': 1, 'n_estimators': 500, 'subsample': 0.7}",-39.045596330430776,-42.14298672146268,-66.48621777004666,-67.89126308865018,-63.04909420437283,-55.72303162299262,12.491098378040347,158
4.206042861938476,0.6255726617386673,0.017957210540771484,0.0030040784071331283,0.7,0.0,0.05,6,1,500,0.8,"{'colsample_bytree': 0.7, 'gamma': 0, 'learning_rate': 0.05, 'max_depth': 6, 'min_child_weight': 1, 'n_estimators': 500, 'subsample': 0.8}",-38.812505696614586,-42.372857326931424,-66.41597813924153,-67.51388027615018,-63.671740485297306,-55.757392384847,12.495857931897664,162
1.7692222595214844,0.3144216931417437,0.012918567657470703,0.00039302993188320887,0.7,0.0,0.05,6,3,300,0.7,"{'colsample_bytree': 0.7, 'gamma': 0, 'learning_rate': 0.05, 'max_depth': 6, 'min_child_weight': 3, 'n_estimators': 300, 'subsample': 0.7}",-39.305538652208114,-42.12540111965603,-66.69135754055446,-67.35344051784939,-64.00430013020834,-55.89600759209526,12.477419764563653,177
1.8096540451049805,0.35827463572513424,0.01369013786315918,0.0026353049725523154,0.7,0.0,0.05,6,3,300,0.8,"{'colsample_bytree': 0.7, 'gamma': 0, 'learning_rate': 0.05, 'max_depth': 6, 'min_child_weight': 3, 'n_estimators': 300, 'subsample': 0.8}",-38.84676249186198,-42.174501207139755,-66.20801020304361,-67.51020690917969,-63.802819620768226,-55.70846008639866,12.510198445329918,152
3.225502634048462,0.791555235454354,0.017424726486206056,0.0012853762005626882,0.7,0.0,0.05,6,3,500,0.7,"{'colsample_bytree': 0.7, 'gamma': 0, 'learning_rate': 0.05, 'max_depth': 6, 'min_child_weight': 3, 'n_estimators': 500, 'subsample': 0.7}",-39.41363776312934,-42.215725606282554,-66.81658749050564,-67.72426930745442,-64.60346462673611,-56.154736958821616,12.597385240587329,195
3.4407641887664795,0.9922905887436982,0.019482898712158202,0.0034847044539558394,0.7,0.0,0.05,6,3,500,0.8,"{'colsample_bytree': 0.7, 'gamma': 0, 'learning_rate': 0.05, 'max_depth': 6, 'min_child_weight': 3, 'n_estimators': 500, 'subsample': 0.8}",-38.994810350206166,-42.3446422153049,-66.42741634792752,-67.47526655409071,-64.40269393920899,-55.92896588134765,12.543030428408464,182
5.617930364608765,1.8872154577776763,0.016462373733520507,0.0015504424571490705,0.7,0.0,0.05,8,1,300,0.7,"{'colsample_bytree': 0.7, 'gamma': 0, 'learning_rate': 0.05, 'max_depth': 8, 'min_child_weight': 1, 'n_estimators': 300, 'subsample': 0.7}",-39.34613538953993,-42.45007410685221,-65.69044289482964,-68.606451043023,-61.61494127061632,-55.54160894097223,12.200458542439366,125
6.241370677947998,1.4485083324201877,0.017056035995483398,0.0008700461315556725,0.7,0.0,0.05,8,1,300,0.8,"{'colsample_bytree': 0.7, 'gamma': 0, 'learning_rate': 0.05, 'max_depth': 8, 'min_child_weight': 1, 'n_estimators': 300, 'subsample': 0.8}",-38.37688958062066,-42.72861467149522,-65.35300757514106,-67.87233296712239,-62.960049099392364,-55.45817877875434,12.345923719682926,113
9.121965980529785,2.6706651191143855,0.024220943450927734,0.002556080402756494,0.7,0.0,0.05,8,1,500,0.7,"{'colsample_bytree': 0.7, 'gamma': 0, 'learning_rate': 0.05, 'max_depth': 8, 'min_child_weight': 1, 'n_estimators': 500, 'subsample': 0.7}",-39.3603566148546,-42.44899190266927,-65.73105209350587,-68.70788082546657,-61.80903113471137,-55.61146251424153,12.244845431399861,143
10.530129623413085,2.555128861517656,0.026740026473999024,0.005332538332172667,0.7,0.0,0.05,8,1,500,0.8,"{'colsample_bytree': 0.7, 'gamma': 0, 'learning_rate': 0.05, 'max_depth': 8, 'min_child_weight': 1, 'n_estimators': 500, 'subsample': 0.8}",-38.37741409301758,-42.72640563964844,-65.38037231445313,-67.96289730495877,-63.13901916503906,-55.51722170342339,12.390692944298543,121
3.3289855480194093,1.2134175397913813,0.014783334732055665,0.001335162217152742,0.7,0.0,0.05,8,3,300,0.7,"{'colsample_bytree': 0.7, 'gamma': 0, 'learning_rate': 0.05, 'max_depth': 8, 'min_child_weight': 3, 'n_estimators': 300, 'subsample': 0.7}",-39.54710194905599,-42.5271068488227,-65.77155259874132,-67.72084584554037,-63.52267910427518,-55.81785726928712,12.1778733175939,166
3.6395958423614503,1.4020837793237018,0.015233039855957031,0.0005871852225527618,0.7,0.0,0.05,8,3,300,0.8,"{'colsample_bytree': 0.7, 'gamma': 0, 'learning_rate': 0.05, 'max_depth': 8, 'min_child_weight': 3, 'n_estimators': 300, 'subsample': 0.8}",-38.26417931450738,-42.703190341525605,-65.51656539916992,-68.04443650987413,-64.11849060058594,-55.72937243313258,12.590009083005242,159
5.137845134735107,1.6364762590603412,0.02027130126953125,0.0020120655103721546,0.7,0.0,0.05,8,3,500,0.7,"{'colsample_bytree': 0.7, 'gamma': 0, 'learning_rate': 0.05, 'max_depth': 8, 'min_child_weight': 3, 'n_estimators': 500, 'subsample': 0.7}",-39.58182384914822,-42.56533247205946,-65.86021830240885,-67.84228671603732,-63.770950893825955,-55.92412244669597,12.230039657511076,181
5.442412281036377,1.797560321319247,0.020046520233154296,0.0025596563640128884,0.7,0.0,0.05,8,3,500,0.8,"{'colsample_bytree': 0.7, 'gamma': 0, 'learning_rate': 0.05, 'max_depth': 8, 'min_child_weight': 3, 'n_estimators': 500, 'subsample': 0.8}",-38.32131968180339,-42.756851331922746,-65.56647655910916,-68.15466135660807,-64.30908562554254,-55.821678910997186,12.617859586841798,168
1.029625129699707,0.1385900857165324,0.011135721206665039,0.0008973668729751492,0.7,0.0,0.1,4,1,300,0.7,"{'colsample_bytree': 0.7, 'gamma': 0, 'learning_rate': 0.1, 'max_depth': 4, 'min_child_weight': 1, 'n_estimators': 300, 'subsample': 0.7}",-39.882162187364365,-42.65191594441732,-66.58409054226345,-69.55761379665799,-63.81407255384657,-56.497971004909935,12.598474212726021,228
0.9488200664520263,0.09238547235897686,0.012546443939208984,0.001226953439787227,0.7,0.0,0.1,4,1,300,0.8,"{'colsample_bytree': 0.7, 'gamma': 0, 'learning_rate': 0.1, 'max_depth': 4, 'min_child_weight': 1, 'n_estimators': 300, 'subsample': 0.8}",-39.242869279649526,-43.680565948486326,-67.08870300292969,-68.62093031141492,-63.221026780870226,-56.37081906467014,12.379602541420407,217
1.5011350631713867,0.16895963231442762,0.012806129455566407,0.0005949880243385048,0.7,0.0,0.1,4,1,500,0.7,"{'colsample_bytree': 0.7, 'gamma': 0, 'learning_rate': 0.1, 'max_depth': 4, 'min_child_weight': 1, 'n_estimators': 500, 'subsample': 0.7}",-39.96163216484918,-42.59408743964301,-66.8967898050944,-70.21951816134982,-64.56503087361654,-56.84741168891058,12.865859319939709,255
1.5753962516784668,0.20418155618400002,0.01253046989440918,0.0005788916142096827,0.7,0.0,0.1,4,1,500,0.8,"{'colsample_bytree': 0.7, 'gamma': 0, 'learning_rate': 0.1, 'max_depth': 4, 'min_child_weight': 1, 'n_estimators': 500, 'subsample': 0.8}",-39.29731582641602,-43.954324103461374,-67.90037870619032,-69.25562544080947,-64.23766655815972,-56.929062127007384,12.688198877137395,269
0.8278996467590332,0.1040488432180398,0.010543584823608398,0.0007292550511952881,0.7,0.0,0.1,4,3,300,0.7,"{'colsample_bytree': 0.7, 'gamma': 0, 'learning_rate': 0.1, 'max_depth': 4, 'min_child_weight': 3, 'n_estimators': 300, 'subsample': 0.7}",-39.24063800387912,-43.258115997314455,-66.40733076307508,-67.56273644341363,-65.16024992201064,-56.325814225938586,12.39855341732563,212
0.8677099704742431,0.14591700834208934,0.010731172561645509,0.000848858303677628,0.7,0.0,0.1,4,3,300,0.8,"{'colsample_bytree': 0.7, 'gamma': 0, 'learning_rate': 0.1, 'max_depth': 4, 'min_child_weight': 3, 'n_estimators': 300, 'subsample': 0.8}",-38.66542678833008,-43.47397572835286,-67.28100809733073,-69.08983557807075,-63.46793246799045,-56.39563573201498,12.73562741934481,220
1.3069949626922608,0.16810824125334276,0.012765455245971679,0.0006880883349917814,0.7,0.0,0.1,4,3,500,0.7,"{'colsample_bytree': 0.7, 'gamma': 0, 'learning_rate': 0.1, 'max_depth': 4, 'min_child_weight': 3, 'n_estimators': 500, 'subsample': 0.7}",-39.273621792263455,-43.38153778076172,-66.59710845947265,-68.1100146484375,-67.13298865424262,-56.899054267035595,12.789452081413856,266
1.3596063613891602,0.15033317614267663,0.014776229858398438,0.0033024401056455763,0.7,0.0,0.1,4,3,500,0.8,"{'colsample_bytree': 0.7, 'gamma': 0, 'learning_rate': 0.1, 'max_depth': 4, 'min_child_weight': 3, 'n_estimators': 500, 'subsample': 0.8}",-38.638297661675345,-43.7241355726454,-67.50908452351888,-69.95358998616537,-64.58865305582682,-56.882752159966365,13.031929711509582,264
2.5749767780303956,0.4986072319228036,0.013001489639282226,0.0010546999557622498,0.7,0.0,0.1,6,1,300,0.7,"{'colsample_bytree': 0.7, 'gamma': 0, 'learning_rate': 0.1, 'max_depth': 6, 'min_child_weight': 1, 'n_estimators': 300, 'subsample': 0.7}",-40.0612737358941,-41.82024002075195,-67.15428180270725,-69.76412360297309,-65.07480187310112,-56.774944207085504,13.025567361914591,247
2.533426380157471,0.2302228126985313,0.013214921951293946,0.0006732389789554781,0.7,0.0,0.1,6,1,300,0.8,"{'colsample_bytree': 0.7, 'gamma': 0, 'learning_rate': 0.1, 'max_depth': 6, 'min_child_weight': 1, 'n_estimators': 300, 'subsample': 0.8}",-39.192386067708334,-44.11607048882379,-66.81761917114258,-69.19031317816841,-65.41721411810981,-56.946720604790585,12.640660071548924,272
4.251413297653198,0.6148389160142999,0.01837911605834961,0.0029264548599635723,0.7,0.0,0.1,6,1,500,0.7,"{'colsample_bytree': 0.7, 'gamma': 0, 'learning_rate': 0.1, 'max_depth': 6, 'min_child_weight': 1, 'n_estimators': 500, 'subsample': 0.7}",-40.06188552856445,-41.83892632378472,-67.1892414855957,-69.78816345214844,-65.1453835381402,-56.8047200656467,13.040492667942663,250
4.111150503158569,0.3486608026921771,0.01729607582092285,0.0010254670283010496,0.7,0.0,0.1,6,1,500,0.8,"{'colsample_bytree': 0.7, 'gamma': 0, 'learning_rate': 0.1, 'max_depth': 6, 'min_child_weight': 1, 'n_estimators': 500, 'subsample': 0.8}",-39.19195549858941,-44.1290825398763,-66.86121342976888,-69.30715928819444,-65.49948974609374,-56.997780100504556,12.67862742244732,280
1.9565406322479248,0.39989641466191955,0.013403177261352539,0.0007428757942597082,0.7,0.0,0.1,6,3,300,0.7,"{'colsample_bytree': 0.7, 'gamma': 0, 'learning_rate': 0.1, 'max_depth': 6, 'min_child_weight': 3, 'n_estimators': 300, 'subsample': 0.7}",-41.09228878445096,-42.29282994588216,-68.03181491427951,-68.50944071451823,-64.30452463785808,-56.846179799397795,12.464044848254392,254
1.9391828060150147,0.4087229760698094,0.013335371017456054,0.0008736920915983687,0.7,0.0,0.1,6,3,300,0.8,"{'colsample_bytree': 0.7, 'gamma': 0, 'learning_rate': 0.1, 'max_depth': 6, 'min_child_weight': 3, 'n_estimators': 300, 'subsample': 0.8}",-39.01715611775716,-43.02956815931532,-66.21005789862738,-67.32215576171875,-64.99083267211914,-56.113954121907554,12.408511000736315,193
3.307869529724121,0.8250723803174065,0.017440271377563477,0.0015364843212424823,0.7,0.0,0.1,6,3,500,0.7,"{'colsample_bytree': 0.7, 'gamma': 0, 'learning_rate': 0.1, 'max_depth': 6, 'min_child_weight': 3, 'n_estimators': 500, 'subsample': 0.7}",-41.13138951619466,-42.36748219807943,-68.1384501139323,-68.72474216037327,-64.55537509494357,-56.983487816704645,12.526295183671504,279
3.432821178436279,0.6785169098420346,0.01829376220703125,0.0010179479023353958,0.7,0.0,0.1,6,3,500,0.8,"{'colsample_bytree': 0.7, 'gamma': 0, 'learning_rate': 0.1, 'max_depth': 6, 'min_child_weight': 3, 'n_estimators': 500, 'subsample': 0.8}",-39.0272263929579,-43.056691250271264,-66.25666905721029,-67.40540313720703,-65.03705559624566,-56.15660908677844,12.429259897494973,196
6.3736003875732425,1.856677432081533,0.018498802185058595,0.0021134445175600594,0.7,0.0,0.1,8,1,300,0.7,"{'colsample_bytree': 0.7, 'gamma': 0, 'learning_rate': 0.1, 'max_depth': 8, 'min_child_weight': 1, 'n_estimators': 300, 'subsample': 0.7}",-39.65826280381945,-42.69212086995443,-67.73847259521484,-70.49131167941623,-61.38123894585503,-56.392281378852,12.807264999046014,219
5.643164730072021,1.3518580022826947,0.015337610244750976,0.0011074276511329564,0.7,0.0,0.1,8,1,300,0.8,"{'colsample_bytree': 0.7, 'gamma': 0, 'learning_rate': 0.1, 'max_depth': 8, 'min_child_weight': 1, 'n_estimators': 300, 'subsample': 0.8}",-38.15679021199544,-42.836364050971135,-66.7254027472602,-68.75681382921007,-65.36134009467231,-56.36734218682184,13.08733736906322,216
9.457708311080932,3.143170531457407,0.02477574348449707,0.00485854152351253,0.7,0.0,0.1,8,1,500,0.7,"{'colsample_bytree': 0.7, 'gamma': 0, 'learning_rate': 0.1, 'max_depth': 8, 'min_child_weight': 1, 'n_estimators': 500, 'subsample': 0.7}",-39.6587804836697,-42.691809811062285,-67.74422375149197,-70.49410556369358,-61.39524898952908,-56.39683371988933,12.809922682477378,222
10.327458763122559,3.6980091458078066,0.026364469528198244,0.00687596882361271,0.7,0.0,0.1,8,1,500,0.8,"{'colsample_bytree': 0.7, 'gamma': 0, 'learning_rate': 0.1, 'max_depth': 8, 'min_child_weight': 1, 'n_estimators': 500, 'subsample': 0.8}",-38.15684580485026,-42.83604548136393,-66.72486406114366,-68.76258761935765,-65.38685791015625,-56.373440175374355,13.091906016122675,218
3.4476598739624023,1.7093722475433368,0.015357780456542968,0.0009171298823313455,0.7,0.0,0.1,8,3,300,0.7,"{'colsample_bytree': 0.7, 'gamma': 0, 'learning_rate': 0.1, 'max_depth': 8, 'min_child_weight': 3, 'n_estimators': 300, 'subsample': 0.7}",-39.84787624782986,-42.55986550225152,-67.49856375800239,-69.00669050428603,-65.77834211561415,-56.938267625596794,12.91614127545759,270
3.739562654495239,1.557921381257775,0.016016769409179687,0.0009797665743678176,0.7,0.0,0.1,8,3,300,0.8,"{'colsample_bytree': 0.7, 'gamma': 0, 'learning_rate': 0.1, 'max_depth': 8, 'min_child_weight': 3, 'n_estimators': 300, 'subsample': 0.8}",-38.32736582438151,-43.59052334255642,-66.05809841579861,-67.52802117241754,-67.20179351806641,-56.54116045464409,12.84051112957358,233
5.104366970062256,2.207941964372599,0.01746377944946289,0.002901306943467246,0.7,0.0,0.1,8,3,500,0.7,"{'colsample_bytree': 0.7, 'gamma': 0, 'learning_rate': 0.1, 'max_depth': 8, 'min_child_weight': 3, 'n_estimators': 500, 'subsample': 0.7}",-39.84759841918945,-42.56622111002604,-67.51701965332032,-68.9835927327474,-65.78696055094402,-56.940278493245444,12.914688479701965,271
5.697255182266235,2.713576438993251,0.02165536880493164,0.0059370287147335055,0.7,0.0,0.1,8,3,500,0.8,"{'colsample_bytree': 0.7, 'gamma': 0, 'learning_rate': 0.1, 'max_depth': 8, 'min_child_weight': 3, 'n_estimators': 500, 'subsample': 0.8}",-38.32887235853407,-43.607196163601344,-66.0596006266276,-67.5435599093967,-67.21385782877604,-56.550617377387155,12.841607291302081,236
0.9311031341552735,0.09962779691777017,0.011893558502197265,0.0005960910284536651,0.7,0.1,0.03,4,1,300,0.7,"{'colsample_bytree': 0.7, 'gamma': 0.1, 'learning_rate': 0.03, 'max_depth': 4, 'min_child_weight': 1, 'n_estimators': 300, 'subsample': 0.7}",-37.61508139716254,-41.546425086127385,-66.24709279378256,-66.05463287353516,-60.534332546657986,-54.39951293945312,12.335007014660695,19
0.9153485774993897,0.08491440419963876,0.011136960983276368,0.0009080232906372379,0.7,0.1,0.03,4,1,300,0.8,"{'colsample_bytree': 0.7, 'gamma': 0.1, 'learning_rate': 0.03, 'max_depth': 4, 'min_child_weight': 1, 'n_estimators': 300, 'subsample': 0.8}",-37.70762351142036,-41.69833786010742,-64.99524810791016,-66.08085289849176,-59.98889451768663,-54.09419137912327,11.995310819013062,11
1.5050957679748536,0.17844014278868503,0.012601947784423828,0.0004598078583405649,0.7,0.1,0.03,4,1,500,0.7,"{'colsample_bytree': 0.7, 'gamma': 0.1, 'learning_rate': 0.03, 'max_depth': 4, 'min_child_weight': 1, 'n_estimators': 500, 'subsample': 0.7}",-38.34651801215278,-42.006683875189886,-66.66332331339518,-66.18922502305773,-61.15376793755426,-54.87190363226997,12.208058076535792,51
1.4452577590942384,0.12973213549646448,0.01179676055908203,0.0007238301740289969,0.7,0.1,0.03,4,1,500,0.8,"{'colsample_bytree': 0.7, 'gamma': 0.1, 'learning_rate': 0.03, 'max_depth': 4, 'min_child_weight': 1, 'n_estimators': 500, 'subsample': 0.8}",-38.082254079182945,-42.006192253960506,-65.15104219224717,-66.17994818793403,-60.89379092746311,-54.46264552815755,11.969770993721065,24
0.7892051219940186,0.12074945271378881,0.010596418380737304,0.0007963575793068169,0.7,0.1,0.03,4,3,300,0.7,"{'colsample_bytree': 0.7, 'gamma': 0.1, 'learning_rate': 0.03, 'max_depth': 4, 'min_child_weight': 3, 'n_estimators': 300, 'subsample': 0.7}",-38.05577009412978,-41.58196623060439,-65.1448329671224,-65.68522674560546,-60.04177985297309,-54.101915178087026,11.879638262375977,13
0.7699796199798584,0.07794775979116664,0.010293102264404297,0.0006670827196386872,0.7,0.1,0.03,4,3,300,0.8,"{'colsample_bytree': 0.7, 'gamma': 0.1, 'learning_rate': 0.03, 'max_depth': 4, 'min_child_weight': 3, 'n_estimators': 300, 'subsample': 0.8}",-37.34995617336697,-41.59420596652561,-65.21587314181858,-65.36741390652126,-60.00603329128689,-53.90669649590386,12.018073909424864,5
1.3233191967010498,0.1795896983354044,0.013473796844482421,0.0006676014042246285,0.7,0.1,0.03,4,3,500,0.7,"{'colsample_bytree': 0.7, 'gamma': 0.1, 'learning_rate': 0.03, 'max_depth': 4, 'min_child_weight': 3, 'n_estimators': 500, 'subsample': 0.7}",-38.61845694647895,-41.83364547729492,-65.55557696872287,-66.29253112792969,-60.82217254638672,-54.62447661336263,11.948572406276453,33
1.3046945095062257,0.12227893027702366,0.01344614028930664,0.0007775630240023734,0.7,0.1,0.03,4,3,500,0.8,"{'colsample_bytree': 0.7, 'gamma': 0.1, 'learning_rate': 0.03, 'max_depth': 4, 'min_child_weight': 3, 'n_estimators': 500, 'subsample': 0.8}",-37.791011793348524,-42.1506174214681,-65.4905278693305,-65.71467224121093,-60.78224114312066,-54.38581409369575,11.980479747986791,17
2.362957715988159,0.511621720560098,0.012972784042358399,0.0008622641387530471,0.7,0.1,0.03,6,1,300,0.7,"{'colsample_bytree': 0.7, 'gamma': 0.1, 'learning_rate': 0.03, 'max_depth': 6, 'min_child_weight': 1, 'n_estimators': 300, 'subsample': 0.7}",-38.70334465874566,-41.700535515679256,-65.8423141140408,-66.2427715725369,-60.47951921251085,-54.5936970147027,11.96337861209853,31
2.5188708305358887,0.375454045161401,0.013821887969970702,0.00038077450223624484,0.7,0.1,0.03,6,1,300,0.8,"{'colsample_bytree': 0.7, 'gamma': 0.1, 'learning_rate': 0.03, 'max_depth': 6, 'min_child_weight': 1, 'n_estimators': 300, 'subsample': 0.8}",-38.2552315097385,-42.095659806993275,-65.95980370415582,-66.8373285929362,-61.28673550075955,-54.88695182291667,12.21972222977983,53
4.004878187179566,0.8504521899531329,0.01688861846923828,0.0017500572881169402,0.7,0.1,0.03,6,1,500,0.7,"{'colsample_bytree': 0.7, 'gamma': 0.1, 'learning_rate': 0.03, 'max_depth': 6, 'min_child_weight': 1, 'n_estimators': 500, 'subsample': 0.7}",-39.0220570203993,-42.02139763726129,-66.31447728474934,-66.70149909125433,-61.16441986083984,-55.04477017890083,12.05546605266935,73
4.362498950958252,0.9118182999187799,0.01822032928466797,0.0016654926500189442,0.7,0.1,0.03,6,1,500,0.8,"{'colsample_bytree': 0.7, 'gamma': 0.1, 'learning_rate': 0.03, 'max_depth': 6, 'min_child_weight': 1, 'n_estimators': 500, 'subsample': 0.8}",-38.37919784545898,-42.254853905571835,-66.18019424438477,-67.02932474772136,-61.80598361545139,-55.12991087171768,12.285180008920253,84
1.7395851612091064,0.39273169598024626,0.012314319610595703,0.0007713156683357312,0.7,0.1,0.03,6,3,300,0.7,"{'colsample_bytree': 0.7, 'gamma': 0.1, 'learning_rate': 0.03, 'max_depth': 6, 'min_child_weight': 3, 'n_estimators': 300, 'subsample': 0.7}",-38.18977552625868,-41.266775326199,-66.17934987386067,-66.97471937391494,-61.85010911729601,-54.892145843505865,12.541313382643521,54
1.7770864486694335,0.384448517935349,0.012809181213378906,0.0006254327953854574,0.7,0.1,0.03,6,3,300,0.8,"{'colsample_bytree': 0.7, 'gamma': 0.1, 'learning_rate': 0.03, 'max_depth': 6, 'min_child_weight': 3, 'n_estimators': 300, 'subsample': 0.8}",-37.80428743150499,-41.78522650824653,-65.49385904947917,-66.87956634521484,-61.18045572916667,-54.62867901272244,12.321335805176073,35
3.0888877391815184,0.6080838136698283,0.019713973999023436,0.006587721469728649,0.7,0.1,0.03,6,3,500,0.7,"{'colsample_bytree': 0.7, 'gamma': 0.1, 'learning_rate': 0.03, 'max_depth': 6, 'min_child_weight': 3, 'n_estimators': 500, 'subsample': 0.7}",-38.54319742838542,-41.470028228759766,-66.18909874810113,-67.45067077636719,-63.12087914360894,-55.35477486504449,12.644532198770076,104
3.0595805644989014,0.6842623583141647,0.017261409759521486,0.001193915676817992,0.7,0.1,0.03,6,3,500,0.8,"{'colsample_bytree': 0.7, 'gamma': 0.1, 'learning_rate': 0.03, 'max_depth': 6, 'min_child_weight': 3, 'n_estimators': 500, 'subsample': 0.8}",-38.00977060953776,-42.08535198635525,-65.61769371880425,-67.14422119140625,-61.9503172132704,-54.96147094387478,12.361011635244537,63
4.765626907348633,1.3858789402503269,0.014939832687377929,0.0021015879526269767,0.7,0.1,0.03,8,1,300,0.7,"{'colsample_bytree': 0.7, 'gamma': 0.1, 'learning_rate': 0.03, 'max_depth': 8, 'min_child_weight': 1, 'n_estimators': 300, 'subsample': 0.7}",-39.17405422634548,-41.70960776435005,-66.78335274590387,-66.41392035590277,-60.473802185058595,-54.91094745551216,12.051082306715221,56
5.910590314865113,1.5455857842799807,0.015031576156616211,0.003387732134370739,0.7,0.1,0.03,8,1,300,0.8,"{'colsample_bytree': 0.7, 'gamma': 0.1, 'learning_rate': 0.03, 'max_depth': 8, 'min_child_weight': 1, 'n_estimators': 300, 'subsample': 0.8}",-37.673516540527345,-42.784022148980036,-65.98617862277561,-67.81599022759332,-61.62556549072266,-55.177054606119796,12.474968910401364,89
8.711387062072754,2.4526583326897344,0.02377018928527832,0.0037199509988391196,0.7,0.1,0.03,8,1,500,0.7,"{'colsample_bytree': 0.7, 'gamma': 0.1, 'learning_rate': 0.03, 'max_depth': 8, 'min_child_weight': 1, 'n_estimators': 500, 'subsample': 0.7}",-39.26985549926758,-41.722635209825306,-66.75185046725802,-66.53608283148871,-60.86903340657552,-55.02989148288303,12.077699647770753,70
10.168698930740357,3.103053813706964,0.027587318420410158,0.006191169944377564,0.7,0.1,0.03,8,1,500,0.8,"{'colsample_bytree': 0.7, 'gamma': 0.1, 'learning_rate': 0.03, 'max_depth': 8, 'min_child_weight': 1, 'n_estimators': 500, 'subsample': 0.8}",-37.71572677612305,-42.81450371636285,-66.03702184041342,-67.94779340955947,-61.96765428331163,-55.296540005154085,12.528384989111931,94
3.944281005859375,1.2646887303189571,0.016069746017456053,0.000569760997819871,0.7,0.1,0.03,8,3,300,0.7,"{'colsample_bytree': 0.7, 'gamma': 0.1, 'learning_rate': 0.03, 'max_depth': 8, 'min_child_weight': 3, 'n_estimators': 300, 'subsample': 0.7}",-38.809906514485675,-42.315809631347655,-65.8390038892958,-66.98529283311632,-61.779715576171874,-55.145945688883465,12.083022010729719,86
3.880709934234619,1.3356291115797867,0.015627002716064452,0.000941003592702734,0.7,0.1,0.03,8,3,300,0.8,"{'colsample_bytree': 0.7, 'gamma': 0.1, 'learning_rate': 0.03, 'max_depth': 8, 'min_child_weight': 3, 'n_estimators': 300, 'subsample': 0.8}",-37.70098166571723,-42.460904642740886,-65.00706008911133,-67.12104807535808,-63.2278524102105,-55.10356937662762,12.41925865731,82
5.133405160903931,1.4237996189274482,0.018403148651123045,0.001535622849315142,0.7,0.1,0.03,8,3,500,0.7,"{'colsample_bytree': 0.7, 'gamma': 0.1, 'learning_rate': 0.03, 'max_depth': 8, 'min_child_weight': 3, 'n_estimators': 500, 'subsample': 0.7}",-38.911414269341364,-42.447242397732204,-65.90336378309462,-67.24343678792317,-62.32148061116536,-55.36538756985135,12.150192906773746,108
5.596426057815552,1.4650221070455733,0.020273542404174803,0.0014908007811252019,0.7,0.1,0.03,8,3,500,0.8,"{'colsample_bytree': 0.7, 'gamma': 0.1, 'learning_rate': 0.03, 'max_depth': 8, 'min_child_weight': 3, 'n_estimators': 500, 'subsample': 0.8}",-37.85121320936415,-42.64262500339084,-64.97785283406576,-67.43374101426866,-63.933876783582896,-55.36786176893446,12.490625372371971,109
0.9739730358123779,0.11504098166176513,0.012396478652954101,0.0021585882353826955,0.7,0.1,0.05,4,1,300,0.7,"{'colsample_bytree': 0.7, 'gamma': 0.1, 'learning_rate': 0.05, 'max_depth': 4, 'min_child_weight': 1, 'n_estimators': 300, 'subsample': 0.7}",-38.41414759318034,-41.36949530707465,-66.57467222425673,-66.54515041775174,-60.54499284532335,-54.68969167751736,12.315926135632969,42
0.804027795791626,0.08816265231924716,0.010644483566284179,0.0007821172464401961,0.7,0.1,0.05,4,1,300,0.8,"{'colsample_bytree': 0.7, 'gamma': 0.1, 'learning_rate': 0.05, 'max_depth': 4, 'min_child_weight': 1, 'n_estimators': 300, 'subsample': 0.8}",-38.50151716444228,-42.506667938232425,-66.15521996392144,-66.0701219007704,-62.052265896267365,-55.05715857272678,12.041494358937726,76
1.5050209999084472,0.24894946122537365,0.01225295066833496,0.0006446438521619637,0.7,0.1,0.05,4,1,500,0.7,"{'colsample_bytree': 0.7, 'gamma': 0.1, 'learning_rate': 0.05, 'max_depth': 4, 'min_child_weight': 1, 'n_estimators': 500, 'subsample': 0.7}",-38.884924791124135,-41.94796627468533,-67.04462641398112,-67.16935906304253,-61.6976712375217,-55.348909556070964,12.389250739463156,101
1.3943253040313721,0.14103698619515315,0.01218876838684082,0.0007375326909576659,0.7,0.1,0.05,4,1,500,0.8,"{'colsample_bytree': 0.7, 'gamma': 0.1, 'learning_rate': 0.05, 'max_depth': 4, 'min_child_weight': 1, 'n_estimators': 500, 'subsample': 0.8}",-38.715053202311196,-42.9368292066786,-66.45670062594944,-66.84043609619141,-62.78153708563911,-55.54611124335395,12.175653000456352,128
0.7823390960693359,0.06851769127927503,0.010584783554077149,0.000476806839932758,0.7,0.1,0.05,4,3,300,0.7,"{'colsample_bytree': 0.7, 'gamma': 0.1, 'learning_rate': 0.05, 'max_depth': 4, 'min_child_weight': 3, 'n_estimators': 300, 'subsample': 0.7}",-39.469636840820314,-42.7783452351888,-66.53655707465278,-67.38236694335937,-62.544910753038195,-55.7423633694119,12.092529484876572,160
0.8019782066345215,0.1089505833460946,0.010223817825317384,0.0006478787609096591,0.7,0.1,0.05,4,3,300,0.8,"{'colsample_bytree': 0.7, 'gamma': 0.1, 'learning_rate': 0.05, 'max_depth': 4, 'min_child_weight': 3, 'n_estimators': 300, 'subsample': 0.8}",-39.23291927761502,-42.25547665066189,-65.85133785671658,-65.49207227918836,-61.141248847113715,-54.79461098225911,11.630673566560832,47
1.281139039993286,0.12498020223341774,0.012982511520385742,0.000434717156841581,0.7,0.1,0.05,4,3,500,0.7,"{'colsample_bytree': 0.7, 'gamma': 0.1, 'learning_rate': 0.05, 'max_depth': 4, 'min_child_weight': 3, 'n_estimators': 500, 'subsample': 0.7}",-39.77391155666775,-43.02987019856771,-66.6253184000651,-68.05325293646918,-63.86951622856988,-56.27037386406791,12.25766932357026,206
1.3782606601715088,0.1601216617955786,0.012771511077880859,0.0007661091644346385,0.7,0.1,0.05,4,3,500,0.8,"{'colsample_bytree': 0.7, 'gamma': 0.1, 'learning_rate': 0.05, 'max_depth': 4, 'min_child_weight': 3, 'n_estimators': 500, 'subsample': 0.8}",-39.485125088161894,-42.67895867241754,-66.56226194593641,-66.02126610649957,-61.95952289157444,-55.34142694091797,11.794284276047696,99
2.3432600498199463,0.43770520564708326,0.012691831588745118,0.000679768834240637,0.7,0.1,0.05,6,1,300,0.7,"{'colsample_bytree': 0.7, 'gamma': 0.1, 'learning_rate': 0.05, 'max_depth': 6, 'min_child_weight': 1, 'n_estimators': 300, 'subsample': 0.7}",-39.02347781711155,-42.00233788384332,-66.19798227945964,-67.67741492377387,-62.63075347900391,-55.50639327663845,12.387464354991499,119
2.4193586826324465,0.35105679986984717,0.013282394409179688,0.0010375611543370618,0.7,0.1,0.05,6,1,300,0.8,"{'colsample_bytree': 0.7, 'gamma': 0.1, 'learning_rate': 0.05, 'max_depth': 6, 'min_child_weight': 1, 'n_estimators': 300, 'subsample': 0.8}",-38.7111703660753,-42.32758794148763,-66.14234490288628,-67.22712832980686,-63.231927659776474,-55.528031840006506,12.37692255956774,122
4.071801567077637,0.7220198400625676,0.017582798004150392,0.0005639175623510243,0.7,0.1,0.05,6,1,500,0.7,"{'colsample_bytree': 0.7, 'gamma': 0.1, 'learning_rate': 0.05, 'max_depth': 6, 'min_child_weight': 1, 'n_estimators': 500, 'subsample': 0.7}",-39.081107482910156,-42.118665839301215,-66.5419095357259,-67.78987426757813,-63.04905893961588,-55.71612321302625,12.47685582006795,154
4.351296758651733,0.5330409527815956,0.01785268783569336,0.0005319777417546021,0.7,0.1,0.05,6,1,500,0.8,"{'colsample_bytree': 0.7, 'gamma': 0.1, 'learning_rate': 0.05, 'max_depth': 6, 'min_child_weight': 1, 'n_estimators': 500, 'subsample': 0.8}",-38.71661378648546,-42.36245473225912,-66.3943913269043,-67.50819078233506,-63.62666412353516,-55.72166295030381,12.513660968411136,157
1.7923854351043702,0.47069788145564545,0.013122224807739257,0.0008708373978650675,0.7,0.1,0.05,6,3,300,0.7,"{'colsample_bytree': 0.7, 'gamma': 0.1, 'learning_rate': 0.05, 'max_depth': 6, 'min_child_weight': 3, 'n_estimators': 300, 'subsample': 0.7}",-39.305538652208114,-42.12540111965603,-66.69135754055446,-67.35344051784939,-64.00430013020834,-55.89600759209526,12.477419764563653,177
1.765623140335083,0.5088607749560756,0.012435579299926757,0.0006742880490838821,0.7,0.1,0.05,6,3,300,0.8,"{'colsample_bytree': 0.7, 'gamma': 0.1, 'learning_rate': 0.05, 'max_depth': 6, 'min_child_weight': 3, 'n_estimators': 300, 'subsample': 0.8}",-38.84676249186198,-42.17458992852105,-66.20801020304361,-67.51020690917969,-63.802819620768226,-55.708477830674916,12.510179249002952,153
2.834926462173462,0.6418755286413277,0.016895866394042967,0.0011494231614523065,0.7,0.1,0.05,6,3,500,0.7,"{'colsample_bytree': 0.7, 'gamma': 0.1, 'learning_rate': 0.05, 'max_depth': 6, 'min_child_weight': 3, 'n_estimators': 500, 'subsample': 0.7}",-39.41301630655924,-42.20861636691623,-66.81658749050564,-67.72426930745442,-64.60346462673611,-56.153190819634325,12.599123880192938,194
3.1813198566436767,0.8730464088094272,0.017160892486572266,0.000616517309462285,0.7,0.1,0.05,6,3,500,0.8,"{'colsample_bytree': 0.7, 'gamma': 0.1, 'learning_rate': 0.05, 'max_depth': 6, 'min_child_weight': 3, 'n_estimators': 500, 'subsample': 0.8}",-38.986992814805774,-42.324004872639975,-66.42741634792752,-67.47526655409071,-64.40269393920899,-55.923274905734594,12.5496122818442,180
5.448048114776611,1.6968938561373423,0.016430759429931642,0.0008769361988764722,0.7,0.1,0.05,8,1,300,0.7,"{'colsample_bytree': 0.7, 'gamma': 0.1, 'learning_rate': 0.05, 'max_depth': 8, 'min_child_weight': 1, 'n_estimators': 300, 'subsample': 0.7}",-39.26055970933702,-42.377110917833114,-65.89579260932075,-68.43114990234375,-61.71312591552734,-55.53554781087239,12.245925003834246,124
5.708605480194092,1.2562029696720125,0.01640310287475586,0.002141457190016537,0.7,0.1,0.05,8,1,300,0.8,"{'colsample_bytree': 0.7, 'gamma': 0.1, 'learning_rate': 0.05, 'max_depth': 8, 'min_child_weight': 1, 'n_estimators': 300, 'subsample': 0.8}",-38.51351097954644,-42.8571075269911,-65.26280907524956,-67.81920667860243,-62.965737135145396,-55.48367427910698,12.257199777120611,116
9.373814725875855,3.3082767953648697,0.025383424758911134,0.0058764482001446615,0.7,0.1,0.05,8,1,500,0.7,"{'colsample_bytree': 0.7, 'gamma': 0.1, 'learning_rate': 0.05, 'max_depth': 8, 'min_child_weight': 1, 'n_estimators': 500, 'subsample': 0.7}",-39.2584787495931,-42.386709747314455,-65.94492318047418,-68.55744496663411,-61.86884986029731,-55.60328130086263,12.29510143503299,142
9.872748851776123,3.6099381995344975,0.0279080867767334,0.005659383315516622,0.7,0.1,0.05,8,1,500,0.8,"{'colsample_bytree': 0.7, 'gamma': 0.1, 'learning_rate': 0.05, 'max_depth': 8, 'min_child_weight': 1, 'n_estimators': 500, 'subsample': 0.8}",-38.502971988254124,-42.87732652452257,-65.28650705973307,-67.94600206163194,-63.099600830078124,-55.542481692843964,12.301662033679326,127
3.2958980083465574,1.3715959548194852,0.015581941604614258,0.0009070716932865046,0.7,0.1,0.05,8,3,300,0.7,"{'colsample_bytree': 0.7, 'gamma': 0.1, 'learning_rate': 0.05, 'max_depth': 8, 'min_child_weight': 3, 'n_estimators': 300, 'subsample': 0.7}",-39.5741763136122,-42.61260272555881,-65.78204635620118,-67.71953660753039,-63.52327531602648,-55.84232746378581,12.15352975153704,170
3.35890908241272,0.942512696495483,0.01496119499206543,0.0010277634373411027,0.7,0.1,0.05,8,3,300,0.8,"{'colsample_bytree': 0.7, 'gamma': 0.1, 'learning_rate': 0.05, 'max_depth': 8, 'min_child_weight': 3, 'n_estimators': 300, 'subsample': 0.8}",-38.25035625881619,-42.70353385077583,-65.47859410603841,-68.05020253499349,-64.11866916232638,-55.72027118259007,12.589031259542262,156
5.789610099792481,2.4525739327805702,0.03246350288391113,0.013310149257888117,0.7,0.1,0.05,8,3,500,0.7,"{'colsample_bytree': 0.7, 'gamma': 0.1, 'learning_rate': 0.05, 'max_depth': 8, 'min_child_weight': 3, 'n_estimators': 500, 'subsample': 0.7}",-39.562540011935766,-42.55612013075087,-65.8032524447971,-67.81044409857856,-63.83381747775608,-55.91323483276368,12.229876535792606,179
5.347109985351563,2.2979586107881795,0.018920135498046876,0.002133450937142865,0.7,0.1,0.05,8,3,500,0.8,"{'colsample_bytree': 0.7, 'gamma': 0.1, 'learning_rate': 0.05, 'max_depth': 8, 'min_child_weight': 3, 'n_estimators': 500, 'subsample': 0.8}",-38.32581982082791,-42.788246358235675,-65.51469780815972,-68.23201392279731,-64.27399458143447,-55.826954498291016,12.612596726209217,169
0.8926230907440186,0.09335626753659265,0.010886430740356445,0.00031376645910898097,0.7,0.1,0.1,4,1,300,0.7,"{'colsample_bytree': 0.7, 'gamma': 0.1, 'learning_rate': 0.1, 'max_depth': 4, 'min_child_weight': 1, 'n_estimators': 300, 'subsample': 0.7}",-39.86599243164063,-42.772504018147785,-66.5839461432563,-69.55761379665799,-63.81407255384657,-56.518825788709854,12.576291081794356,229
0.9368948936462402,0.0982079276494145,0.011074447631835937,0.0010061464330297666,0.7,0.1,0.1,4,1,300,0.8,"{'colsample_bytree': 0.7, 'gamma': 0.1, 'learning_rate': 0.1, 'max_depth': 4, 'min_child_weight': 1, 'n_estimators': 300, 'subsample': 0.8}",-39.209165547688805,-43.68055930243598,-67.05457138061523,-68.62093031141492,-63.221026780870226,-56.35725066460503,12.383030797213321,214
1.5009841442108154,0.1565005372803509,0.01195058822631836,0.0006994016166027962,0.7,0.1,0.1,4,1,500,0.7,"{'colsample_bytree': 0.7, 'gamma': 0.1, 'learning_rate': 0.1, 'max_depth': 4, 'min_child_weight': 1, 'n_estimators': 500, 'subsample': 0.7}",-39.91781673855252,-43.05409472995334,-67.15106262207031,-70.21951816134982,-64.56503087361654,-56.981504625108506,12.816528182612888,278
1.4489381313323975,0.11569125047976067,0.01180872917175293,0.00018495225652569842,0.7,0.1,0.1,4,1,500,0.8,"{'colsample_bytree': 0.7, 'gamma': 0.1, 'learning_rate': 0.1, 'max_depth': 4, 'min_child_weight': 1, 'n_estimators': 500, 'subsample': 0.8}",-39.304017503526474,-43.94399888780382,-67.54095862494574,-69.25562544080947,-64.23766655815972,-56.856453403049045,12.62695461554386,258
0.7631198406219483,0.08162887821325293,0.009970951080322265,0.0005875634868277659,0.7,0.1,0.1,4,3,300,0.7,"{'colsample_bytree': 0.7, 'gamma': 0.1, 'learning_rate': 0.1, 'max_depth': 4, 'min_child_weight': 3, 'n_estimators': 300, 'subsample': 0.7}",-39.24062973022461,-43.258115997314455,-66.40733076307508,-67.56273644341363,-65.16024992201064,-56.32581257120769,12.398555697540989,211
0.7789104461669922,0.07598221811375575,0.010464000701904296,0.0006522485773491826,0.7,0.1,0.1,4,3,300,0.8,"{'colsample_bytree': 0.7, 'gamma': 0.1, 'learning_rate': 0.1, 'max_depth': 4, 'min_child_weight': 3, 'n_estimators': 300, 'subsample': 0.8}",-38.66542678833008,-43.47397572835286,-67.28100809733073,-69.08983557807075,-63.46793246799045,-56.39563573201498,12.73562741934481,220
1.330083465576172,0.08808369287067826,0.013127803802490234,0.00039564219515477676,0.7,0.1,0.1,4,3,500,0.7,"{'colsample_bytree': 0.7, 'gamma': 0.1, 'learning_rate': 0.1, 'max_depth': 4, 'min_child_weight': 3, 'n_estimators': 500, 'subsample': 0.7}",-39.32715101453993,-43.38153778076172,-66.59710845947265,-68.1100146484375,-67.13298865424262,-56.90976011149088,12.774707539749738,267
1.3132896423339844,0.19016685393156368,0.012414169311523438,0.0007047732305018239,0.7,0.1,0.1,4,3,500,0.8,"{'colsample_bytree': 0.7, 'gamma': 0.1, 'learning_rate': 0.1, 'max_depth': 4, 'min_child_weight': 3, 'n_estimators': 500, 'subsample': 0.8}",-38.61925910101996,-43.7241355726454,-67.50908452351888,-69.95358998616537,-64.58865305582682,-56.87894444783528,13.037261570661569,262
2.23638653755188,0.3271125435604906,0.012180376052856445,0.002067814028860271,0.7,0.1,0.1,6,1,300,0.7,"{'colsample_bytree': 0.7, 'gamma': 0.1, 'learning_rate': 0.1, 'max_depth': 6, 'min_child_weight': 1, 'n_estimators': 300, 'subsample': 0.7}",-40.03504575941298,-41.62772940741645,-67.31041202121311,-69.48625630696614,-64.92446011013455,-56.67678072102865,13.02768039746806,243
2.4251151084899902,0.359241519763069,0.012986230850219726,0.0008995985663777964,0.7,0.1,0.1,6,1,300,0.8,"{'colsample_bytree': 0.7, 'gamma': 0.1, 'learning_rate': 0.1, 'max_depth': 6, 'min_child_weight': 1, 'n_estimators': 300, 'subsample': 0.8}",-39.14158788045248,-43.95169384426541,-66.81898583306207,-69.15158766004774,-65.38138227674696,-56.889047498914934,12.676283043515273,265
3.7841421604156493,1.0671248408076652,0.01652069091796875,0.00178933402143237,0.7,0.1,0.1,6,1,500,0.7,"{'colsample_bytree': 0.7, 'gamma': 0.1, 'learning_rate': 0.1, 'max_depth': 6, 'min_child_weight': 1, 'n_estimators': 500, 'subsample': 0.7}",-40.03298470391167,-41.65700788709852,-67.31573547363281,-69.58901390923394,-65.11337883843316,-56.74162416246202,13.0665818821291,246
3.715762233734131,1.1820142170575094,0.016045665740966795,0.0018219292548286147,0.7,0.1,0.1,6,1,500,0.8,"{'colsample_bytree': 0.7, 'gamma': 0.1, 'learning_rate': 0.1, 'max_depth': 6, 'min_child_weight': 1, 'n_estimators': 500, 'subsample': 0.8}",-39.14144653320312,-43.965054762098525,-66.8447883605957,-69.18737460666233,-65.473503519694,-56.92243355645074,12.696927707772568,268
1.9744905471801757,0.5469647366031954,0.013157463073730469,0.0010148683155650241,0.7,0.1,0.1,6,3,300,0.7,"{'colsample_bytree': 0.7, 'gamma': 0.1, 'learning_rate': 0.1, 'max_depth': 6, 'min_child_weight': 3, 'n_estimators': 300, 'subsample': 0.7}",-41.086268480088975,-42.29467222425673,-68.03181491427951,-68.62886606852213,-64.30452463785808,-56.869229265001096,12.48755826798671,259
1.957560157775879,0.500916240836822,0.013669395446777343,0.0008092020508553095,0.7,0.1,0.1,6,3,300,0.8,"{'colsample_bytree': 0.7, 'gamma': 0.1, 'learning_rate': 0.1, 'max_depth': 6, 'min_child_weight': 3, 'n_estimators': 300, 'subsample': 0.8}",-39.02943539089627,-42.99236701117621,-66.21003533257378,-67.32215576171875,-64.99083267211914,-56.108965233696836,12.41297963211089,192
3.0681362628936766,1.0022576412586355,0.017519235610961914,0.0019053902168132187,0.7,0.1,0.1,6,3,500,0.7,"{'colsample_bytree': 0.7, 'gamma': 0.1, 'learning_rate': 0.1, 'max_depth': 6, 'min_child_weight': 3, 'n_estimators': 500, 'subsample': 0.7}",-41.10847410413954,-42.34067043728299,-68.13283365885417,-68.62994313557942,-64.5827687242296,-56.95893801201714,12.522955339939122,274
3.1842226505279543,0.9851851059663315,0.020772171020507813,0.007057666014065678,0.7,0.1,0.1,6,3,500,0.8,"{'colsample_bytree': 0.7, 'gamma': 0.1, 'learning_rate': 0.1, 'max_depth': 6, 'min_child_weight': 3, 'n_estimators': 500, 'subsample': 0.8}",-39.04128614637587,-43.042591688368056,-66.30267807006835,-67.45440273708768,-65.05996209038628,-56.180184146457236,12.447983809825466,199
4.9947216510772705,1.7643700222529675,0.01487593650817871,0.0012530075792642503,0.7,0.1,0.1,8,1,300,0.7,"{'colsample_bytree': 0.7, 'gamma': 0.1, 'learning_rate': 0.1, 'max_depth': 8, 'min_child_weight': 1, 'n_estimators': 300, 'subsample': 0.7}",-39.39892540825738,-42.72284410264757,-67.84000552707248,-70.13625250922308,-61.132784389919706,-56.24616238742404,12.790155653449395,201
5.4778032302856445,2.3012529778912714,0.016328048706054688,0.0015909063588286,0.7,0.1,0.1,8,1,300,0.8,"{'colsample_bytree': 0.7, 'gamma': 0.1, 'learning_rate': 0.1, 'max_depth': 8, 'min_child_weight': 1, 'n_estimators': 300, 'subsample': 0.8}",-38.47658760918511,-42.93751692030165,-66.56624135335286,-68.78555053710937,-65.37599873860677,-56.42837903171115,12.959984678019952,223
6.699420022964477,3.008607445333504,0.019143295288085938,0.004458967942097411,0.7,0.1,0.1,8,1,500,0.7,"{'colsample_bytree': 0.7, 'gamma': 0.1, 'learning_rate': 0.1, 'max_depth': 8, 'min_child_weight': 1, 'n_estimators': 500, 'subsample': 0.7}",-39.40073282877604,-42.722276051839195,-67.84215972900391,-70.14661170111762,-61.137696533203126,-56.249895368787975,12.792815802044952,202
5.284921646118164,2.2533260173194893,0.015289545059204102,0.0015266998139175088,0.7,0.1,0.1,8,1,500,0.8,"{'colsample_bytree': 0.7, 'gamma': 0.1, 'learning_rate': 0.1, 'max_depth': 8, 'min_child_weight': 1, 'n_estimators': 500, 'subsample': 0.8}",-38.475967983669705,-42.936730770534936,-66.56696329752604,-68.7853847249349,-65.38918267144098,-56.43084588962131,12.96222270524148,224
3.579545497894287,1.5699163205125708,0.015050268173217774,0.0013885923181958069,0.7,0.1,0.1,8,3,300,0.7,"{'colsample_bytree': 0.7, 'gamma': 0.1, 'learning_rate': 0.1, 'max_depth': 8, 'min_child_weight': 3, 'n_estimators': 300, 'subsample': 0.7}",-39.85836466471354,-42.46173548380534,-67.58073725382486,-68.86993537055122,-65.57539204915365,-56.86923296440973,12.895704807066796,260
3.3908362865447996,1.377030943181477,0.014042282104492187,0.0016119956547061708,0.7,0.1,0.1,8,3,300,0.8,"{'colsample_bytree': 0.7, 'gamma': 0.1, 'learning_rate': 0.1, 'max_depth': 8, 'min_child_weight': 3, 'n_estimators': 300, 'subsample': 0.8}",-38.404291008843316,-43.642482096354165,-65.97512730916341,-67.4734792412652,-67.1837624782986,-56.53582842678494,12.783599626321267,231
4.879213762283325,2.2828058991155875,0.02003903388977051,0.005934669911525249,0.7,0.1,0.1,8,3,500,0.7,"{'colsample_bytree': 0.7, 'gamma': 0.1, 'learning_rate': 0.1, 'max_depth': 8, 'min_child_weight': 3, 'n_estimators': 500, 'subsample': 0.7}",-39.859955054389104,-42.48424196031358,-67.57426686604818,-68.85490173339844,-65.60092322455512,-56.87485776774088,12.889839133910382,261
4.362461423873901,2.026080905906502,0.016446542739868165,0.002099960735773897,0.7,0.1,0.1,8,3,500,0.8,"{'colsample_bytree': 0.7, 'gamma': 0.1, 'learning_rate': 0.1, 'max_depth': 8, 'min_child_weight': 3, 'n_estimators': 500, 'subsample': 0.8}",-38.41056966145833,-43.65377426147461,-65.97903974745009,-67.47001193576389,-67.18582817925348,-56.53984475708008,12.779869701650629,232
0.9920707225799561,0.10611744475745936,0.010385704040527344,0.0019239436236386468,0.8,0.0,0.03,4,1,300,0.7,"{'colsample_bytree': 0.8, 'gamma': 0, 'learning_rate': 0.03, 'max_depth': 4, 'min_child_weight': 1, 'n_estimators': 300, 'subsample': 0.7}",-37.4901804945204,-41.43762832641602,-65.31589211357965,-65.06583068847657,-59.80082088894314,-53.822070502387156,11.953079718432226,1
1.0382286071777345,0.16549789220512473,0.010414361953735352,0.0007373947091953629,0.8,0.0,0.03,4,1,300,0.8,"{'colsample_bytree': 0.8, 'gamma': 0, 'learning_rate': 0.03, 'max_depth': 4, 'min_child_weight': 1, 'n_estimators': 300, 'subsample': 0.8}",-38.10121980455187,-41.26733150906033,-65.69174231635199,-65.03057257758246,-59.04112596299913,-53.82639843410916,11.819684359923128,2
1.3913519859313965,0.1756198355803447,0.011701583862304688,0.0004764163306055404,0.8,0.0,0.03,4,1,500,0.7,"{'colsample_bytree': 0.8, 'gamma': 0, 'learning_rate': 0.03, 'max_depth': 4, 'min_child_weight': 1, 'n_estimators': 500, 'subsample': 0.7}",-37.90901909722222,-42.05710842556424,-65.87913784450954,-65.40713134765625,-60.957023247612845,-54.44188399251302,12.001772804360678,23
1.5854701042175292,0.18633225662560798,0.01214752197265625,0.00048306055562210844,0.8,0.0,0.03,4,1,500,0.8,"{'colsample_bytree': 0.8, 'gamma': 0, 'learning_rate': 0.03, 'max_depth': 4, 'min_child_weight': 1, 'n_estimators': 500, 'subsample': 0.8}",-38.377387288411455,-41.77055201212565,-65.8185784233941,-65.28624616834853,-60.14205305311415,-54.278963389078775,11.815407630648446,16
0.8609359264373779,0.12422813551501662,0.010794830322265626,0.001202837637691221,0.8,0.0,0.03,4,3,300,0.7,"{'colsample_bytree': 0.8, 'gamma': 0, 'learning_rate': 0.03, 'max_depth': 4, 'min_child_weight': 3, 'n_estimators': 300, 'subsample': 0.7}",-37.92549280802409,-41.24064409044054,-65.16877253214518,-65.78211351182726,-60.21879642062717,-54.06716387261285,12.02831241167573,9
0.8626016616821289,0.11425512699388582,0.010608482360839843,0.0006809138182483435,0.8,0.0,0.03,4,3,300,0.8,"{'colsample_bytree': 0.8, 'gamma': 0, 'learning_rate': 0.03, 'max_depth': 4, 'min_child_weight': 3, 'n_estimators': 300, 'subsample': 0.8}",-37.45840725368924,-41.55138348049588,-65.56442916870117,-65.28630432128907,-59.88700056287978,-53.94950495741102,12.03622081839514,7
1.3700806617736816,0.16673163061962576,0.011788177490234374,0.0005792138507221004,0.8,0.0,0.03,4,3,500,0.7,"{'colsample_bytree': 0.8, 'gamma': 0, 'learning_rate': 0.03, 'max_depth': 4, 'min_child_weight': 3, 'n_estimators': 500, 'subsample': 0.7}",-38.3121861436632,-41.71767013549805,-66.0547269185384,-66.41643659803603,-61.390938483344186,-54.77839165581597,12.231467395046687,45
1.4640843391418457,0.24883970351145612,0.012367010116577148,0.001154705735370295,0.8,0.0,0.03,4,3,500,0.8,"{'colsample_bytree': 0.8, 'gamma': 0, 'learning_rate': 0.03, 'max_depth': 4, 'min_child_weight': 3, 'n_estimators': 500, 'subsample': 0.8}",-37.756345689561634,-41.71970816718208,-65.95557261149088,-65.72046861436633,-60.964187961154515,-54.42325660875108,12.186641514701305,21
2.5197561264038084,0.4733222452886426,0.013477039337158204,0.0016085767092294716,0.8,0.0,0.03,6,1,300,0.7,"{'colsample_bytree': 0.8, 'gamma': 0, 'learning_rate': 0.03, 'max_depth': 6, 'min_child_weight': 1, 'n_estimators': 300, 'subsample': 0.7}",-38.06030758327908,-41.678360273573134,-65.92045422024196,-66.85229132758246,-60.330581902398,-54.56839906141492,12.260800143802602,29
2.6703313827514648,0.44822314582381423,0.012626552581787109,0.00036815665964134043,0.8,0.0,0.03,6,1,300,0.8,"{'colsample_bytree': 0.8, 'gamma': 0, 'learning_rate': 0.03, 'max_depth': 6, 'min_child_weight': 1, 'n_estimators': 300, 'subsample': 0.8}",-37.72261952718099,-42.11692849053277,-65.02170769585503,-66.90709408230252,-61.721175910102,-54.69790514119465,12.258978923568714,44
4.299221563339233,0.6947729882498156,0.016632795333862305,0.0013221442919638966,0.8,0.0,0.03,6,1,500,0.7,"{'colsample_bytree': 0.8, 'gamma': 0, 'learning_rate': 0.03, 'max_depth': 6, 'min_child_weight': 1, 'n_estimators': 500, 'subsample': 0.7}",-38.323075408935544,-41.76479982164171,-66.29332185533312,-67.1945880126953,-61.03854478624132,-54.9228659769694,12.377170175388882,57
4.437240171432495,0.5843616596719039,0.016850709915161133,0.001352828608072891,0.8,0.0,0.03,6,1,500,0.8,"{'colsample_bytree': 0.8, 'gamma': 0, 'learning_rate': 0.03, 'max_depth': 6, 'min_child_weight': 1, 'n_estimators': 500, 'subsample': 0.8}",-37.76131537543403,-42.37137697007921,-65.23165822347005,-67.33058641221788,-62.45992218017578,-55.0309718322754,12.401856321942079,71
1.918761968612671,0.3157880477036759,0.011554813385009766,0.0007612475858578618,0.8,0.0,0.03,6,3,300,0.7,"{'colsample_bytree': 0.8, 'gamma': 0, 'learning_rate': 0.03, 'max_depth': 6, 'min_child_weight': 3, 'n_estimators': 300, 'subsample': 0.7}",-37.96163640340169,-41.926629604763455,-65.21817632039388,-67.17922420925564,-61.084744432237414,-54.67408219401041,12.251175289899736,40
2.2102434158325197,0.5164932287969841,0.01583852767944336,0.006271320513498442,0.8,0.0,0.03,6,3,300,0.8,"{'colsample_bytree': 0.8, 'gamma': 0, 'learning_rate': 0.03, 'max_depth': 6, 'min_child_weight': 3, 'n_estimators': 300, 'subsample': 0.8}",-37.343200039333766,-42.27959423489041,-64.87821912977431,-66.8159518093533,-62.009122348361544,-54.665217512342664,12.323430022042611,38
3.1600298404693605,0.6939562951250352,0.01667180061340332,0.0020275765753549582,0.8,0.0,0.03,6,3,500,0.7,"{'colsample_bytree': 0.8, 'gamma': 0, 'learning_rate': 0.03, 'max_depth': 6, 'min_child_weight': 3, 'n_estimators': 500, 'subsample': 0.7}",-38.28453757392035,-42.16070782131619,-65.22788575914171,-67.74444430881077,-62.02279028998481,-55.08807315063477,12.333413271819898,78
3.1348007678985597,0.7597086367663454,0.01588864326477051,0.0010148777342697099,0.8,0.0,0.03,6,3,500,0.8,"{'colsample_bytree': 0.8, 'gamma': 0, 'learning_rate': 0.03, 'max_depth': 6, 'min_child_weight': 3, 'n_estimators': 500, 'subsample': 0.8}",-37.48236950344509,-42.51930669148763,-64.93349339803059,-67.18991661919488,-62.85628546820747,-54.996274336073135,12.422758098761532,67
6.010948753356933,1.6699537362014274,0.015131425857543946,0.001590951992798781,0.8,0.0,0.03,8,1,300,0.7,"{'colsample_bytree': 0.8, 'gamma': 0, 'learning_rate': 0.03, 'max_depth': 8, 'min_child_weight': 1, 'n_estimators': 300, 'subsample': 0.7}",-38.17483105129666,-41.891173350016274,-66.29000123765734,-67.54441375732422,-61.341727837456595,-55.048429446750205,12.489674740847285,74
6.346678686141968,1.7173455227924046,0.015383148193359375,0.0015630421117733444,0.8,0.0,0.03,8,1,300,0.8,"{'colsample_bytree': 0.8, 'gamma': 0, 'learning_rate': 0.03, 'max_depth': 8, 'min_child_weight': 1, 'n_estimators': 300, 'subsample': 0.8}",-38.25263634575738,-42.7353276570638,-65.17132758246528,-68.17072424994575,-61.789734836154516,-55.223950134277345,12.277377488185618,91
10.15862946510315,3.1064722173500177,0.026914167404174804,0.0044644346193992955,0.8,0.0,0.03,8,1,500,0.7,"{'colsample_bytree': 0.8, 'gamma': 0, 'learning_rate': 0.03, 'max_depth': 8, 'min_child_weight': 1, 'n_estimators': 500, 'subsample': 0.7}",-38.251399807400176,-41.95701939900716,-66.23351418389214,-67.70694502088759,-61.67617862277561,-55.165011406792544,12.511822099393388,88
11.063199090957642,2.96499002395012,0.02761363983154297,0.004501593017592898,0.8,0.0,0.03,8,1,500,0.8,"{'colsample_bytree': 0.8, 'gamma': 0, 'learning_rate': 0.03, 'max_depth': 8, 'min_child_weight': 1, 'n_estimators': 500, 'subsample': 0.8}",-38.28024968465169,-42.813797098795575,-65.10415378146702,-68.06763641357422,-61.952552490234375,-55.243677893744575,12.238886619164207,92
3.4581037044525145,1.0301546022062116,0.017781972885131836,0.006899416336851308,0.8,0.0,0.03,8,3,300,0.7,"{'colsample_bytree': 0.8, 'gamma': 0, 'learning_rate': 0.03, 'max_depth': 8, 'min_child_weight': 3, 'n_estimators': 300, 'subsample': 0.7}",-39.054171057807075,-42.27686481051975,-66.24940078735352,-67.23726552327474,-62.49001034206814,-55.461542504204644,12.226875829691386,114
3.8782536029815673,1.17067175421963,0.014224958419799805,0.0006319046560241971,0.8,0.0,0.03,8,3,300,0.8,"{'colsample_bytree': 0.8, 'gamma': 0, 'learning_rate': 0.03, 'max_depth': 8, 'min_child_weight': 3, 'n_estimators': 300, 'subsample': 0.8}",-38.274315405951604,-42.04021711561415,-65.47389672173394,-67.23835306803386,-63.84885735405816,-55.37512793307834,12.528231858861824,110
5.258349657058716,1.6389019840087067,0.01806049346923828,0.0021951537643926365,0.8,0.0,0.03,8,3,500,0.7,"{'colsample_bytree': 0.8, 'gamma': 0, 'learning_rate': 0.03, 'max_depth': 8, 'min_child_weight': 3, 'n_estimators': 500, 'subsample': 0.7}",-39.14002144707574,-42.24272888183594,-66.57337278578017,-67.41031836615669,-63.07901479085287,-55.68909125434027,12.370465568250385,151
5.553065967559815,1.8877110252341809,0.01852760314941406,0.0019242488386238279,0.8,0.0,0.03,8,3,500,0.8,"{'colsample_bytree': 0.8, 'gamma': 0, 'learning_rate': 0.03, 'max_depth': 8, 'min_child_weight': 3, 'n_estimators': 500, 'subsample': 0.8}",-38.33017318725586,-42.19810068766276,-65.52109515719944,-67.60946773952908,-64.40124491373697,-55.61201633707683,12.633087175310674,145
0.9902519226074219,0.12562199450394773,0.011047697067260743,0.0008818933091348913,0.8,0.0,0.05,4,1,300,0.7,"{'colsample_bytree': 0.8, 'gamma': 0, 'learning_rate': 0.05, 'max_depth': 4, 'min_child_weight': 1, 'n_estimators': 300, 'subsample': 0.7}",-38.456654713948566,-41.5981309000651,-65.76461620754665,-66.97222893608941,-61.83417870415582,-54.92516189236111,12.322188046510123,58
0.9522741794586181,0.06256731149992201,0.010138559341430663,0.0007515981707950514,0.8,0.0,0.05,4,1,300,0.8,"{'colsample_bytree': 0.8, 'gamma': 0, 'learning_rate': 0.05, 'max_depth': 4, 'min_child_weight': 1, 'n_estimators': 300, 'subsample': 0.8}",-37.761312052408854,-41.983363444010415,-65.16797468397353,-66.76451938205295,-61.003435668945315,-54.53612104627821,12.19313033033281,28
1.6347869396209718,0.1993275093284287,0.012895584106445312,0.0011597514024479214,0.8,0.0,0.05,4,1,500,0.7,"{'colsample_bytree': 0.8, 'gamma': 0, 'learning_rate': 0.05, 'max_depth': 4, 'min_child_weight': 1, 'n_estimators': 500, 'subsample': 0.7}",-38.73479932996962,-41.98017642550998,-66.49285569932725,-67.74205284966362,-62.90893527560764,-55.57176391601563,12.56530850406663,137
1.576498031616211,0.13402879260160297,0.011763668060302735,0.0003660977829519736,0.8,0.0,0.05,4,1,500,0.8,"{'colsample_bytree': 0.8, 'gamma': 0, 'learning_rate': 0.05, 'max_depth': 4, 'min_child_weight': 1, 'n_estimators': 500, 'subsample': 0.8}",-37.87725297715929,-42.24642781575521,-65.9346149529351,-67.34273396809895,-62.05063927544488,-55.09033379787869,12.469335734195376,80
0.8206040859222412,0.06557321766739645,0.010003232955932617,0.0007722183904072085,0.8,0.0,0.05,4,3,300,0.7,"{'colsample_bytree': 0.8, 'gamma': 0, 'learning_rate': 0.05, 'max_depth': 4, 'min_child_weight': 3, 'n_estimators': 300, 'subsample': 0.7}",-38.82487046983507,-42.35443084716797,-66.21846204969619,-68.09584798177083,-61.142272304958766,-55.32717673068576,12.297094336806135,96
0.8437941074371338,0.0863278694061742,0.010127019882202149,0.0007886173528566071,0.8,0.0,0.05,4,3,300,0.8,"{'colsample_bytree': 0.8, 'gamma': 0, 'learning_rate': 0.05, 'max_depth': 4, 'min_child_weight': 3, 'n_estimators': 300, 'subsample': 0.8}",-37.77728710598416,-42.313841078016495,-66.04446451822916,-66.1822733561198,-62.36612036810981,-54.93679728529188,12.3192829165555,60
1.3715497493743896,0.17016721516228403,0.012750005722045899,0.00036350765583910205,0.8,0.0,0.05,4,3,500,0.7,"{'colsample_bytree': 0.8, 'gamma': 0, 'learning_rate': 0.05, 'max_depth': 4, 'min_child_weight': 3, 'n_estimators': 500, 'subsample': 0.7}",-38.83630783081055,-42.984880947536894,-67.22210852728949,-69.09679562038845,-62.71781483968099,-56.17158155314128,12.699836717236323,197
1.396270751953125,0.16645300127099366,0.012591695785522461,0.000944396698678239,0.8,0.0,0.05,4,3,500,0.8,"{'colsample_bytree': 0.8, 'gamma': 0, 'learning_rate': 0.05, 'max_depth': 4, 'min_child_weight': 3, 'n_estimators': 500, 'subsample': 0.8}",-38.094896172417535,-42.722942725287545,-66.38207709418403,-66.93449195014107,-63.68817003038195,-55.56451559448243,12.509063570296554,132
2.6034807682037355,0.49842178414954375,0.013004541397094727,0.0007569813090010998,0.8,0.0,0.05,6,1,300,0.7,"{'colsample_bytree': 0.8, 'gamma': 0, 'learning_rate': 0.05, 'max_depth': 6, 'min_child_weight': 1, 'n_estimators': 300, 'subsample': 0.7}",-38.78576765272352,-41.77238262600369,-66.26024507310656,-67.8678811984592,-63.37308205498589,-55.61187172105578,12.637113956380897,144
2.629499673843384,0.43991069523915094,0.012839698791503906,0.0015439456482308539,0.8,0.0,0.05,6,1,300,0.8,"{'colsample_bytree': 0.8, 'gamma': 0, 'learning_rate': 0.05, 'max_depth': 6, 'min_child_weight': 1, 'n_estimators': 300, 'subsample': 0.8}",-38.66928417629666,-42.79535690307617,-65.02649605645074,-67.62631252712674,-62.44217983669705,-55.31192589992948,12.087179452023133,95
4.328679132461548,0.6242637563805878,0.016919040679931642,0.0019957797788968637,0.8,0.0,0.05,6,1,500,0.7,"{'colsample_bytree': 0.8, 'gamma': 0, 'learning_rate': 0.05, 'max_depth': 6, 'min_child_weight': 1, 'n_estimators': 500, 'subsample': 0.7}",-38.840248616536456,-41.87063802083333,-66.42476367526584,-68.2332325914171,-63.87295433892144,-55.84836744859483,12.76159913702797,171
4.391416406631469,0.6921487148828595,0.01612510681152344,0.0005453247336766189,0.8,0.0,0.05,6,1,500,0.8,"{'colsample_bytree': 0.8, 'gamma': 0, 'learning_rate': 0.05, 'max_depth': 6, 'min_child_weight': 1, 'n_estimators': 500, 'subsample': 0.8}",-38.69354034423828,-42.85726448906792,-65.23768963283963,-67.86565375434027,-62.883277859157985,-55.50748521592882,12.202789446033366,120
1.7913118839263915,0.3910208026684654,0.012112045288085937,0.0005287305701507876,0.8,0.0,0.05,6,3,300,0.7,"{'colsample_bytree': 0.8, 'gamma': 0, 'learning_rate': 0.05, 'max_depth': 6, 'min_child_weight': 3, 'n_estimators': 300, 'subsample': 0.7}",-39.52827294243706,-42.73023562961154,-65.98047892252605,-68.74224568684896,-61.21202282375759,-55.63865120103624,12.131706726708298,149
1.9542515277862549,0.4124710527129115,0.012607479095458984,0.0005915076363917721,0.8,0.0,0.05,6,3,300,0.8,"{'colsample_bytree': 0.8, 'gamma': 0, 'learning_rate': 0.05, 'max_depth': 6, 'min_child_weight': 3, 'n_estimators': 300, 'subsample': 0.8}",-38.16292875501845,-42.53120808919271,-65.28746336195204,-68.125126953125,-63.69697899712457,-55.560741231282556,12.578743099506218,130
3.153709650039673,0.8187814063602312,0.016735649108886717,0.0012333340841065013,0.8,0.0,0.05,6,3,500,0.7,"{'colsample_bytree': 0.8, 'gamma': 0, 'learning_rate': 0.05, 'max_depth': 6, 'min_child_weight': 3, 'n_estimators': 500, 'subsample': 0.7}",-39.763044942220056,-43.01711078219944,-66.26062778049045,-69.07279466417101,-62.183133850097654,-56.059342403835714,12.219542555882825,187
3.5880407810211183,0.9573761712770452,0.017823219299316406,0.0017644274186926416,0.8,0.0,0.05,6,3,500,0.8,"{'colsample_bytree': 0.8, 'gamma': 0, 'learning_rate': 0.05, 'max_depth': 6, 'min_child_weight': 3, 'n_estimators': 500, 'subsample': 0.8}",-38.28801420423719,-42.68330978393555,-65.50660471598307,-68.38178276909723,-64.23759718153212,-55.81946173095704,12.66828949700184,167
6.050403070449829,1.7385684004813875,0.015538597106933593,0.0019717648211991664,0.8,0.0,0.05,8,1,300,0.7,"{'colsample_bytree': 0.8, 'gamma': 0, 'learning_rate': 0.05, 'max_depth': 8, 'min_child_weight': 1, 'n_estimators': 300, 'subsample': 0.7}",-39.60710549248589,-41.651837548149956,-66.87990995619032,-67.89359212239583,-61.49105302598741,-55.50469962904187,12.355984633809967,118
5.791871643066406,1.5389646696572197,0.015339469909667969,0.0013702684873397658,0.8,0.0,0.05,8,1,300,0.8,"{'colsample_bytree': 0.8, 'gamma': 0, 'learning_rate': 0.05, 'max_depth': 8, 'min_child_weight': 1, 'n_estimators': 300, 'subsample': 0.8}",-37.91045350816515,-43.03935955471463,-65.60282333374023,-68.65053802490235,-62.72914269341363,-55.586463422987194,12.584804489672713,139
10.417003917694093,3.3380872890947653,0.027417325973510744,0.005354228889912383,0.8,0.0,0.05,8,1,500,0.7,"{'colsample_bytree': 0.8, 'gamma': 0, 'learning_rate': 0.05, 'max_depth': 8, 'min_child_weight': 1, 'n_estimators': 500, 'subsample': 0.7}",-39.62150427924262,-41.68870157877604,-66.9488426038954,-67.97735958523221,-61.604821065266925,-55.56824582248264,12.384543935080254,136
10.14750018119812,3.0429729271959953,0.02236185073852539,0.006171608973659035,0.8,0.0,0.05,8,1,500,0.8,"{'colsample_bytree': 0.8, 'gamma': 0, 'learning_rate': 0.05, 'max_depth': 8, 'min_child_weight': 1, 'n_estimators': 500, 'subsample': 0.8}",-37.92246156480577,-43.03667958577474,-65.62944444444445,-68.7060929022895,-62.790643785264756,-55.617064456515834,12.604727002629488,146
3.386724328994751,1.1539134025360154,0.014623212814331054,0.0012908032903017283,0.8,0.0,0.05,8,3,300,0.7,"{'colsample_bytree': 0.8, 'gamma': 0, 'learning_rate': 0.05, 'max_depth': 8, 'min_child_weight': 3, 'n_estimators': 300, 'subsample': 0.7}",-39.41654166327582,-42.36738391452366,-65.95073947482639,-68.55546800401476,-64.02940372043186,-56.06390735541449,12.50573634769953,188
3.888168716430664,1.3190086302853539,0.015311765670776366,0.0006327493331246258,0.8,0.0,0.05,8,3,300,0.8,"{'colsample_bytree': 0.8, 'gamma': 0, 'learning_rate': 0.05, 'max_depth': 8, 'min_child_weight': 3, 'n_estimators': 300, 'subsample': 0.8}",-38.16270324707031,-42.71090294731988,-66.03756064520942,-69.24177113850911,-62.90511505126953,-55.81161060587565,12.793510414039718,165
5.746516942977905,2.445221709601046,0.020667028427124024,0.004573519701606497,0.8,0.0,0.05,8,3,500,0.7,"{'colsample_bytree': 0.8, 'gamma': 0, 'learning_rate': 0.05, 'max_depth': 8, 'min_child_weight': 3, 'n_estimators': 500, 'subsample': 0.7}",-39.38220260620117,-42.47032584296333,-66.06646189371745,-68.83333482530382,-64.19369152492948,-56.18920333862305,12.587207808739198,200
5.900133180618286,2.2056599087276423,0.019243621826171876,0.002904758152068082,0.8,0.0,0.05,8,3,500,0.8,"{'colsample_bytree': 0.8, 'gamma': 0, 'learning_rate': 0.05, 'max_depth': 8, 'min_child_weight': 3, 'n_estimators': 500, 'subsample': 0.8}",-38.16251707288954,-42.777530941433376,-66.08369912041559,-69.30574832492404,-63.06121829562717,-55.87814275105794,12.81811194747416,174
1.0000372409820557,0.09346577958442613,0.011095809936523437,0.001200219306882244,0.8,0.0,0.1,4,1,300,0.7,"{'colsample_bytree': 0.8, 'gamma': 0, 'learning_rate': 0.1, 'max_depth': 4, 'min_child_weight': 1, 'n_estimators': 300, 'subsample': 0.7}",-39.6870219930013,-43.43892661200629,-66.67374169243706,-68.90513275146485,-65.3264904446072,-56.80626269870335,12.554665710260343,251
0.9723994255065918,0.10183646650963762,0.010239934921264649,0.0007887688097882827,0.8,0.0,0.1,4,1,300,0.8,"{'colsample_bytree': 0.8, 'gamma': 0, 'learning_rate': 0.1, 'max_depth': 4, 'min_child_weight': 1, 'n_estimators': 300, 'subsample': 0.8}",-38.41318703545464,-43.29063585069444,-67.22451326158311,-68.52215698242188,-61.99241099039713,-55.888580824110235,12.565547812136794,175
1.5609646797180177,0.1252369137850863,0.011568117141723632,0.0002565731057003541,0.8,0.0,0.1,4,1,500,0.7,"{'colsample_bytree': 0.8, 'gamma': 0, 'learning_rate': 0.1, 'max_depth': 4, 'min_child_weight': 1, 'n_estimators': 500, 'subsample': 0.7}",-39.81036660088433,-43.760775095621746,-67.17173116048177,-69.75801452636719,-66.6139749654134,-57.42297246975369,12.872650139000612,287
1.6441022872924804,0.1410997205287145,0.012438774108886719,0.0008439297699255414,0.8,0.0,0.1,4,1,500,0.8,"{'colsample_bytree': 0.8, 'gamma': 0, 'learning_rate': 0.1, 'max_depth': 4, 'min_child_weight': 1, 'n_estimators': 500, 'subsample': 0.8}",-38.55081112331814,-43.52154252794054,-67.61743067423502,-68.82951839870877,-62.77678894042969,-56.25921833292644,12.69122711775408,204
0.8685789108276367,0.0989615707762182,0.010540962219238281,0.0006953609043658141,0.8,0.0,0.1,4,3,300,0.7,"{'colsample_bytree': 0.8, 'gamma': 0, 'learning_rate': 0.1, 'max_depth': 4, 'min_child_weight': 3, 'n_estimators': 300, 'subsample': 0.7}",-40.096111416286895,-42.8352672153049,-66.85720311482747,-68.93954481336806,-63.0572797648112,-56.3570812649197,12.334684457734587,213
0.8540268421173096,0.09554826948474625,0.009701871871948242,0.0014412593453777634,0.8,0.0,0.1,4,3,300,0.8,"{'colsample_bytree': 0.8, 'gamma': 0, 'learning_rate': 0.1, 'max_depth': 4, 'min_child_weight': 3, 'n_estimators': 300, 'subsample': 0.8}",-38.967223425971135,-43.146627027723525,-67.25646062215169,-68.40190243191189,-64.95383139716255,-56.54520898098416,12.763421146213366,235
1.4374393939971923,0.14163690780867594,0.012816095352172851,0.0005092689740504375,0.8,0.0,0.1,4,3,500,0.7,"{'colsample_bytree': 0.8, 'gamma': 0, 'learning_rate': 0.1, 'max_depth': 4, 'min_child_weight': 3, 'n_estimators': 500, 'subsample': 0.7}",-40.21119340684679,-43.20257280137804,-67.55362302992079,-69.68968251546224,-64.18257090250651,-56.96792853122288,12.619225074452597,275
1.5112140655517579,0.2638916368932608,0.014116859436035157,0.003099087099204335,0.8,0.0,0.1,4,3,500,0.8,"{'colsample_bytree': 0.8, 'gamma': 0, 'learning_rate': 0.1, 'max_depth': 4, 'min_child_weight': 3, 'n_estimators': 500, 'subsample': 0.8}",-39.02189697265625,-43.50557361178928,-67.85100580851237,-68.80791249593099,-66.10837744818794,-57.05895326741537,13.003292036069334,282
2.5050978660583496,0.2277241641562581,0.01240987777709961,0.0007329787866434904,0.8,0.0,0.1,6,1,300,0.7,"{'colsample_bytree': 0.8, 'gamma': 0, 'learning_rate': 0.1, 'max_depth': 6, 'min_child_weight': 1, 'n_estimators': 300, 'subsample': 0.7}",-40.04274815877279,-42.5893229675293,-65.61102144029405,-70.88143547905815,-63.315399407280815,-56.48798549058703,12.654117267748678,227
2.6849355697631836,0.37177735307494975,0.012636899948120117,0.000784771186547027,0.8,0.0,0.1,6,1,300,0.8,"{'colsample_bytree': 0.8, 'gamma': 0, 'learning_rate': 0.1, 'max_depth': 6, 'min_child_weight': 1, 'n_estimators': 300, 'subsample': 0.8}",-39.912993859185114,-43.662876553005646,-67.53119423760309,-68.60948540581597,-63.51594926622179,-56.646499864366334,12.307425622485816,240
4.678949642181396,0.6134556566891362,0.01781144142150879,0.0015733313289353226,0.8,0.0,0.1,6,1,500,0.7,"{'colsample_bytree': 0.8, 'gamma': 0, 'learning_rate': 0.1, 'max_depth': 6, 'min_child_weight': 1, 'n_estimators': 500, 'subsample': 0.7}",-40.0426548936632,-42.58494632297092,-65.62068667941624,-70.95197089301216,-63.45762566460503,-56.531576890733504,12.687969769579754,230
4.547361755371094,0.6223546014794507,0.01701827049255371,0.0006534052862359331,0.8,0.0,0.1,6,1,500,0.8,"{'colsample_bytree': 0.8, 'gamma': 0, 'learning_rate': 0.1, 'max_depth': 6, 'min_child_weight': 1, 'n_estimators': 500, 'subsample': 0.8}",-39.91359617445204,-43.66831793891059,-67.54138644748264,-68.68195058186849,-63.640389912923176,-56.68912821112739,12.335958104258694,245
2.1767902851104735,0.502558677548245,0.01317296028137207,0.0009214890925409562,0.8,0.0,0.1,6,3,300,0.7,"{'colsample_bytree': 0.8, 'gamma': 0, 'learning_rate': 0.1, 'max_depth': 6, 'min_child_weight': 3, 'n_estimators': 300, 'subsample': 0.7}",-39.674939507378475,-42.670889146592884,-67.4912089369032,-69.8261755710178,-64.59274932861328,-56.851192498101135,12.942924767320614,257
1.8709305286407472,0.27589281757589995,0.013056039810180664,0.001012621217310999,0.8,0.0,0.1,6,3,300,0.8,"{'colsample_bytree': 0.8, 'gamma': 0, 'learning_rate': 0.1, 'max_depth': 6, 'min_child_weight': 3, 'n_estimators': 300, 'subsample': 0.8}",-38.474608442518445,-43.69342115614149,-66.35862096150716,-67.57016014946832,-63.924942609998915,-56.00435066392687,12.349619321437121,185
3.374935245513916,0.8934553697007309,0.016070461273193358,0.0010983679807371578,0.8,0.0,0.1,6,3,500,0.7,"{'colsample_bytree': 0.8, 'gamma': 0, 'learning_rate': 0.1, 'max_depth': 6, 'min_child_weight': 3, 'n_estimators': 500, 'subsample': 0.7}",-39.70148783365885,-42.694710422092015,-67.60085191514757,-70.01456844753689,-64.87234347873265,-56.97679241943359,13.020045968947512,276
3.8258439540863036,0.7936172489153399,0.017759323120117188,0.0011143507586746928,0.8,0.0,0.1,6,3,500,0.8,"{'colsample_bytree': 0.8, 'gamma': 0, 'learning_rate': 0.1, 'max_depth': 6, 'min_child_weight': 3, 'n_estimators': 500, 'subsample': 0.8}",-38.477753211127386,-43.72501963297526,-66.38400636461046,-67.74063313802084,-64.0353246222602,-56.07254739379882,12.392856461415416,190
6.1523419380187985,1.950458369577979,0.018816471099853516,0.009736003042063493,0.8,0.0,0.1,8,1,300,0.7,"{'colsample_bytree': 0.8, 'gamma': 0, 'learning_rate': 0.1, 'max_depth': 8, 'min_child_weight': 1, 'n_estimators': 300, 'subsample': 0.7}",-39.89943030463325,-43.74448854234483,-69.33905161539714,-69.8022912258572,-63.312404208713104,-57.2195331793891,12.836622578537812,285
6.469203329086303,1.7910348544504475,0.01651477813720703,0.000992618009251189,0.8,0.0,0.1,8,1,300,0.8,"{'colsample_bytree': 0.8, 'gamma': 0, 'learning_rate': 0.1, 'max_depth': 8, 'min_child_weight': 1, 'n_estimators': 300, 'subsample': 0.8}",-39.42193466186524,-42.60258795844184,-67.51173607720268,-69.36017228868272,-64.04050921969943,-56.587388041178386,12.870600885884723,237
10.235108900070191,3.305748116175097,0.023370122909545897,0.005025167789368398,0.8,0.0,0.1,8,1,500,0.7,"{'colsample_bytree': 0.8, 'gamma': 0, 'learning_rate': 0.1, 'max_depth': 8, 'min_child_weight': 1, 'n_estimators': 500, 'subsample': 0.7}",-39.89974602593316,-43.74439943101671,-69.34048968844944,-69.80601816813152,-63.31762230767144,-57.221655124240456,12.838053716565744,286
10.157410955429077,3.3897249910342193,0.023585700988769533,0.00558421843787388,0.8,0.0,0.1,8,1,500,0.8,"{'colsample_bytree': 0.8, 'gamma': 0, 'learning_rate': 0.1, 'max_depth': 8, 'min_child_weight': 1, 'n_estimators': 500, 'subsample': 0.8}",-39.421927863227,-42.60310384114583,-67.51479483710395,-69.36052361382379,-64.05279620700412,-56.59062927246093,12.872503298919064,238
3.460758638381958,1.5830817028153172,0.014192342758178711,0.0009001462684637362,0.8,0.0,0.1,8,3,300,0.7,"{'colsample_bytree': 0.8, 'gamma': 0, 'learning_rate': 0.1, 'max_depth': 8, 'min_child_weight': 3, 'n_estimators': 300, 'subsample': 0.7}",-39.473741607666014,-42.7874473063151,-68.79289784749349,-69.9748353407118,-62.84875664605035,-56.77553574964735,13.042555059281247,248
3.7573866844177246,1.476216746737971,0.014474010467529297,0.0007632492985977216,0.8,0.0,0.1,8,3,300,0.8,"{'colsample_bytree': 0.8, 'gamma': 0, 'learning_rate': 0.1, 'max_depth': 8, 'min_child_weight': 3, 'n_estimators': 300, 'subsample': 0.8}",-38.98074896918403,-43.18155134412977,-64.94737108018663,-70.2011195203993,-64.01378706190322,-56.26491559516059,12.645668493069625,205
5.634387063980102,2.516329022945148,0.0187471866607666,0.002159799441727805,0.8,0.0,0.1,8,3,500,0.7,"{'colsample_bytree': 0.8, 'gamma': 0, 'learning_rate': 0.1, 'max_depth': 8, 'min_child_weight': 3, 'n_estimators': 500, 'subsample': 0.7}",-39.469654625786674,-42.785657535129126,-68.82525443183052,-69.98533477783204,-62.888819478352865,-56.79094416978624,13.055847544036594,249
5.982607746124268,2.2693964004073064,0.01955523490905762,0.003215848771869018,0.8,0.0,0.1,8,3,500,0.8,"{'colsample_bytree': 0.8, 'gamma': 0, 'learning_rate': 0.1, 'max_depth': 8, 'min_child_weight': 3, 'n_estimators': 500, 'subsample': 0.8}",-38.985474361843536,-43.17369734022353,-64.97598151312934,-70.21498426649306,-64.04092698838976,-56.27821289401584,12.656315729255407,207
0.9310781002044678,0.08367035134338752,0.010950994491577149,0.0007863957934445409,0.8,0.1,0.03,4,1,300,0.7,"{'colsample_bytree': 0.8, 'gamma': 0.1, 'learning_rate': 0.03, 'max_depth': 4, 'min_child_weight': 1, 'n_estimators': 300, 'subsample': 0.7}",-37.688568623860675,-41.43762832641602,-65.31589211357965,-65.06583068847657,-59.80082088894314,-53.8617481282552,11.89900797412428,4
1.090320348739624,0.19816960692167898,0.010924196243286133,0.0009517137951226498,0.8,0.1,0.03,4,1,300,0.8,"{'colsample_bytree': 0.8, 'gamma': 0.1, 'learning_rate': 0.03, 'max_depth': 4, 'min_child_weight': 1, 'n_estimators': 300, 'subsample': 0.8}",-38.10121980455187,-41.26733150906033,-65.69174231635199,-65.03057257758246,-59.04112596299913,-53.82639843410916,11.819684359923128,2
1.5452852249145508,0.1800343719539292,0.011629867553710937,0.0004919455357531831,0.8,0.1,0.03,4,1,500,0.7,"{'colsample_bytree': 0.8, 'gamma': 0.1, 'learning_rate': 0.03, 'max_depth': 4, 'min_child_weight': 1, 'n_estimators': 500, 'subsample': 0.7}",-38.21076168484158,-42.05710842556424,-65.87913784450954,-65.40713134765625,-60.957023247612845,-54.50223251003689,11.918961802441284,26
1.6625699520111084,0.09633175969849957,0.012524652481079101,0.0007296686373356833,0.8,0.1,0.03,4,1,500,0.8,"{'colsample_bytree': 0.8, 'gamma': 0.1, 'learning_rate': 0.03, 'max_depth': 4, 'min_child_weight': 1, 'n_estimators': 500, 'subsample': 0.8}",-38.377387288411455,-41.700062832302514,-65.8185784233941,-65.28624616834853,-60.14205305311415,-54.26486555311415,11.830356526235454,15
0.8468869686126709,0.09677963112864954,0.010393238067626953,0.0006704124512636614,0.8,0.1,0.03,4,3,300,0.7,"{'colsample_bytree': 0.8, 'gamma': 0.1, 'learning_rate': 0.03, 'max_depth': 4, 'min_child_weight': 3, 'n_estimators': 300, 'subsample': 0.7}",-37.92549280802409,-41.24064409044054,-65.16877253214518,-65.78211351182726,-60.21879642062717,-54.06716387261285,12.02831241167573,9
0.8507853031158448,0.10186618199131825,0.009879589080810547,0.0007570228488861125,0.8,0.1,0.03,4,3,300,0.8,"{'colsample_bytree': 0.8, 'gamma': 0.1, 'learning_rate': 0.03, 'max_depth': 4, 'min_child_weight': 3, 'n_estimators': 300, 'subsample': 0.8}",-37.45840725368924,-41.55138348049588,-65.56442916870117,-65.28630432128907,-59.88700056287978,-53.94950495741102,12.03622081839514,7
1.3652780532836915,0.13617605847678813,0.01260232925415039,0.0007323823392896501,0.8,0.1,0.03,4,3,500,0.7,"{'colsample_bytree': 0.8, 'gamma': 0.1, 'learning_rate': 0.03, 'max_depth': 4, 'min_child_weight': 3, 'n_estimators': 500, 'subsample': 0.7}",-38.3121861436632,-41.71767013549805,-66.0547269185384,-66.41643659803603,-61.390938483344186,-54.77839165581597,12.231467395046687,45
1.4345144748687744,0.19335338662678545,0.012266588211059571,0.0007844816672498504,0.8,0.1,0.03,4,3,500,0.8,"{'colsample_bytree': 0.8, 'gamma': 0.1, 'learning_rate': 0.03, 'max_depth': 4, 'min_child_weight': 3, 'n_estimators': 500, 'subsample': 0.8}",-37.756345689561634,-41.71970816718208,-65.95557261149088,-65.72046861436633,-60.964187961154515,-54.42325660875108,12.186641514701305,21
2.5042721748352053,0.5274905914068669,0.011942148208618164,0.0023269881722236094,0.8,0.1,0.03,6,1,300,0.7,"{'colsample_bytree': 0.8, 'gamma': 0.1, 'learning_rate': 0.03, 'max_depth': 6, 'min_child_weight': 1, 'n_estimators': 300, 'subsample': 0.7}",-38.06031016031901,-41.67840996636285,-66.04233174641926,-66.85231065538194,-60.33058108859592,-54.5927887234158,12.283437635953224,30
2.624419403076172,0.40668869816040687,0.012827730178833008,0.0005519309383156313,0.8,0.1,0.03,6,1,300,0.8,"{'colsample_bytree': 0.8, 'gamma': 0.1, 'learning_rate': 0.03, 'max_depth': 6, 'min_child_weight': 1, 'n_estimators': 300, 'subsample': 0.8}",-37.59151733398438,-42.06909598456489,-65.00897956000433,-66.90709208170573,-61.7211770968967,-54.65957241143121,12.30298197931478,37
4.275185871124267,0.8685742047347657,0.018179798126220705,0.0036470350738570844,0.8,0.1,0.03,6,1,500,0.7,"{'colsample_bytree': 0.8, 'gamma': 0.1, 'learning_rate': 0.03, 'max_depth': 6, 'min_child_weight': 1, 'n_estimators': 500, 'subsample': 0.7}",-38.3915986972385,-41.71192815144857,-66.34907228257921,-67.25849294026693,-61.03855356852213,-54.94992912801107,12.39302652193095,62
4.4342360496521,0.7726975302966628,0.016576576232910156,0.0006537614363676797,0.8,0.1,0.03,6,1,500,0.8,"{'colsample_bytree': 0.8, 'gamma': 0.1, 'learning_rate': 0.03, 'max_depth': 6, 'min_child_weight': 1, 'n_estimators': 500, 'subsample': 0.8}",-37.755977427164716,-42.3694144015842,-65.02027623494466,-67.3343455335829,-62.45993238661024,-54.98798919677735,12.369962752842879,65
1.903020191192627,0.4033787519725016,0.012661600112915039,0.0002846413744686437,0.8,0.1,0.03,6,3,300,0.7,"{'colsample_bytree': 0.8, 'gamma': 0.1, 'learning_rate': 0.03, 'max_depth': 6, 'min_child_weight': 3, 'n_estimators': 300, 'subsample': 0.7}",-37.96163640340169,-41.926629604763455,-65.21817632039388,-67.17922420925564,-61.084744432237414,-54.67408219401041,12.251175289899736,40
2.1349621772766114,0.4968404116261334,0.013030719757080079,0.0006298380168903278,0.8,0.1,0.03,6,3,300,0.8,"{'colsample_bytree': 0.8, 'gamma': 0.1, 'learning_rate': 0.03, 'max_depth': 6, 'min_child_weight': 3, 'n_estimators': 300, 'subsample': 0.8}",-37.343200039333766,-42.27959423489041,-64.87821912977431,-66.8159518093533,-62.009122348361544,-54.665217512342664,12.323430022042611,38
3.0063374519348143,0.6586096028095522,0.01614799499511719,0.0010843117883868895,0.8,0.1,0.03,6,3,500,0.7,"{'colsample_bytree': 0.8, 'gamma': 0.1, 'learning_rate': 0.03, 'max_depth': 6, 'min_child_weight': 3, 'n_estimators': 500, 'subsample': 0.7}",-38.28453757392035,-42.16070782131619,-65.22788575914171,-67.74444430881077,-62.02279028998481,-55.08807315063477,12.333413271819898,78
3.339913320541382,1.059985269301702,0.016927528381347656,0.0012837008794539836,0.8,0.1,0.03,6,3,500,0.8,"{'colsample_bytree': 0.8, 'gamma': 0.1, 'learning_rate': 0.03, 'max_depth': 6, 'min_child_weight': 3, 'n_estimators': 500, 'subsample': 0.8}",-37.48236950344509,-42.50072986178928,-64.93801652696398,-67.18991661919488,-62.85628546820747,-54.99346359592015,12.427215131396139,66
5.811243057250977,1.7329821963560335,0.015923500061035156,0.000943601497026341,0.8,0.1,0.03,8,1,300,0.7,"{'colsample_bytree': 0.8, 'gamma': 0.1, 'learning_rate': 0.03, 'max_depth': 8, 'min_child_weight': 1, 'n_estimators': 300, 'subsample': 0.7}",-38.14967312282986,-41.858389689127605,-66.28169135199653,-67.59977973090278,-61.32264895968967,-55.04243657090929,12.511061761609236,72
5.926293516159058,1.5550695169696525,0.015537643432617187,0.000715297754960906,0.8,0.1,0.03,8,1,300,0.8,"{'colsample_bytree': 0.8, 'gamma': 0.1, 'learning_rate': 0.03, 'max_depth': 8, 'min_child_weight': 1, 'n_estimators': 300, 'subsample': 0.8}",-38.20341001722548,-42.80149661593967,-65.1670916917589,-68.17433634440104,-61.91642713758681,-55.25255236138238,12.29129661441591,93
9.303650331497192,2.5609524295619206,0.02093348503112793,0.002988764989766509,0.8,0.1,0.03,8,1,500,0.7,"{'colsample_bytree': 0.8, 'gamma': 0.1, 'learning_rate': 0.03, 'max_depth': 8, 'min_child_weight': 1, 'n_estimators': 500, 'subsample': 0.7}",-38.2932733323839,-41.84618959214952,-66.15632095336915,-67.7824503241645,-61.64775977240669,-55.14519879489476,12.522613738655853,85
9.938374996185303,3.0810970782128058,0.023672962188720705,0.006127496399770487,0.8,0.1,0.03,8,1,500,0.8,"{'colsample_bytree': 0.8, 'gamma': 0.1, 'learning_rate': 0.03, 'max_depth': 8, 'min_child_weight': 1, 'n_estimators': 500, 'subsample': 0.8}",-38.189909006754554,-42.8941842312283,-65.23847001817491,-68.35450998942058,-62.230171305338544,-55.38144891018338,12.359991915437275,111
3.85147385597229,1.2791145633422238,0.01499624252319336,0.0010752441970367983,0.8,0.1,0.03,8,3,300,0.7,"{'colsample_bytree': 0.8, 'gamma': 0.1, 'learning_rate': 0.03, 'max_depth': 8, 'min_child_weight': 3, 'n_estimators': 300, 'subsample': 0.7}",-39.054171057807075,-42.27686481051975,-66.24940078735352,-67.38971048990885,-62.48988732231988,-55.49200689358181,12.256342292757033,117
4.202900648117065,1.5111777591347983,0.015314769744873048,0.00029451276452796104,0.8,0.1,0.03,8,3,300,0.8,"{'colsample_bytree': 0.8, 'gamma': 0.1, 'learning_rate': 0.03, 'max_depth': 8, 'min_child_weight': 3, 'n_estimators': 300, 'subsample': 0.8}",-38.274315405951604,-41.9681260172526,-65.47389672173394,-67.23835306803386,-63.85419959174262,-55.361778160942926,12.544325380178385,107
5.723539257049561,2.1981406951940423,0.020447921752929688,0.004111285496684733,0.8,0.1,0.03,8,3,500,0.7,"{'colsample_bytree': 0.8, 'gamma': 0.1, 'learning_rate': 0.03, 'max_depth': 8, 'min_child_weight': 3, 'n_estimators': 500, 'subsample': 0.7}",-39.14736994425456,-42.2227971733941,-66.46901780870226,-67.53714104546441,-63.20783854166667,-55.716832902696396,12.394195684439357,155
5.80187759399414,1.6730895821197662,0.019935083389282227,0.0015894956477599926,0.8,0.1,0.03,8,3,500,0.8,"{'colsample_bytree': 0.8, 'gamma': 0.1, 'learning_rate': 0.03, 'max_depth': 8, 'min_child_weight': 3, 'n_estimators': 500, 'subsample': 0.8}",-38.35527177598741,-42.09594957139757,-65.52109515719944,-67.50492268880208,-64.38243001302084,-55.571933841281464,12.625549344326668,138
0.9525654792785645,0.11026886926991634,0.0103546142578125,0.0008626861722687307,0.8,0.1,0.05,4,1,300,0.7,"{'colsample_bytree': 0.8, 'gamma': 0.1, 'learning_rate': 0.05, 'max_depth': 4, 'min_child_weight': 1, 'n_estimators': 300, 'subsample': 0.7}",-38.456654713948566,-41.5981309000651,-65.76461620754665,-66.97222893608941,-61.83417870415582,-54.92516189236111,12.322188046510123,58
0.9428723812103271,0.08080593977614467,0.010070228576660156,0.0003234937434763569,0.8,0.1,0.05,4,1,300,0.8,"{'colsample_bytree': 0.8, 'gamma': 0.1, 'learning_rate': 0.05, 'max_depth': 4, 'min_child_weight': 1, 'n_estimators': 300, 'subsample': 0.8}",-37.761312052408854,-41.983363444010415,-65.16794397989909,-66.76451938205295,-61.003435668945315,-54.53611490546332,12.193124975827262,27
1.566041898727417,0.18234987053038992,0.011961030960083007,0.0006421134108070726,0.8,0.1,0.05,4,1,500,0.7,"{'colsample_bytree': 0.8, 'gamma': 0.1, 'learning_rate': 0.05, 'max_depth': 4, 'min_child_weight': 1, 'n_estimators': 500, 'subsample': 0.7}",-38.703691762288415,-41.980172102186415,-66.49285569932725,-67.73909118652344,-62.90893527560764,-55.564949205186636,12.573075806841022,134
1.6029597759246825,0.10944127926964532,0.01207718849182129,0.00034207962067453837,0.8,0.1,0.05,4,1,500,0.8,"{'colsample_bytree': 0.8, 'gamma': 0.1, 'learning_rate': 0.05, 'max_depth': 4, 'min_child_weight': 1, 'n_estimators': 500, 'subsample': 0.8}",-37.87725297715929,-42.24642781575521,-65.88516660902235,-67.34273742675781,-62.05063927544488,-55.080444820827914,12.460748337924667,77
0.8430160045623779,0.09820674700843075,0.010424089431762696,0.0007331054168912974,0.8,0.1,0.05,4,3,300,0.7,"{'colsample_bytree': 0.8, 'gamma': 0.1, 'learning_rate': 0.05, 'max_depth': 4, 'min_child_weight': 3, 'n_estimators': 300, 'subsample': 0.7}",-38.82487046983507,-42.35443084716797,-66.21846204969619,-68.09584798177083,-61.142272304958766,-55.32717673068576,12.297094336806135,96
0.8442771434783936,0.10011282005280206,0.010045528411865234,0.0007907768434980466,0.8,0.1,0.05,4,3,300,0.8,"{'colsample_bytree': 0.8, 'gamma': 0.1, 'learning_rate': 0.05, 'max_depth': 4, 'min_child_weight': 3, 'n_estimators': 300, 'subsample': 0.8}",-37.77728710598416,-42.313841078016495,-66.04446451822916,-66.1822733561198,-62.36612036810981,-54.93679728529188,12.3192829165555,60
1.391340160369873,0.1470785785019135,0.011933326721191406,0.0005088160379490468,0.8,0.1,0.05,4,3,500,0.7,"{'colsample_bytree': 0.8, 'gamma': 0.1, 'learning_rate': 0.05, 'max_depth': 4, 'min_child_weight': 3, 'n_estimators': 500, 'subsample': 0.7}",-38.83630783081055,-42.98759036593967,-67.22210852728949,-69.09679562038845,-62.71781483968099,-56.172123436821835,12.699274093557415,198
1.4385935306549071,0.15972803673828728,0.013376951217651367,0.0012632752078240972,0.8,0.1,0.05,4,3,500,0.8,"{'colsample_bytree': 0.8, 'gamma': 0.1, 'learning_rate': 0.05, 'max_depth': 4, 'min_child_weight': 3, 'n_estimators': 500, 'subsample': 0.8}",-38.094896172417535,-42.722942725287545,-66.38207709418403,-66.93449195014107,-63.68817003038195,-55.56451559448243,12.509063570296554,132
2.542837381362915,0.4183309254790579,0.01497201919555664,0.0057273330568634135,0.8,0.1,0.05,6,1,300,0.7,"{'colsample_bytree': 0.8, 'gamma': 0.1, 'learning_rate': 0.05, 'max_depth': 6, 'min_child_weight': 1, 'n_estimators': 300, 'subsample': 0.7}",-38.81003634982639,-41.78972666422526,-66.38936104668511,-68.05864888509115,-63.37307781643338,-55.68417015245226,12.685740723254437,150
2.6893667697906496,0.40303775371763145,0.012904787063598632,0.0006622520834425094,0.8,0.1,0.05,6,1,300,0.8,"{'colsample_bytree': 0.8, 'gamma': 0.1, 'learning_rate': 0.05, 'max_depth': 6, 'min_child_weight': 1, 'n_estimators': 300, 'subsample': 0.8}",-38.78052544487847,-42.77401431613498,-65.02634775797526,-67.68659715440538,-62.49009002685547,-55.35151494004991,12.078966117622297,103
4.570479917526245,0.8855454743357747,0.017024660110473634,0.0012143262864583871,0.8,0.1,0.05,6,1,500,0.7,"{'colsample_bytree': 0.8, 'gamma': 0.1, 'learning_rate': 0.05, 'max_depth': 6, 'min_child_weight': 1, 'n_estimators': 500, 'subsample': 0.7}",-38.85610321044922,-41.89003248426649,-66.55889906141493,-68.3213952975803,-63.6760492960612,-55.860495869954434,12.768210036479429,172
4.529153060913086,0.637129675417532,0.01720089912414551,0.0010007159172505673,0.8,0.1,0.05,6,1,500,0.8,"{'colsample_bytree': 0.8, 'gamma': 0.1, 'learning_rate': 0.05, 'max_depth': 6, 'min_child_weight': 1, 'n_estimators': 500, 'subsample': 0.8}",-38.8084065246582,-42.80204223632813,-65.30121422661675,-68.02131676567926,-62.879129604763456,-55.56242187160916,12.223965553372631,131
1.8610020637512208,0.4507164029900451,0.012391281127929688,0.000758540426415871,0.8,0.1,0.05,6,3,300,0.7,"{'colsample_bytree': 0.8, 'gamma': 0.1, 'learning_rate': 0.05, 'max_depth': 6, 'min_child_weight': 3, 'n_estimators': 300, 'subsample': 0.7}",-39.5281483968099,-42.73023562961154,-65.98047892252605,-68.74224568684896,-61.21202282375759,-55.6386262919108,12.1317398049994,148
1.9717854976654052,0.4832034782518551,0.012221240997314453,0.0009435773955327227,0.8,0.1,0.05,6,3,300,0.8,"{'colsample_bytree': 0.8, 'gamma': 0.1, 'learning_rate': 0.05, 'max_depth': 6, 'min_child_weight': 3, 'n_estimators': 300, 'subsample': 0.8}",-38.043088616265194,-42.53120808919271,-65.58725894504123,-68.125126953125,-63.69697899712457,-55.59673232014974,12.65878051996101,140
3.1260426521301268,0.6516271765496456,0.016434526443481444,0.0006903650385517365,0.8,0.1,0.05,6,3,500,0.7,"{'colsample_bytree': 0.8, 'gamma': 0.1, 'learning_rate': 0.05, 'max_depth': 6, 'min_child_weight': 3, 'n_estimators': 500, 'subsample': 0.7}",-39.749365963406035,-42.98974819607205,-66.24102396647136,-69.03307457817925,-62.183133850097654,-56.03926931084527,12.217305736122773,186
3.1327681064605715,0.7238216165530345,0.015496444702148438,0.0005438181015134524,0.8,0.1,0.05,6,3,500,0.8,"{'colsample_bytree': 0.8, 'gamma': 0.1, 'learning_rate': 0.05, 'max_depth': 6, 'min_child_weight': 3, 'n_estimators': 500, 'subsample': 0.8}",-38.16221396552192,-42.68177990383572,-65.5760346645779,-68.38178276909723,-64.18200222439236,-55.79676270548502,12.706763671293794,164
6.217538928985595,1.9546732683275159,0.01799354553222656,0.0036051714580810847,0.8,0.1,0.05,8,1,300,0.7,"{'colsample_bytree': 0.8, 'gamma': 0.1, 'learning_rate': 0.05, 'max_depth': 8, 'min_child_weight': 1, 'n_estimators': 300, 'subsample': 0.7}",-39.44692655775282,-41.74747239854601,-67.14401663886176,-68.05366048177083,-61.436139221191404,-55.56564305962456,12.451721978470145,135
6.145033597946167,1.7565079695590535,0.017487430572509767,0.0034174843667374027,0.8,0.1,0.05,8,1,300,0.8,"{'colsample_bytree': 0.8, 'gamma': 0.1, 'learning_rate': 0.05, 'max_depth': 8, 'min_child_weight': 1, 'n_estimators': 300, 'subsample': 0.8}",-37.81960723876953,-42.96414228651258,-65.66291174994575,-68.59591200086805,-62.75941650390625,-55.56039795600043,12.627055013640984,129
9.735565900802612,2.908354070831619,0.02337327003479004,0.0030663409581646304,0.8,0.1,0.05,8,1,500,0.7,"{'colsample_bytree': 0.8, 'gamma': 0.1, 'learning_rate': 0.05, 'max_depth': 8, 'min_child_weight': 1, 'n_estimators': 500, 'subsample': 0.7}",-39.48173139784071,-41.77413930257161,-67.19848665025499,-68.0449806382921,-61.615052185058595,-55.62287803480359,12.462212309106704,147
10.33518557548523,3.411624670300195,0.02735428810119629,0.005412189735840052,0.8,0.1,0.05,8,1,500,0.8,"{'colsample_bytree': 0.8, 'gamma': 0.1, 'learning_rate': 0.05, 'max_depth': 8, 'min_child_weight': 1, 'n_estimators': 500, 'subsample': 0.8}",-37.822346462673615,-42.97458190917969,-65.70812554253472,-68.60274709065756,-62.90235110812717,-55.60203042263455,12.64923786037529,141
3.4651543617248537,1.5102130863639955,0.013893365859985352,0.0005136439758407652,0.8,0.1,0.05,8,3,300,0.7,"{'colsample_bytree': 0.8, 'gamma': 0.1, 'learning_rate': 0.05, 'max_depth': 8, 'min_child_weight': 3, 'n_estimators': 300, 'subsample': 0.7}",-39.405255686442054,-41.98945734659831,-65.95039135403103,-68.55546800401476,-63.96908694797092,-55.973931867811416,12.584386025707468,183
3.755120944976807,1.168379337164973,0.0182708740234375,0.008248443962729063,0.8,0.1,0.05,8,3,300,0.8,"{'colsample_bytree': 0.8, 'gamma': 0.1, 'learning_rate': 0.05, 'max_depth': 8, 'min_child_weight': 3, 'n_estimators': 300, 'subsample': 0.8}",-38.14892657809787,-42.71090294731988,-65.96734919230143,-69.25725036621094,-62.76122236463759,-55.769130289713544,12.773498218826358,163
5.416181516647339,1.8357494246653154,0.018210124969482423,0.0014659578431652953,0.8,0.1,0.05,8,3,500,0.7,"{'colsample_bytree': 0.8, 'gamma': 0.1, 'learning_rate': 0.05, 'max_depth': 8, 'min_child_weight': 3, 'n_estimators': 500, 'subsample': 0.7}",-39.37359539455838,-42.02534601847331,-66.0115936448839,-68.88540513780382,-64.19259691026475,-56.09770742119683,12.68908875622017,191
5.679310417175293,2.0469098938077726,0.02011532783508301,0.0049053236150325055,0.8,0.1,0.05,8,3,500,0.8,"{'colsample_bytree': 0.8, 'gamma': 0.1, 'learning_rate': 0.05, 'max_depth': 8, 'min_child_weight': 3, 'n_estimators': 500, 'subsample': 0.8}",-38.12741407606337,-42.76958758884006,-66.0049873691135,-69.44056009928386,-62.97666931152344,-55.86384368896485,12.83590892920041,173
1.100794792175293,0.10826922998242294,0.011892986297607423,0.0007998880067737186,0.8,0.1,0.1,4,1,300,0.7,"{'colsample_bytree': 0.8, 'gamma': 0.1, 'learning_rate': 0.1, 'max_depth': 4, 'min_child_weight': 1, 'n_estimators': 300, 'subsample': 0.7}",-39.80168458726671,-43.4389166937934,-66.67374169243706,-68.90513275146485,-65.3264904446072,-56.82919323391385,12.52344254590695,252
1.0138009071350098,0.09078029395819683,0.010960054397583009,0.0009384241942067509,0.8,0.1,0.1,4,1,300,0.8,"{'colsample_bytree': 0.8, 'gamma': 0.1, 'learning_rate': 0.1, 'max_depth': 4, 'min_child_weight': 1, 'n_estimators': 300, 'subsample': 0.8}",-38.4452939860026,-43.29063585069444,-67.22451326158311,-68.52215698242188,-61.99241170247396,-55.8950023566352,12.556620797458113,176
1.6563919544219972,0.15517127204104597,0.012395000457763672,0.0006061481783889163,0.8,0.1,0.1,4,1,500,0.7,"{'colsample_bytree': 0.8, 'gamma': 0.1, 'learning_rate': 0.1, 'max_depth': 4, 'min_child_weight': 1, 'n_estimators': 500, 'subsample': 0.7}",-39.916955074734155,-43.68645724826389,-67.17173941718208,-69.75801452636719,-66.6139749654134,-57.42942824639215,12.859382049605701,288
1.7202805995941162,0.16081887042928159,0.0122894287109375,0.0007848323119179783,0.8,0.1,0.1,4,1,500,0.8,"{'colsample_bytree': 0.8, 'gamma': 0.1, 'learning_rate': 0.1, 'max_depth': 4, 'min_child_weight': 1, 'n_estimators': 500, 'subsample': 0.8}",-38.52438101874458,-43.52148484971788,-67.61743067423502,-68.82968134562175,-62.776778818766275,-56.2539513414171,12.698647902624343,203
0.8689992427825928,0.118216641676175,0.010288619995117187,0.0009111378740374702,0.8,0.1,0.1,4,3,300,0.7,"{'colsample_bytree': 0.8, 'gamma': 0.1, 'learning_rate': 0.1, 'max_depth': 4, 'min_child_weight': 3, 'n_estimators': 300, 'subsample': 0.7}",-40.10943737453884,-42.8352672153049,-66.85720311482747,-68.93954481336806,-63.0572797648112,-56.3597464565701,12.331171553535768,215
0.8604077339172364,0.09398952843258926,0.010557603836059571,0.0007935735297188997,0.8,0.1,0.1,4,3,300,0.8,"{'colsample_bytree': 0.8, 'gamma': 0.1, 'learning_rate': 0.1, 'max_depth': 4, 'min_child_weight': 3, 'n_estimators': 300, 'subsample': 0.8}",-38.95559831407335,-43.146627027723525,-67.25646062215169,-68.40190243191189,-64.95383139716255,-56.542883958604605,12.766623649114461,234
1.426291275024414,0.155480569153669,0.012151479721069336,0.0007404758001351851,0.8,0.1,0.1,4,3,500,0.7,"{'colsample_bytree': 0.8, 'gamma': 0.1, 'learning_rate': 0.1, 'max_depth': 4, 'min_child_weight': 3, 'n_estimators': 500, 'subsample': 0.7}",-40.14166466606988,-43.20257280137804,-67.55362302992079,-69.68968251546224,-64.18257090250651,-56.95402278306749,12.637707261845886,273
1.524548387527466,0.17845474550967316,0.01590890884399414,0.00713049700398762,0.8,0.1,0.1,4,3,500,0.8,"{'colsample_bytree': 0.8, 'gamma': 0.1, 'learning_rate': 0.1, 'max_depth': 4, 'min_child_weight': 3, 'n_estimators': 500, 'subsample': 0.8}",-38.972940368652345,-43.50557361178928,-67.85100580851237,-68.80791249593099,-66.10837744818794,-57.04916194661458,13.01688136475568,281
2.705792951583862,0.4364763223635906,0.012543344497680664,0.0009381103382803979,0.8,0.1,0.1,6,1,300,0.7,"{'colsample_bytree': 0.8, 'gamma': 0.1, 'learning_rate': 0.1, 'max_depth': 6, 'min_child_weight': 1, 'n_estimators': 300, 'subsample': 0.7}",-40.10808748033312,-42.778419155544704,-65.74342639499241,-71.01166998969184,-63.3233586968316,-56.59299234347873,12.645323723484493,239
2.6151467323303224,0.4509458523701888,0.012549066543579101,0.0006727070282213584,0.8,0.1,0.1,6,1,300,0.8,"{'colsample_bytree': 0.8, 'gamma': 0.1, 'learning_rate': 0.1, 'max_depth': 6, 'min_child_weight': 1, 'n_estimators': 300, 'subsample': 0.8}",-39.83651885986328,-43.571585744222006,-67.52819417317708,-68.70373881022135,-63.61945129394531,-56.65189777628581,12.376906144919678,241
4.197780513763428,1.182792153777642,0.017012786865234376,0.002207466158981272,0.8,0.1,0.1,6,1,500,0.7,"{'colsample_bytree': 0.8, 'gamma': 0.1, 'learning_rate': 0.1, 'max_depth': 6, 'min_child_weight': 1, 'n_estimators': 500, 'subsample': 0.7}",-40.10748914930556,-42.785244971381296,-65.8134479437934,-71.07712497287326,-63.51614176432292,-56.65988976033528,12.689682613378855,242
4.097969675064087,1.1885857875744004,0.01672673225402832,0.001982684310891252,0.8,0.1,0.1,6,1,500,0.8,"{'colsample_bytree': 0.8, 'gamma': 0.1, 'learning_rate': 0.1, 'max_depth': 6, 'min_child_weight': 1, 'n_estimators': 500, 'subsample': 0.8}",-39.83818289862739,-43.5751848687066,-67.54192018296983,-68.76604858398437,-63.71273671468099,-56.68681464979384,12.400774305162273,244
1.9456742763519288,0.41931473408730086,0.01565380096435547,0.005499646252629909,0.8,0.1,0.1,6,3,300,0.7,"{'colsample_bytree': 0.8, 'gamma': 0.1, 'learning_rate': 0.1, 'max_depth': 6, 'min_child_weight': 3, 'n_estimators': 300, 'subsample': 0.7}",-39.677942538791235,-42.643258277045355,-67.4912089369032,-69.8261755710178,-64.59096852620442,-56.84591076999241,12.947973108075109,253
2.021432304382324,0.50322369697888,0.012209320068359375,0.000727349457770166,0.8,0.1,0.1,6,3,300,0.8,"{'colsample_bytree': 0.8, 'gamma': 0.1, 'learning_rate': 0.1, 'max_depth': 6, 'min_child_weight': 3, 'n_estimators': 300, 'subsample': 0.8}",-38.46707543267144,-43.66842003716363,-66.35844868977864,-67.57016014946832,-63.924942609998915,-55.9978093838162,12.356715298042296,184
3.1482269763946533,0.7536560048724517,0.016138505935668946,0.0009905034879484327,0.8,0.1,0.1,6,3,500,0.7,"{'colsample_bytree': 0.8, 'gamma': 0.1, 'learning_rate': 0.1, 'max_depth': 6, 'min_child_weight': 3, 'n_estimators': 500, 'subsample': 0.7}",-39.701829732259114,-42.6874641418457,-67.63916431003146,-70.04415981716579,-64.83115929497613,-56.98075545925565,13.028756686621069,277
3.5516053676605224,0.9877252834634641,0.01696147918701172,0.0007601289929763239,0.8,0.1,0.1,6,3,500,0.8,"{'colsample_bytree': 0.8, 'gamma': 0.1, 'learning_rate': 0.1, 'max_depth': 6, 'min_child_weight': 3, 'n_estimators': 500, 'subsample': 0.8}",-38.47009696112739,-43.70049294365777,-66.42145229763454,-67.70536271837022,-64.04870968288846,-56.06922292073567,12.401252575747483,189
5.372706699371338,1.8394629908155842,0.013759756088256836,0.003959547339500355,0.8,0.1,0.1,8,1,300,0.7,"{'colsample_bytree': 0.8, 'gamma': 0.1, 'learning_rate': 0.1, 'max_depth': 8, 'min_child_weight': 1, 'n_estimators': 300, 'subsample': 0.7}",-39.39980472140842,-43.669711100260415,-69.20309431287977,-69.79937964545356,-63.59067782931858,-57.13253352186414,12.988859185396922,283
5.044360399246216,1.85127185395692,0.010231113433837891,0.0036660209598549523,0.8,0.1,0.1,8,1,300,0.8,"{'colsample_bytree': 0.8, 'gamma': 0.1, 'learning_rate': 0.1, 'max_depth': 8, 'min_child_weight': 1, 'n_estimators': 300, 'subsample': 0.8}",-39.44748692830404,-42.60375137329102,-67.33673156738281,-69.01389461941189,-63.86721771240234,-56.45381644015841,12.745128244006542,225
5.471172428131103,1.7728215267108673,0.009867286682128907,0.004568308531334723,0.8,0.1,0.1,8,1,500,0.7,"{'colsample_bytree': 0.8, 'gamma': 0.1, 'learning_rate': 0.1, 'max_depth': 8, 'min_child_weight': 1, 'n_estimators': 500, 'subsample': 0.7}",-39.401550971137155,-43.66913831922743,-69.20422185262045,-69.79096825493707,-63.60043484157986,-57.13326284790039,12.98804162654978,284
5.184281826019287,1.4709202477044683,0.009683704376220703,0.005139940144974346,0.8,0.1,0.1,8,1,500,0.8,"{'colsample_bytree': 0.8, 'gamma': 0.1, 'learning_rate': 0.1, 'max_depth': 8, 'min_child_weight': 1, 'n_estimators': 500, 'subsample': 0.8}",-39.44767030504015,-42.603098754882815,-67.33971681382921,-69.01409176296659,-63.87583351982964,-56.456082231309686,12.746772468027489,226
3.299966907501221,0.8522700266692724,0.012869024276733398,0.002896381316976913,0.8,0.1,0.1,8,3,300,0.7,"{'colsample_bytree': 0.8, 'gamma': 0.1, 'learning_rate': 0.1, 'max_depth': 8, 'min_child_weight': 3, 'n_estimators': 300, 'subsample': 0.7}",-39.51162612915039,-43.23961347791884,-68.79549850463867,-70.02148973253038,-62.67197642008463,-56.84804085286457,12.930122167319388,256
3.3115116596221923,1.0992836864129318,0.011191034317016601,0.0040427407248042795,0.8,0.1,0.1,8,3,300,0.8,"{'colsample_bytree': 0.8, 'gamma': 0.1, 'learning_rate': 0.1, 'max_depth': 8, 'min_child_weight': 3, 'n_estimators': 300, 'subsample': 0.8}",-39.01516282823351,-43.19371253119574,-64.93633314344618,-70.23002292209202,-64.13973826090495,-56.302993937174485,12.654118754186007,209
3.4744056701660155,0.8070145145393558,0.009004545211791993,0.003462308982300273,0.8,0.1,0.1,8,3,500,0.7,"{'colsample_bytree': 0.8, 'gamma': 0.1, 'learning_rate': 0.1, 'max_depth': 8, 'min_child_weight': 3, 'n_estimators': 500, 'subsample': 0.7}",-39.514263559977216,-43.25495907253689,-68.83693627251519,-70.07967481825087,-62.70922403971354,-56.87901155259874,12.949055029089715,263
3.3264772415161135,0.7348109174903379,0.007549190521240234,0.0038129167860066595,0.8,0.1,0.1,8,3,500,0.8,"{'colsample_bytree': 0.8, 'gamma': 0.1, 'learning_rate': 0.1, 'max_depth': 8, 'min_child_weight': 3, 'n_estimators': 500, 'subsample': 0.8}",-39.02055913289388,-43.19268978542752,-64.95707290649415,-70.23006988525391,-64.1596361626519,-56.31200557454427,12.658163974269184,210
